# Blender 5.2.0 LTS
# www.blender.org
mtllib 3.mtl
o Walkway_Straight
v -8.121474 0.104631 -4.051038
v -8.121503 0.104967 -4.051690
v -8.120998 0.105199 -4.051221
v -8.124034 0.206674 -4.087854
v -8.124544 0.206532 -4.088334
v -8.124548 0.207144 -4.088025
v -8.121858 0.811483 -1.627409
v -8.122365 0.811577 -1.626902
v -8.122360 0.810951 -1.627245
v -8.121595 0.915490 -1.656893
v -8.121606 0.915151 -1.656278
v -8.121099 0.915009 -1.656757
v -8.149645 0.099535 -4.050413
v -8.149157 0.099499 -4.050910
v -8.149137 0.099159 -4.050261
v -8.153547 0.207140 -4.088023
v -8.153539 0.206531 -4.088339
v -8.154028 0.206666 -4.087857
v -8.150598 0.808074 -1.625685
v -8.150602 0.808699 -1.625346
v -8.151097 0.808503 -1.625797
v -8.150596 0.915490 -1.656893
v -8.151095 0.915012 -1.656754
v -8.150602 0.915152 -1.656274
v -8.111818 0.602126 -2.331191
v -8.111319 0.602699 -2.331164
v -8.112617 0.475215 -2.773685
v -8.112123 0.476084 -2.772832
v -8.112128 0.266763 -3.493007
v -8.112618 0.266186 -3.492854
v -8.112618 0.373654 -3.524090
v -8.112128 0.373271 -3.523964
v -8.111830 0.571709 -2.805203
v -8.111333 0.571235 -2.805043
v -8.110771 0.702543 -2.370801
v -8.111268 0.703009 -2.370987
v -8.140281 0.260714 -3.492078
v -8.140769 0.261097 -3.492203
v -8.140280 0.452895 -2.830874
v -8.140771 0.453058 -2.831760
v -8.142601 0.596067 -2.344481
v -8.142111 0.595688 -2.344148
v -8.140268 0.703009 -2.370987
v -8.140777 0.702526 -2.370867
v -8.140829 0.571709 -2.805203
v -8.141327 0.571151 -2.805328
v -8.140769 0.367603 -3.523160
v -8.140279 0.368182 -3.523314
v -5.124877 0.103183 -4.044189
v -5.124897 0.103516 -4.044841
v -5.124402 0.103751 -4.044373
v -5.127438 0.205226 -4.081006
v -5.127938 0.205081 -4.081485
v -5.127952 0.205696 -4.081176
v -5.137003 0.811483 -1.627408
v -5.137511 0.811577 -1.626902
v -5.137506 0.810951 -1.627245
v -5.136741 0.915490 -1.656893
v -5.136752 0.915151 -1.656277
v -5.136245 0.915009 -1.656757
v -5.153049 0.098087 -4.043565
v -5.152550 0.098048 -4.044060
v -5.152541 0.097711 -4.043414
v -5.156951 0.205691 -4.081175
v -5.156932 0.205080 -4.081490
v -5.157432 0.205217 -4.081008
v -5.165743 0.808074 -1.625685
v -5.165748 0.808699 -1.625346
v -5.166243 0.808503 -1.625797
v -5.165741 0.915490 -1.656893
v -5.166241 0.915012 -1.656754
v -5.165748 0.915152 -1.656274
v -5.126964 0.602126 -2.331191
v -5.126464 0.602699 -2.331164
v -5.127763 0.475215 -2.773685
v -5.127269 0.476084 -2.772832
v -5.127274 0.266763 -3.493007
v -5.127764 0.266186 -3.492853
v -5.127764 0.373654 -3.524089
v -5.127274 0.373271 -3.523964
v -5.126975 0.571709 -2.805203
v -5.126479 0.571234 -2.805043
v -5.125916 0.702543 -2.370801
v -5.126414 0.703009 -2.370987
v -5.155427 0.260714 -3.492077
v -5.155915 0.261097 -3.492203
v -5.155426 0.452895 -2.830875
v -5.155917 0.453058 -2.831760
v -5.157747 0.596067 -2.344481
v -5.157257 0.595688 -2.344148
v -5.155414 0.703009 -2.370987
v -5.155922 0.702526 -2.370867
v -5.155975 0.571709 -2.805203
v -5.156472 0.571151 -2.805328
v -5.155915 0.367603 -3.523160
v -5.155425 0.368182 -3.523314
v -5.255867 0.225382 -1.626799
v -5.255869 0.224751 -1.626423
v -5.255371 0.224799 -1.626944
v -5.258407 0.119253 -1.649282
v -5.258911 0.119122 -1.648798
v -5.258921 0.118763 -1.649385
v -5.253363 0.897188 -4.052734
v -5.253857 0.897375 -4.053214
v -5.253843 0.897724 -4.052593
v -5.253101 0.793256 -4.082481
v -5.253098 0.793869 -4.082826
v -5.252604 0.793736 -4.082344
v -5.284018 0.230039 -1.624646
v -5.283523 0.229810 -1.624204
v -5.283490 0.230435 -1.624578
v -5.287920 0.118767 -1.649384
v -5.287905 0.119121 -1.648794
v -5.288400 0.119258 -1.649276
v -5.282125 0.900996 -4.052402
v -5.282095 0.900642 -4.053020
v -5.282602 0.900570 -4.052534
v -5.282101 0.793256 -4.082482
v -5.282601 0.793736 -4.082348
v -5.282095 0.793870 -4.082829
v -5.262701 0.702635 -3.345377
v -5.262219 0.702162 -3.345693
v -5.273479 0.578682 -2.906212
v -5.272986 0.578391 -2.907391
v -5.254206 0.376365 -2.177947
v -5.254717 0.376940 -2.177772
v -5.254696 0.269140 -2.207856
v -5.254206 0.269531 -2.207761
v -5.272693 0.480063 -2.930268
v -5.272196 0.480550 -2.930154
v -5.261672 0.596418 -3.364618
v -5.262169 0.595924 -3.364706
v -5.282338 0.381992 -2.175551
v -5.282847 0.381603 -2.175644
v -5.301147 0.567513 -2.845832
v -5.301635 0.566909 -2.845175
v -5.293502 0.700781 -3.330880
v -5.293029 0.701278 -3.330955
v -5.291169 0.595924 -3.364706
v -5.291677 0.596398 -3.364553
v -5.301692 0.480063 -2.930268
v -5.302190 0.480471 -2.929868
v -5.282847 0.274772 -2.205458
v -5.282357 0.274199 -2.205632
v -3.779701 0.225377 -1.630368
v -3.779724 0.224751 -1.629990
v -3.779230 0.224799 -1.630512
v -3.782266 0.119252 -1.652850
v -3.782766 0.119122 -1.652366
v -3.782780 0.118762 -1.652952
v -3.791854 0.896916 -4.057621
v -3.792338 0.897104 -4.058100
v -3.792351 0.897454 -4.057480
v -3.791592 0.792984 -4.087368
v -3.791579 0.793598 -4.087713
v -3.791095 0.793465 -4.087231
v -3.807876 0.230040 -1.628213
v -3.807377 0.229810 -1.627772
v -3.807370 0.230438 -1.628144
v -3.811779 0.118767 -1.652951
v -3.811760 0.119121 -1.652361
v -3.812259 0.119256 -1.652843
v -3.820600 0.900723 -4.057289
v -3.820576 0.900371 -4.057906
v -3.821093 0.900297 -4.057421
v -3.820591 0.792984 -4.087368
v -3.821092 0.793465 -4.087234
v -3.820576 0.793598 -4.087716
v -3.815575 0.700915 -3.345437
v -3.815070 0.700443 -3.345765
v -3.798251 0.575151 -2.908475
v -3.797782 0.574851 -2.909604
v -3.782102 0.376797 -2.185015
v -3.782587 0.377368 -2.184841
v -3.782592 0.269572 -2.214924
v -3.782102 0.269964 -2.214829
v -3.797488 0.476523 -2.932480
v -3.796992 0.477010 -2.932367
v -3.814522 0.594699 -3.364689
v -3.815020 0.594205 -3.364778
v -3.810257 0.382429 -2.182617
v -3.810743 0.382037 -2.182712
v -3.825963 0.563965 -2.848001
v -3.826430 0.563369 -2.847387
v -3.846353 0.699061 -3.330952
v -3.845859 0.699560 -3.331037
v -3.844019 0.594205 -3.364778
v -3.844528 0.594680 -3.364625
v -3.826488 0.476523 -2.932480
v -3.826986 0.476931 -2.932080
v -3.810743 0.275203 -2.212526
v -3.810252 0.274631 -2.212700
v -9.568179 0.903993 -1.664408
v -9.568197 0.903661 -1.663757
v -9.567702 0.903426 -1.664224
v -9.570739 0.802009 -1.627429
v -9.571239 0.802154 -1.626950
v -9.571253 0.801539 -1.627258
v -9.580305 0.191837 -4.080056
v -9.580812 0.191742 -4.080562
v -9.580808 0.192369 -4.080221
v -9.580043 0.087878 -4.050406
v -9.580053 0.088215 -4.051022
v -9.579546 0.088358 -4.050543
v -9.596350 0.909088 -1.665041
v -9.595851 0.909128 -1.664545
v -9.595841 0.909464 -1.665193
v -9.600252 0.801544 -1.627259
v -9.600233 0.802156 -1.626945
v -9.600732 0.802018 -1.627427
v -9.609045 0.195244 -4.081785
v -9.609050 0.194618 -4.082123
v -9.609544 0.194815 -4.081673
v -9.609043 0.087878 -4.050406
v -9.609543 0.088356 -4.050545
v -9.609050 0.088214 -4.051025
v -9.570265 0.402317 -3.376608
v -9.569765 0.401744 -3.376635
v -9.571064 0.529934 -2.934318
v -9.570570 0.529063 -2.935169
v -9.570575 0.739534 -2.215329
v -9.571065 0.740111 -2.215484
v -9.571065 0.632693 -2.184076
v -9.570575 0.633075 -2.184202
v -9.570276 0.433491 -2.902645
v -9.569780 0.433965 -2.902807
v -9.569218 0.301964 -3.336838
v -9.569715 0.301497 -3.336652
v -9.598727 0.745581 -2.216268
v -9.599216 0.745198 -2.216141
v -9.598727 0.552345 -2.877164
v -9.599218 0.552184 -2.876278
v -9.601048 0.408397 -3.363328
v -9.600558 0.408776 -3.363662
v -9.598715 0.301497 -3.336652
v -9.599224 0.301981 -3.336772
v -9.599277 0.433491 -2.902646
v -9.599773 0.434049 -2.902522
v -9.599216 0.638742 -2.185015
v -9.598725 0.638163 -2.184861
v -8.249287 0.224040 -1.627774
v -8.249299 0.223413 -1.627396
v -8.248810 0.223461 -1.627918
v -8.251845 0.117914 -1.650256
v -8.252340 0.117783 -1.649773
v -8.252359 0.117424 -1.650359
v -8.251755 0.898561 -4.055076
v -8.252252 0.898749 -4.055555
v -8.252254 0.899099 -4.054935
v -8.251493 0.794629 -4.084823
v -8.251493 0.795242 -4.085167
v -8.250997 0.795109 -4.084685
v -8.277456 0.228701 -1.625620
v -8.276953 0.228472 -1.625179
v -8.276947 0.229099 -1.625550
v -8.281359 0.117429 -1.650357
v -8.281335 0.117782 -1.649768
v -8.281839 0.117919 -1.650249
v -8.280499 0.902367 -4.054744
v -8.280489 0.902016 -4.055361
v -8.280994 0.901943 -4.054875
v -8.280493 0.794629 -4.084823
v -8.280993 0.795108 -4.084689
v -8.280489 0.795243 -4.085171
v -8.257537 0.703991 -3.349157
v -8.257036 0.703519 -3.349483
v -8.258336 0.578680 -2.906205
v -8.257841 0.578391 -2.907391
v -8.257846 0.376797 -2.185015
v -8.258337 0.377369 -2.184841
v -8.258336 0.269572 -2.214924
v -8.257846 0.269964 -2.214829
v -8.257547 0.480063 -2.930268
v -8.257051 0.480550 -2.930154
v -8.256489 0.597775 -3.368407
v -8.256987 0.597281 -3.368496
v -8.285997 0.382428 -2.182617
v -8.286488 0.382036 -2.182712
v -8.285997 0.567515 -2.845843
v -8.286489 0.566909 -2.845175
v -8.288319 0.702138 -3.334670
v -8.287827 0.702636 -3.334754
v -8.285986 0.597281 -3.368496
v -8.286494 0.597755 -3.368343
v -8.286547 0.480063 -2.930268
v -8.287045 0.480471 -2.929868
v -8.286488 0.275205 -2.212525
v -8.285996 0.274631 -2.212700
v -6.788170 0.103183 -1.625723
v -6.788152 0.103516 -1.625072
v -6.788647 0.103751 -1.625540
v -6.785610 0.205226 -1.588907
v -6.785110 0.205081 -1.588428
v -6.785096 0.205696 -1.588737
v -6.776045 0.811483 -4.042505
v -6.775537 0.811577 -4.043011
v -6.775542 0.810951 -4.042668
v -6.776307 0.915490 -4.013020
v -6.776297 0.915152 -4.013636
v -6.776803 0.915009 -4.013156
v -6.760000 0.098087 -1.626348
v -6.760498 0.098048 -1.625853
v -6.760508 0.097711 -1.626499
v -6.756097 0.205691 -1.588738
v -6.756115 0.205080 -1.588423
v -6.755616 0.205217 -1.588905
v -6.747305 0.808074 -4.044228
v -6.747300 0.808699 -4.044567
v -6.746806 0.808503 -4.044116
v -6.747307 0.915490 -4.013020
v -6.746807 0.915012 -4.013159
v -6.747300 0.915152 -4.013639
v -6.786084 0.602126 -3.338722
v -6.786584 0.602699 -3.338749
v -6.785285 0.475215 -2.896228
v -6.785779 0.476084 -2.897081
v -6.785774 0.266763 -2.176906
v -6.785284 0.266186 -2.177059
v -6.785284 0.373654 -2.145823
v -6.785774 0.373271 -2.145949
v -6.786073 0.571709 -2.864710
v -6.786569 0.571234 -2.864871
v -6.787131 0.702543 -3.299112
v -6.786634 0.703009 -3.298926
v -6.757622 0.260714 -2.177835
v -6.757133 0.261097 -2.177710
v -6.757622 0.452895 -2.839038
v -6.757131 0.453058 -2.838153
v -6.755301 0.596067 -3.325432
v -6.755791 0.595688 -3.325765
v -6.757634 0.703009 -3.298926
v -6.757126 0.702526 -3.299046
v -6.757073 0.571709 -2.864710
v -6.756576 0.571151 -2.864585
v -6.757133 0.367603 -2.146753
v -6.757623 0.368182 -2.146599
v -6.657182 0.225382 -4.043114
v -6.657179 0.224751 -4.043490
v -6.657678 0.224799 -4.042969
v -6.654642 0.119252 -4.020631
v -6.654138 0.119122 -4.021114
v -6.654128 0.118763 -4.020528
v -6.659684 0.897188 -1.617179
v -6.659190 0.897375 -1.616699
v -6.659204 0.897724 -1.617320
v -6.659946 0.793256 -1.587431
v -6.659949 0.793869 -1.587087
v -6.660443 0.793736 -1.587569
v -6.629031 0.230039 -4.045267
v -6.629526 0.229810 -4.045709
v -6.629559 0.230434 -4.045335
v -6.625128 0.118767 -4.020529
v -6.625144 0.119121 -4.021120
v -6.624648 0.119258 -4.020638
v -6.630922 0.900996 -1.617511
v -6.630953 0.900642 -1.616893
v -6.630445 0.900570 -1.617379
v -6.630947 0.793256 -1.587431
v -6.630446 0.793736 -1.587565
v -6.630953 0.793870 -1.587084
v -6.650347 0.702635 -2.324536
v -6.650829 0.702162 -2.324220
v -6.639569 0.578682 -2.763701
v -6.640061 0.578391 -2.762522
v -6.658842 0.376365 -3.491966
v -6.658331 0.376940 -3.492141
v -6.658352 0.269140 -3.462057
v -6.658842 0.269531 -3.462152
v -6.640355 0.480063 -2.739645
v -6.640851 0.480550 -2.739759
v -6.651377 0.596418 -2.305295
v -6.650879 0.595924 -2.305207
v -6.630710 0.381992 -3.494362
v -6.630200 0.381603 -3.494269
v -6.611900 0.567513 -2.824081
v -6.611413 0.566909 -2.824738
v -6.619546 0.700781 -2.339033
v -6.620018 0.701278 -2.338958
v -6.621880 0.595924 -2.305207
v -6.621371 0.596398 -2.305360
v -6.611356 0.480063 -2.739645
v -6.610858 0.480471 -2.740046
v -6.630200 0.274772 -3.464455
v -6.630692 0.274199 -3.464281
v -3.796999 0.000000 -2.860000
v -3.800000 -0.000000 -2.863000
v -3.797000 0.967000 -2.860000
v -3.797000 0.970000 -2.863000
v -3.800000 0.967000 -2.863000
v -3.800000 -0.000000 -2.957000
v -3.797000 -0.000000 -2.960000
v -3.796999 0.970000 -2.957000
v -3.796999 0.967000 -2.960000
v -3.800000 0.967000 -2.957000
v -3.700000 -0.000000 -2.863000
v -3.703000 -0.000000 -2.860000
v -3.703000 0.970000 -2.863000
v -3.703000 0.967000 -2.860000
v -3.700000 0.967000 -2.863000
v -3.703000 -0.000000 -2.960000
v -3.700000 -0.000000 -2.957000
v -3.703000 0.970000 -2.957000
v -3.700000 0.967000 -2.957000
v -3.703000 0.967000 -2.960000
v -3.797000 0.000000 -1.600000
v -3.800000 0.000000 -1.603000
v -3.796999 0.967000 -1.600000
v -3.796999 0.970000 -1.603000
v -3.800000 0.967000 -1.603000
v -3.800000 0.000000 -1.697000
v -3.797000 -0.000000 -1.700000
v -3.796999 0.970000 -1.697000
v -3.796999 0.967000 -1.700000
v -3.800000 0.967000 -1.697000
v -3.700000 0.000000 -1.603000
v -3.703000 0.000000 -1.600000
v -3.703000 0.970000 -1.603000
v -3.703000 0.967000 -1.600000
v -3.700000 0.967000 -1.603000
v -3.703000 -0.000000 -1.700000
v -3.700000 -0.000000 -1.697000
v -3.703000 0.970000 -1.697000
v -3.699999 0.967000 -1.697000
v -3.703000 0.967000 -1.700000
v -9.697001 0.000000 -1.599999
v -9.700000 0.000000 -1.603000
v -9.697001 0.967000 -1.599999
v -9.697001 0.970000 -1.603000
v -9.700000 0.967000 -1.603000
v -9.700000 -0.000000 -1.697000
v -9.697000 0.000000 -1.699999
v -9.697000 0.970000 -1.697000
v -9.697000 0.967000 -1.700000
v -9.700000 0.967000 -1.697000
v -9.600000 0.000000 -1.603000
v -9.603000 0.000000 -1.599999
v -9.603000 0.970000 -1.603000
v -9.603000 0.967000 -1.599999
v -9.600000 0.967000 -1.603000
v -9.603000 0.000000 -1.699999
v -9.599999 -0.000000 -1.697000
v -9.603000 0.970000 -1.697000
v -9.599999 0.967000 -1.697000
v -9.603000 0.967000 -1.700000
v -9.697001 0.000000 -2.860000
v -9.700000 0.000000 -2.863000
v -9.697000 0.967000 -2.860000
v -9.697000 0.970000 -2.863000
v -9.700000 0.967000 -2.863000
v -9.700000 -0.000000 -2.957000
v -9.697001 -0.000000 -2.960000
v -9.697001 0.970000 -2.957000
v -9.697001 0.967000 -2.960000
v -9.700000 0.967000 -2.957000
v -9.600000 0.000000 -2.863000
v -9.603000 0.000000 -2.860000
v -9.603000 0.970000 -2.863000
v -9.603000 0.967000 -2.860000
v -9.599999 0.967000 -2.863000
v -9.603000 -0.000000 -2.960000
v -9.600000 -0.000000 -2.957000
v -9.603000 0.970000 -2.957000
v -9.600000 0.967000 -2.957000
v -9.603000 0.967000 -2.960000
v -9.697000 -0.000000 -4.000000
v -9.700000 -0.000000 -4.003000
v -9.697000 0.967000 -4.000000
v -9.697000 0.970000 -4.003000
v -9.700000 0.967000 -4.003000
v -9.700000 -0.000000 -4.097000
v -9.697000 -0.000000 -4.100000
v -9.697000 0.970000 -4.097000
v -9.697000 0.967000 -4.100000
v -9.700000 0.967000 -4.097000
v -9.599999 -0.000000 -4.003000
v -9.603000 -0.000000 -4.000000
v -9.603000 0.970000 -4.003000
v -9.603000 0.967000 -4.000000
v -9.599999 0.967000 -4.003000
v -9.603000 -0.000000 -4.100000
v -9.599999 -0.000000 -4.097000
v -9.603000 0.970000 -4.097000
v -9.599999 0.967000 -4.097000
v -9.603000 0.967000 -4.100000
v -3.797000 -0.000000 -4.000000
v -3.800000 -0.000000 -4.003000
v -3.796999 0.967000 -4.000000
v -3.796999 0.970000 -4.003000
v -3.800000 0.967000 -4.003000
v -3.800000 0.000000 -4.097000
v -3.797000 -0.000000 -4.100000
v -3.796999 0.970000 -4.097000
v -3.796999 0.967000 -4.100000
v -3.799999 0.967000 -4.097000
v -3.700000 -0.000000 -4.003000
v -3.703000 -0.000000 -4.000000
v -3.703000 0.970000 -4.003000
v -3.703000 0.967000 -4.000000
v -3.699999 0.967000 -4.003000
v -3.703000 -0.000000 -4.100000
v -3.700000 -0.000000 -4.097000
v -3.703000 0.970000 -4.097000
v -3.699999 0.967000 -4.097000
v -3.703000 0.967000 -4.100000
v -5.247000 0.000000 -1.600000
v -5.250000 0.000000 -1.602999
v -5.246999 0.967000 -1.600000
v -5.246999 0.970000 -1.602999
v -5.250000 0.967000 -1.603000
v -5.250000 0.000000 -1.696999
v -5.247000 0.000000 -1.699999
v -5.246999 0.970000 -1.696999
v -5.246999 0.967000 -1.700000
v -5.250000 0.967000 -1.696999
v -5.150000 -0.000000 -1.602999
v -5.153000 -0.000000 -1.600000
v -5.152999 0.970000 -1.603000
v -5.152999 0.967000 -1.600000
v -5.150000 0.967000 -1.603000
v -5.153000 -0.000000 -1.700000
v -5.150000 0.000000 -1.696999
v -5.152999 0.970000 -1.697000
v -5.149999 0.967000 -1.696999
v -5.152999 0.967000 -1.700000
v -5.246999 0.000000 -2.860000
v -5.250000 0.000000 -2.863000
v -5.247000 0.967000 -2.860000
v -5.247000 0.970000 -2.863000
v -5.250000 0.967000 -2.863000
v -5.250000 -0.000000 -2.957000
v -5.247000 -0.000000 -2.960000
v -5.246999 0.970000 -2.957000
v -5.246999 0.967000 -2.960000
v -5.250000 0.967000 -2.957000
v -5.150000 -0.000000 -2.863000
v -5.152999 -0.000000 -2.860000
v -5.152999 0.970000 -2.863000
v -5.152999 0.967000 -2.860000
v -5.150000 0.967000 -2.863000
v -5.153000 -0.000000 -2.960000
v -5.150000 -0.000000 -2.957000
v -5.152999 0.970000 -2.957000
v -5.150000 0.967000 -2.957000
v -5.152999 0.967000 -2.960000
v -5.247000 -0.000000 -4.000000
v -5.250000 -0.000000 -4.003000
v -5.246999 0.967000 -4.000000
v -5.246999 0.970000 -4.003000
v -5.250000 0.967000 -4.003000
v -5.250000 -0.000000 -4.097000
v -5.247000 -0.000000 -4.100000
v -5.246999 0.970000 -4.097000
v -5.246999 0.967000 -4.100000
v -5.249999 0.967000 -4.097000
v -5.150000 -0.000000 -4.003000
v -5.153000 -0.000000 -4.000000
v -5.152999 0.970000 -4.003000
v -5.152999 0.967000 -4.000000
v -5.149999 0.967000 -4.003000
v -5.152999 -0.000000 -4.100000
v -5.150000 -0.000000 -4.097000
v -5.152999 0.970000 -4.097000
v -5.149999 0.967000 -4.097000
v -5.152999 0.967000 -4.100000
v -8.247000 0.000000 -1.599999
v -8.250000 -0.000000 -1.603000
v -8.247000 0.967000 -1.599999
v -8.247000 0.970000 -1.603000
v -8.250000 0.967000 -1.603000
v -8.249999 0.000000 -1.697000
v -8.247000 0.000000 -1.699999
v -8.247000 0.970000 -1.697000
v -8.247000 0.967000 -1.699999
v -8.249999 0.967000 -1.697000
v -8.150000 -0.000000 -1.603000
v -8.153000 0.000000 -1.600000
v -8.153000 0.970000 -1.603000
v -8.153000 0.967000 -1.600000
v -8.150000 0.967000 -1.603000
v -8.152999 -0.000000 -1.700000
v -8.150000 -0.000000 -1.697000
v -8.152999 0.970000 -1.697000
v -8.150000 0.967000 -1.697000
v -8.152999 0.967000 -1.700000
v -8.247000 -0.000000 -2.860000
v -8.250000 -0.000000 -2.863000
v -8.247000 0.967000 -2.860000
v -8.247000 0.970000 -2.863000
v -8.249999 0.967000 -2.863000
v -8.250000 -0.000000 -2.957000
v -8.247000 -0.000000 -2.960000
v -8.247000 0.970000 -2.957000
v -8.247000 0.967000 -2.960000
v -8.250000 0.967000 -2.957000
v -8.150000 -0.000000 -2.863000
v -8.153000 -0.000000 -2.860000
v -8.152999 0.970000 -2.863000
v -8.152999 0.967000 -2.860000
v -8.150000 0.967000 -2.863000
v -8.153000 -0.000000 -2.960000
v -8.150000 -0.000000 -2.957000
v -8.153000 0.970000 -2.957000
v -8.150000 0.967000 -2.957000
v -8.153000 0.967000 -2.960000
v -8.247000 -0.000000 -4.000000
v -8.249999 -0.000000 -4.003000
v -8.247000 0.967000 -4.000000
v -8.247000 0.970000 -4.003000
v -8.249999 0.967000 -4.003000
v -8.249999 -0.000000 -4.097000
v -8.247000 -0.000000 -4.100000
v -8.247000 0.970000 -4.097000
v -8.247000 0.967000 -4.100000
v -8.249999 0.967000 -4.097000
v -8.150000 -0.000000 -4.003000
v -8.152999 -0.000000 -4.000000
v -8.152999 0.970000 -4.003000
v -8.152999 0.967000 -4.000000
v -8.150000 0.967000 -4.003000
v -8.152999 -0.000000 -4.100000
v -8.150000 -0.000000 -4.097000
v -8.152999 0.970000 -4.097000
v -8.150000 0.967000 -4.097000
v -8.152999 0.967000 -4.100000
v -6.747000 0.000000 -1.599999
v -6.750000 -0.000000 -1.603000
v -6.746999 0.967000 -1.600000
v -6.747000 0.970000 -1.603000
v -6.750000 0.967000 -1.603000
v -6.750000 0.000000 -1.697000
v -6.747000 -0.000000 -1.699999
v -6.747000 0.970000 -1.697000
v -6.747000 0.967000 -1.700000
v -6.750000 0.967000 -1.697000
v -6.650000 0.000000 -1.602999
v -6.653000 -0.000000 -1.599999
v -6.653000 0.970000 -1.602999
v -6.652999 0.967000 -1.600000
v -6.650000 0.967000 -1.602999
v -6.653000 -0.000000 -1.699999
v -6.650000 0.000000 -1.696999
v -6.653000 0.970000 -1.696999
v -6.650000 0.967000 -1.696999
v -6.653000 0.967000 -1.700000
v -6.747000 -0.000000 -2.860000
v -6.750000 -0.000000 -2.863000
v -6.747000 0.967000 -2.860000
v -6.747000 0.970000 -2.863000
v -6.750000 0.967000 -2.863000
v -6.750000 -0.000000 -2.957000
v -6.747000 -0.000000 -2.960000
v -6.747000 0.970000 -2.957000
v -6.747000 0.967000 -2.960000
v -6.750000 0.967000 -2.957000
v -6.650000 0.000000 -2.863000
v -6.653000 0.000000 -2.860000
v -6.653000 0.970000 -2.863000
v -6.653000 0.967000 -2.860000
v -6.650000 0.967000 -2.863000
v -6.653000 -0.000000 -2.960000
v -6.650000 -0.000000 -2.957000
v -6.653000 0.970000 -2.957000
v -6.650000 0.967000 -2.957000
v -6.653000 0.967000 -2.960000
v -6.747000 -0.000000 -4.000000
v -6.750000 -0.000000 -4.003000
v -6.747000 0.967000 -4.000000
v -6.747000 0.970000 -4.003000
v -6.750000 0.967000 -4.003000
v -6.750000 -0.000000 -4.097000
v -6.747000 -0.000000 -4.100000
v -6.747000 0.970000 -4.097000
v -6.747000 0.967000 -4.100000
v -6.750000 0.967000 -4.097000
v -6.650000 -0.000000 -4.003000
v -6.653000 -0.000000 -4.000000
v -6.653000 0.970000 -4.003000
v -6.653000 0.967000 -4.000000
v -6.650000 0.967000 -4.003000
v -6.653000 -0.000000 -4.100000
v -6.650000 -0.000000 -4.097000
v -6.653000 0.970000 -4.097000
v -6.650000 0.967000 -4.097000
v -6.653000 0.967000 -4.100000
v -6.739309 0.808408 -4.107164
v -6.737499 0.809891 -4.107017
v -6.739668 0.809774 -4.105659
v -6.717366 0.966961 -4.104528
v -6.715849 0.966974 -4.106026
v -6.717139 0.968461 -4.106017
v -9.730071 0.809402 -4.105453
v -9.731607 0.809241 -4.106954
v -9.730101 0.807733 -4.106950
v -9.730783 0.964602 -4.106204
v -9.732276 0.963089 -4.106202
v -9.730776 0.963104 -4.104711
v -6.723949 0.812704 -4.138546
v -6.723098 0.812595 -4.137201
v -6.724899 0.811070 -4.137091
v -6.717139 0.968453 -4.133016
v -6.715704 0.966960 -4.133053
v -6.717206 0.966954 -4.134554
v -9.730746 0.804761 -4.133207
v -9.732246 0.806268 -4.133195
v -9.730783 0.806091 -4.134699
v -9.730783 0.964602 -4.133203
v -9.730783 0.963103 -4.134704
v -9.732283 0.963089 -4.133195
v -9.004372 0.808438 -4.106742
v -9.004858 0.810065 -4.105282
v -8.542337 0.809962 -4.107527
v -8.545250 0.811748 -4.106188
v -7.795593 0.811754 -4.106055
v -7.795551 0.809962 -4.107528
v -7.795551 0.969963 -4.107526
v -7.795593 0.968753 -4.106055
v -8.509219 0.968807 -4.121687
v -8.509562 0.967312 -4.120053
v -8.981869 0.969846 -4.108921
v -8.981653 0.971346 -4.110456
v -7.794825 0.804879 -4.133229
v -7.794783 0.806089 -4.134696
v -8.485527 0.804879 -4.133228
v -8.482528 0.806083 -4.134837
v -8.990289 0.807414 -4.136559
v -8.991072 0.806041 -4.135039
v -8.981653 0.971346 -4.137455
v -8.981732 0.969846 -4.138933
v -8.509219 0.968807 -4.148686
v -8.508974 0.967312 -4.150045
v -7.794783 0.963089 -4.134696
v -7.794825 0.964880 -4.133225
v -9.727169 0.805373 -1.602268
v -9.727118 0.806891 -1.600700
v -9.728612 0.807164 -1.602245
v -9.725612 0.960922 -1.595459
v -9.724103 0.960914 -1.593957
v -9.724083 0.962421 -1.595391
v -9.729242 0.804813 -4.097788
v -9.727741 0.804652 -4.099325
v -9.727744 0.803144 -4.097817
v -9.728499 0.960000 -4.098500
v -9.728493 0.958500 -4.099993
v -9.729993 0.958500 -4.098493
v -9.699959 0.801500 -1.601445
v -9.701450 0.801814 -1.599985
v -9.701468 0.800290 -1.601542
v -9.697085 0.962406 -1.595391
v -9.697116 0.960913 -1.593947
v -9.695627 0.960902 -1.595449
v -9.701488 0.800172 -4.098463
v -9.701499 0.801679 -4.099963
v -9.699996 0.801502 -4.098500
v -9.701500 0.960000 -4.098500
v -9.700000 0.958504 -4.098500
v -9.701500 0.958500 -4.100000
v -9.727953 0.803850 -3.372089
v -9.729452 0.805476 -3.372692
v -9.727168 0.805373 -2.910054
v -9.728649 0.807165 -2.913266
v -9.728642 0.807165 -2.163310
v -9.727169 0.805373 -2.163269
v -9.727170 0.965374 -2.163268
v -9.728642 0.964165 -2.163310
v -9.727939 0.955108 -2.908892
v -9.729431 0.953608 -2.908937
v -9.729995 0.958500 -3.362599
v -9.728499 0.960000 -3.362500
v -9.701468 0.800290 -2.162541
v -9.700000 0.801501 -2.162500
v -9.701468 0.800290 -2.853244
v -9.699994 0.801501 -2.850570
v -9.698175 0.802825 -3.358126
v -9.699656 0.801452 -3.358788
v -9.701500 0.960000 -3.362500
v -9.699983 0.958504 -3.362458
v -9.700939 0.955108 -2.908892
v -9.699445 0.953607 -2.908322
v -9.700000 0.958496 -2.162500
v -9.701471 0.960291 -2.162542
v -3.673356 0.805373 -4.094561
v -3.673407 0.806891 -4.096129
v -3.671913 0.807164 -4.094584
v -3.674912 0.960922 -4.101371
v -3.676421 0.960914 -4.102872
v -3.676442 0.962421 -4.101439
v -3.671282 0.804813 -1.599042
v -3.672782 0.804652 -1.597505
v -3.672779 0.803144 -1.599012
v -3.672024 0.960000 -1.598330
v -3.672030 0.958500 -1.596836
v -3.670530 0.958500 -1.598336
v -3.700565 0.801500 -4.095385
v -3.699074 0.801814 -4.096845
v -3.699057 0.800290 -4.095287
v -3.703438 0.962406 -4.101439
v -3.703408 0.960913 -4.102882
v -3.704896 0.960902 -4.101380
v -3.699036 0.800172 -1.598366
v -3.699024 0.801679 -1.596867
v -3.700527 0.801502 -1.598329
v -3.699023 0.960000 -1.598329
v -3.700523 0.958504 -1.598330
v -3.699023 0.958500 -1.596829
v -3.672570 0.803850 -2.324741
v -3.671071 0.805476 -2.324137
v -3.673356 0.805373 -2.786775
v -3.671875 0.807165 -2.783564
v -3.671883 0.807165 -3.533520
v -3.673355 0.805374 -3.533561
v -3.673354 0.965374 -3.533561
v -3.671883 0.964165 -3.533520
v -3.672585 0.955108 -2.787937
v -3.671093 0.953608 -2.787893
v -3.670529 0.958500 -2.334231
v -3.672024 0.960000 -2.334330
v -3.699056 0.800290 -3.534288
v -3.700524 0.801501 -3.534329
v -3.699057 0.800290 -2.843585
v -3.700530 0.801501 -2.846260
v -3.702349 0.802825 -2.338703
v -3.700868 0.801452 -2.338041
v -3.699024 0.960000 -2.334330
v -3.700541 0.958504 -2.334371
v -3.699584 0.955108 -2.787937
v -3.701080 0.953607 -2.788507
v -3.700524 0.958496 -3.534329
v -3.699053 0.960291 -3.534288
v -6.678120 0.769562 -1.585523
v -6.679931 0.771046 -1.585669
v -6.677761 0.770929 -1.587028
v -6.700063 0.928116 -1.588159
v -6.701579 0.928128 -1.586661
v -6.700290 0.929616 -1.586670
v -3.709685 0.809402 -1.597572
v -3.708148 0.809241 -1.596071
v -3.709656 0.807733 -1.596074
v -3.708973 0.964602 -1.596821
v -3.707479 0.963089 -1.596823
v -3.708980 0.963104 -1.598314
v -6.693480 0.773859 -1.554140
v -6.694331 0.773750 -1.555485
v -6.692531 0.772224 -1.555595
v -6.700290 0.929608 -1.559671
v -6.701725 0.928115 -1.559633
v -6.700223 0.928109 -1.558133
v -3.709010 0.804760 -1.569818
v -3.707509 0.806268 -1.569829
v -3.708973 0.806091 -1.568326
v -3.708973 0.964602 -1.569822
v -3.708973 0.963102 -1.568321
v -3.707473 0.963089 -1.569830
v -4.435384 0.808438 -1.596283
v -4.434897 0.810065 -1.597743
v -4.910854 0.796973 -1.582290
v -4.907941 0.798759 -1.583630
v -5.742383 0.753076 -1.735241
v -5.644205 0.809962 -1.595498
v -5.644204 0.969962 -1.595500
v -5.644163 0.968753 -1.596971
v -4.943972 0.955818 -1.568131
v -4.943629 0.954323 -1.569765
v -4.457887 0.969846 -1.594105
v -4.458103 0.971346 -1.592569
v -5.644931 0.804879 -1.569797
v -5.644972 0.806089 -1.568329
v -4.967665 0.791890 -1.556589
v -4.970664 0.793093 -1.554981
v -4.449467 0.807414 -1.566466
v -4.448684 0.806041 -1.567986
v -4.458103 0.971346 -1.565571
v -4.458024 0.969846 -1.564092
v -4.943972 0.955818 -1.541131
v -4.944218 0.954322 -1.539772
v -5.644972 0.963089 -1.568329
v -5.644931 0.964880 -1.569800
v -6.719550 0.811526 -1.572773
v -6.717940 0.813092 -1.572477
v -6.720340 0.813267 -1.571266
v -6.725218 0.966961 -1.568789
v -6.723717 0.966959 -1.570287
v -6.725265 0.968461 -1.570264
v -9.691503 0.809402 -1.569722
v -9.693041 0.809238 -1.571220
v -9.691488 0.807733 -1.571198
v -9.696655 0.960316 -1.572643
v -9.698105 0.958795 -1.572624
v -9.696605 0.958820 -1.571128
v -6.701765 0.809184 -1.596548
v -6.701159 0.809401 -1.595325
v -6.702982 0.807922 -1.595053
v -6.725265 0.968453 -1.597263
v -6.723546 0.966975 -1.597242
v -6.725059 0.966954 -1.598742
v -9.692134 0.804761 -1.597454
v -9.693678 0.806265 -1.597466
v -9.692214 0.806091 -1.598967
v -9.696655 0.960316 -1.599641
v -9.696612 0.958818 -1.601121
v -9.698112 0.958795 -1.599617
v -8.998501 0.794080 -1.561792
v -8.998987 0.795706 -1.560332
v -8.503726 0.809962 -1.571775
v -8.506639 0.811748 -1.570435
v -7.756981 0.803365 -1.552147
v -7.756939 0.801573 -1.553620
v -7.756940 0.961573 -1.553617
v -7.756981 0.960364 -1.552147
v -8.470608 0.968807 -1.585934
v -8.470950 0.967312 -1.584301
v -8.975998 0.955487 -1.563971
v -8.975782 0.956988 -1.565505
v -7.756213 0.796490 -1.579320
v -7.756171 0.797700 -1.580788
v -8.446916 0.804879 -1.597476
v -8.443916 0.806083 -1.599084
v -8.984417 0.793055 -1.591608
v -8.985201 0.791682 -1.590089
v -8.975782 0.956988 -1.592505
v -8.975861 0.955487 -1.593982
v -8.470608 0.968807 -1.612934
v -8.470362 0.967312 -1.614293
v -7.756171 0.954700 -1.580788
v -7.756213 0.956491 -1.579317
v -6.720205 0.811526 -4.130252
v -6.721816 0.813092 -4.130548
v -6.719417 0.813266 -4.131758
v -6.714538 0.966962 -4.134235
v -6.716039 0.966959 -4.132737
v -6.714491 0.968461 -4.132760
v -3.704364 0.830112 -4.126411
v -3.702826 0.829987 -4.124897
v -3.704334 0.828439 -4.124910
v -3.703651 0.985309 -4.125660
v -3.702157 0.983835 -4.125648
v -3.703659 0.983806 -4.127153
v -6.737990 0.809184 -4.106476
v -6.738597 0.809401 -4.107699
v -6.736775 0.807922 -4.107970
v -6.714491 0.968453 -4.105761
v -6.716210 0.966975 -4.105783
v -6.714697 0.966955 -4.104282
v -3.703689 0.825468 -4.098660
v -3.702188 0.827015 -4.098655
v -3.703651 0.826799 -4.097166
v -3.703651 0.985309 -4.098661
v -3.703651 0.983808 -4.097161
v -3.702151 0.983835 -4.098656
v -4.473995 0.808439 -4.132038
v -4.473509 0.810063 -4.133496
v -4.936028 0.809963 -4.131252
v -4.933117 0.811747 -4.132590
v -5.682775 0.811753 -4.132722
v -5.682816 0.809963 -4.131251
v -5.682816 0.969963 -4.131251
v -5.682774 0.968755 -4.132722
v -4.969148 0.968807 -4.117091
v -4.968805 0.967314 -4.118725
v -4.496499 0.969848 -4.129858
v -4.496714 0.971346 -4.128323
v -5.683543 0.804879 -4.105548
v -5.683584 0.806089 -4.104081
v -4.992843 0.804879 -4.105548
v -4.995840 0.806082 -4.103941
v -4.488079 0.807413 -4.102220
v -4.487297 0.806041 -4.103738
v -4.496714 0.971346 -4.101324
v -4.496635 0.969847 -4.099845
v -4.969148 0.968807 -4.090092
v -4.969393 0.967312 -4.088733
v -5.683584 0.963089 -4.104081
v -5.683542 0.964880 -4.105552
v -9.057459 1.013408 -3.768990
v -9.010820 1.015435 -3.767552
v -9.057459 1.011062 -3.104794
v -9.006594 1.011062 -3.104794
v -9.057459 0.994849 -2.597109
v -9.006594 0.994849 -2.597108
v -9.057459 1.011062 -2.089423
v -9.006594 1.011062 -2.089423
v -9.006594 0.966148 -3.768990
v -9.057459 0.966148 -3.768989
v -9.006594 0.963803 -3.104794
v -9.057459 0.963803 -3.104794
v -9.006594 0.947589 -2.597108
v -9.057459 0.947589 -2.597109
v -9.006594 0.963803 -2.089423
v -9.057459 0.963803 -2.089423
v -9.057459 1.011062 -1.716957
v -9.006594 1.011062 -1.716957
v -9.006594 0.963803 -1.716957
v -9.057459 0.963803 -1.716957
v -9.032026 1.013408 -3.768990
v -9.032026 1.011062 -3.104794
v -9.032026 0.994849 -2.597108
v -9.032026 1.011062 -2.089423
v -9.032026 0.966148 -3.768990
v -9.032026 0.963803 -3.104794
v -9.032026 0.947589 -2.597109
v -9.032026 0.963803 -2.089423
v -9.032026 1.011062 -1.716957
v -9.032026 0.963803 -1.716957
v -8.838740 1.014564 -3.801462
v -8.791368 1.016782 -3.800063
v -8.743995 1.019001 -3.798665
v -8.837871 1.004150 -3.474195
v -8.786131 1.006882 -3.477982
v -8.734392 1.009614 -3.481770
v -8.828054 1.001072 -3.179137
v -8.781209 1.002066 -3.175896
v -8.734364 1.003059 -3.172655
v -8.822559 1.011512 -2.856660
v -8.775924 1.014000 -2.854757
v -8.729288 1.016487 -2.852854
v -8.843102 0.998672 -2.531006
v -8.793406 0.998558 -2.529379
v -8.743709 0.998444 -2.527752
v -8.829171 0.995008 -2.215348
v -8.780332 0.995435 -2.215680
v -8.731492 0.995862 -2.216012
v -8.835248 1.015925 -1.899041
v -8.784383 1.015925 -1.899041
v -8.733518 1.015925 -1.899041
v -8.736340 0.963803 -3.799857
v -8.786263 0.963803 -3.800858
v -8.836188 0.963803 -3.801860
v -8.733518 0.963803 -3.485558
v -8.784383 0.963803 -3.485558
v -8.835248 0.963803 -3.485558
v -8.733518 0.963803 -3.168254
v -8.784383 0.963803 -3.168254
v -8.835248 0.963803 -3.168254
v -8.733518 0.963803 -2.850951
v -8.784383 0.963803 -2.850951
v -8.835248 0.963803 -2.850951
v -8.733518 0.963803 -2.533648
v -8.784383 0.963803 -2.533648
v -8.835248 0.963803 -2.533648
v -8.733518 0.963803 -2.216344
v -8.784383 0.963803 -2.216345
v -8.835248 0.963803 -2.216345
v -8.733518 0.963803 -1.899041
v -8.784383 0.963803 -1.899041
v -8.835248 0.963803 -1.899041
v -7.983892 0.969368 -1.932913
v -7.937254 0.967341 -1.934351
v -7.983892 0.971714 -2.597108
v -7.933027 0.971714 -2.597108
v -7.983892 0.987927 -3.104794
v -7.933027 0.987927 -3.104794
v -7.983892 0.971714 -3.612479
v -7.933027 0.971714 -3.612479
v -7.933027 1.016628 -1.932913
v -7.983892 1.016628 -1.932913
v -7.933027 1.018974 -2.597108
v -7.983892 1.018974 -2.597108
v -7.933027 1.035187 -3.104794
v -7.983892 1.035187 -3.104794
v -7.933027 1.018974 -3.612479
v -7.983892 1.018974 -3.612479
v -7.983892 0.971714 -3.984946
v -7.933027 0.971714 -3.984946
v -7.933027 1.018974 -3.984946
v -7.983892 1.018974 -3.984946
v -7.958460 0.969368 -1.932913
v -7.958460 0.971714 -2.597108
v -7.958460 0.987927 -3.104794
v -7.958460 0.971714 -3.612479
v -7.958460 1.016628 -1.932913
v -7.958460 1.018974 -2.597108
v -7.958460 1.035187 -3.104794
v -7.958460 1.018974 -3.612479
v -7.958460 0.971714 -3.984945
v -7.958460 1.018974 -3.984946
v -7.765174 0.968213 -1.900440
v -7.717802 0.965994 -1.901839
v -7.670429 0.963776 -1.903238
v -7.764304 0.978626 -2.227708
v -7.712565 0.975894 -2.223920
v -7.660826 0.973163 -2.220132
v -7.754488 0.981704 -2.522765
v -7.707643 0.980711 -2.526006
v -7.660797 0.979717 -2.529247
v -7.748993 0.971264 -2.845243
v -7.702357 0.968777 -2.847146
v -7.655722 0.966290 -2.849048
v -7.769536 0.984104 -3.170897
v -7.719840 0.984218 -3.172523
v -7.670143 0.984332 -3.174150
v -7.755605 0.987769 -3.486554
v -7.706765 0.987342 -3.486222
v -7.657926 0.986914 -3.485890
v -7.761682 0.966852 -3.802861
v -7.710816 0.966852 -3.802861
v -7.659952 0.966852 -3.802861
v -7.662773 1.018974 -1.902046
v -7.712698 1.018974 -1.901044
v -7.762622 1.018974 -1.900042
v -7.659951 1.018974 -2.216345
v -7.710817 1.018974 -2.216345
v -7.761682 1.018974 -2.216344
v -7.659951 1.018974 -2.533648
v -7.710817 1.018974 -2.533648
v -7.761682 1.018974 -2.533648
v -7.659952 1.018974 -2.850951
v -7.710816 1.018974 -2.850951
v -7.761682 1.018974 -2.850951
v -7.659952 1.018974 -3.168254
v -7.710816 1.018974 -3.168254
v -7.761682 1.018974 -3.168254
v -7.659951 1.018974 -3.485558
v -7.710816 1.018974 -3.485558
v -7.761682 1.018974 -3.485558
v -7.659952 1.018974 -3.802861
v -7.710816 1.018974 -3.802861
v -7.761682 1.018974 -3.802861
v -5.134255 1.013408 -3.768990
v -5.087616 1.015435 -3.767552
v -5.134254 1.011062 -3.104794
v -5.083389 1.011062 -3.104794
v -5.134255 0.994849 -2.597109
v -5.083390 0.994849 -2.597108
v -5.134255 1.011062 -2.089423
v -5.083390 1.011062 -2.089423
v -5.083390 0.966148 -3.768990
v -5.134255 0.966148 -3.768990
v -5.083389 0.963803 -3.104794
v -5.134254 0.963803 -3.104794
v -5.083390 0.947589 -2.597109
v -5.134255 0.947589 -2.597109
v -5.083390 0.963803 -2.089423
v -5.134255 0.963803 -2.089423
v -5.134254 1.011062 -1.716957
v -5.083389 1.011062 -1.716957
v -5.083389 0.963803 -1.716957
v -5.134254 0.963803 -1.716957
v -5.108822 1.013408 -3.768990
v -5.108822 1.011062 -3.104794
v -5.108822 0.994849 -2.597109
v -5.108822 1.011062 -2.089423
v -5.108822 0.966148 -3.768990
v -5.108822 0.963803 -3.104794
v -5.108822 0.947589 -2.597109
v -5.108822 0.963803 -2.089423
v -5.108822 1.011062 -1.716957
v -5.108822 0.963803 -1.716957
v -4.915537 1.014564 -3.801462
v -4.868164 1.016782 -3.800063
v -4.820792 1.019001 -3.798664
v -4.914667 1.004150 -3.474195
v -4.862927 1.006882 -3.477982
v -4.811188 1.009614 -3.481770
v -4.904850 1.001072 -3.179137
v -4.858005 1.002066 -3.175896
v -4.811160 1.003059 -3.172655
v -4.899355 1.011513 -2.856660
v -4.852720 1.014000 -2.854757
v -4.806085 1.016487 -2.852854
v -4.919899 0.998672 -2.531006
v -4.870202 0.998558 -2.529379
v -4.820506 0.998444 -2.527752
v -4.905968 0.995008 -2.215348
v -4.857128 0.995435 -2.215680
v -4.808289 0.995862 -2.216012
v -4.912045 1.015925 -1.899041
v -4.861179 1.015925 -1.899041
v -4.810314 1.015925 -1.899041
v -4.813136 0.963803 -3.799857
v -4.863060 0.963803 -3.800858
v -4.912985 0.963803 -3.801860
v -4.810314 0.963803 -3.485558
v -4.861179 0.963803 -3.485558
v -4.912045 0.963803 -3.485558
v -4.810314 0.963803 -3.168254
v -4.861179 0.963803 -3.168254
v -4.912044 0.963803 -3.168254
v -4.810314 0.963803 -2.850951
v -4.861179 0.963803 -2.850951
v -4.912045 0.963803 -2.850951
v -4.810314 0.963803 -2.533648
v -4.861179 0.963803 -2.533648
v -4.912045 0.963803 -2.533648
v -4.810314 0.963803 -2.216345
v -4.861179 0.963803 -2.216345
v -4.912045 0.963803 -2.216345
v -4.810314 0.963803 -1.899041
v -4.861179 0.963803 -1.899041
v -4.912045 0.963803 -1.899041
v -4.060689 0.969368 -1.932913
v -4.014050 0.967341 -1.934351
v -4.060689 0.971714 -2.597108
v -4.009824 0.971714 -2.597108
v -4.060688 0.987927 -3.104794
v -4.009823 0.987927 -3.104794
v -4.060689 0.971714 -3.612479
v -4.009824 0.971714 -3.612479
v -4.009824 1.016628 -1.932913
v -4.060689 1.016628 -1.932913
v -4.009824 1.018974 -2.597108
v -4.060689 1.018974 -2.597108
v -4.009823 1.035187 -3.104794
v -4.060688 1.035187 -3.104794
v -4.009824 1.018974 -3.612479
v -4.060689 1.018974 -3.612479
v -4.060689 0.971714 -3.984946
v -4.009824 0.971714 -3.984945
v -4.009824 1.018974 -3.984945
v -4.060689 1.018974 -3.984946
v -4.035257 0.969368 -1.932913
v -4.035256 0.971714 -2.597108
v -4.035256 0.987927 -3.104794
v -4.035256 0.971714 -3.612479
v -4.035257 1.016628 -1.932913
v -4.035256 1.018974 -2.597108
v -4.035256 1.035187 -3.104794
v -4.035256 1.018974 -3.612479
v -4.035257 0.971714 -3.984946
v -4.035257 1.018974 -3.984946
v -3.841971 0.968212 -1.900440
v -3.794598 0.965994 -1.901839
v -3.747225 0.963776 -1.903238
v -3.841101 0.978626 -2.227708
v -3.789361 0.975894 -2.223920
v -3.737622 0.973163 -2.220132
v -3.831285 0.981704 -2.522765
v -3.784439 0.980711 -2.526006
v -3.737594 0.979717 -2.529247
v -3.825789 0.971264 -2.845243
v -3.779154 0.968777 -2.847146
v -3.732519 0.966290 -2.849048
v -3.846332 0.984104 -3.170897
v -3.796635 0.984218 -3.172523
v -3.746939 0.984332 -3.174150
v -3.832401 0.987769 -3.486554
v -3.783562 0.987342 -3.486222
v -3.734722 0.986914 -3.485890
v -3.838479 0.966852 -3.802861
v -3.787613 0.966852 -3.802861
v -3.736748 0.966852 -3.802861
v -3.739569 1.018974 -1.902045
v -3.789494 1.018974 -1.901044
v -3.839419 1.018974 -1.900043
v -3.736747 1.018974 -2.216344
v -3.787612 1.018974 -2.216344
v -3.838478 1.018974 -2.216345
v -3.736748 1.018974 -2.533648
v -3.787613 1.018974 -2.533648
v -3.838478 1.018974 -2.533648
v -3.736748 1.018974 -2.850951
v -3.787613 1.018974 -2.850951
v -3.838479 1.018974 -2.850951
v -3.736747 1.018974 -3.168254
v -3.787612 1.018974 -3.168254
v -3.838478 1.018974 -3.168254
v -3.736748 1.018974 -3.485558
v -3.787613 1.018974 -3.485558
v -3.838478 1.018974 -3.485558
v -3.736748 1.018974 -3.802861
v -3.787613 1.018974 -3.802861
v -3.838479 1.018974 -3.802861
v -6.745371 1.013408 -1.950186
v -6.792017 1.015435 -1.951368
v -6.749007 1.011062 -2.614371
v -6.799871 1.011063 -2.614092
v -6.751788 0.994849 -3.122049
v -6.802652 0.994849 -3.121770
v -6.754567 1.011062 -3.629726
v -6.805431 1.011062 -3.629448
v -6.796235 0.966148 -1.949907
v -6.745371 0.966148 -1.950185
v -6.799871 0.963803 -2.614092
v -6.749007 0.963803 -2.614371
v -6.802652 0.947589 -3.121770
v -6.751788 0.947589 -3.122049
v -6.805431 0.963803 -3.629448
v -6.754567 0.963803 -3.629726
v -6.756606 1.011062 -4.002187
v -6.807470 1.011062 -4.001909
v -6.807470 0.963803 -4.001909
v -6.756606 0.963803 -4.002187
v -6.770803 1.013408 -1.950046
v -6.774440 1.011062 -2.614232
v -6.777220 0.994849 -3.121909
v -6.779999 1.011062 -3.629587
v -6.770803 0.966148 -1.950046
v -6.774440 0.963803 -2.614232
v -6.777220 0.947589 -3.121910
v -6.779999 0.963803 -3.629587
v -6.782039 1.011062 -4.002048
v -6.782039 0.963803 -4.002048
v -5.983512 0.968212 -1.900440
v -5.936140 0.965994 -1.901839
v -5.888767 0.963776 -1.903238
v -5.982642 0.978626 -2.227708
v -5.930903 0.975894 -2.223920
v -5.879164 0.973163 -2.220132
v -5.972826 0.981704 -2.522765
v -5.925981 0.980711 -2.526006
v -5.879136 0.979717 -2.529247
v -5.967331 0.971264 -2.845243
v -5.920696 0.968777 -2.847146
v -5.874060 0.966290 -2.849048
v -5.987875 0.984104 -3.170897
v -5.938178 0.984218 -3.172523
v -5.888481 0.984332 -3.174150
v -5.973944 0.987769 -3.486554
v -5.925104 0.987342 -3.486222
v -5.876265 0.986914 -3.485890
v -5.980021 0.966852 -3.802861
v -5.929155 0.966852 -3.802861
v -5.878290 0.966852 -3.802861
v -5.881111 1.018974 -1.902046
v -5.931036 1.018974 -1.901044
v -5.980960 1.018974 -1.900043
v -5.878290 1.018974 -2.216345
v -5.929155 1.018974 -2.216344
v -5.980020 1.018974 -2.216345
v -5.878290 1.018974 -2.533648
v -5.929155 1.018974 -2.533648
v -5.980020 1.018974 -2.533648
v -5.878290 1.018974 -2.850951
v -5.929155 1.018974 -2.850951
v -5.980021 1.018974 -2.850951
v -5.878290 1.018974 -3.168254
v -5.929155 1.018974 -3.168254
v -5.980020 1.018974 -3.168254
v -5.878290 1.018974 -3.485558
v -5.929155 1.018974 -3.485558
v -5.980020 1.018974 -3.485558
v -5.878290 1.018974 -3.802861
v -5.929155 1.018974 -3.802861
v -5.980021 1.018974 -3.802861
v -6.652067 1.013408 -3.768989
v -6.605428 1.015435 -3.767552
v -6.652068 1.011062 -3.104794
v -6.601202 1.011062 -3.104794
v -6.652067 0.994849 -2.597109
v -6.601202 0.994849 -2.597109
v -6.652067 1.011062 -2.089423
v -6.601202 1.011062 -2.089424
v -6.601202 0.966148 -3.768990
v -6.652067 0.966148 -3.768989
v -6.601202 0.963803 -3.104794
v -6.652068 0.963803 -3.104794
v -6.601202 0.947589 -2.597108
v -6.652067 0.947589 -2.597109
v -6.601202 0.963803 -2.089424
v -6.652067 0.963803 -2.089423
v -6.652067 1.011062 -1.716957
v -6.601202 1.011062 -1.716957
v -6.601202 0.963803 -1.716957
v -6.652067 0.963803 -1.716957
v -6.626635 1.013408 -3.768990
v -6.626635 1.011062 -3.104794
v -6.626635 0.994849 -2.597109
v -6.626635 1.011062 -2.089423
v -6.626635 0.966148 -3.768990
v -6.626635 0.963803 -3.104794
v -6.626635 0.947589 -2.597109
v -6.626635 0.963803 -2.089423
v -6.626635 1.011062 -1.716957
v -6.626635 0.963803 -1.716957
v -7.099958 0.969369 -1.932913
v -7.053319 0.967341 -1.934350
v -7.099958 0.971714 -2.597108
v -7.049093 0.971714 -2.597108
v -7.099959 0.987927 -3.104794
v -7.049094 0.987927 -3.104794
v -7.099959 0.971714 -3.612479
v -7.049094 0.971714 -3.612479
v -7.049093 1.016628 -1.932913
v -7.099958 1.016628 -1.932913
v -7.049093 1.018974 -2.597108
v -7.099958 1.018974 -2.597108
v -7.049094 1.035187 -3.104794
v -7.099959 1.035187 -3.104794
v -7.049094 1.018974 -3.612479
v -7.099959 1.018974 -3.612479
v -7.099958 0.971714 -3.984946
v -7.049093 0.971714 -3.984946
v -7.049093 1.018974 -3.984946
v -7.099958 1.018974 -3.984946
v -7.074526 0.969369 -1.932913
v -7.074526 0.971714 -2.597108
v -7.074526 0.987927 -3.104794
v -7.074526 0.971714 -3.612479
v -7.074526 1.016628 -1.932913
v -7.074526 1.018974 -2.597108
v -7.074526 1.035187 -3.104794
v -7.074526 1.018974 -3.612479
v -7.074526 0.971714 -3.984946
v -7.074526 1.018974 -3.984946
v -9.727081 0.959881 -1.590507
v -9.727077 0.961882 -1.588506
v -9.729081 0.961839 -1.590578
v -9.729081 1.013010 -1.590578
v -9.727077 1.013052 -1.588506
v -9.727081 1.015052 -1.590507
v -9.743411 0.965788 -4.118165
v -9.741442 0.965803 -4.120164
v -9.741412 0.963788 -4.118165
v -9.741412 1.018960 -4.118165
v -9.741442 1.016974 -4.120164
v -9.743411 1.016959 -4.118165
v -9.539981 0.965803 -1.583738
v -9.541980 0.965761 -1.581810
v -9.541981 0.963761 -1.583812
v -9.541981 1.018932 -1.583812
v -9.541980 1.016932 -1.581810
v -9.539981 1.016974 -1.583738
v -9.541982 0.963803 -4.118165
v -9.541982 0.965803 -4.120164
v -9.539981 0.965803 -4.118165
v -9.541982 1.018974 -4.118165
v -9.539981 1.016974 -4.118165
v -9.541982 1.016974 -4.120164
v -9.733812 0.961195 -3.484913
v -9.731812 0.959242 -3.484796
v -9.733812 1.012366 -3.484913
v -9.731812 1.014414 -3.484796
v -9.539981 0.965803 -3.473604
v -9.541981 0.963755 -3.473721
v -9.539981 1.016974 -3.473604
v -9.541981 1.018926 -3.473721
v -9.524762 0.963837 -1.583918
v -9.524770 0.965803 -1.581910
v -9.526763 0.965838 -1.583738
v -9.526763 1.017008 -1.583738
v -9.524770 1.016974 -1.581910
v -9.524762 1.019009 -1.583918
v -9.526763 0.965759 -4.118165
v -9.524762 0.965803 -4.120164
v -9.524762 0.963758 -4.118165
v -9.524762 1.018930 -4.118165
v -9.524762 1.016974 -4.120164
v -9.526763 1.016929 -4.118165
v -9.329445 0.965837 -1.600749
v -9.331463 0.965803 -1.598577
v -9.331448 0.963839 -1.600586
v -9.331447 1.019010 -1.600586
v -9.331463 1.016974 -1.598577
v -9.329445 1.017010 -1.600749
v -9.325302 0.963758 -4.118165
v -9.325302 0.965803 -4.120164
v -9.323302 0.965760 -4.118165
v -9.325303 1.018930 -4.118165
v -9.323302 1.016928 -4.118165
v -9.325302 1.016974 -4.120164
v -9.524762 0.954485 -3.699204
v -9.526763 0.956485 -3.699204
v -9.524763 0.963803 -3.497125
v -9.526763 0.965803 -3.497125
v -9.524762 0.963803 -2.597109
v -9.526763 0.965803 -2.597109
v -9.526763 0.974615 -2.089423
v -9.524762 0.972614 -2.089423
v -9.524762 1.027786 -2.089423
v -9.526763 1.025785 -2.089423
v -9.524763 1.018987 -2.597045
v -9.526763 1.016973 -2.597109
v -9.524762 1.018974 -3.497125
v -9.526763 1.016973 -3.497125
v -9.526763 1.007655 -3.699204
v -9.524762 1.009656 -3.699204
v -9.325302 0.972614 -2.089423
v -9.323302 0.974613 -2.089423
v -9.325302 0.963803 -2.597108
v -9.323607 0.965781 -2.596892
v -9.325302 0.963803 -3.497125
v -9.323302 0.965805 -3.497125
v -9.323302 0.956487 -3.699204
v -9.325302 0.954485 -3.699204
v -9.325303 1.009656 -3.699204
v -9.323302 1.007655 -3.699204
v -9.325303 1.018974 -3.497125
v -9.323302 1.016973 -3.497125
v -9.333998 1.020222 -2.591004
v -9.331693 1.018256 -2.591157
v -9.323302 1.025786 -2.089424
v -9.325302 1.027786 -2.089423
v -9.313999 0.963856 -1.649495
v -9.314399 0.965841 -1.647632
v -9.316427 0.965756 -1.649608
v -9.324088 1.000981 -1.652032
v -9.322117 1.001013 -1.650056
v -9.322515 1.002967 -1.652193
v -9.315385 0.965706 -4.178787
v -9.313255 0.965798 -4.180798
v -9.313998 0.963803 -4.178660
v -9.302852 0.998594 -4.181073
v -9.303288 0.996748 -4.182931
v -9.305471 0.996721 -4.180923
v -9.151674 0.971445 -1.557906
v -9.153648 0.971410 -1.555876
v -9.153529 0.969397 -1.557726
v -9.156227 1.006621 -1.560510
v -9.156047 1.004648 -1.558361
v -9.154082 1.004661 -1.560391
v -9.114538 0.963803 -4.178660
v -9.115582 0.965797 -4.180806
v -9.113334 0.965638 -4.178790
v -9.127770 0.994699 -4.180923
v -9.124972 0.992813 -4.180783
v -9.127236 0.992688 -4.182775
v -9.313998 0.963803 -3.640189
v -9.315998 0.965803 -3.640189
v -9.315297 0.965676 -2.182542
v -9.313998 0.963803 -2.182704
v -9.302570 0.994407 -2.180103
v -9.305271 0.992454 -2.180226
v -9.313996 0.999407 -3.640189
v -9.315998 0.997405 -3.640189
v -9.114538 0.963803 -2.182705
v -9.112828 0.965781 -2.182761
v -9.114538 0.963803 -3.640189
v -9.112538 0.965802 -3.640189
v -9.114539 0.999407 -3.640189
v -9.112538 0.997407 -3.640189
v -9.117780 0.999602 -2.183717
v -9.120069 1.001503 -2.183733
v -9.315998 0.983622 -3.991495
v -9.313998 0.985712 -3.991495
v -9.112538 0.965802 -3.991495
v -9.114538 0.963803 -3.991495
v -9.315998 0.965803 -3.991495
v -9.313998 0.963803 -3.991495
v -9.112538 0.992653 -3.991495
v -9.114537 0.994564 -3.991495
v -9.088634 0.963803 -1.607573
v -9.088943 0.965803 -1.605018
v -9.090675 0.965804 -1.608203
v -9.090675 1.003412 -1.608203
v -9.088943 1.003571 -1.605018
v -9.088688 1.005815 -1.607571
v -9.097455 0.963822 -4.118165
v -9.095455 0.963802 -4.120164
v -9.095455 0.961825 -4.118165
v -9.095445 1.009085 -4.118165
v -9.095455 1.007049 -4.120164
v -9.097455 1.007087 -4.118164
v -8.893995 0.965803 -1.583738
v -8.895995 0.965803 -1.581738
v -8.895995 0.963803 -1.584243
v -8.895995 1.011062 -1.584240
v -8.895995 1.009063 -1.581738
v -8.893995 1.009062 -1.583738
v -8.897081 0.965804 -4.120157
v -8.894812 0.965641 -4.118157
v -8.895995 0.963816 -4.118165
v -8.915249 1.006932 -4.118002
v -8.912434 1.005175 -4.118007
v -8.914574 1.004908 -4.120010
v -9.095455 0.966148 -3.768989
v -9.097455 0.968145 -3.768989
v -9.095454 0.963803 -3.104794
v -9.096834 0.965700 -3.104596
v -9.095454 0.947589 -2.597108
v -9.097455 0.949591 -2.597108
v -9.095454 0.963803 -2.089423
v -9.097455 0.965804 -2.089423
v -9.095459 1.011062 -2.089423
v -9.097455 1.009060 -2.089423
v -9.095460 0.994849 -2.597109
v -9.097455 0.992847 -2.597108
v -9.081116 1.007942 -3.100569
v -9.083724 1.005782 -3.100412
v -9.097455 1.011410 -3.768990
v -9.095445 1.013408 -3.768990
v -8.895995 0.963803 -2.089423
v -8.893995 0.965803 -2.089423
v -8.895995 0.947589 -2.597109
v -8.893995 0.949590 -2.597108
v -8.895995 0.963803 -3.104794
v -8.893995 0.965803 -3.104794
v -8.894407 0.968105 -3.768799
v -8.895995 0.966148 -3.768990
v -8.905920 1.013346 -3.764454
v -8.903507 1.011349 -3.764586
v -8.895995 1.011062 -3.104794
v -8.893995 1.009061 -3.104794
v -8.895995 0.994849 -2.597108
v -8.893995 0.992848 -2.597109
v -8.895995 1.011062 -2.089423
v -8.893995 1.009062 -2.089423
v -9.097455 0.965804 -1.716957
v -9.095454 0.963803 -1.716957
v -8.893995 1.009062 -1.716957
v -8.895995 1.011062 -1.716957
v -9.097455 1.009060 -1.716957
v -9.095458 1.011062 -1.716957
v -8.893995 0.965803 -1.716957
v -8.895995 0.963803 -1.716957
v -9.006594 0.963816 -4.118165
v -9.006594 0.965804 -4.120164
v -9.057459 0.963802 -4.120164
v -9.057459 0.961825 -4.118165
v -9.057459 1.009085 -4.118165
v -9.057459 1.007048 -4.120164
v -9.006594 1.001816 -4.120164
v -9.006618 1.003895 -4.118165
v -9.059067 0.965803 -1.582927
v -9.057459 0.963803 -1.584532
v -9.056853 0.965803 -1.583644
v -9.004594 0.965803 -1.581738
v -9.007199 0.965803 -1.583644
v -9.006594 0.963803 -1.584263
v -9.004594 1.009063 -1.581738
v -9.006594 1.011063 -1.584260
v -9.007199 1.009063 -1.583644
v -9.059067 1.008764 -1.582927
v -9.056853 1.009063 -1.583644
v -9.057459 1.011062 -1.584523
v -9.032026 0.965804 -4.120164
v -9.032026 0.963816 -4.118165
v -9.032026 1.007566 -4.120164
v -9.032026 1.009601 -4.118165
v -9.031421 0.965803 -1.659923
v -9.032632 0.965803 -1.659923
v -9.032026 0.963803 -1.664641
v -9.032632 1.009063 -1.659923
v -9.031421 1.009063 -1.659923
v -9.032026 1.011062 -1.664635
v -8.887260 0.974949 -1.591058
v -8.887279 0.977025 -1.589058
v -8.889256 0.977059 -1.591130
v -8.889256 1.034339 -1.591130
v -8.887279 1.034351 -1.589058
v -8.887259 1.036222 -1.591055
v -8.886113 0.965803 -4.118164
v -8.884296 0.965803 -4.119328
v -8.884113 0.963803 -4.116988
v -8.884120 1.018926 -4.116799
v -8.884351 1.016974 -4.119218
v -8.886113 1.016918 -4.118165
v -8.682652 0.965803 -1.583738
v -8.684651 0.965915 -1.581810
v -8.684649 0.963912 -1.583811
v -8.684648 1.025186 -1.583809
v -8.684651 1.023241 -1.581810
v -8.682652 1.023080 -1.583738
v -8.685045 0.962895 -4.127461
v -8.683024 0.962763 -4.125749
v -8.684679 0.960911 -4.125602
v -8.694433 1.016106 -4.115296
v -8.692072 1.013999 -4.116115
v -8.694090 1.014071 -4.117932
v -8.884113 0.963803 -3.802821
v -8.886113 0.965803 -3.802861
v -8.884113 0.963803 -3.485558
v -8.886298 0.965794 -3.484756
v -8.884113 0.963803 -3.168254
v -8.885522 0.965713 -3.168998
v -8.884113 0.963803 -2.850951
v -8.885412 0.965676 -2.851266
v -8.884113 0.963803 -2.533648
v -8.886489 0.965767 -2.533591
v -8.884113 0.963803 -2.216345
v -8.885604 0.965737 -2.216261
v -8.886113 0.965803 -1.899041
v -8.884113 0.963803 -1.899041
v -8.884111 1.015925 -1.899041
v -8.886113 1.013934 -1.899041
v -8.876008 0.994598 -2.215030
v -8.878518 0.992652 -2.215099
v -8.890793 0.998782 -2.532567
v -8.892426 0.996831 -2.532689
v -8.867191 1.009132 -2.858481
v -8.869899 1.007144 -2.858246
v -8.872892 1.000121 -3.182240
v -8.875488 0.998175 -3.181637
v -8.887618 1.001524 -3.470553
v -8.889425 0.999437 -3.471205
v -8.886113 1.010331 -3.802861
v -8.884122 1.012439 -3.802802
v -8.684652 0.963803 -1.899041
v -8.682653 0.965803 -1.899041
v -8.684653 0.963803 -2.216344
v -8.682652 0.965803 -2.216345
v -8.684653 0.963803 -2.533648
v -8.683278 0.965702 -2.533234
v -8.684652 0.963803 -2.850951
v -8.682652 0.965803 -2.850951
v -8.684652 0.963803 -3.168255
v -8.682893 0.965788 -3.168312
v -8.684652 0.963803 -3.485558
v -8.682653 0.965803 -3.485558
v -8.686765 0.965772 -3.798801
v -8.688415 0.963803 -3.798895
v -8.698629 1.021125 -3.797325
v -8.696272 1.019248 -3.797320
v -8.684651 1.012240 -3.485412
v -8.682652 1.010342 -3.485558
v -8.689515 1.004011 -3.169552
v -8.687278 1.002063 -3.169357
v -8.684648 1.018867 -2.851033
v -8.682652 1.016966 -2.850951
v -8.696012 0.998335 -2.526191
v -8.693391 0.996443 -2.526537
v -8.684649 0.996272 -2.216331
v -8.682652 0.994294 -2.216344
v -8.682653 1.013928 -1.899041
v -8.684650 1.015925 -1.899041
v -8.731768 0.965690 -4.120198
v -8.733538 0.963803 -4.117916
v -8.735253 0.965802 -4.118473
v -8.783104 0.965803 -4.072590
v -8.784399 0.963803 -4.069127
v -8.786349 0.965788 -4.072089
v -8.835336 0.965799 -4.096650
v -8.835255 0.963803 -4.094490
v -8.837691 1.018939 -4.091860
v -8.837595 1.016978 -4.094244
v -8.790812 1.016989 -4.067383
v -8.789271 1.018955 -4.063909
v -8.787618 1.016974 -4.067776
v -8.738531 1.016841 -4.112894
v -8.742033 1.016974 -4.111261
v -8.740847 1.018974 -4.110111
v -8.837606 0.972245 -1.589282
v -8.837621 0.974302 -1.587282
v -8.785955 0.969431 -1.587435
v -8.785965 0.971470 -1.585434
v -8.734309 0.968638 -1.583586
v -8.734304 0.966617 -1.585587
v -8.734303 1.027890 -1.585585
v -8.734309 1.025964 -1.583586
v -8.785954 1.030704 -1.587432
v -8.785965 1.028796 -1.585434
v -8.837621 1.031628 -1.587282
v -8.837605 1.033518 -1.589280
v -8.653515 1.022896 -4.111395
v -8.653512 1.020895 -4.113397
v -8.655516 1.020938 -4.111324
v -8.655516 0.969767 -4.111324
v -8.653512 0.969725 -4.113397
v -8.653515 0.967725 -4.111395
v -8.669845 1.016988 -1.583738
v -8.667875 1.016973 -1.581738
v -8.667846 1.018988 -1.583738
v -8.667846 0.963817 -1.583738
v -8.667875 0.965802 -1.581738
v -8.669845 0.965817 -1.583738
v -8.466415 1.016974 -4.118164
v -8.468414 1.017016 -4.120092
v -8.468414 1.019016 -4.118091
v -8.468414 0.963845 -4.118091
v -8.468414 0.965845 -4.120092
v -8.466415 0.965803 -4.118164
v -8.468415 1.018974 -1.583738
v -8.468415 1.016973 -1.581738
v -8.466415 1.016973 -1.583738
v -8.468415 0.963802 -1.583738
v -8.466415 0.965802 -1.583738
v -8.468415 0.965802 -1.581738
v -8.660246 1.021582 -2.216990
v -8.658245 1.023534 -2.217106
v -8.660246 0.970410 -2.216989
v -8.658245 0.968363 -2.217106
v -8.466415 1.016974 -2.228298
v -8.468414 1.019021 -2.228181
v -8.466415 0.965802 -2.228298
v -8.468414 0.963850 -2.228182
v -8.451197 1.018939 -4.077202
v -8.451204 1.016974 -4.079210
v -8.453197 1.016939 -4.077382
v -8.453197 0.965769 -4.077382
v -8.451204 0.965803 -4.079210
v -8.451197 0.963768 -4.077202
v -8.453197 1.017017 -1.542955
v -8.451197 1.016973 -1.540955
v -8.451197 1.019018 -1.542955
v -8.451197 0.963846 -1.542955
v -8.451197 0.965802 -1.540956
v -8.453197 0.965847 -1.542955
v -8.255878 1.016940 -4.060371
v -8.257896 1.016974 -4.062542
v -8.257881 1.018938 -4.060534
v -8.257880 0.963767 -4.060534
v -8.257896 0.965803 -4.062542
v -8.255878 0.965767 -4.060371
v -8.251736 1.019018 -1.542955
v -8.251736 1.016973 -1.540956
v -8.249736 1.017016 -1.542955
v -8.251737 0.963846 -1.542955
v -8.249736 0.965848 -1.542956
v -8.251736 0.965802 -1.540956
v -8.451197 1.028292 -1.961916
v -8.453197 1.026291 -1.961916
v -8.451197 1.018974 -2.163994
v -8.453197 1.016973 -2.163995
v -8.451197 1.018974 -3.064012
v -8.453197 1.016973 -3.064012
v -8.453197 1.008162 -3.571697
v -8.451197 1.010162 -3.571697
v -8.451197 0.954991 -3.571697
v -8.453197 0.956992 -3.571697
v -8.451197 0.963790 -3.064075
v -8.453197 0.965803 -3.064011
v -8.451197 0.963802 -2.163994
v -8.453197 0.965803 -2.163994
v -8.453197 0.975121 -1.961916
v -8.451197 0.973120 -1.961916
v -8.251736 1.010162 -3.571697
v -8.249736 1.008164 -3.571697
v -8.251736 1.018974 -3.064011
v -8.250041 1.016995 -3.064228
v -8.251737 1.018974 -2.163994
v -8.249737 1.016972 -2.163994
v -8.249736 1.026290 -1.961916
v -8.251736 1.028292 -1.961916
v -8.251737 0.973120 -1.961916
v -8.249736 0.975122 -1.961916
v -8.251737 0.963802 -2.163994
v -8.249737 0.965804 -2.163995
v -8.260431 0.962555 -3.070116
v -8.258126 0.964520 -3.069963
v -8.249736 0.956990 -3.571697
v -8.251736 0.954991 -3.571697
v -8.240433 1.018920 -4.112903
v -8.240832 1.016936 -4.114766
v -8.242861 1.017021 -4.112790
v -8.250523 0.981796 -4.110366
v -8.248550 0.981764 -4.112342
v -8.248950 0.979810 -4.110205
v -8.241819 1.017070 -1.583611
v -8.239689 1.016978 -1.581600
v -8.240432 1.018974 -1.583738
v -8.229285 0.984182 -1.581325
v -8.229721 0.986028 -1.579467
v -8.231905 0.986055 -1.581475
v -8.032030 1.011332 -4.110048
v -8.034004 1.011367 -4.112078
v -8.033885 1.013380 -4.110228
v -8.036583 0.976156 -4.107444
v -8.036403 0.978129 -4.109593
v -8.034438 0.978116 -4.107563
v -8.040972 1.018974 -1.583738
v -8.042015 1.016979 -1.581592
v -8.039767 1.017139 -1.583607
v -8.054205 0.988077 -1.581475
v -8.051406 0.989963 -1.581615
v -8.053671 0.990088 -1.579622
v -8.240432 1.018974 -2.122209
v -8.242432 1.016974 -2.122209
v -8.241731 1.017101 -3.579855
v -8.240432 1.018974 -3.579693
v -8.229004 0.988370 -3.582295
v -8.231705 0.990322 -3.582172
v -8.240431 0.983369 -2.122209
v -8.242432 0.985371 -2.122209
v -8.040972 1.018974 -3.579693
v -8.039262 1.016995 -3.579637
v -8.040972 1.018974 -2.122208
v -8.038972 1.016974 -2.122208
v -8.040973 0.983369 -2.122209
v -8.038972 0.985369 -2.122209
v -8.044213 0.983175 -3.578682
v -8.046503 0.981274 -3.578665
v -8.242432 0.999154 -1.770902
v -8.240432 0.997064 -1.770903
v -8.038972 1.016973 -1.770903
v -8.040972 1.018974 -1.770902
v -8.242432 1.016974 -1.770902
v -8.240432 1.018974 -1.770903
v -8.038972 0.990123 -1.770903
v -8.040971 0.988212 -1.770903
v -8.015068 1.018974 -4.094329
v -8.015376 1.016974 -4.096884
v -8.017109 1.016973 -4.093699
v -8.017109 0.979365 -4.093699
v -8.015376 0.979206 -4.096884
v -8.015121 0.976962 -4.094331
v -8.023889 1.018954 -1.583738
v -8.021889 1.018975 -1.581738
v -8.021889 1.020951 -1.583738
v -8.021878 0.973692 -1.583737
v -8.021889 0.975727 -1.581738
v -8.023889 0.975689 -1.583738
v -7.820429 1.016974 -4.118164
v -7.822429 1.016974 -4.120164
v -7.822429 1.018974 -4.117660
v -7.822429 0.971715 -4.117662
v -7.822429 0.973715 -4.120164
v -7.820429 0.973715 -4.118164
v -7.823515 1.016972 -1.581746
v -7.821245 1.017135 -1.583745
v -7.822429 1.018960 -1.583738
v -7.841682 0.975844 -1.583900
v -7.838868 0.977601 -1.583896
v -7.841008 0.977868 -1.581892
v -8.021889 1.016628 -1.932913
v -8.023890 1.014631 -1.932913
v -8.021889 1.018974 -2.597108
v -8.023269 1.017076 -2.597306
v -8.021889 1.035187 -3.104794
v -8.023889 1.033185 -3.104794
v -8.021889 1.018974 -3.612479
v -8.023889 1.016972 -3.612479
v -8.021893 0.971714 -3.612479
v -8.023889 0.973717 -3.612479
v -8.021894 0.987927 -3.104794
v -8.023889 0.989930 -3.104794
v -8.007549 0.974834 -2.601333
v -8.010158 0.976994 -2.601490
v -8.023890 0.971366 -1.932913
v -8.021878 0.969368 -1.932913
v -7.822429 1.018974 -3.612479
v -7.820429 1.016973 -3.612479
v -7.822429 1.035187 -3.104794
v -7.820429 1.033187 -3.104794
v -7.822429 1.018974 -2.597108
v -7.820429 1.016973 -2.597108
v -7.820841 1.014671 -1.933103
v -7.822429 1.016628 -1.932913
v -7.832355 0.969430 -1.937448
v -7.829942 0.971427 -1.937316
v -7.822429 0.971714 -2.597108
v -7.820429 0.973715 -2.597108
v -7.822429 0.987927 -3.104794
v -7.820429 0.989928 -3.104794
v -7.822429 0.971714 -3.612479
v -7.820429 0.973715 -3.612479
v -8.023890 1.016973 -3.984946
v -8.021888 1.018974 -3.984946
v -7.820429 0.973715 -3.984946
v -7.822429 0.971714 -3.984946
v -8.023889 0.973717 -3.984946
v -8.021893 0.971714 -3.984946
v -7.820429 1.016974 -3.984946
v -7.822429 1.018974 -3.984946
v -7.933027 1.018960 -1.583738
v -7.933027 1.016972 -1.581738
v -7.983892 1.018975 -1.581738
v -7.983892 1.020951 -1.583738
v -7.983892 0.973692 -1.583737
v -7.983892 0.975728 -1.581738
v -7.933027 0.980961 -1.581738
v -7.933051 0.978881 -1.583737
v -7.985501 1.016974 -4.118975
v -7.983892 1.018974 -4.117370
v -7.983287 1.016974 -4.118258
v -7.931027 1.016974 -4.120164
v -7.933633 1.016974 -4.118258
v -7.933027 1.018975 -4.117639
v -7.931027 0.973715 -4.120164
v -7.933027 0.971715 -4.117642
v -7.933633 0.973715 -4.118258
v -7.985501 0.974013 -4.118975
v -7.983287 0.973715 -4.118258
v -7.983892 0.971714 -4.117380
v -7.958460 1.016972 -1.581738
v -7.958460 1.018960 -1.583738
v -7.958460 0.975210 -1.581738
v -7.958460 0.973175 -1.583738
v -7.957855 1.016974 -4.041979
v -7.959065 1.016974 -4.041979
v -7.958460 1.018974 -4.037261
v -7.959065 0.973715 -4.041979
v -7.957855 0.973715 -4.041979
v -7.958460 0.971715 -4.037268
v -7.813694 1.007828 -4.110845
v -7.813712 1.005752 -4.112844
v -7.815691 1.005718 -4.110772
v -7.815691 0.948438 -4.110772
v -7.813712 0.948426 -4.112844
v -7.813693 0.946555 -4.110847
v -7.812547 1.016973 -1.583738
v -7.810730 1.016974 -1.582574
v -7.810547 1.018974 -1.584914
v -7.810554 0.963850 -1.585103
v -7.810785 0.965802 -1.582684
v -7.812547 0.965858 -1.583738
v -7.609087 1.016974 -4.118164
v -7.611085 1.016862 -4.120093
v -7.611084 1.018865 -4.118092
v -7.611081 0.957591 -4.118093
v -7.611085 0.959536 -4.120093
v -7.609087 0.959697 -4.118164
v -7.611479 1.019881 -1.574441
v -7.609458 1.020013 -1.576154
v -7.611114 1.021865 -1.576300
v -7.620866 0.966670 -1.586607
v -7.618505 0.968777 -1.585787
v -7.620523 0.968705 -1.583970
v -7.810547 1.018974 -1.899081
v -7.812547 1.016974 -1.899041
v -7.810547 1.018974 -2.216344
v -7.812732 1.016982 -2.217146
v -7.810547 1.018974 -2.533648
v -7.811956 1.017063 -2.532904
v -7.810547 1.018974 -2.850951
v -7.811846 1.017101 -2.850636
v -7.810547 1.018974 -3.168254
v -7.812922 1.017009 -3.168311
v -7.810546 1.018974 -3.485558
v -7.812037 1.017040 -3.485641
v -7.812547 1.016974 -3.802861
v -7.810547 1.018974 -3.802861
v -7.810545 0.966852 -3.802861
v -7.812547 0.968843 -3.802861
v -7.802442 0.988179 -3.486873
v -7.804952 0.990125 -3.486803
v -7.817226 0.983995 -3.169335
v -7.818859 0.985946 -3.169213
v -7.793625 0.973644 -2.843422
v -7.796332 0.975632 -2.843657
v -7.799326 0.982656 -2.519663
v -7.801922 0.984602 -2.520265
v -7.814052 0.981252 -2.231349
v -7.815859 0.983340 -2.230697
v -7.812547 0.972445 -1.899041
v -7.810556 0.970338 -1.899100
v -7.611087 1.018974 -3.802861
v -7.609087 1.016974 -3.802861
v -7.611087 1.018974 -3.485558
v -7.609087 1.016974 -3.485558
v -7.611087 1.018974 -3.168254
v -7.609712 1.017074 -3.168668
v -7.611087 1.018974 -2.850951
v -7.609087 1.016974 -2.850951
v -7.611086 1.018974 -2.533648
v -7.609326 1.016988 -2.533591
v -7.611087 1.018974 -2.216345
v -7.609087 1.016974 -2.216345
v -7.613198 1.017004 -1.903102
v -7.614849 1.018974 -1.903007
v -7.625063 0.961651 -1.904577
v -7.622706 0.963528 -1.904582
v -7.611085 0.970537 -2.216491
v -7.609087 0.972434 -2.216344
v -7.615949 0.978766 -2.532350
v -7.613711 0.980714 -2.532546
v -7.611082 0.963909 -2.850870
v -7.609087 0.965811 -2.850951
v -7.622445 0.984442 -3.175711
v -7.619825 0.986334 -3.175365
v -7.611084 0.986504 -3.485571
v -7.609087 0.988483 -3.485558
v -7.609087 0.968848 -3.802861
v -7.611084 0.966852 -3.802861
v -7.658201 1.017087 -1.581704
v -7.659971 1.018974 -1.583987
v -7.661686 1.016974 -1.583430
v -7.709538 1.016973 -1.629312
v -7.710833 1.018974 -1.632775
v -7.712783 1.016989 -1.629813
v -7.761770 1.016977 -1.605252
v -7.761689 1.018974 -1.607413
v -7.764125 0.963837 -1.610042
v -7.764029 0.965798 -1.607658
v -7.717245 0.965787 -1.634520
v -7.715705 0.963821 -1.637993
v -7.714051 0.965802 -1.634127
v -7.664965 0.965935 -1.589009
v -7.668467 0.965802 -1.590641
v -7.667280 0.963802 -1.591791
v -7.764040 1.010532 -4.112620
v -7.764055 1.008475 -4.114620
v -7.712389 1.013346 -4.114468
v -7.712399 1.011307 -4.116468
v -7.660743 1.014139 -4.118316
v -7.660738 1.016160 -4.116315
v -7.660738 0.954887 -4.116317
v -7.660743 0.956813 -4.118316
v -7.712389 0.952073 -4.114470
v -7.712399 0.953981 -4.116468
v -7.764055 0.951149 -4.114620
v -7.764040 0.949259 -4.112623
v -5.803877 0.959881 -1.590507
v -5.803874 0.961882 -1.588506
v -5.805878 0.961839 -1.590578
v -5.805878 1.013010 -1.590578
v -5.803874 1.013052 -1.588506
v -5.803877 1.015052 -1.590507
v -5.820208 0.965788 -4.118165
v -5.818238 0.965802 -4.120164
v -5.818208 0.963788 -4.118165
v -5.818208 1.018960 -4.118165
v -5.818238 1.016974 -4.120164
v -5.820208 1.016959 -4.118165
v -5.616778 0.965803 -1.583738
v -5.618777 0.965761 -1.581810
v -5.618777 0.963761 -1.583812
v -5.618777 1.018932 -1.583812
v -5.618777 1.016932 -1.581810
v -5.616778 1.016974 -1.583738
v -5.618777 0.963803 -4.118165
v -5.618777 0.965803 -4.120164
v -5.616777 0.965803 -4.118165
v -5.618777 1.018974 -4.118165
v -5.616777 1.016974 -4.118165
v -5.618777 1.016974 -4.120164
v -5.810609 0.961195 -3.484913
v -5.808608 0.959242 -3.484796
v -5.810609 1.012366 -3.484913
v -5.808608 1.014414 -3.484796
v -5.616778 0.965803 -3.473604
v -5.618777 0.963755 -3.473721
v -5.616778 1.016974 -3.473604
v -5.618777 1.018926 -3.473721
v -5.601559 0.963837 -1.583918
v -5.601563 0.965346 -1.583187
v -5.603559 0.965878 -1.586049
v -5.603559 1.002614 -1.616424
v -5.601563 1.003023 -1.614339
v -5.601559 1.004665 -1.617621
v -5.603558 0.965759 -4.118165
v -5.601558 0.965803 -4.120164
v -5.601558 0.963758 -4.118165
v -5.601558 1.018930 -4.118165
v -5.601558 1.016974 -4.120164
v -5.603558 1.016929 -4.118164
v -5.406233 0.965879 -1.603061
v -5.408262 0.965346 -1.599854
v -5.408243 0.963839 -1.600586
v -5.408241 1.004669 -1.634289
v -5.408262 1.003023 -1.631007
v -5.406229 1.002617 -1.633437
v -5.402098 0.963758 -4.118165
v -5.402098 0.965803 -4.120164
v -5.400098 0.965760 -4.118165
v -5.402099 1.018930 -4.118165
v -5.400098 1.016928 -4.118165
v -5.402098 1.016974 -4.120164
v -5.601559 0.954485 -3.699204
v -5.603559 0.956485 -3.699204
v -5.601559 0.963803 -3.497125
v -5.603559 0.965803 -3.497125
v -5.601559 0.963803 -2.597108
v -5.603559 0.965803 -2.597109
v -5.603559 0.974615 -2.089423
v -5.601559 0.972614 -2.089423
v -5.601559 1.027786 -2.089423
v -5.603559 1.025785 -2.089423
v -5.601559 1.018987 -2.597045
v -5.603559 1.016973 -2.597108
v -5.601559 1.018974 -3.497125
v -5.603559 1.016973 -3.497125
v -5.603559 1.007655 -3.699204
v -5.601559 1.009656 -3.699204
v -5.402099 0.972614 -2.089423
v -5.400099 0.974613 -2.089424
v -5.402099 0.963803 -2.597109
v -5.400403 0.965781 -2.596892
v -5.402099 0.963803 -3.497125
v -5.400099 0.965805 -3.497125
v -5.400099 0.956487 -3.699204
v -5.402099 0.954485 -3.699204
v -5.402100 1.009656 -3.699204
v -5.400099 1.007654 -3.699204
v -5.402100 1.018974 -3.497125
v -5.400099 1.016972 -3.497125
v -5.410794 1.020222 -2.591004
v -5.408489 1.018256 -2.591157
v -5.400099 1.025786 -2.089423
v -5.402098 1.027786 -2.089423
v -5.390795 0.963856 -1.588999
v -5.391195 0.965841 -1.587136
v -5.393223 0.965756 -1.589112
v -5.400884 1.000981 -1.591537
v -5.398913 1.001013 -1.589561
v -5.399312 1.002967 -1.591697
v -5.392180 0.965706 -4.118291
v -5.390050 0.965798 -4.120302
v -5.390794 0.963803 -4.118165
v -5.379647 0.998594 -4.120577
v -5.380084 0.996748 -4.122436
v -5.382267 0.996721 -4.120428
v -5.182392 0.971445 -1.591854
v -5.184366 0.971410 -1.589824
v -5.184247 0.969397 -1.591675
v -5.186944 1.006621 -1.594458
v -5.186765 1.004648 -1.592310
v -5.184800 1.004661 -1.594340
v -5.191334 0.963803 -4.118165
v -5.192377 0.965797 -4.120311
v -5.190129 0.965638 -4.118295
v -5.204566 0.994699 -4.120428
v -5.201768 0.992813 -4.120287
v -5.204032 0.992688 -4.122280
v -5.390794 0.963803 -3.579693
v -5.392794 0.965803 -3.579693
v -5.392093 0.965676 -2.122047
v -5.390794 0.963803 -2.122209
v -5.379366 0.994407 -2.119607
v -5.382068 0.992454 -2.119730
v -5.390792 0.999407 -3.579694
v -5.392794 0.997405 -3.579694
v -5.191334 0.963803 -2.122209
v -5.189624 0.965781 -2.122265
v -5.191334 0.963803 -3.579694
v -5.189334 0.965802 -3.579694
v -5.191335 0.999407 -3.579693
v -5.189334 0.997407 -3.579693
v -5.194575 0.999602 -2.123220
v -5.196865 1.001503 -2.123237
v -5.392794 0.983622 -3.931000
v -5.390794 0.985712 -3.931000
v -5.189334 0.965803 -3.931000
v -5.191334 0.963803 -3.931000
v -5.392794 0.965803 -3.931000
v -5.390794 0.963803 -3.931000
v -5.189334 0.992653 -3.931000
v -5.191334 0.994564 -3.931000
v -5.165431 0.963803 -1.607573
v -5.165739 0.965803 -1.605018
v -5.167471 0.965804 -1.608203
v -5.167471 1.003412 -1.608203
v -5.165739 1.003571 -1.605018
v -5.165484 1.005815 -1.607571
v -5.174251 0.963822 -4.118165
v -5.172251 0.963802 -4.120164
v -5.172250 0.961825 -4.118165
v -5.172240 1.009085 -4.118165
v -5.172251 1.007049 -4.120164
v -5.174251 1.007087 -4.118165
v -4.970791 0.965803 -1.583738
v -4.972791 0.965802 -1.581738
v -4.972791 0.963803 -1.584243
v -4.972792 1.011062 -1.584240
v -4.972791 1.009062 -1.581738
v -4.970791 1.009062 -1.583738
v -4.973877 0.965804 -4.120157
v -4.971607 0.965641 -4.118157
v -4.972791 0.963816 -4.118165
v -4.992044 1.006932 -4.118002
v -4.989229 1.005175 -4.118007
v -4.991370 1.004908 -4.120010
v -5.172251 0.966148 -3.768989
v -5.174251 0.968145 -3.768989
v -5.172250 0.963803 -3.104794
v -5.173630 0.965700 -3.104596
v -5.172250 0.947589 -2.597109
v -5.174251 0.949591 -2.597108
v -5.172250 0.963803 -2.089423
v -5.174251 0.965804 -2.089423
v -5.172255 1.011062 -2.089423
v -5.174251 1.009060 -2.089423
v -5.172256 0.994849 -2.597109
v -5.174251 0.992847 -2.597109
v -5.157912 1.007942 -3.100569
v -5.160520 1.005782 -3.100413
v -5.174251 1.011410 -3.768990
v -5.172240 1.013408 -3.768990
v -4.972791 0.963803 -2.089423
v -4.970791 0.965803 -2.089423
v -4.972791 0.947589 -2.597109
v -4.970791 0.949590 -2.597109
v -4.972791 0.963803 -3.104794
v -4.970791 0.965803 -3.104794
v -4.971203 0.968105 -3.768799
v -4.972791 0.966148 -3.768990
v -4.982717 1.013346 -3.764454
v -4.980304 1.011349 -3.764586
v -4.972791 1.011062 -3.104794
v -4.970791 1.009061 -3.104794
v -4.972792 0.994849 -2.597108
v -4.970791 0.992848 -2.597108
v -4.972792 1.011062 -2.089423
v -4.970791 1.009062 -2.089423
v -5.174251 0.965804 -1.716957
v -5.172250 0.963803 -1.716957
v -4.970791 1.009062 -1.716957
v -4.972791 1.011062 -1.716957
v -5.174251 1.009060 -1.716957
v -5.172254 1.011062 -1.716957
v -4.970791 0.965803 -1.716957
v -4.972791 0.963803 -1.716957
v -5.083389 0.963816 -4.118165
v -5.083389 0.965804 -4.120164
v -5.134254 0.963802 -4.120164
v -5.134254 0.961825 -4.118165
v -5.134254 1.009085 -4.118165
v -5.134254 1.007048 -4.120164
v -5.083389 1.001816 -4.120164
v -5.083413 1.003895 -4.118165
v -5.135863 0.965802 -1.582927
v -5.134255 0.963803 -1.584532
v -5.133650 0.965802 -1.583644
v -5.081390 0.965802 -1.581738
v -5.083995 0.965802 -1.583644
v -5.083390 0.963803 -1.584263
v -5.081390 1.009062 -1.581738
v -5.083390 1.011062 -1.584260
v -5.083995 1.009063 -1.583644
v -5.135863 1.008764 -1.582927
v -5.133650 1.009063 -1.583644
v -5.134255 1.011062 -1.584523
v -5.108822 0.965804 -4.120164
v -5.108822 0.963816 -4.118165
v -5.108822 1.007566 -4.120164
v -5.108822 1.009601 -4.118165
v -5.108217 0.965803 -1.659923
v -5.109427 0.965803 -1.659923
v -5.108822 0.963803 -1.664641
v -5.109427 1.009062 -1.659923
v -5.108217 1.009062 -1.659923
v -5.108822 1.011062 -1.664634
v -4.964057 0.974949 -1.591058
v -4.964075 0.977025 -1.589059
v -4.966053 0.977059 -1.591130
v -4.966053 1.034339 -1.591130
v -4.964075 1.034351 -1.589059
v -4.964055 1.036222 -1.591055
v -4.962909 0.965803 -4.118165
v -4.961092 0.965802 -4.119328
v -4.960909 0.963803 -4.116988
v -4.960916 1.018926 -4.116799
v -4.961147 1.016974 -4.119218
v -4.962909 1.016918 -4.118165
v -4.759449 0.965803 -1.583738
v -4.761448 0.965915 -1.581810
v -4.761446 0.963912 -1.583811
v -4.761444 1.025186 -1.583810
v -4.761448 1.023241 -1.581810
v -4.759449 1.023080 -1.583738
v -4.761841 0.962895 -4.127460
v -4.759821 0.962763 -4.125749
v -4.761476 0.960911 -4.125602
v -4.771229 1.016106 -4.115296
v -4.768867 1.013999 -4.116115
v -4.770885 1.014071 -4.117932
v -4.960909 0.963803 -3.802821
v -4.962909 0.965803 -3.802861
v -4.960909 0.963803 -3.485558
v -4.963094 0.965794 -3.484756
v -4.960909 0.963803 -3.168254
v -4.962318 0.965714 -3.168998
v -4.960909 0.963803 -2.850951
v -4.962208 0.965676 -2.851266
v -4.960909 0.963803 -2.533648
v -4.963285 0.965767 -2.533591
v -4.960909 0.963803 -2.216344
v -4.962400 0.965737 -2.216261
v -4.962909 0.965803 -1.899041
v -4.960909 0.963803 -1.899041
v -4.960907 1.015925 -1.899041
v -4.962909 1.013933 -1.899041
v -4.952805 0.994598 -2.215030
v -4.955315 0.992652 -2.215099
v -4.967589 0.998782 -2.532567
v -4.969222 0.996831 -2.532689
v -4.943988 1.009132 -2.858481
v -4.946695 1.007144 -2.858246
v -4.949689 1.000121 -3.182240
v -4.952285 0.998175 -3.181637
v -4.964414 1.001524 -3.470553
v -4.966222 0.999437 -3.471205
v -4.962909 1.010331 -3.802861
v -4.960918 1.012439 -3.802802
v -4.761449 0.963803 -1.899041
v -4.759449 0.965803 -1.899042
v -4.761449 0.963803 -2.216345
v -4.759449 0.965803 -2.216344
v -4.761449 0.963803 -2.533648
v -4.760075 0.965702 -2.533234
v -4.761449 0.963803 -2.850951
v -4.759449 0.965803 -2.850951
v -4.761449 0.963803 -3.168254
v -4.759689 0.965788 -3.168312
v -4.761449 0.963803 -3.485558
v -4.759449 0.965803 -3.485558
v -4.763561 0.965772 -3.798801
v -4.765212 0.963803 -3.798895
v -4.775426 1.021125 -3.797325
v -4.773068 1.019248 -3.797320
v -4.761448 1.012240 -3.485411
v -4.759449 1.010342 -3.485558
v -4.766312 1.004011 -3.169552
v -4.764073 1.002063 -3.169356
v -4.761445 1.018868 -2.851033
v -4.759449 1.016966 -2.850951
v -4.772808 0.998335 -2.526191
v -4.770187 0.996442 -2.526537
v -4.761446 0.996272 -2.216331
v -4.759449 0.994294 -2.216345
v -4.759449 1.013929 -1.899041
v -4.761447 1.015925 -1.899041
v -4.808563 0.965690 -4.120198
v -4.810334 0.963803 -4.117916
v -4.812049 0.965802 -4.118473
v -4.859900 0.965803 -4.072590
v -4.861195 0.963803 -4.069127
v -4.863145 0.965787 -4.072089
v -4.912132 0.965799 -4.096650
v -4.912051 0.963803 -4.094490
v -4.914487 1.018939 -4.091860
v -4.914391 1.016978 -4.094244
v -4.867607 1.016989 -4.067383
v -4.866067 1.018955 -4.063909
v -4.864414 1.016974 -4.067776
v -4.815327 1.016841 -4.112894
v -4.818829 1.016974 -4.111261
v -4.817643 1.018974 -4.110111
v -4.914402 0.972245 -1.589282
v -4.914418 0.974302 -1.587282
v -4.862751 0.969431 -1.587435
v -4.862761 0.971470 -1.585434
v -4.811105 0.968638 -1.583586
v -4.811100 0.966617 -1.585587
v -4.811100 1.027890 -1.585585
v -4.811105 1.025964 -1.583586
v -4.862751 1.030704 -1.587433
v -4.862761 1.028796 -1.585434
v -4.914418 1.031628 -1.587282
v -4.914402 1.033518 -1.589279
v -4.730310 1.022896 -4.111395
v -4.730307 1.020895 -4.113397
v -4.732311 1.020938 -4.111324
v -4.732311 0.969767 -4.111324
v -4.730307 0.969725 -4.113397
v -4.730310 0.967725 -4.111395
v -4.746641 1.016988 -1.583738
v -4.744671 1.016973 -1.581738
v -4.744641 1.018988 -1.583738
v -4.744641 0.963817 -1.583738
v -4.744671 0.965802 -1.581738
v -4.746641 0.965817 -1.583738
v -4.543211 1.016974 -4.118164
v -4.545210 1.017016 -4.120092
v -4.545210 1.019016 -4.118091
v -4.545210 0.963845 -4.118091
v -4.545210 0.965845 -4.120092
v -4.543211 0.965803 -4.118164
v -4.545211 1.018974 -1.583738
v -4.545211 1.016973 -1.581738
v -4.543211 1.016973 -1.583738
v -4.545211 0.963802 -1.583738
v -4.543211 0.965802 -1.583738
v -4.545211 0.965802 -1.581738
v -4.737042 1.021582 -2.216990
v -4.735042 1.023534 -2.217106
v -4.737042 0.970410 -2.216990
v -4.735042 0.968363 -2.217106
v -4.543211 1.016974 -2.228298
v -4.545211 1.019021 -2.228182
v -4.543211 0.965802 -2.228298
v -4.545211 0.963850 -2.228182
v -4.527992 1.018939 -4.117985
v -4.527999 1.016974 -4.119992
v -4.529992 1.016939 -4.118164
v -4.529992 0.965769 -4.118164
v -4.527999 0.965803 -4.119993
v -4.527992 0.963768 -4.117985
v -4.529993 1.017017 -1.583738
v -4.527993 1.016973 -1.581738
v -4.527993 1.019018 -1.583738
v -4.527993 0.963846 -1.583738
v -4.527993 0.965802 -1.581738
v -4.529993 0.965847 -1.583738
v -4.332675 1.016940 -4.101153
v -4.334692 1.016974 -4.103325
v -4.334677 1.018938 -4.101316
v -4.334676 0.963767 -4.101316
v -4.334692 0.965803 -4.103325
v -4.332675 0.965767 -4.101153
v -4.328533 1.019018 -1.583737
v -4.328533 1.016973 -1.581738
v -4.326533 1.017016 -1.583738
v -4.328534 0.963846 -1.583737
v -4.326533 0.965848 -1.583738
v -4.328533 0.965802 -1.581738
v -4.527993 1.028291 -2.002699
v -4.529993 1.026291 -2.002699
v -4.527992 1.018974 -2.204777
v -4.529992 1.016973 -2.204777
v -4.527992 1.018974 -3.104794
v -4.529992 1.016973 -3.104794
v -4.529992 1.008162 -3.612479
v -4.527992 1.010162 -3.612479
v -4.527992 0.954991 -3.612479
v -4.529992 0.956991 -3.612479
v -4.527992 0.963790 -3.104857
v -4.529992 0.965803 -3.104794
v -4.527993 0.963802 -2.204777
v -4.529992 0.965803 -2.204777
v -4.529993 0.975121 -2.002699
v -4.527993 0.973120 -2.002698
v -4.328532 1.010162 -3.612479
v -4.326532 1.008164 -3.612479
v -4.328532 1.018974 -3.104794
v -4.326837 1.016995 -3.105010
v -4.328532 1.018974 -2.204777
v -4.326532 1.016972 -2.204777
v -4.326533 1.026290 -2.002698
v -4.328533 1.028292 -2.002698
v -4.328534 0.973120 -2.002698
v -4.326533 0.975122 -2.002698
v -4.328534 0.963802 -2.204777
v -4.326532 0.965804 -2.204777
v -4.337227 0.962555 -3.110898
v -4.334922 0.964520 -3.110745
v -4.326532 0.956991 -3.612479
v -4.328532 0.954991 -3.612479
v -4.317228 1.013525 -4.112903
v -4.317628 1.011541 -4.114766
v -4.319656 1.011626 -4.112790
v -4.327318 0.976401 -4.110366
v -4.325346 0.976369 -4.112342
v -4.325745 0.974415 -4.110205
v -4.318615 1.011675 -1.583611
v -4.316485 1.011583 -1.581600
v -4.317228 1.013579 -1.583738
v -4.306082 0.978787 -1.581325
v -4.306518 0.980633 -1.579467
v -4.308702 0.980660 -1.581475
v -4.108826 1.005937 -4.110048
v -4.110800 1.005972 -4.112078
v -4.110681 1.007985 -4.110227
v -4.113379 0.970761 -4.107444
v -4.113199 0.972734 -4.109593
v -4.111234 0.972721 -4.107563
v -4.117768 1.013579 -1.583738
v -4.118812 1.011584 -1.581592
v -4.116564 1.011744 -1.583608
v -4.131001 0.982682 -1.581475
v -4.128202 0.984568 -1.581615
v -4.130467 0.984693 -1.579622
v -4.317228 1.013579 -2.122209
v -4.319228 1.011579 -2.122209
v -4.318526 1.011706 -3.579855
v -4.317228 1.013579 -3.579693
v -4.305799 0.982975 -3.582295
v -4.308501 0.984927 -3.582172
v -4.317226 0.977974 -2.122209
v -4.319228 0.979976 -2.122209
v -4.117768 1.013579 -3.579693
v -4.116058 1.011600 -3.579638
v -4.117769 1.013579 -2.122209
v -4.115769 1.011579 -2.122209
v -4.117770 0.977974 -2.122209
v -4.115769 0.979974 -2.122209
v -4.121009 0.977780 -3.578682
v -4.123299 0.975879 -3.578665
v -4.319228 0.993759 -1.770903
v -4.317228 0.991669 -1.770903
v -4.115769 1.011579 -1.770903
v -4.117769 1.013579 -1.770903
v -4.319228 1.011579 -1.770903
v -4.317228 1.013579 -1.770903
v -4.115769 0.984729 -1.770903
v -4.117768 0.982817 -1.770903
v -4.091865 1.018974 -4.094329
v -4.092173 1.016974 -4.096884
v -4.093905 1.016973 -4.093699
v -4.093905 0.979365 -4.093699
v -4.092173 0.979206 -4.096884
v -4.091918 0.976962 -4.094331
v -4.090314 1.005336 -1.583557
v -4.088144 1.005283 -1.581573
v -4.087691 1.007378 -1.583560
v -4.098675 0.973692 -1.583738
v -4.097915 0.975727 -1.581726
v -4.100059 0.975588 -1.583727
v -3.897225 1.016974 -4.118164
v -3.899225 1.016974 -4.120164
v -3.899225 1.018974 -4.117660
v -3.899226 0.971714 -4.117662
v -3.899225 0.973715 -4.120164
v -3.897225 0.973715 -4.118165
v -3.900801 1.005284 -1.581748
v -3.898273 1.005631 -1.583746
v -3.899225 1.007339 -1.583737
v -3.918479 0.975844 -1.583900
v -3.915436 0.977480 -1.583893
v -3.917622 0.977862 -1.581889
v -4.098685 1.016628 -1.932913
v -4.100686 1.014631 -1.932913
v -4.098684 1.018974 -2.597108
v -4.100064 1.017076 -2.597306
v -4.098684 1.035187 -3.104794
v -4.100685 1.033185 -3.104794
v -4.098684 1.018974 -3.612479
v -4.100685 1.016972 -3.612479
v -4.098689 0.971714 -3.612479
v -4.100685 0.973717 -3.612479
v -4.098690 0.987927 -3.104794
v -4.100685 0.989930 -3.104794
v -4.084347 0.974834 -2.601333
v -4.086955 0.976994 -2.601490
v -4.100686 0.971366 -1.932913
v -4.098674 0.969368 -1.932913
v -3.899225 1.018974 -3.612479
v -3.897225 1.016974 -3.612479
v -3.899225 1.035187 -3.104794
v -3.897225 1.033187 -3.104794
v -3.899225 1.018974 -2.597108
v -3.897225 1.016974 -2.597108
v -3.897637 1.014672 -1.933103
v -3.899226 1.016628 -1.932913
v -3.909151 0.969430 -1.937448
v -3.906738 0.971427 -1.937316
v -3.899226 0.971714 -2.597108
v -3.897225 0.973715 -2.597108
v -3.899226 0.987927 -3.104794
v -3.897225 0.989928 -3.104794
v -3.899225 0.971714 -3.612479
v -3.897225 0.973715 -3.612479
v -4.100686 1.016973 -3.984946
v -4.098685 1.018974 -3.984946
v -3.897226 0.973715 -3.984946
v -3.899226 0.971714 -3.984946
v -4.100686 0.973717 -3.984946
v -4.098689 0.971714 -3.984946
v -3.897226 1.016974 -3.984946
v -3.899226 1.018974 -3.984946
v -4.009824 1.007339 -1.583737
v -4.009824 1.005283 -1.581738
v -4.060689 1.007285 -1.581738
v -4.060689 1.009330 -1.583738
v -4.060689 0.973691 -1.583738
v -4.060689 0.975728 -1.581738
v -4.009824 0.980961 -1.581738
v -4.009848 0.978881 -1.583737
v -4.062296 1.016974 -4.118975
v -4.060688 1.018974 -4.117370
v -4.060084 1.016974 -4.118258
v -4.007823 1.016974 -4.120164
v -4.010429 1.016974 -4.118258
v -4.009823 1.018974 -4.117639
v -4.007823 0.973715 -4.120164
v -4.009823 0.971715 -4.117642
v -4.010429 0.973715 -4.118258
v -4.062296 0.974013 -4.118975
v -4.060084 0.973715 -4.118258
v -4.060688 0.971714 -4.117380
v -4.035256 1.005283 -1.581738
v -4.035256 1.007339 -1.583737
v -4.035256 0.975210 -1.581738
v -4.035256 0.973175 -1.583738
v -4.034651 1.016974 -4.041979
v -4.035861 1.016974 -4.041979
v -4.035256 1.018974 -4.037261
v -4.035861 0.973714 -4.041979
v -4.034651 0.973714 -4.041979
v -4.035256 0.971714 -4.037268
v -3.890490 1.007828 -4.110845
v -3.890508 1.005752 -4.112844
v -3.892486 1.005718 -4.110772
v -3.892486 0.948438 -4.110772
v -3.890508 0.948426 -4.112844
v -3.890488 0.946556 -4.110847
v -3.889343 1.016973 -1.583738
v -3.887527 1.016973 -1.582574
v -3.887343 1.018974 -1.584914
v -3.887350 0.963850 -1.585103
v -3.887581 0.965802 -1.582684
v -3.889343 0.965858 -1.583738
v -3.685883 1.016974 -4.118165
v -3.687882 1.016862 -4.120093
v -3.687880 1.018865 -4.118092
v -3.687877 0.957591 -4.118093
v -3.687882 0.959536 -4.120093
v -3.685883 0.959697 -4.118164
v -3.688275 1.019881 -1.574442
v -3.686255 1.020013 -1.576154
v -3.687910 1.021865 -1.576300
v -3.697663 0.966670 -1.586606
v -3.695302 0.968777 -1.585787
v -3.697320 0.968705 -1.583970
v -3.887343 1.018974 -1.899081
v -3.889343 1.016973 -1.899041
v -3.887343 1.018974 -2.216344
v -3.889528 1.016982 -2.217147
v -3.887343 1.018974 -2.533648
v -3.888752 1.017063 -2.532904
v -3.887343 1.018974 -2.850951
v -3.888642 1.017101 -2.850636
v -3.887343 1.018974 -3.168254
v -3.889719 1.017009 -3.168311
v -3.887343 1.018974 -3.485558
v -3.888834 1.017040 -3.485641
v -3.889343 1.016974 -3.802861
v -3.887343 1.018974 -3.802861
v -3.887341 0.966852 -3.802861
v -3.889343 0.968843 -3.802861
v -3.879239 0.988179 -3.486873
v -3.881748 0.990125 -3.486803
v -3.894022 0.983995 -3.169335
v -3.895655 0.985946 -3.169213
v -3.870422 0.973645 -2.843421
v -3.873128 0.975633 -2.843657
v -3.876122 0.982656 -2.519663
v -3.878718 0.984602 -2.520265
v -3.890848 0.981252 -2.231350
v -3.892655 0.983339 -2.230697
v -3.889343 0.972445 -1.899041
v -3.887352 0.970338 -1.899100
v -3.687883 1.018974 -3.802861
v -3.685883 1.016974 -3.802861
v -3.687883 1.018974 -3.485558
v -3.685884 1.016974 -3.485558
v -3.687883 1.018974 -3.168254
v -3.686508 1.017074 -3.168668
v -3.687883 1.018974 -2.850951
v -3.685883 1.016974 -2.850951
v -3.687883 1.018974 -2.533648
v -3.686123 1.016988 -2.533591
v -3.687883 1.018974 -2.216344
v -3.685883 1.016974 -2.216344
v -3.689995 1.017004 -1.903101
v -3.691645 1.018974 -1.903007
v -3.701860 0.961651 -1.904577
v -3.699502 0.963528 -1.904582
v -3.687881 0.970537 -2.216491
v -3.685884 0.972434 -2.216345
v -3.692746 0.978766 -2.532350
v -3.690508 0.980714 -2.532546
v -3.687878 0.963909 -2.850870
v -3.685883 0.965811 -2.850951
v -3.699241 0.984442 -3.175711
v -3.696620 0.986334 -3.175365
v -3.687881 0.986504 -3.485571
v -3.685884 0.988483 -3.485558
v -3.685883 0.968848 -3.802861
v -3.687881 0.966852 -3.802861
v -3.734998 1.017087 -1.581704
v -3.736768 1.018974 -1.583986
v -3.738483 1.016974 -1.583430
v -3.786334 1.016973 -1.629312
v -3.787629 1.018974 -1.632775
v -3.789579 1.016989 -1.629813
v -3.838567 1.016977 -1.605252
v -3.838486 1.018974 -1.607413
v -3.840921 0.963837 -1.610043
v -3.840825 0.965798 -1.607658
v -3.794041 0.965787 -1.634520
v -3.792501 0.963821 -1.637994
v -3.790848 0.965802 -1.634127
v -3.741761 0.965935 -1.589009
v -3.745263 0.965802 -1.590641
v -3.744077 0.963802 -1.591792
v -3.840836 1.010532 -4.112620
v -3.840851 1.008475 -4.114620
v -3.789185 1.013346 -4.114468
v -3.789195 1.011307 -4.116468
v -3.737539 1.014139 -4.118316
v -3.737533 1.016160 -4.116315
v -3.737533 0.954886 -4.116317
v -3.737539 0.956813 -4.118316
v -3.789185 0.952073 -4.114470
v -3.789195 0.953981 -4.116468
v -3.840851 0.951149 -4.114620
v -3.840836 0.949259 -4.112623
v -6.726030 0.963803 -4.111740
v -6.725736 0.965803 -4.114297
v -6.723986 0.965804 -4.111121
v -6.723986 1.003412 -4.111121
v -6.725736 1.003571 -4.114296
v -6.725977 1.005815 -4.111742
v -6.703463 0.963822 -1.601235
v -6.705452 0.963802 -1.599224
v -6.705463 0.961825 -1.601224
v -6.705473 1.009085 -1.601223
v -6.705452 1.007049 -1.599224
v -6.703463 1.007087 -1.601235
v -6.920797 0.965803 -4.134509
v -6.918808 0.965803 -4.136520
v -6.918794 0.963803 -4.134015
v -6.918794 1.011062 -4.134018
v -6.918808 1.009062 -4.136520
v -6.920797 1.009062 -4.134509
v -6.903823 0.965804 -1.598145
v -6.906104 0.965641 -1.600132
v -6.904920 0.963816 -1.600131
v -6.885668 1.006932 -1.600399
v -6.888482 1.005176 -1.600379
v -6.886332 1.004908 -1.598387
v -6.707376 0.966148 -1.950393
v -6.705375 0.968145 -1.950404
v -6.711012 0.963803 -2.614579
v -6.709634 0.965700 -2.614784
v -6.713792 0.947589 -3.122257
v -6.711792 0.949591 -3.122268
v -6.716572 0.963803 -3.629934
v -6.714571 0.965804 -3.629945
v -6.716568 1.011062 -3.629934
v -6.714571 1.009060 -3.629945
v -6.713787 0.994849 -3.122257
v -6.711792 0.992847 -3.122268
v -6.725374 1.007942 -2.618725
v -6.722766 1.005782 -2.618896
v -6.705375 1.011410 -1.950404
v -6.707386 1.013408 -1.950393
v -6.916028 0.963803 -3.628842
v -6.918028 0.965803 -3.628831
v -6.913249 0.947589 -3.121164
v -6.915249 0.949590 -3.121154
v -6.910469 0.963803 -2.613487
v -6.912469 0.965803 -2.613476
v -6.908421 0.968105 -1.949483
v -6.906832 0.966148 -1.949301
v -6.896932 1.013346 -1.953891
v -6.899343 1.011349 -1.953746
v -6.910468 1.011062 -2.613487
v -6.912469 1.009062 -2.613476
v -6.913249 0.994849 -3.121165
v -6.915249 0.992848 -3.121154
v -6.916028 1.011062 -3.628842
v -6.918028 1.009062 -3.628831
v -6.716611 0.965804 -4.002407
v -6.718612 0.963803 -4.002395
v -6.920068 1.009062 -4.001292
v -6.918068 1.011062 -4.001303
v -6.716611 1.009060 -4.002407
v -6.718607 1.011062 -4.002395
v -6.920068 0.965803 -4.001292
v -6.918068 0.963803 -4.001303
v -6.794323 0.963816 -1.600737
v -6.794312 0.965804 -1.598737
v -6.743448 0.963802 -1.599015
v -6.743459 0.961825 -1.601015
v -6.743459 1.009085 -1.601015
v -6.743448 1.007048 -1.599015
v -6.794312 1.001816 -1.598737
v -6.794299 1.003895 -1.600736
v -6.755732 0.965803 -4.136224
v -6.757331 0.963803 -4.134610
v -6.757942 0.965803 -4.135494
v -6.810211 0.965803 -4.137115
v -6.807595 0.965803 -4.135223
v -6.808197 0.963803 -4.134601
v -6.810211 1.009063 -4.137115
v -6.808197 1.011062 -4.134604
v -6.807595 1.009063 -4.135223
v -6.755732 1.008764 -4.136224
v -6.757942 1.009063 -4.135494
v -6.757331 1.011062 -4.134619
v -6.768880 0.965804 -1.598876
v -6.768891 0.963816 -1.600876
v -6.768880 1.007566 -1.598876
v -6.768891 1.009601 -1.600876
v -6.782957 0.965803 -4.059077
v -6.781746 0.965802 -4.059084
v -6.782325 0.963803 -4.054363
v -6.781746 1.009063 -4.059084
v -6.782957 1.009063 -4.059077
v -6.782325 1.011062 -4.054369
v -6.247302 1.013094 -4.113857
v -6.247682 1.011109 -4.115725
v -6.249731 1.011195 -4.113769
v -6.257416 0.975970 -4.111423
v -6.255424 0.975938 -4.113379
v -6.255846 0.973984 -4.111246
v -6.274560 1.011243 -1.584712
v -6.272450 1.011151 -1.582679
v -6.273171 1.013147 -1.584824
v -6.262051 0.978355 -1.582298
v -6.262506 0.980201 -1.580444
v -6.264668 0.980228 -1.582474
v -6.038939 1.005506 -4.108871
v -6.040892 1.005541 -4.110920
v -6.040792 1.007553 -4.109069
v -6.043518 0.970330 -4.106313
v -6.043316 0.972303 -4.108460
v -6.041372 0.972290 -4.106410
v -6.073722 1.013147 -1.582784
v -6.074787 1.011152 -1.580649
v -6.072519 1.011312 -1.582642
v -6.086977 0.982251 -1.580656
v -6.084177 0.984136 -1.580768
v -6.086462 0.984261 -1.578799
v -6.267664 1.013147 -2.123267
v -6.269664 1.011147 -2.123288
v -6.254052 1.011275 -3.580851
v -6.252755 1.013148 -3.580676
v -6.241301 0.982544 -3.583160
v -6.244003 0.984496 -3.583065
v -6.267662 0.977543 -2.123267
v -6.269664 0.979544 -2.123287
v -6.053306 1.013148 -3.578635
v -6.051596 1.011169 -3.578562
v -6.068213 1.013147 -2.121227
v -6.066214 1.011147 -2.121206
v -6.068215 0.977543 -2.121227
v -6.066214 0.979543 -2.121207
v -6.056557 0.977349 -3.577657
v -6.058846 0.975448 -3.577664
v -6.255166 0.980128 -1.743907
v -6.252923 0.978316 -1.744146
v -6.057419 1.024307 -1.769552
v -6.059650 1.026029 -1.769313
v -6.257520 0.997791 -1.744010
v -6.255817 1.000034 -1.744273
v -6.053872 0.997693 -1.769397
v -6.055586 0.995538 -1.769134
v -6.032032 1.007828 -4.110845
v -6.032051 1.005752 -4.112844
v -6.034029 1.005718 -4.110772
v -6.034029 0.948438 -4.110772
v -6.032051 0.948426 -4.112844
v -6.032031 0.946555 -4.110847
v -6.030885 1.016973 -1.583738
v -6.029068 1.016973 -1.582574
v -6.028885 1.018974 -1.584914
v -6.028892 0.963850 -1.585103
v -6.029123 0.965802 -1.582684
v -6.030885 0.965858 -1.583738
v -5.827425 1.016974 -4.118164
v -5.829423 1.016862 -4.120093
v -5.829422 1.018865 -4.118092
v -5.829419 0.957591 -4.118093
v -5.829423 0.959536 -4.120093
v -5.827425 0.959697 -4.118164
v -5.829817 1.019881 -1.574441
v -5.827796 1.020013 -1.576154
v -5.829452 1.021865 -1.576300
v -5.839205 0.966670 -1.586607
v -5.836844 0.968777 -1.585787
v -5.838861 0.968705 -1.583970
v -6.028885 1.018974 -1.899081
v -6.030885 1.016973 -1.899041
v -6.028885 1.018974 -2.216345
v -6.031070 1.016982 -2.217147
v -6.028885 1.018974 -2.533648
v -6.030294 1.017063 -2.532904
v -6.028885 1.018974 -2.850951
v -6.030185 1.017101 -2.850636
v -6.028885 1.018974 -3.168254
v -6.031261 1.017009 -3.168311
v -6.028885 1.018974 -3.485558
v -6.030375 1.017040 -3.485641
v -6.030886 1.016974 -3.802861
v -6.028885 1.018974 -3.802861
v -6.028883 0.966852 -3.802861
v -6.030886 0.968843 -3.802861
v -6.020781 0.988179 -3.486873
v -6.023291 0.990125 -3.486803
v -6.035565 0.983995 -3.169335
v -6.037198 0.985946 -3.169213
v -6.011963 0.973645 -2.843421
v -6.014670 0.975632 -2.843657
v -6.017664 0.982656 -2.519663
v -6.020260 0.984602 -2.520265
v -6.032390 0.981252 -2.231349
v -6.034197 0.983340 -2.230697
v -6.030885 0.972445 -1.899041
v -6.028894 0.970338 -1.899100
v -5.829425 1.018974 -3.802861
v -5.827425 1.016974 -3.802861
v -5.829425 1.018974 -3.485558
v -5.827425 1.016974 -3.485558
v -5.829425 1.018974 -3.168254
v -5.828050 1.017074 -3.168668
v -5.829425 1.018974 -2.850951
v -5.827425 1.016974 -2.850951
v -5.829424 1.018974 -2.533648
v -5.827665 1.016988 -2.533591
v -5.829425 1.018974 -2.216345
v -5.827425 1.016974 -2.216344
v -5.831537 1.017004 -1.903102
v -5.833187 1.018974 -1.903007
v -5.843401 0.961651 -1.904578
v -5.841044 0.963528 -1.904582
v -5.829423 0.970537 -2.216491
v -5.827425 0.972434 -2.216345
v -5.834287 0.978766 -2.532350
v -5.832049 0.980714 -2.532546
v -5.829420 0.963909 -2.850870
v -5.827425 0.965811 -2.850951
v -5.840784 0.984441 -3.175711
v -5.838163 0.986334 -3.175365
v -5.829422 0.986504 -3.485571
v -5.827425 0.988483 -3.485558
v -5.827425 0.968848 -3.802861
v -5.829422 0.966852 -3.802861
v -5.876540 1.017087 -1.581704
v -5.878310 1.018974 -1.583986
v -5.880025 1.016974 -1.583430
v -5.927876 1.016974 -1.629312
v -5.929171 1.018974 -1.632775
v -5.931121 1.016989 -1.629813
v -5.980108 1.016977 -1.605252
v -5.980027 1.018974 -1.607412
v -5.982464 0.963837 -1.610042
v -5.982368 0.965798 -1.607658
v -5.935583 0.965787 -1.634519
v -5.934044 0.963821 -1.637993
v -5.932389 0.965802 -1.634127
v -5.883303 0.965935 -1.589009
v -5.886805 0.965802 -1.590642
v -5.885618 0.963802 -1.591792
v -5.982378 1.010532 -4.112620
v -5.982393 1.008475 -4.114620
v -5.930727 1.013346 -4.114468
v -5.930737 1.011307 -4.116468
v -5.879081 1.014139 -4.118316
v -5.879076 1.016160 -4.116315
v -5.879076 0.954887 -4.116317
v -5.879081 0.956813 -4.118316
v -5.930727 0.952073 -4.114470
v -5.930737 0.953981 -4.116468
v -5.982393 0.951149 -4.114620
v -5.982378 0.949259 -4.112623
v -6.683244 0.963803 -1.607573
v -6.683551 0.965803 -1.605018
v -6.685284 0.965804 -1.608203
v -6.685283 1.003412 -1.608203
v -6.683551 1.003571 -1.605018
v -6.683296 1.005815 -1.607571
v -6.692064 0.963822 -4.118165
v -6.690063 0.963802 -4.120164
v -6.690063 0.961825 -4.118165
v -6.690053 1.009085 -4.118165
v -6.690063 1.007049 -4.120164
v -6.692064 1.007087 -4.118165
v -6.488604 0.965803 -1.583738
v -6.490603 0.965803 -1.581738
v -6.490603 0.963803 -1.584243
v -6.490603 1.011062 -1.584240
v -6.490603 1.009063 -1.581738
v -6.488604 1.009062 -1.583738
v -6.491690 0.965804 -4.120157
v -6.489420 0.965641 -4.118157
v -6.490603 0.963816 -4.118165
v -6.509857 1.006932 -4.118002
v -6.507042 1.005175 -4.118007
v -6.509182 1.004908 -4.120010
v -6.690063 0.966148 -3.768989
v -6.692064 0.968145 -3.768989
v -6.690063 0.963803 -3.104794
v -6.691443 0.965700 -3.104596
v -6.690063 0.947589 -2.597108
v -6.692063 0.949591 -2.597108
v -6.690063 0.963803 -2.089423
v -6.692063 0.965804 -2.089423
v -6.690067 1.011062 -2.089423
v -6.692063 1.009060 -2.089423
v -6.690069 0.994849 -2.597109
v -6.692063 0.992847 -2.597108
v -6.675725 1.007942 -3.100569
v -6.678333 1.005782 -3.100412
v -6.692064 1.011410 -3.768990
v -6.690053 1.013408 -3.768990
v -6.490603 0.963803 -2.089424
v -6.488604 0.965803 -2.089423
v -6.490603 0.947589 -2.597109
v -6.488604 0.949590 -2.597109
v -6.490604 0.963803 -3.104794
v -6.488604 0.965803 -3.104794
v -6.489016 0.968105 -3.768799
v -6.490603 0.966148 -3.768990
v -6.500529 1.013346 -3.764454
v -6.498116 1.011349 -3.764586
v -6.490604 1.011062 -3.104794
v -6.488604 1.009061 -3.104794
v -6.490603 0.994849 -2.597108
v -6.488604 0.992848 -2.597109
v -6.490603 1.011062 -2.089423
v -6.488603 1.009062 -2.089423
v -6.692063 0.965804 -1.716957
v -6.690063 0.963803 -1.716957
v -6.488604 1.009062 -1.716957
v -6.490603 1.011062 -1.716957
v -6.692063 1.009060 -1.716957
v -6.690067 1.011062 -1.716957
v -6.488604 0.965803 -1.716957
v -6.490603 0.963803 -1.716957
v -6.601202 0.963816 -4.118165
v -6.601202 0.965804 -4.120164
v -6.652067 0.963802 -4.120164
v -6.652067 0.961825 -4.118165
v -6.652067 1.009085 -4.118165
v -6.652067 1.007048 -4.120164
v -6.601202 1.001816 -4.120164
v -6.601226 1.003895 -4.118165
v -6.653676 0.965803 -1.582927
v -6.652067 0.963803 -1.584532
v -6.651462 0.965802 -1.583644
v -6.599202 0.965803 -1.581738
v -6.601808 0.965802 -1.583644
v -6.601202 0.963803 -1.584263
v -6.599202 1.009063 -1.581738
v -6.601202 1.011062 -1.584260
v -6.601808 1.009063 -1.583644
v -6.653676 1.008763 -1.582927
v -6.651462 1.009063 -1.583644
v -6.652067 1.011063 -1.584522
v -6.626635 0.965804 -4.120164
v -6.626635 0.963816 -4.118165
v -6.626635 1.007566 -4.120164
v -6.626635 1.009601 -4.118165
v -6.626029 0.965803 -1.659923
v -6.627240 0.965803 -1.659923
v -6.626635 0.963803 -1.664641
v -6.627240 1.009063 -1.659923
v -6.626029 1.009063 -1.659923
v -6.626635 1.011062 -1.664635
v -7.587868 1.018939 -4.117985
v -7.587875 1.016974 -4.119992
v -7.589868 1.016939 -4.118164
v -7.589868 0.965769 -4.118164
v -7.587875 0.965803 -4.119993
v -7.587868 0.963768 -4.117985
v -7.589868 1.017017 -1.583738
v -7.587868 1.016974 -1.581738
v -7.587868 1.019018 -1.583737
v -7.587868 0.963846 -1.583737
v -7.587868 0.965802 -1.581738
v -7.589868 0.965847 -1.583738
v -7.392550 1.016940 -4.101153
v -7.394568 1.016974 -4.103325
v -7.394552 1.018938 -4.101316
v -7.394552 0.963767 -4.101316
v -7.394568 0.965803 -4.103325
v -7.392550 0.965767 -4.101153
v -7.388408 1.019018 -1.583737
v -7.388408 1.016973 -1.581738
v -7.386408 1.017016 -1.583738
v -7.388408 0.963846 -1.583737
v -7.386408 0.965848 -1.583738
v -7.388408 0.965802 -1.581738
v -7.587868 1.028292 -2.002698
v -7.589868 1.026291 -2.002698
v -7.587868 1.018974 -2.204777
v -7.589868 1.016973 -2.204777
v -7.587868 1.018974 -3.104794
v -7.589868 1.016973 -3.104794
v -7.589868 1.008162 -3.612479
v -7.587868 1.010162 -3.612479
v -7.587868 0.954991 -3.612479
v -7.589868 0.956991 -3.612479
v -7.587868 0.963790 -3.104857
v -7.589868 0.965803 -3.104794
v -7.587868 0.963802 -2.204777
v -7.589868 0.965803 -2.204777
v -7.589868 0.975121 -2.002698
v -7.587868 0.973120 -2.002698
v -7.388408 1.010162 -3.612479
v -7.386408 1.008164 -3.612479
v -7.388408 1.018974 -3.104794
v -7.386713 1.016995 -3.105010
v -7.388408 1.018974 -2.204777
v -7.386408 1.016972 -2.204777
v -7.386408 1.026290 -2.002698
v -7.388408 1.028292 -2.002698
v -7.388408 0.973120 -2.002698
v -7.386408 0.975122 -2.002698
v -7.388409 0.963802 -2.204777
v -7.386408 0.965804 -2.204777
v -7.397103 0.962555 -3.110898
v -7.394798 0.964520 -3.110745
v -7.386408 0.956991 -3.612479
v -7.388407 0.954991 -3.612479
v -7.368855 1.018920 -4.112903
v -7.369255 1.016936 -4.114766
v -7.371283 1.017021 -4.112790
v -7.378944 0.981796 -4.110366
v -7.376973 0.981764 -4.112342
v -7.377372 0.979810 -4.110205
v -7.370241 1.017070 -1.583611
v -7.368111 1.016978 -1.581600
v -7.368854 1.018974 -1.583738
v -7.357708 0.984182 -1.581325
v -7.358143 0.986028 -1.579467
v -7.360327 0.986055 -1.581475
v -7.160452 1.011332 -4.110048
v -7.162426 1.011367 -4.112078
v -7.162307 1.013380 -4.110228
v -7.165005 0.976156 -4.107444
v -7.164825 0.978129 -4.109593
v -7.162860 0.978116 -4.107563
v -7.169394 1.018974 -1.583738
v -7.170437 1.016979 -1.581592
v -7.168190 1.017138 -1.583608
v -7.182627 0.988077 -1.581475
v -7.179828 0.989963 -1.581615
v -7.182093 0.990088 -1.579623
v -7.368855 1.018974 -2.122209
v -7.370854 1.016974 -2.122209
v -7.370153 1.017101 -3.579855
v -7.368855 1.018974 -3.579694
v -7.357426 0.988370 -3.582295
v -7.360127 0.990322 -3.582172
v -7.368853 0.983369 -2.122208
v -7.370854 0.985371 -2.122208
v -7.169394 1.018974 -3.579693
v -7.167684 1.016995 -3.579637
v -7.169394 1.018974 -2.122209
v -7.167394 1.016974 -2.122209
v -7.169395 0.983369 -2.122209
v -7.167394 0.985369 -2.122209
v -7.172636 0.983175 -3.578682
v -7.174925 0.981274 -3.578665
v -7.370854 0.999155 -1.770902
v -7.368855 0.997064 -1.770903
v -7.167394 1.016974 -1.770903
v -7.169394 1.018974 -1.770903
v -7.370854 1.016974 -1.770902
v -7.368855 1.018974 -1.770903
v -7.167394 0.990124 -1.770903
v -7.169394 0.988212 -1.770903
v -7.131135 1.018974 -4.094329
v -7.131443 1.016974 -4.096884
v -7.133175 1.016973 -4.093699
v -7.133175 0.979365 -4.093699
v -7.131443 0.979206 -4.096884
v -7.131188 0.976962 -4.094331
v -7.139955 1.013960 -1.583738
v -7.137955 1.013948 -1.581738
v -7.137955 1.015957 -1.583738
v -7.137945 0.968697 -1.583741
v -7.137955 0.970692 -1.581738
v -7.139955 0.970695 -1.583738
v -6.936495 1.016974 -4.118164
v -6.938495 1.016974 -4.120164
v -6.938495 1.018974 -4.117660
v -6.938495 0.971715 -4.117662
v -6.938495 0.973715 -4.120164
v -6.936495 0.973715 -4.118164
v -6.939236 1.011956 -1.581629
v -6.937108 1.012061 -1.583637
v -6.938495 1.013966 -1.583738
v -6.953238 0.968046 -1.581292
v -6.950626 0.969917 -1.581339
v -6.952712 0.970032 -1.579399
v -7.137955 1.016628 -1.932913
v -7.139955 1.014631 -1.932913
v -7.137955 1.018974 -2.597108
v -7.139335 1.017076 -2.597306
v -7.137955 1.035187 -3.104794
v -7.139955 1.033185 -3.104794
v -7.137954 1.018974 -3.612479
v -7.139955 1.016972 -3.612479
v -7.137959 0.971714 -3.612479
v -7.139955 0.973717 -3.612479
v -7.137960 0.987927 -3.104794
v -7.139955 0.989930 -3.104794
v -7.123615 0.974834 -2.601333
v -7.126225 0.976994 -2.601490
v -7.139955 0.971366 -1.932913
v -7.137944 0.969368 -1.932913
v -6.938495 1.018974 -3.612479
v -6.936495 1.016974 -3.612479
v -6.938495 1.035187 -3.104794
v -6.936495 1.033187 -3.104794
v -6.938495 1.018974 -2.597108
v -6.936495 1.016974 -2.597108
v -6.936906 1.014672 -1.933104
v -6.938495 1.016628 -1.932913
v -6.948420 0.969430 -1.937448
v -6.946008 0.971426 -1.937316
v -6.938495 0.971714 -2.597108
v -6.936495 0.973714 -2.597108
v -6.938495 0.987927 -3.104794
v -6.936495 0.989928 -3.104794
v -6.938495 0.971714 -3.612479
v -6.936495 0.973715 -3.612479
v -7.139955 1.016973 -3.984945
v -7.137954 1.018974 -3.984946
v -6.936495 0.973715 -3.984946
v -6.938495 0.971714 -3.984946
v -7.139955 0.973717 -3.984945
v -7.137959 0.971714 -3.984946
v -6.936495 1.016974 -3.984946
v -6.938495 1.018974 -3.984946
v -7.049093 1.013966 -1.583738
v -7.049273 1.011954 -1.581755
v -7.099958 1.013947 -1.581738
v -7.099958 1.015957 -1.583738
v -7.099958 0.968697 -1.583741
v -7.099958 0.970691 -1.581738
v -7.052896 0.971738 -1.582092
v -7.053078 0.969719 -1.584114
v -7.101567 1.016974 -4.118975
v -7.099958 1.018974 -4.117370
v -7.099353 1.016974 -4.118258
v -7.047093 1.016974 -4.120164
v -7.049699 1.016974 -4.118258
v -7.049093 1.018974 -4.117639
v -7.047093 0.973715 -4.120164
v -7.049093 0.971715 -4.117642
v -7.049699 0.973715 -4.118258
v -7.101567 0.974014 -4.118975
v -7.099353 0.973715 -4.118258
v -7.099958 0.971715 -4.117380
v -7.074648 1.011957 -1.581842
v -7.074526 1.013966 -1.583738
v -7.076978 0.973804 -1.583841
v -7.077085 0.971782 -1.585950
v -7.073921 1.016974 -4.041979
v -7.075131 1.016974 -4.041979
v -7.074526 1.018974 -4.037261
v -7.075131 0.973715 -4.041979
v -7.073921 0.973715 -4.041979
v -7.074526 0.971714 -4.037268
v -6.121406 1.022955 -1.625033
v -6.171268 1.022955 -1.625543
v -6.223309 1.013147 -1.584314
v -6.223035 1.011152 -1.582172
v -6.171440 1.020960 -1.623403
v -6.122025 1.020960 -1.622895
v -6.218282 0.979329 -1.581887
v -6.174514 0.980303 -1.581477
v -6.130745 0.981277 -1.581067
v -6.130473 0.983246 -1.579210
v -6.174484 0.982231 -1.579621
v -6.218494 0.981216 -1.580032
v -6.195674 1.011709 -4.112660
v -6.144047 1.010324 -4.111463
v -6.092420 1.008939 -4.110266
v -6.092589 1.006933 -4.112122
v -6.144287 1.008325 -4.113322
v -6.195984 1.009717 -4.114523
v -6.096600 0.971243 -4.107547
v -6.149682 0.972157 -4.108780
v -6.202764 0.973070 -4.110013
v -6.202397 0.975029 -4.112149
v -6.149370 0.974120 -4.110919
v -6.096343 0.973212 -4.109690
v -6.202893 1.013148 -3.580165
v -6.153030 1.013148 -3.579655
v -6.103168 1.013148 -3.579145
v -6.104460 0.977222 -3.579038
v -6.150073 0.978996 -3.580412
v -6.195687 0.980770 -3.581786
v -6.108692 1.019530 -1.763053
v -6.157733 1.013031 -1.756793
v -6.206776 1.006532 -1.750533
v -6.203589 0.982622 -1.750393
v -6.154255 0.986927 -1.756640
v -6.104920 0.991232 -1.762887
v -6.118076 1.013147 -2.121737
v -6.167939 1.013147 -2.122247
v -6.217801 1.013147 -2.122757
v -6.118077 0.977543 -2.121737
v -6.167938 0.977543 -2.122247
v -6.217800 0.977543 -2.122757
v -6.433709 0.969369 -1.932913
v -6.387070 0.967341 -1.934350
v -6.433709 0.971714 -2.597108
v -6.382844 0.971714 -2.597108
v -6.433709 0.987927 -3.104794
v -6.382844 0.987927 -3.104794
v -6.433709 0.971714 -3.612479
v -6.382844 0.971714 -3.612479
v -6.382843 1.016628 -1.932913
v -6.433709 1.016628 -1.932913
v -6.382844 1.018974 -2.597108
v -6.433709 1.018974 -2.597108
v -6.382844 1.035187 -3.104794
v -6.433709 1.035187 -3.104794
v -6.382844 1.018974 -3.612479
v -6.433709 1.018974 -3.612479
v -6.433709 0.971714 -3.984946
v -6.382844 0.971714 -3.984946
v -6.382844 1.018974 -3.984946
v -6.433709 1.018974 -3.984946
v -6.408276 0.969369 -1.932913
v -6.408277 0.971714 -2.597108
v -6.408277 0.987927 -3.104794
v -6.408277 0.971714 -3.612479
v -6.408276 1.016628 -1.932913
v -6.408277 1.018974 -2.597108
v -6.408277 1.035187 -3.104794
v -6.408277 1.018974 -3.612479
v -6.408277 0.971714 -3.984946
v -6.408277 1.018974 -3.984946
v -6.464885 1.018974 -4.094329
v -6.465193 1.016974 -4.096884
v -6.466925 1.016973 -4.093699
v -6.466925 0.979365 -4.093699
v -6.465193 0.979206 -4.096884
v -6.464938 0.976962 -4.094331
v -6.270245 1.016974 -4.118164
v -6.272245 1.016974 -4.120164
v -6.272245 1.018974 -4.117660
v -6.272245 0.971714 -4.117662
v -6.272245 0.973715 -4.120164
v -6.270245 0.973715 -4.118164
v -6.273331 1.016972 -1.581745
v -6.271061 1.017135 -1.583745
v -6.272245 1.018960 -1.583738
v -6.291498 0.975844 -1.583900
v -6.288684 0.977601 -1.583895
v -6.290824 0.977868 -1.581892
v -6.467633 1.018759 -1.932531
v -6.480650 1.004507 -1.928781
v -6.471704 1.018974 -2.597108
v -6.473084 1.017076 -2.597306
v -6.471705 1.035187 -3.104794
v -6.473705 1.033185 -3.104794
v -6.471704 1.018974 -3.612479
v -6.473705 1.016972 -3.612479
v -6.471709 0.971714 -3.612479
v -6.473705 0.973717 -3.612479
v -6.471710 0.987927 -3.104794
v -6.473705 0.989930 -3.104794
v -6.457366 0.974834 -2.601333
v -6.459974 0.976994 -2.601490
v -6.473705 0.971366 -1.932913
v -6.471694 0.969369 -1.932913
v -6.272245 1.018974 -3.612479
v -6.270245 1.016973 -3.612479
v -6.272245 1.035187 -3.104794
v -6.270245 1.033187 -3.104794
v -6.272245 1.018974 -2.597108
v -6.270245 1.016973 -2.597108
v -6.270657 1.014671 -1.933103
v -6.272245 1.016628 -1.932913
v -6.282170 0.969430 -1.937448
v -6.279757 0.971427 -1.937316
v -6.272245 0.971714 -2.597108
v -6.270245 0.973715 -2.597108
v -6.272245 0.987927 -3.104794
v -6.270245 0.989928 -3.104794
v -6.272245 0.971714 -3.612479
v -6.270245 0.973715 -3.612479
v -6.473705 1.016973 -3.984946
v -6.471704 1.018974 -3.984946
v -6.270245 0.973715 -3.984946
v -6.272245 0.971714 -3.984946
v -6.473705 0.973717 -3.984946
v -6.471708 0.971714 -3.984946
v -6.270245 1.016974 -3.984946
v -6.272245 1.018974 -3.984946
v -6.382843 1.018960 -1.583738
v -6.382843 1.016972 -1.581738
v -6.443218 1.018975 -1.639513
v -6.443218 1.020952 -1.641513
v -6.440323 0.973692 -1.641512
v -6.443218 0.975728 -1.639513
v -6.382843 0.980961 -1.581738
v -6.382867 0.978881 -1.583737
v -6.435317 1.016974 -4.118975
v -6.433709 1.018974 -4.117370
v -6.433104 1.016974 -4.118258
v -6.380844 1.016974 -4.120164
v -6.383449 1.016974 -4.118258
v -6.382844 1.018975 -4.117639
v -6.380844 0.973715 -4.120164
v -6.382844 0.971714 -4.117642
v -6.383449 0.973715 -4.118258
v -6.435317 0.974013 -4.118975
v -6.433104 0.973715 -4.118258
v -6.433709 0.971715 -4.117380
v -6.417786 1.016972 -1.639513
v -6.417786 1.018960 -1.641513
v -6.417786 0.975210 -1.639513
v -6.414890 0.973176 -1.641513
v -6.407671 1.016974 -4.041979
v -6.408882 1.016974 -4.041979
v -6.408277 1.018974 -4.037261
v -6.408882 0.973715 -4.041979
v -6.407671 0.973715 -4.041979
v -6.408277 0.971715 -4.037268
v -6.437974 1.018568 -1.802194
v -6.451339 1.016076 -1.727988
v -6.453252 0.999943 -1.717056
v -8.291628 1.019018 -1.542955
v -8.331825 1.018616 -1.560484
v -8.371529 1.018103 -1.582936
v -8.410936 1.018497 -1.565739
v -8.410936 1.016491 -1.563777
v -8.371529 1.016126 -1.581003
v -8.331825 1.016602 -1.558514
v -8.291628 1.016973 -1.540956
v -8.410936 0.964367 -1.565738
v -8.371529 0.964761 -1.582937
v -8.331825 0.964247 -1.560484
v -8.291629 0.963846 -1.542955
v -8.291628 0.965802 -1.540956
v -8.331825 0.966175 -1.558513
v -8.371529 0.966652 -1.581003
v -8.410936 0.966286 -1.563777
v -8.412143 1.018420 -4.048845
v -8.373905 1.018027 -4.026711
v -8.335459 1.018539 -4.048023
v -8.296544 1.018939 -4.063868
v -8.296558 1.016974 -4.065876
v -8.335471 1.016603 -4.050002
v -8.373915 1.016127 -4.028652
v -8.412151 1.016492 -4.050815
v -8.296543 0.963767 -4.063868
v -8.335458 0.964169 -4.048023
v -8.373904 0.964685 -4.026710
v -8.412142 0.964290 -4.048845
v -8.412151 0.966287 -4.050815
v -8.373915 0.966652 -4.028652
v -8.335471 0.966175 -4.050002
v -8.296558 0.965803 -4.065876
v -8.410936 1.009809 -3.556159
v -8.371529 1.009541 -3.544412
v -8.331825 1.009890 -3.559724
v -8.291628 1.010162 -3.571697
v -8.291628 0.954991 -3.571697
v -8.331825 0.955521 -3.559723
v -8.371529 0.956199 -3.544411
v -8.410936 0.955679 -3.556159
v -8.291628 1.028292 -1.961916
v -8.331825 1.027755 -1.973352
v -8.371529 1.027069 -1.988006
v -8.410936 1.027595 -1.976786
v -8.410936 0.973466 -1.976786
v -8.371529 0.973727 -1.988006
v -8.331826 0.973386 -1.973352
v -8.291629 0.973120 -1.961916
v -8.291628 1.018974 -2.163994
v -8.331825 1.018573 -2.172492
v -8.371529 1.018060 -2.183384
v -8.410937 1.018454 -2.175047
v -8.291628 1.018974 -3.064011
v -8.331825 1.018573 -3.059421
v -8.371529 1.018060 -3.053560
v -8.410936 1.018454 -3.058063
v -8.298584 0.962802 -3.068907
v -8.336967 0.963461 -3.063056
v -8.374891 0.964228 -3.055957
v -8.412643 0.964069 -3.059310
v -8.291629 0.963802 -2.163994
v -8.331826 0.964204 -2.172492
v -8.371529 0.964718 -2.183384
v -8.410937 0.964324 -2.175047
vn -0.0169 0.9585 -0.2847
vn 0.0169 0.9586 -0.2843
vn 0.0169 0.9579 -0.2866
vn -0.0169 0.9578 -0.2869
vn 0.1129 -0.9521 0.2842
vn 0.0799 -0.9553 0.2846
vn 0.0958 -0.9548 0.2813
vn 0.1288 -0.9512 0.2804
vn -0.9999 0.0005 -0.0126
vn -0.9998 0.0091 -0.0152
vn -0.9999 0.0093 -0.0114
vn -1.0000 0.0006 -0.0088
vn 0.2111 -0.9391 0.2710
vn 0.1776 -0.9455 0.2730
vn 0.1772 -0.9464 0.2702
vn 0.2109 -0.9401 0.2679
vn -0.1134 0.9560 -0.2706
vn -0.0791 0.9591 -0.2718
vn -0.0790 0.9576 -0.2771
vn -0.1133 0.9546 -0.2753
vn 0.0297 0.2714 0.9620
vn 0.0291 0.2800 0.9595
vn -0.0051 0.2804 0.9599
vn -0.0045 0.2717 0.9624
vn -0.9999 -0.0114 0.0121
vn -0.9999 -0.0029 0.0096
vn -0.9997 -0.0091 0.0215
vn -0.9996 -0.0173 0.0238
vn -1.0000 -0.0037 0.0002
vn -1.0000 0.0052 -0.0023
vn 0.0170 0.9579 -0.2866
vn -0.0424 0.9600 -0.2767
vn -0.0766 0.9581 -0.2762
vn 0.9999 -0.0078 0.0109
vn 1.0000 0.0012 0.0083
vn 0.9999 0.0033 0.0144
vn 0.9998 -0.0055 0.0171
vn 1.0000 -0.0029 -0.0078
vn 0.9999 0.0059 -0.0103
vn 1.0000 -0.0004 -0.0008
vn 1.0000 -0.0093 0.0018
vn 1.0000 0.0012 0.0082
vn 1.0000 0.0095 -0.0013
vn 0.9998 0.0181 -0.0039
vn 1.0000 0.0086 -0.0018
vn 1.0000 -0.0002 0.0008
vn -1.0000 0.0050 -0.0021
vn -1.0000 -0.0036 0.0002
vn 0.0026 -0.3387 -0.9409
vn 0.0016 -0.3303 -0.9439
vn 0.0361 -0.3292 -0.9436
vn 0.0371 -0.3375 -0.9406
vn 0.1876 -0.9432 0.2740
vn 0.1542 -0.9488 0.2757
vn 0.1543 -0.9488 0.2757
vn 0.2110 -0.9379 0.2752
vn 0.1775 -0.9443 0.2770
vn 0.1770 -0.9438 0.2791
vn 0.2106 -0.9374 0.2774
vn -0.1134 0.9551 -0.2739
vn -0.0791 0.9582 -0.2748
vn -0.0789 0.9556 -0.2841
vn -0.1132 0.9524 -0.2829
vn -0.9999 -0.0142 0.0034
vn -1.0000 -0.0056 0.0009
vn -0.9999 -0.0152 0.0024
vn -0.9997 -0.0236 0.0048
vn -1.0000 -0.0035 0.0002
vn 0.9999 0.0034 0.0144
vn 1.0000 -0.0003 -0.0008
vn 1.0000 -0.0094 0.0018
vn 0.9999 -0.0102 0.0029
vn 0.9998 -0.0191 0.0006
vn 0.9999 -0.0054 -0.0135
vn 0.9999 0.0036 -0.0110
vn -0.0169 -0.9639 -0.2659
vn 0.0170 -0.9640 -0.2655
vn 0.0170 -0.9649 -0.2620
vn -0.0169 -0.9648 -0.2625
vn 0.1142 0.9573 0.2654
vn 0.0810 0.9606 0.2659
vn 0.0972 0.9587 0.2675
vn 0.1306 0.9548 0.2670
vn -0.9999 0.0002 -0.0145
vn -0.9998 -0.0082 -0.0168
vn -0.9998 -0.0048 -0.0175
vn -0.9999 0.0037 -0.0153
vn 0.2067 0.9439 0.2577
vn 0.1736 0.9499 0.2598
vn 0.1770 0.9486 0.2622
vn 0.2107 0.9422 0.2605
vn -0.1133 -0.9566 -0.2686
vn -0.0790 -0.9597 -0.2698
vn -0.0789 -0.9614 -0.2635
vn -0.1133 -0.9581 -0.2630
vn 0.0298 0.2763 -0.9606
vn 0.0291 0.2676 -0.9631
vn -0.0051 0.2675 -0.9635
vn -0.0045 0.2762 -0.9611
vn -0.9999 0.0072 0.0143
vn -0.9999 -0.0016 0.0118
vn -0.9999 0.0158 -0.0008
vn -0.9997 0.0244 0.0016
vn -1.0000 -0.0005 0.0084
vn -0.9999 -0.0093 0.0059
vn -0.0428 -0.9625 -0.2680
vn -0.0770 -0.9606 -0.2672
vn 0.9998 0.0068 0.0188
vn 0.9999 -0.0020 0.0164
vn 0.9999 -0.0012 0.0115
vn 0.9999 0.0076 0.0140
vn 1.0000 0.0021 -0.0063
vn 0.9999 0.0112 -0.0038
vn -0.0791 -0.9596 -0.2699
vn 0.9999 0.0112 -0.0037
vn 1.0000 -0.0088 -0.0039
vn 0.9998 -0.0175 -0.0062
vn 0.9999 -0.0053 -0.0143
vn 0.9999 0.0035 -0.0119
vn -0.9999 0.0037 -0.0154
vn -0.9998 -0.0049 -0.0177
vn -1.0000 -0.0005 0.0083
vn 0.0026 -0.2080 0.9781
vn 0.0016 -0.2166 0.9762
vn 0.0361 -0.2175 0.9754
vn 0.0371 -0.2088 0.9773
vn 0.1852 0.9474 0.2610
vn 0.1519 0.9528 0.2628
vn 0.1735 0.9499 0.2598
vn 0.1520 0.9528 0.2628
vn -0.0169 -0.9637 -0.2663
vn 0.0170 -0.9640 -0.2653
vn 0.0169 -0.9643 -0.2641
vn -0.0169 -0.9643 -0.2643
vn 0.1147 0.9567 0.2677
vn 0.0814 0.9601 0.2675
vn 0.0969 0.9586 0.2676
vn 0.1295 0.9550 0.2668
vn -0.9994 0.0059 -0.0327
vn -0.9994 -0.0028 -0.0350
vn -0.9999 -0.0139 -0.0090
vn -1.0000 -0.0051 -0.0065
vn 0.2051 0.9448 0.2554
vn 0.1719 0.9508 0.2576
vn 0.1770 0.9492 0.2602
vn 0.2106 0.9428 0.2582
vn -0.1132 -0.9572 -0.2663
vn -0.0790 -0.9603 -0.2676
vn -0.0789 -0.9618 -0.2621
vn -0.1132 -0.9586 -0.2615
vn -0.9999 0.0075 0.0152
vn -0.9999 -0.0011 0.0128
vn -0.9999 0.0141 0.0060
vn -0.9997 0.0225 0.0083
vn -0.9996 -0.0121 0.0268
vn -0.9995 -0.0209 0.0244
vn -0.0427 -0.9623 -0.2685
vn -0.0768 -0.9606 -0.2669
vn 0.9999 0.0089 0.0082
vn 1.0000 -0.0001 0.0057
vn 0.9995 -0.0056 0.0303
vn 0.9995 0.0034 0.0327
vn 0.9996 0.0061 -0.0265
vn 0.9996 0.0152 -0.0240
vn -0.0769 -0.9606 -0.2669
vn -0.1133 -0.9572 -0.2663
vn 1.0000 -0.0095 0.0013
vn 0.9998 -0.0181 0.0039
vn 1.0000 -0.0086 0.0018
vn 1.0000 0.0002 -0.0008
vn -1.0000 -0.0051 -0.0066
vn 0.0016 -0.2166 0.9763
vn 0.1805 0.9490 0.2583
vn 0.1481 0.9540 0.2606
vn -0.0169 -0.9580 0.2863
vn 0.0169 -0.9581 0.2858
vn 0.0169 -0.9574 0.2882
vn -0.0169 -0.9574 0.2884
vn 0.1129 0.9517 -0.2857
vn 0.0799 0.9548 -0.2862
vn 0.0959 0.9543 -0.2829
vn 0.1288 0.9507 -0.2820
vn -0.9999 -0.0005 0.0126
vn -0.9998 -0.0091 0.0152
vn -0.9999 -0.0093 0.0114
vn -1.0000 -0.0006 0.0088
vn 0.2110 0.9375 -0.2767
vn 0.1775 0.9439 -0.2785
vn 0.1770 0.9434 -0.2806
vn 0.2106 0.9370 -0.2788
vn -0.1134 -0.9546 0.2754
vn -0.0791 -0.9578 0.2764
vn -0.0789 -0.9551 0.2856
vn -0.1132 -0.9520 0.2844
vn 0.0297 -0.2729 -0.9616
vn 0.0291 -0.2816 -0.9591
vn -0.0051 -0.2819 -0.9594
vn -0.0045 -0.2732 -0.9619
vn -0.9999 0.0142 -0.0034
vn -1.0000 0.0056 -0.0009
vn -0.9999 0.0152 -0.0024
vn -0.9997 0.0236 -0.0048
vn -1.0000 0.0037 -0.0002
vn -1.0000 -0.0052 0.0023
vn -1.0000 0.0055 -0.0009
vn 0.0170 -0.9574 0.2882
vn -0.0424 -0.9596 0.2782
vn -0.0766 -0.9576 0.2777
vn 0.9999 0.0078 -0.0109
vn 1.0000 -0.0012 -0.0083
vn 0.9999 -0.0034 -0.0144
vn 0.9998 0.0055 -0.0171
vn 1.0000 0.0004 0.0008
vn 1.0000 0.0094 -0.0018
vn -0.0791 -0.9578 0.2763
vn 1.0000 0.0093 -0.0018
vn 0.9999 -0.0062 -0.0142
vn 0.9998 -0.0149 -0.0166
vn 0.9999 -0.0071 -0.0076
vn 1.0000 0.0017 -0.0052
vn -1.0000 -0.0051 0.0023
vn -1.0000 0.0036 -0.0002
vn 0.0026 0.3402 0.9404
vn 0.0016 0.3318 0.9433
vn 0.0361 0.3307 0.9431
vn 0.0371 0.3390 0.9401
vn 0.1876 0.9428 -0.2755
vn 0.1542 0.9484 -0.2772
vn 0.0958 0.9544 -0.2828
vn 0.1543 0.9484 -0.2772
vn 0.0170 -0.9638 -0.2661
vn 0.0170 -0.9647 -0.2628
vn -0.0169 -0.9647 -0.2629
vn 0.0810 0.9606 0.2660
vn 0.0966 0.9589 0.2668
vn 0.1296 0.9552 0.2660
vn -1.0000 -0.0009 -0.0099
vn -0.9999 -0.0096 -0.0123
vn -0.9999 -0.0102 -0.0077
vn -1.0000 -0.0014 -0.0053
vn 0.2110 0.9423 0.2598
vn 0.1774 0.9487 0.2618
vn 0.1770 0.9494 0.2593
vn 0.2106 0.9432 0.2571
vn -0.1134 -0.9560 -0.2704
vn -0.0791 -0.9592 -0.2715
vn -0.0789 -0.9618 -0.2623
vn -0.1132 -0.9586 -0.2613
vn -0.9999 0.0127 0.0093
vn -1.0000 0.0041 0.0069
vn -0.9998 0.0115 0.0163
vn -0.9996 0.0200 0.0187
vn -1.0000 0.0032 0.0017
vn -1.0000 -0.0056 -0.0008
vn 0.0169 -0.9647 -0.2628
vn -0.0424 -0.9617 -0.2708
vn -0.0766 -0.9598 -0.2701
vn 0.9999 0.0093 0.0079
vn 1.0000 0.0003 0.0054
vn 1.0000 -0.0001 0.0069
vn 0.9999 0.0088 0.0093
vn 1.0000 0.0017 -0.0051
vn 1.0000 -0.0001 0.0009
vn 1.0000 0.0089 0.0034
vn -0.0424 -0.9617 -0.2707
vn -0.0791 -0.9592 -0.2714
vn -0.1133 -0.9560 -0.2704
vn 1.0000 0.0088 0.0034
vn -1.0000 0.0096 0.0013
vn -0.9998 0.0181 0.0039
vn -1.0000 0.0086 0.0018
vn -1.0000 -0.0002 -0.0008
vn -1.0000 0.0031 0.0017
vn 0.0016 -0.2167 0.9762
vn 0.1876 0.9461 0.2641
vn 0.1542 0.9516 0.2657
vn 0.1297 0.9552 0.2660
vn 0.0966 0.9589 0.2669
vn 0.0169 0.9585 0.2847
vn -0.0169 0.9586 0.2843
vn -0.0169 0.9579 0.2866
vn 0.0169 0.9578 0.2869
vn -0.1129 -0.9521 -0.2842
vn -0.0799 -0.9553 -0.2846
vn -0.0958 -0.9548 -0.2812
vn -0.1288 -0.9512 -0.2804
vn 0.9999 0.0005 0.0126
vn 0.9998 0.0091 0.0151
vn 0.9999 0.0093 0.0114
vn 1.0000 0.0006 0.0088
vn -0.2110 -0.9379 -0.2752
vn -0.1775 -0.9443 -0.2770
vn -0.1770 -0.9438 -0.2791
vn -0.2106 -0.9374 -0.2774
vn 0.1134 0.9551 0.2739
vn 0.0791 0.9582 0.2748
vn 0.0789 0.9556 0.2841
vn 0.1132 0.9524 0.2829
vn -0.0297 0.2713 -0.9620
vn -0.0291 0.2800 -0.9595
vn 0.0051 0.2804 -0.9599
vn 0.0045 0.2717 -0.9624
vn 0.9999 -0.0141 -0.0034
vn 1.0000 -0.0056 -0.0009
vn 0.9999 -0.0152 -0.0024
vn 0.9997 -0.0236 -0.0048
vn 1.0000 -0.0031 -0.0002
vn 1.0000 0.0052 0.0023
vn 0.9999 -0.0142 -0.0034
vn -0.0170 0.9579 0.2866
vn 0.0424 0.9600 0.2767
vn 0.0766 0.9581 0.2762
vn -0.9999 -0.0078 -0.0109
vn -1.0000 0.0012 -0.0083
vn -0.9999 0.0034 -0.0144
vn -0.9998 -0.0056 -0.0171
vn -1.0000 -0.0004 0.0008
vn -1.0000 -0.0093 -0.0018
vn -1.0000 -0.0094 -0.0018
vn -1.0000 -0.0003 0.0008
vn -0.9999 -0.0078 -0.0110
vn -0.9999 -0.0103 -0.0029
vn -0.9998 -0.0191 -0.0006
vn -0.9999 -0.0054 0.0135
vn -0.9999 0.0036 0.0110
vn 1.0000 -0.0036 -0.0002
vn -0.0026 -0.3387 0.9409
vn -0.0016 -0.3303 0.9439
vn -0.0361 -0.3292 0.9436
vn -0.0371 -0.3375 0.9406
vn -0.1876 -0.9432 -0.2740
vn -0.1542 -0.9488 -0.2757
vn -0.0958 -0.9548 -0.2813
vn 0.0169 -0.9639 0.2659
vn -0.0170 -0.9640 0.2655
vn -0.0170 -0.9649 0.2620
vn 0.0169 -0.9648 0.2625
vn -0.1141 0.9573 -0.2654
vn -0.0810 0.9606 -0.2659
vn -0.0972 0.9587 -0.2673
vn -0.1306 0.9548 -0.2670
vn 0.9999 0.0002 0.0145
vn 0.9998 -0.0082 0.0168
vn 0.9998 -0.0049 0.0177
vn 0.9999 0.0037 0.0153
vn -0.2067 0.9439 -0.2577
vn -0.1736 0.9499 -0.2598
vn -0.1770 0.9486 -0.2622
vn -0.2107 0.9422 -0.2605
vn 0.1133 -0.9566 0.2686
vn 0.0790 -0.9597 0.2698
vn 0.0789 -0.9614 0.2635
vn 0.1132 -0.9581 0.2630
vn -0.0298 0.2763 0.9606
vn -0.0291 0.2676 0.9631
vn 0.0051 0.2675 0.9635
vn 0.0045 0.2762 0.9611
vn 0.9999 0.0072 -0.0143
vn 0.9999 -0.0016 -0.0118
vn 0.9999 0.0158 0.0008
vn 0.9997 0.0244 -0.0016
vn 1.0000 -0.0005 -0.0084
vn 0.9999 -0.0093 -0.0059
vn 0.0428 -0.9625 0.2680
vn 0.0770 -0.9606 0.2672
vn -0.9998 0.0068 -0.0188
vn -0.9999 -0.0020 -0.0164
vn -0.9999 -0.0012 -0.0115
vn -0.9999 0.0076 -0.0140
vn -1.0000 0.0021 0.0063
vn -0.9999 0.0112 0.0038
vn 0.0791 -0.9597 0.2698
vn -0.9999 0.0112 0.0037
vn -0.9999 -0.0020 -0.0165
vn -0.9998 0.0068 -0.0189
vn 1.0000 -0.0005 -0.0083
vn -0.0026 -0.2080 -0.9781
vn -0.0016 -0.2166 -0.9762
vn -0.0361 -0.2175 -0.9754
vn -0.0371 -0.2088 -0.9773
vn -0.1852 0.9474 -0.2610
vn -0.1519 0.9528 -0.2628
vn -0.1735 0.9499 -0.2598
vn -0.0972 0.9586 -0.2675
vn -0.1520 0.9528 -0.2628
vn -0.1852 0.9474 -0.2611
vn 0.2110 -0.9401 0.2678
vn 0.0370 -0.3375 -0.9406
vn 0.9998 0.0033 -0.0204
vn 0.9997 0.0118 -0.0230
vn 0.0359 -0.3293 -0.9435
vn -0.0789 0.9576 -0.2772
vn 0.9998 -0.0055 0.0170
vn 0.1130 -0.9520 0.2843
vn 0.0165 0.9585 -0.2846
vn 0.0290 0.2802 0.9595
vn 0.9999 0.0038 0.0146
vn -0.9996 -0.0175 0.0237
vn 0.0027 -0.3386 -0.9409
vn 0.1773 -0.9464 0.2701
vn -0.1133 0.9546 -0.2754
vn 0.0017 -0.3303 -0.9439
vn -0.9997 -0.0091 0.0214
vn 0.0803 -0.9554 0.2841
vn -0.0046 0.2712 0.9625
vn -0.9999 0.0003 -0.0125
vn -0.0168 0.9584 -0.2850
vn -0.9998 0.0091 -0.0153
vn -0.0054 0.2805 0.9598
vn 0.2107 -0.9374 0.2771
vn 0.0368 -0.3374 -0.9406
vn 1.0000 0.0094 -0.0015
vn 0.9998 0.0181 -0.0031
vn 0.0368 -0.3282 -0.9439
vn -0.0789 0.9558 -0.2833
vn 0.9998 -0.0053 0.0170
vn 0.0297 0.2715 0.9620
vn 0.1133 -0.9520 0.2844
vn 0.0174 0.9589 -0.2833
vn 0.0281 0.2790 0.9599
vn 0.9999 0.0035 0.0152
vn -0.9997 -0.0240 0.0040
vn 0.0036 -0.3372 -0.9414
vn 0.1765 -0.9442 0.2780
vn -0.1134 0.9522 -0.2836
vn 0.0026 -0.3310 -0.9436
vn -0.9999 -0.0153 0.0016
vn 0.0802 -0.9554 0.2843
vn -0.0046 0.2713 0.9625
vn -0.9999 0.0003 -0.0127
vn -0.0177 0.9586 -0.2842
vn -0.9999 0.0086 -0.0150
vn -0.0049 0.2799 0.9600
vn 0.2110 0.9419 0.2613
vn 0.0367 -0.2095 0.9771
vn 0.9999 -0.0107 0.0032
vn 0.9998 -0.0192 0.0009
vn 0.0357 -0.2169 0.9755
vn -0.0787 -0.9616 -0.2630
vn 0.9999 0.0077 0.0140
vn 0.0297 0.2762 -0.9606
vn 0.1141 0.9574 0.2654
vn 0.0169 -0.9640 -0.2655
vn 0.9999 -0.0012 0.0114
vn -0.9997 0.0251 0.0025
vn 0.0032 -0.2079 0.9782
vn 0.1778 0.9486 0.2618
vn -0.1135 -0.9581 -0.2629
vn 0.0012 -0.2167 0.9762
vn -0.9999 0.0164 -0.0012
vn 0.0811 0.9606 0.2660
vn -0.0045 0.2763 -0.9611
vn -0.9999 0.0002 -0.0146
vn -0.0168 -0.9638 -0.2660
vn -0.9998 -0.0086 -0.0175
vn -0.0046 0.2679 -0.9634
vn 0.2107 0.9429 0.2580
vn 0.0375 -0.2084 0.9773
vn 1.0000 -0.0089 -0.0044
vn 0.9998 -0.0173 -0.0062
vn 0.0361 -0.2173 0.9754
vn -0.0787 -0.9619 -0.2620
vn 0.9995 0.0033 0.0327
vn 0.0297 0.2762 -0.9607
vn 0.1148 0.9567 0.2675
vn 0.0173 -0.9640 -0.2653
vn 0.0297 0.2673 -0.9632
vn 0.9995 -0.0052 0.0310
vn -0.9997 0.0226 0.0083
vn 0.0026 -0.2077 0.9782
vn 0.1770 0.9493 0.2599
vn -0.1136 -0.9588 -0.2605
vn 0.0025 -0.2157 0.9765
vn -0.9999 0.0140 0.0065
vn 0.0821 0.9597 0.2688
vn -0.0053 0.2776 -0.9607
vn -0.9995 0.0060 -0.0320
vn -0.0170 -0.9637 -0.2663
vn -0.9994 -0.0026 -0.0346
vn -0.0056 0.2673 -0.9636
vn 0.2110 0.9370 -0.2783
vn 0.0370 0.3387 0.9402
vn 0.9999 -0.0099 0.0013
vn 0.9998 -0.0182 0.0040
vn 0.0361 0.3304 0.9431
vn -0.0790 -0.9552 0.2853
vn 0.9998 0.0054 -0.0171
vn 0.0298 -0.2730 -0.9616
vn 0.1129 0.9516 -0.2857
vn 0.0170 -0.9581 0.2858
vn 0.9999 -0.0034 -0.0143
vn -0.9997 0.0234 -0.0050
vn 0.0025 0.3401 0.9404
vn 0.1768 0.9434 -0.2805
vn -0.1132 -0.9520 0.2845
vn 0.0800 0.9548 -0.2862
vn -0.0169 -0.9580 0.2862
vn -0.0052 -0.2819 -0.9594
vn 0.2105 0.9431 0.2573
vn 0.0368 -0.2090 0.9772
vn 0.9999 -0.0062 -0.0139
vn 0.9998 -0.0147 -0.0166
vn 0.0362 -0.2174 0.9754
vn -0.0787 -0.9618 -0.2622
vn 0.9999 0.0088 0.0092
vn 0.0297 0.2763 -0.9606
vn 0.0171 -0.9638 -0.2660
vn 0.0292 0.2675 -0.9631
vn 1.0000 -0.0000 0.0071
vn -0.9996 0.0201 0.0184
vn 0.0023 -0.2074 0.9783
vn 0.1771 0.9496 0.2588
vn -0.1136 -0.9587 -0.2609
vn 0.0014 -0.2164 0.9763
vn -0.9998 0.0119 0.0161
vn 0.0809 0.9606 0.2659
vn -0.0043 0.2760 -0.9611
vn -0.9999 -0.0010 -0.0101
vn -0.0168 -0.9637 -0.2663
vn -0.9999 -0.0097 -0.0125
vn -0.0050 0.2676 -0.9635
vn -0.2103 -0.9374 -0.2777
vn -0.0371 -0.3378 0.9405
vn -1.0000 0.0093 0.0012
vn -0.9998 0.0183 0.0038
vn -0.0364 -0.3289 0.9437
vn 0.0792 0.9556 0.2837
vn -0.9998 -0.0057 -0.0175
vn -0.0294 0.2715 -0.9620
vn -0.1126 -0.9521 -0.2843
vn -0.0166 0.9586 0.2844
vn -0.0290 0.2802 -0.9595
vn -0.9999 0.0036 -0.0145
vn 0.9997 -0.0237 -0.0045
vn -0.0028 -0.3387 0.9409
vn -0.1771 -0.9438 -0.2792
vn 0.1141 0.9521 0.2835
vn -0.0017 -0.3308 0.9437
vn 0.9999 -0.0158 -0.0028
vn -0.0798 -0.9553 -0.2847
vn 0.0044 0.2719 -0.9623
vn 0.9999 0.0006 0.0125
vn 0.0167 0.9583 0.2852
vn 0.9998 0.0090 0.0157
vn 0.0058 0.2809 -0.9597
vn -0.2107 0.9422 -0.2604
vn -0.0371 -0.2086 -0.9773
vn -0.9998 -0.0191 -0.0005
vn -0.0362 -0.2177 -0.9754
vn 0.0790 -0.9614 0.2637
vn -0.9999 0.0077 -0.0143
vn -0.0301 0.2768 0.9604
vn -0.1137 0.9573 -0.2659
vn -0.0170 -0.9640 0.2652
vn -0.0295 0.2674 0.9631
vn -0.9999 -0.0013 -0.0119
vn 0.9997 0.0244 -0.0019
vn -0.0030 -0.2083 -0.9781
vn -0.1771 0.9486 -0.2625
vn 0.1134 -0.9581 0.2630
vn -0.0018 -0.2166 -0.9763
vn 0.9999 0.0159 0.0007
vn -0.0809 0.9607 -0.2656
vn 0.0042 0.2759 0.9612
vn 0.9999 0.0003 0.0147
vn 0.0168 -0.9639 0.2657
vn 0.9998 -0.0084 0.0168
vn 0.0053 0.2674 0.9636
vn 0.2112 -0.9391 0.2710
vn 0.9998 0.0033 -0.0203
vn 1.0000 -0.0029 -0.0077
vn 0.0372 -0.3375 -0.9406
vn 0.0362 -0.3292 -0.9436
vn 0.9997 0.0120 -0.0228
vn 0.9998 0.0033 -0.0202
vn 0.0294 0.2800 0.9595
vn 0.0300 0.2713 0.9620
vn 0.9998 -0.0056 0.0169
vn 0.9999 0.0033 0.0142
vn 0.0799 -0.9553 0.2847
vn 0.1130 -0.9521 0.2842
vn -0.0044 0.2717 0.9624
vn 0.0169 0.9585 -0.2845
vn -0.0168 0.9584 -0.2849
vn -0.0051 0.2806 0.9598
vn 0.0291 0.2802 0.9595
vn -0.9999 0.0004 -0.0127
vn -0.0047 0.2717 0.9624
vn -0.0052 0.2803 0.9599
vn -0.9999 0.0006 -0.0126
vn -0.1134 0.9560 -0.2705
vn -0.9996 -0.0175 0.0238
vn -0.9997 -0.0090 0.0214
vn 0.1773 -0.9463 0.2703
vn 0.0371 -0.3376 -0.9406
vn -0.1134 0.9546 -0.2753
vn 0.1288 -0.9512 0.2805
vn 0.1289 -0.9512 0.2804
vn 0.1877 -0.9432 0.2740
vn 0.9999 -0.0077 0.0109
vn -0.0789 0.9576 -0.2771
vn 0.9999 0.0058 -0.0102
vn 0.9997 0.0119 -0.0228
vn -0.0791 0.9591 -0.2717
vn -0.0423 0.9600 -0.2767
vn 0.0169 0.9579 -0.2867
vn 0.1773 -0.9463 0.2702
vn 0.1776 -0.9455 0.2731
vn -0.9999 -0.0115 0.0120
vn 0.1542 -0.9488 0.2756
vn 0.0958 -0.9549 0.2812
vn -0.0169 0.9584 -0.2848
vn -0.9999 0.0093 -0.0113
vn -0.9998 0.0092 -0.0152
vn -0.0168 0.9578 -0.2869
vn -0.0766 0.9580 -0.2762
vn -1.0000 0.0052 -0.0024
vn -0.0767 0.9580 -0.2762
vn -0.9999 -0.0030 0.0096
vn -1.0000 0.0052 -0.0022
vn 0.0366 -0.3375 -0.9406
vn 0.0356 -0.3291 -0.9436
vn 0.9998 0.0180 -0.0043
vn 1.0000 0.0093 -0.0017
vn 0.9999 0.0034 0.0145
vn 0.0290 0.2800 0.9595
vn 0.0296 0.2713 0.9620
vn 0.9998 -0.0055 0.0172
vn 0.9999 0.0034 0.0146
vn 0.0298 0.2714 0.9620
vn -0.0045 0.2718 0.9623
vn -0.0170 0.9584 -0.2849
vn 0.0292 0.2802 0.9595
vn -0.9998 0.0089 -0.0161
vn -0.9999 0.0002 -0.0136
vn -0.0056 0.2717 0.9624
vn -0.0061 0.2803 0.9599
vn 0.0959 -0.9548 0.2813
vn -1.0000 0.0005 -0.0088
vn -0.1135 0.9550 -0.2739
vn -0.1134 0.9524 -0.2829
vn -0.9999 -0.0153 0.0023
vn -1.0000 -0.0057 0.0009
vn 0.0017 -0.3302 -0.9439
vn 0.0029 -0.3386 -0.9409
vn -0.9997 -0.0236 0.0045
vn -0.9999 -0.0152 0.0022
vn 0.2107 -0.9374 0.2773
vn 0.1770 -0.9438 0.2790
vn 0.0026 -0.3386 -0.9409
vn -0.1133 0.9524 -0.2829
vn -0.0788 0.9556 -0.2841
vn 0.0360 -0.3291 -0.9436
vn 0.1129 -0.9521 0.2841
vn 0.1287 -0.9512 0.2804
vn 0.1875 -0.9433 0.2740
vn 1.0000 -0.0095 0.0018
vn 0.9999 -0.0080 0.0110
vn 0.2109 -0.9380 0.2752
vn 1.0000 -0.0004 0.0009
vn -0.0787 0.9556 -0.2841
vn -0.0790 0.9582 -0.2748
vn 1.0000 0.0085 -0.0017
vn 0.9998 0.0180 -0.0039
vn -0.0422 0.9600 -0.2767
vn 1.0000 -0.0005 -0.0008
vn 0.1769 -0.9438 0.2790
vn 0.1773 -0.9444 0.2770
vn -0.9999 -0.0141 0.0033
vn -0.9997 -0.0235 0.0047
vn -1.0000 -0.0036 0.0003
vn -0.9999 -0.0142 0.0033
vn 0.1541 -0.9488 0.2757
vn 0.0957 -0.9549 0.2812
vn -1.0000 0.0007 -0.0088
vn -1.0000 -0.0034 0.0002
vn -0.0170 0.9578 -0.2869
vn -0.9999 0.0092 -0.0113
vn -0.9998 0.0091 -0.0151
vn -0.0768 0.9580 -0.2761
vn -1.0000 -0.0057 0.0010
vn -1.0000 0.0050 -0.0022
vn 0.2066 0.9438 0.2580
vn 0.2105 0.9422 0.2607
vn 0.9999 -0.0102 0.0032
vn 0.9999 0.0038 -0.0109
vn 0.0376 -0.2090 0.9772
vn 0.0364 -0.2176 0.9754
vn 0.9998 -0.0192 0.0002
vn 0.9999 -0.0103 0.0025
vn 0.0170 -0.9649 -0.2621
vn 0.0170 -0.9639 -0.2656
vn 0.9999 -0.0011 0.0115
vn 0.9999 -0.0021 0.0163
vn 0.0295 0.2678 -0.9630
vn 0.0300 0.2765 -0.9606
vn 0.9999 0.0076 0.0143
vn 0.9999 -0.0011 0.0119
vn 0.0810 0.9606 0.2658
vn 0.1141 0.9574 0.2653
vn 0.0299 0.2762 -0.9606
vn -0.0045 0.2761 -0.9611
vn 0.0292 0.2676 -0.9631
vn -0.9998 -0.0084 -0.0170
vn -0.9999 0.0002 -0.0147
vn -0.0044 0.2761 -0.9611
vn -0.0049 0.2674 -0.9636
vn 0.0973 0.9586 0.2675
vn 0.0812 0.9606 0.2659
vn -0.9999 0.0004 -0.0144
vn -0.9999 0.0038 -0.0153
vn -0.1135 -0.9566 -0.2685
vn -0.1134 -0.9581 -0.2629
vn -0.9999 0.0160 -0.0007
vn -0.9999 -0.0015 0.0119
vn 0.0015 -0.2167 0.9762
vn 0.0025 -0.2081 0.9781
vn -0.9999 0.0158 -0.0009
vn 0.2107 0.9420 0.2610
vn 0.1771 0.9484 0.2628
vn 0.0025 -0.2086 0.9780
vn 0.0371 -0.2094 0.9771
vn -0.1132 -0.9581 -0.2630
vn -0.0789 -0.9615 -0.2634
vn 0.0360 -0.2174 0.9754
vn 0.1141 0.9573 0.2654
vn 0.9998 0.0068 0.0189
vn 0.1307 0.9548 0.2669
vn 0.1854 0.9474 0.2609
vn 0.9999 0.0111 -0.0039
vn 0.9998 0.0067 0.0187
vn 0.1853 0.9474 0.2609
vn 0.2068 0.9439 0.2576
vn 0.9999 0.0035 -0.0112
vn 0.9999 0.0110 -0.0041
vn -0.0787 -0.9614 -0.2635
vn -0.0789 -0.9597 -0.2698
vn 0.9999 -0.0052 -0.0134
vn 0.9998 -0.0189 0.0006
vn -0.0791 -0.9597 -0.2698
vn -0.0427 -0.9625 -0.2680
vn 1.0000 0.0022 -0.0062
vn 0.9999 -0.0055 -0.0135
vn -0.0428 -0.9624 -0.2683
vn 0.0167 -0.9649 -0.2622
vn 0.9999 -0.0021 0.0162
vn 1.0000 0.0020 -0.0066
vn 0.1772 0.9486 0.2623
vn 0.1737 0.9499 0.2599
vn -0.9999 0.0073 0.0144
vn -0.9997 0.0245 0.0018
vn 0.1739 0.9498 0.2601
vn 0.1521 0.9527 0.2630
vn -1.0000 -0.0003 0.0086
vn -0.9999 0.0073 0.0146
vn 0.1521 0.9528 0.2627
vn 0.0974 0.9587 0.2673
vn -0.9999 0.0038 -0.0154
vn -1.0000 -0.0002 0.0082
vn -0.0168 -0.9638 -0.2662
vn -0.0169 -0.9647 -0.2628
vn -0.9998 -0.0049 -0.0180
vn -0.9998 -0.0081 -0.0171
vn -0.0171 -0.9648 -0.2623
vn -0.0772 -0.9606 -0.2668
vn -0.9999 -0.0090 0.0062
vn -0.9998 -0.0049 -0.0174
vn -0.0773 -0.9606 -0.2670
vn -0.1134 -0.9566 -0.2684
vn -0.9999 -0.0015 0.0120
vn -0.9999 -0.0092 0.0061
vn 0.2107 0.9429 0.2581
vn 1.0000 -0.0088 -0.0040
vn 0.9999 0.0035 -0.0120
vn 0.0381 -0.2092 0.9771
vn 0.0368 -0.2179 0.9753
vn 0.9998 -0.0176 -0.0073
vn 0.9999 -0.0091 -0.0048
vn 0.0168 -0.9642 -0.2645
vn 0.0166 -0.9639 -0.2656
vn 0.9995 -0.0056 0.0300
vn 1.0000 -0.0004 0.0053
vn 0.0295 0.2677 -0.9630
vn 0.9994 0.0034 0.0331
vn 0.9995 -0.0055 0.0305
vn 0.0813 0.9601 0.2676
vn 0.1147 0.9566 0.2677
vn -0.9994 -0.0027 -0.0345
vn -0.9995 0.0060 -0.0319
vn -0.0050 0.2766 -0.9610
vn -0.0059 0.2681 -0.9634
vn 0.0969 0.9586 0.2677
vn -0.9995 0.0058 -0.0326
vn -1.0000 -0.0052 -0.0066
vn -0.1132 -0.9572 -0.2664
vn -0.9999 0.0141 0.0059
vn 0.0017 -0.2166 0.9763
vn 0.0028 -0.2079 0.9781
vn -0.9997 0.0225 0.0085
vn -0.9999 0.0141 0.0061
vn 0.2106 0.9429 0.2582
vn 0.1770 0.9492 0.2601
vn 0.0026 -0.2079 0.9781
vn 0.0372 -0.2087 0.9773
vn -0.1132 -0.9585 -0.2617
vn -0.0790 -0.9617 -0.2623
vn 0.0360 -0.2177 0.9754
vn 0.0016 -0.2169 0.9762
vn 0.1146 0.9566 0.2678
vn 0.1294 0.9550 0.2668
vn 0.9999 0.0090 0.0082
vn 0.9995 0.0034 0.0328
vn 0.9996 0.0151 -0.0240
vn 0.9999 0.0089 0.0081
vn 0.1805 0.9490 0.2584
vn 0.2051 0.9448 0.2555
vn 0.9999 0.0034 -0.0118
vn 0.9996 0.0152 -0.0239
vn -0.0789 -0.9618 -0.2620
vn -0.0790 -0.9603 -0.2675
vn 0.9999 -0.0053 -0.0142
vn 0.9998 -0.0174 -0.0062
vn -0.0791 -0.9602 -0.2678
vn -0.0428 -0.9623 -0.2686
vn 0.9996 0.0061 -0.0266
vn 0.9999 -0.0054 -0.0145
vn -0.0427 -0.9623 -0.2686
vn 0.0168 -0.9643 -0.2642
vn 1.0000 -0.0002 0.0056
vn 0.1771 0.9492 0.2602
vn 0.1720 0.9508 0.2576
vn -0.9999 0.0076 0.0153
vn 0.1724 0.9507 0.2578
vn 0.1481 0.9539 0.2609
vn -0.9996 -0.0119 0.0272
vn -0.9999 0.0075 0.0156
vn 0.1482 0.9540 0.2607
vn 0.0970 0.9586 0.2677
vn -1.0000 -0.0050 -0.0065
vn -0.9996 -0.0120 0.0269
vn -0.0168 -0.9637 -0.2665
vn -0.0169 -0.9642 -0.2645
vn -0.9999 -0.0140 -0.0091
vn -0.9994 -0.0028 -0.0352
vn -0.0165 -0.9642 -0.2647
vn -0.0766 -0.9605 -0.2674
vn -0.9995 -0.0212 0.0238
vn -0.9999 -0.0139 -0.0094
vn -0.0767 -0.9606 -0.2671
vn -0.1133 -0.9572 -0.2665
vn -0.9999 -0.0011 0.0127
vn -0.9995 -0.0208 0.0242
vn 0.2106 0.9370 -0.2789
vn 0.0360 0.3307 0.9431
vn 0.9998 -0.0181 0.0040
vn 0.9999 -0.0034 -0.0145
vn 0.0297 -0.2728 -0.9616
vn 0.9999 -0.0033 -0.0144
vn -0.0168 -0.9580 0.2863
vn -0.0051 -0.2818 -0.9595
vn -1.0000 -0.0005 0.0088
vn -0.1134 -0.9546 0.2755
vn -0.9999 0.0151 -0.0023
vn 0.0015 0.3318 0.9434
vn 0.0026 0.3401 0.9404
vn -0.9997 0.0235 -0.0048
vn 0.2106 0.9369 -0.2792
vn 0.1769 0.9433 -0.2809
vn 0.0026 0.3404 0.9403
vn 0.0372 0.3393 0.9399
vn -0.1132 -0.9521 0.2841
vn -0.0789 -0.9552 0.2853
vn 0.0361 0.3304 0.9432
vn 0.0016 0.3315 0.9435
vn 0.9999 0.0078 -0.0110
vn 0.1288 0.9507 -0.2819
vn 0.1877 0.9428 -0.2755
vn 0.2111 0.9375 -0.2767
vn -0.0424 -0.9596 0.2783
vn 1.0000 -0.0086 0.0017
vn -0.9999 0.0142 -0.0033
vn 0.1543 0.9483 -0.2772
vn 0.0958 0.9544 -0.2827
vn -0.0168 -0.9573 0.2884
vn -0.9998 -0.0092 0.0152
vn -1.0000 -0.0051 0.0024
vn 0.2106 0.9432 0.2570
vn 0.9999 -0.0062 -0.0143
vn 0.0373 -0.2090 0.9772
vn 0.0361 -0.2176 0.9754
vn 0.9997 -0.0150 -0.0167
vn 0.9999 -0.0063 -0.0144
vn 0.0169 -0.9638 -0.2662
vn 1.0000 -0.0001 0.0068
vn -0.0044 0.2762 -0.9611
vn -0.0052 0.2675 -0.9635
vn -0.9999 -0.0097 -0.0122
vn -1.0000 -0.0010 -0.0097
vn -0.0046 0.2762 -0.9611
vn -0.0053 0.2676 -0.9635
vn 0.0965 0.9589 0.2668
vn 0.0810 0.9606 0.2661
vn -1.0000 -0.0010 -0.0099
vn -1.0000 -0.0014 -0.0054
vn -0.1133 -0.9561 -0.2704
vn -0.1131 -0.9586 -0.2613
vn -0.9998 0.0114 0.0163
vn -1.0000 0.0040 0.0068
vn 0.0015 -0.2166 0.9763
vn -0.9998 0.0116 0.0163
vn 0.2106 0.9432 0.2569
vn 0.1769 0.9495 0.2593
vn 0.0371 -0.2087 0.9773
vn 0.1143 0.9574 0.2653
vn 0.1298 0.9552 0.2660
vn 0.9999 0.0092 0.0078
vn 0.9999 0.0087 0.0092
vn 0.1877 0.9460 0.2641
vn 0.9999 0.0094 0.0079
vn 0.1877 0.9461 0.2641
vn 0.2111 0.9423 0.2598
vn 1.0000 0.0088 0.0033
vn 0.9998 -0.0149 -0.0165
vn -0.0425 -0.9617 -0.2708
vn 1.0000 -0.0002 0.0009
vn 0.9999 -0.0072 -0.0077
vn 0.0170 -0.9647 -0.2627
vn 1.0000 0.0003 0.0055
vn 0.1770 0.9495 0.2593
vn 0.1775 0.9487 0.2618
vn 0.1775 0.9486 0.2619
vn 0.1543 0.9516 0.2657
vn -1.0000 -0.0013 -0.0052
vn -1.0000 0.0032 0.0018
vn -0.0169 -0.9646 -0.2630
vn -0.9999 -0.0101 -0.0077
vn -0.0168 -0.9647 -0.2630
vn -1.0000 -0.0057 -0.0008
vn -0.0765 -0.9598 -0.2702
vn -1.0000 0.0041 0.0068
vn -1.0000 0.0095 0.0013
vn -1.0000 -0.0003 -0.0008
vn -0.0360 -0.3291 0.9436
vn -0.9998 0.0181 0.0040
vn -0.0168 0.9579 0.2867
vn -0.0168 0.9586 0.2843
vn -0.9999 0.0035 -0.0143
vn -1.0000 0.0013 -0.0082
vn -0.0290 0.2800 -0.9596
vn -0.0296 0.2712 -0.9621
vn -0.9998 -0.0056 -0.0172
vn -0.9999 0.0033 -0.0146
vn -0.1129 -0.9521 -0.2841
vn 0.0168 0.9584 0.2848
vn -0.0291 0.2801 -0.9595
vn 0.9998 0.0091 0.0152
vn 0.0052 0.2804 -0.9599
vn -0.0956 -0.9549 -0.2812
vn -0.0798 -0.9553 -0.2845
vn 0.9999 0.0005 0.0127
vn 1.0000 0.0008 0.0089
vn 0.9999 -0.0152 -0.0023
vn -0.0018 -0.3302 0.9439
vn -0.0027 -0.3386 0.9409
vn 0.9997 -0.0235 -0.0046
vn 0.9999 -0.0152 -0.0022
vn -0.2107 -0.9374 -0.2772
vn -0.1770 -0.9439 -0.2789
vn -0.0026 -0.3385 0.9410
vn -0.0371 -0.3373 0.9407
vn 0.1132 0.9524 0.2830
vn 0.0790 0.9556 0.2840
vn -0.0361 -0.3291 0.9436
vn -0.1287 -0.9512 -0.2805
vn -0.1286 -0.9512 -0.2806
vn -0.1875 -0.9432 -0.2741
vn -1.0000 -0.0095 -0.0020
vn -0.9999 -0.0079 -0.0111
vn -0.1876 -0.9433 -0.2739
vn -0.2110 -0.9380 -0.2751
vn -1.0000 -0.0002 -0.0007
vn -1.0000 -0.0094 -0.0017
vn 0.0788 0.9555 0.2842
vn 0.0790 0.9582 0.2749
vn -0.9998 0.0181 0.0038
vn 0.0793 0.9582 0.2750
vn 0.0424 0.9600 0.2769
vn -1.0000 -0.0002 0.0010
vn -1.0000 0.0087 0.0019
vn 0.0422 0.9601 0.2765
vn -0.0170 0.9579 0.2865
vn -1.0000 0.0011 -0.0085
vn -1.0000 -0.0003 0.0006
vn -0.1768 -0.9439 -0.2790
vn -0.1772 -0.9444 -0.2770
vn 0.9999 -0.0141 -0.0032
vn 0.9997 -0.0234 -0.0047
vn -0.1539 -0.9488 -0.2757
vn 1.0000 -0.0034 -0.0001
vn 0.9999 -0.0140 -0.0032
vn -0.1543 -0.9487 -0.2759
vn -0.0960 -0.9548 -0.2814
vn 1.0000 0.0006 0.0086
vn 1.0000 -0.0038 -0.0005
vn 0.0170 0.9585 0.2846
vn 0.0172 0.9579 0.2867
vn 0.9999 0.0092 0.0111
vn 0.9999 0.0089 0.0149
vn 0.0171 0.9578 0.2868
vn 0.0769 0.9580 0.2761
vn 1.0000 0.0050 0.0022
vn 0.9999 0.0091 0.0112
vn 0.0768 0.9581 0.2761
vn 0.1136 0.9550 0.2738
vn 1.0000 -0.0058 -0.0010
vn 1.0000 0.0050 0.0021
vn -0.2066 0.9439 -0.2577
vn -0.2106 0.9422 -0.2605
vn -0.9999 -0.0102 -0.0030
vn -0.0372 -0.2088 -0.9772
vn -0.0362 -0.2174 -0.9754
vn -0.9999 -0.0102 -0.0029
vn -0.0169 -0.9649 0.2620
vn -0.0169 -0.9640 0.2655
vn -0.9999 -0.0013 -0.0116
vn -0.9999 -0.0021 -0.0164
vn -0.0289 0.2676 0.9631
vn -0.0295 0.2763 0.9606
vn -0.9999 0.0076 -0.0137
vn -0.9999 -0.0011 -0.0113
vn -0.0810 0.9606 -0.2658
vn -0.1141 0.9574 -0.2654
vn -0.0298 0.2762 0.9606
vn 0.0045 0.2761 0.9611
vn -0.0170 -0.9640 0.2653
vn 0.0169 -0.9639 0.2657
vn 0.0052 0.2673 0.9636
vn -0.0291 0.2674 0.9631
vn 0.9998 -0.0083 0.0166
vn 0.9999 0.0002 0.0143
vn 0.0047 0.2762 0.9611
vn 0.0053 0.2676 0.9635
vn -0.0811 0.9606 -0.2659
vn 0.9999 0.0003 0.0144
vn 0.9999 0.0037 0.0154
vn 0.1131 -0.9581 0.2631
vn 0.9999 0.0157 0.0008
vn -0.0013 -0.2166 -0.9763
vn -0.0023 -0.2080 -0.9781
vn 0.9997 0.0245 -0.0013
vn 0.9999 0.0159 0.0011
vn -0.2108 0.9422 -0.2606
vn -0.1771 0.9486 -0.2623
vn -0.0026 -0.2081 -0.9781
vn -0.0370 -0.2089 -0.9772
vn 0.1133 -0.9581 0.2630
vn -0.0360 -0.2175 -0.9754
vn -0.0016 -0.2166 -0.9763
vn -0.1142 0.9573 -0.2655
vn -0.9999 0.0075 -0.0139
vn -0.1853 0.9474 -0.2610
vn -0.9999 0.0111 0.0038
vn -0.1851 0.9474 -0.2611
vn -0.2066 0.9438 -0.2581
vn -0.9999 0.0036 0.0109
vn 0.0791 -0.9614 0.2635
vn 0.0792 -0.9596 0.2698
vn -0.9999 -0.0056 0.0135
vn -0.9998 -0.0192 -0.0004
vn 0.0792 -0.9597 0.2698
vn 0.0430 -0.9625 0.2680
vn -1.0000 0.0020 0.0064
vn 0.0429 -0.9624 0.2681
vn -0.9999 -0.0022 -0.0165
vn -0.1771 0.9486 -0.2622
vn -0.1737 0.9499 -0.2598
vn 0.9999 0.0073 -0.0143
vn 0.9997 0.0245 -0.0017
vn -0.1736 0.9499 -0.2599
vn -0.1520 0.9528 -0.2627
vn 1.0000 -0.0004 -0.0084
vn 0.9998 -0.0083 0.0169
vn 0.0167 -0.9648 0.2625
vn 0.0769 -0.9606 0.2671
vn 0.9999 -0.0094 -0.0059
vn 0.9998 -0.0051 0.0177
vn 0.0768 -0.9606 0.2672
vn 0.1131 -0.9566 0.2686
vn 0.9999 -0.0018 -0.0117
vn 0.9999 -0.0095 -0.0058
vn 0.9997 0.0119 -0.0229
vn -0.0000 -0.0000 1.0000
vn 0.0001 -0.0000 1.0000
vn 1.0000 -0.0000 -0.0000
vn -1.0000 0.0002 -0.0000
vn -1.0000 -0.0000 -0.0000
vn 0.0305 0.9991 -0.0305
vn -0.0305 0.9991 -0.0304
vn -0.0305 0.9991 0.0304
vn 0.0305 0.9991 0.0304
vn 0.0001 -0.0002 -1.0000
vn -0.0000 -0.0000 -1.0000
vn -0.0001 -0.0000 -1.0000
vn -0.0000 -0.0003 1.0000
vn -0.0000 -0.0001 1.0000
vn -1.0000 0.0001 -0.0000
vn -1.0000 -0.0000 -0.0001
vn 0.0304 0.9991 -0.0305
vn -0.0304 0.9991 -0.0304
vn -0.0304 0.9991 0.0305
vn -0.0000 0.0002 1.0000
vn -0.0000 0.0001 1.0000
vn -1.0000 -0.0003 -0.0000
vn 0.0304 0.9991 -0.0304
vn -0.0304 0.9991 0.0304
vn 0.0304 0.9991 0.0304
vn 1.0000 -0.0001 -0.0000
vn -1.0000 -0.0002 -0.0000
vn -0.0001 -0.0000 1.0000
vn 1.0000 -0.0000 0.0001
vn -0.0000 -0.0002 -1.0000
vn 0.0001 -0.0001 1.0000
vn 1.0000 -0.0001 -0.0001
vn 0.0305 0.9991 0.0305
vn -0.0000 -0.0001 -1.0000
vn 1.0000 -0.0000 -0.0001
vn 1.0000 -0.0002 -0.0000
vn 1.0000 -0.0003 -0.0000
vn -1.0000 -0.0004 -0.0000
vn -0.0000 -0.0002 1.0000
vn -0.0000 0.0003 -1.0000
vn -1.0000 0.0001 0.0001
vn -1.0000 -0.0000 0.0001
vn -0.0090 1.0000 -0.0000
vn -0.0034 1.0000 -0.0000
vn 0.0015 -0.9952 0.0983
vn 0.0010 -0.9935 0.1139
vn -0.0040 -0.0073 -1.0000
vn 0.0023 -0.9990 0.0441
vn 0.0009 0.9954 -0.0961
vn -0.0009 0.9954 -0.0962
vn -0.9978 -0.0118 0.0659
vn -0.9979 0.0068 0.0646
vn -0.9991 0.0072 -0.0414
vn -0.9991 -0.0114 -0.0402
vn -0.0018 0.0129 -0.9999
vn 0.0109 -0.0468 -0.9988
vn 0.0045 0.9983 -0.0573
vn 0.0027 0.0090 1.0000
vn -0.0009 -0.0035 1.0000
vn -0.0097 0.0454 0.9989
vn 0.0045 0.9983 -0.0574
vn 0.0012 0.9954 -0.0961
vn 0.0010 0.9954 -0.0961
vn 0.0027 0.0091 1.0000
vn -1.0000 0.0096 0.0027
vn -1.0000 -0.0026 0.0006
vn 0.9753 -0.1022 0.1956
vn 0.9777 -0.0832 0.1927
vn 0.9550 -0.0869 0.2836
vn 0.9524 -0.1054 0.2859
vn 0.0001 -0.9853 0.1708
vn 0.0022 -0.9990 0.0441
vn -0.0000 1.0000 -0.0000
vn -0.0000 1.0000 0.0041
vn -0.0983 -0.9952 0.0015
vn -0.1139 -0.9935 0.0010
vn 1.0000 0.0058 -0.0012
vn -0.1940 -0.9810 -0.0000
vn 0.0962 0.9953 -0.0058
vn 0.0963 0.9954 0.0001
vn -0.0659 -0.0118 -0.9978
vn -0.0646 0.0068 -0.9979
vn 0.0414 0.0072 -0.9991
vn 0.0402 -0.0114 -0.9991
vn 1.0000 -0.0017 0.0004
vn 0.9999 -0.0136 -0.0039
vn 0.0594 0.9982 -0.0022
vn -1.0000 -0.0042 -0.0001
vn -1.0000 -0.0042 -0.0002
vn 1.0000 0.0096 -0.0027
vn 1.0000 -0.0026 -0.0006
vn 0.0348 -0.0506 0.9981
vn 0.0369 -0.0322 0.9988
vn -0.0700 -0.0300 0.9971
vn -0.0721 -0.0484 0.9962
vn -0.1708 -0.9853 0.0001
vn -0.0000 1.0000 -0.0041
vn 0.0983 -0.9952 -0.0015
vn 0.1139 -0.9935 -0.0010
vn -1.0000 0.0058 0.0013
vn 0.1940 -0.9810 -0.0000
vn -0.0962 0.9953 0.0058
vn -0.0963 0.9954 -0.0001
vn 0.0659 -0.0118 0.9978
vn 0.0646 0.0067 0.9979
vn -0.0414 0.0072 0.9991
vn -0.0402 -0.0114 0.9991
vn -1.0000 -0.0017 -0.0004
vn -0.9999 -0.0136 0.0039
vn -0.0594 0.9982 0.0022
vn 1.0000 -0.0042 0.0001
vn -0.0962 0.9953 0.0059
vn 1.0000 -0.0042 0.0002
vn -0.0775 0.3580 -0.9305
vn -1.0000 0.0057 0.0012
vn -0.0348 -0.0506 -0.9981
vn -0.0369 -0.0322 -0.9988
vn 0.0701 -0.0300 -0.9971
vn 0.0721 -0.0484 -0.9962
vn 0.1708 -0.9853 -0.0001
vn 0.0090 1.0000 -0.0000
vn 0.0035 1.0000 -0.0000
vn 0.0034 1.0000 -0.0000
vn -0.0015 -0.9952 -0.0983
vn -0.0010 -0.9935 -0.1139
vn 0.0040 -0.0073 1.0000
vn 0.0347 -0.9988 -0.0340
vn -0.0364 0.9948 0.0956
vn -0.0366 0.9947 0.0956
vn -0.0348 0.9948 0.0956
vn 0.9978 -0.0118 -0.0659
vn 0.9979 0.0068 -0.0646
vn 0.9991 0.0072 0.0414
vn 0.9991 -0.0114 0.0402
vn 0.0112 0.0131 0.9999
vn -0.0311 -0.0451 0.9985
vn -0.0177 0.0144 0.9997
vn -0.0183 0.0145 0.9997
vn -0.0231 0.9997 -0.0001
vn -0.0310 0.9979 0.0573
vn -0.0300 0.9979 0.0573
vn -0.0027 0.0090 -1.0000
vn 0.0872 0.3142 -0.9453
vn 0.0766 0.3270 -0.9419
vn 0.1005 0.3627 -0.9265
vn 0.0121 0.9983 0.0576
vn 0.0126 0.9983 0.0576
vn 0.0155 0.9952 0.0964
vn -0.0186 0.0407 -0.9990
vn -0.0186 0.0406 -0.9990
vn -0.0311 0.0037 -0.9995
vn -0.0304 0.0039 -0.9995
vn 0.0173 -0.0077 0.9998
vn 0.0314 -0.0088 0.9995
vn 0.0306 -0.0090 0.9995
vn 0.0164 -0.0485 0.9987
vn -0.9753 -0.1022 -0.1956
vn -0.9777 -0.0832 -0.1927
vn -0.9550 -0.0869 -0.2835
vn -0.9524 -0.1054 -0.2859
vn -0.0143 -0.9824 -0.1860
vn -0.0145 -0.9825 -0.1859
vn -0.0185 -0.9980 -0.0603
vn -0.0162 -0.9981 -0.0588
vn 0.0222 -0.9962 -0.0845
vn 0.0225 -0.9962 -0.0842
vn 0.0228 -0.9897 -0.1414
vn 0.0224 -0.9897 -0.1416
vn 0.0046 1.0000 -0.0000
vn 0.0123 0.9999 -0.0000
vn -0.0201 -0.9954 0.0933
vn -0.0206 -0.9938 0.1089
vn -0.0207 -0.9938 0.1089
vn 0.0100 -0.0145 -0.9998
vn 0.0123 -0.9819 0.1891
vn 0.0122 -0.9819 0.1891
vn 0.0131 -0.9831 0.1827
vn -0.0089 0.9953 -0.0963
vn -0.0087 0.9953 -0.0962
vn -0.0107 0.9953 -0.0963
vn -0.9969 -0.0402 0.0675
vn -0.9976 -0.0212 0.0661
vn -0.9990 -0.0222 -0.0398
vn -0.9984 -0.0413 -0.0385
vn -0.0161 -0.0082 -0.9998
vn 0.0362 -0.0447 -0.9983
vn 0.0269 -0.0046 -0.9996
vn 0.0267 -0.0048 -0.9996
vn -0.0357 0.9994 0.0001
vn -0.0242 0.9981 -0.0573
vn -0.0248 0.9980 -0.0573
vn -0.0115 0.0170 0.9998
vn -0.0249 -0.0052 0.9997
vn -0.0245 -0.0053 0.9997
vn -0.0339 0.0482 0.9983
vn 0.0187 0.9982 -0.0571
vn 0.0180 0.9982 -0.0571
vn 0.0152 0.9953 -0.0959
vn 0.0153 0.9953 -0.0959
vn 0.0067 0.0418 0.9991
vn 0.0066 0.0419 0.9991
vn 0.0173 0.0133 0.9998
vn 0.0179 0.0130 0.9998
vn 0.0003 -0.0080 -1.0000
vn -0.0180 -0.0151 -0.9997
vn -0.0187 -0.0151 -0.9997
vn -0.0046 -0.0475 -0.9989
vn 0.9600 0.0787 0.2688
vn 0.9603 0.0984 0.2610
vn 0.9290 0.0895 0.3590
vn 0.9278 0.0702 0.3664
vn -0.0158 -0.9880 0.1534
vn -0.0155 -0.9880 0.1535
vn -0.0146 -0.9857 0.1680
vn -0.0148 -0.9857 0.1681
vn 0.0314 -0.9878 0.1524
vn 0.0312 -0.9878 0.1528
vn 0.0306 -0.9774 0.2093
vn 0.0308 -0.9774 0.2090
vn -0.0176 0.9998 -0.0000
vn -0.0130 0.9999 -0.0000
vn 0.0260 -0.9954 -0.0919
vn 0.0160 -0.9939 -0.1094
vn -0.0047 -0.0076 1.0000
vn -0.0012 -0.9827 -0.1853
vn -0.0020 -0.9839 -0.1789
vn -0.0010 0.9954 0.0961
vn 0.0009 0.9954 0.0962
vn 0.9978 -0.0118 -0.0658
vn 0.9991 0.0072 0.0415
vn -0.0013 -0.0069 1.0000
vn -0.0109 -0.0468 0.9988
vn -0.0045 0.9983 0.0573
vn 0.0061 0.0097 -0.9999
vn 0.0097 0.0454 -0.9989
vn -0.0045 0.9983 0.0574
vn -0.0011 0.9954 0.0961
vn -0.0012 0.9954 0.0961
vn 0.0060 0.0097 -0.9999
vn -0.0048 -0.0076 1.0000
vn -0.9600 0.0787 -0.2687
vn -0.9603 0.0984 -0.2609
vn -0.9290 0.0895 -0.3590
vn -0.9278 0.0702 -0.3663
vn -0.0001 -0.9853 -0.1708
vn 0.9524 -0.1055 0.2860
vn -0.0010 -0.0034 1.0000
vn -0.0008 -0.0035 1.0000
vn 0.9550 -0.0869 0.2835
vn -0.0009 0.9954 -0.0961
vn 0.0014 -0.9952 0.0982
vn -0.0089 1.0000 -0.0000
vn -0.9979 0.0068 0.0647
vn -0.0017 0.0128 -0.9999
vn 0.9753 -0.1021 0.1957
vn 0.9777 -0.0832 0.1928
vn -0.0016 0.0131 -0.9999
vn -0.0040 -0.0074 -1.0000
vn -0.9991 0.0073 -0.0415
vn -0.0721 -0.0483 0.9962
vn -1.0000 0.0097 0.0026
vn -0.0701 -0.0299 0.9971
vn 0.0963 0.9954 -0.0000
vn -0.0646 0.0067 -0.9979
vn 0.9999 -0.0137 -0.0039
vn -0.1941 -0.9810 0.0001
vn 0.0964 0.9953 0.0002
vn 0.0369 -0.0324 0.9988
vn 0.9999 -0.0138 -0.0040
vn 0.0402 -0.0113 -0.9991
vn 0.1939 -0.9810 -0.0001
vn 0.0720 -0.0482 -0.9962
vn 1.0000 0.0095 -0.0029
vn 0.9999 0.0097 -0.0026
vn 0.0703 -0.0297 -0.9971
vn -0.0965 0.9953 0.0001
vn 1.0000 -0.0042 -0.0002
vn 0.0664 -0.0121 0.9977
vn 0.0981 -0.9952 -0.0017
vn -0.0002 1.0000 -0.0000
vn 0.0645 0.0068 0.9979
vn 1.0000 -0.0039 0.0002
vn -0.9999 -0.0135 0.0038
vn -0.0346 -0.0505 -0.9981
vn 0.1938 -0.9810 -0.0001
vn -0.0964 0.9953 -0.0000
vn -0.0369 -0.0321 -0.9988
vn -0.9999 -0.0137 0.0040
vn 0.0982 -0.9952 -0.0015
vn -0.0405 -0.0114 0.9991
vn -1.0000 0.0060 0.0011
vn -1.0000 0.0058 0.0012
vn -0.0023 -0.9990 -0.0441
vn 0.0009 -0.0036 -1.0000
vn 0.0007 -0.0033 -1.0000
vn 0.0010 0.9953 0.0963
vn -0.0024 0.0087 -1.0000
vn 0.9978 -0.0116 -0.0656
vn -0.0014 -0.9952 -0.0981
vn 0.0089 1.0000 0.0003
vn -0.0025 0.0093 -1.0000
vn 0.0016 0.0127 0.9999
vn -0.9753 -0.1020 -0.1959
vn -0.0024 -0.9990 -0.0441
vn 0.0009 0.9953 0.0964
vn -0.9777 -0.0831 -0.1927
vn 0.0019 0.0127 0.9999
vn -0.0017 -0.9951 -0.0985
vn 0.9991 -0.0115 0.0403
vn 0.0041 -0.0075 1.0000
vn 0.0090 1.0000 0.0001
vn 0.0041 -0.0074 1.0000
vn 0.0021 -0.9839 0.1788
vn 0.9279 0.0702 0.3662
vn -0.0002 -0.0081 1.0000
vn -0.0003 -0.0082 1.0000
vn 0.9290 0.0892 0.3591
vn -0.0007 0.9954 -0.0959
vn 0.0011 0.0164 0.9999
vn 0.0015 -0.9951 0.0984
vn -0.0146 0.9999 -0.0000
vn -0.9976 -0.0212 0.0662
vn 0.0012 0.0163 0.9999
vn 0.0012 -0.0068 -1.0000
vn 0.9600 0.0787 0.2687
vn 0.0021 -0.9839 0.1789
vn -0.0008 0.9954 -0.0963
vn 0.9603 0.0983 0.2609
vn 0.0012 -0.0070 -1.0000
vn -0.9984 -0.0413 -0.0384
vn -0.0026 -0.0144 -0.9999
vn -0.0146 0.9999 0.0001
vn -0.0025 -0.0143 -0.9999
vn -0.9990 -0.0222 -0.0399
vn -0.0020 -0.9839 -0.1788
vn 0.0002 -0.0081 -1.0000
vn 0.0010 0.9954 0.0961
vn 0.0062 0.0096 -0.9999
vn 0.9978 -0.0119 -0.0657
vn 0.0259 -0.9954 -0.0919
vn -0.0177 0.9998 -0.0001
vn 0.9979 0.0069 -0.0648
vn 0.0059 0.0096 -0.9999
vn -0.0012 -0.0070 1.0000
vn -0.0021 -0.9839 -0.1790
vn 0.0010 0.9954 0.0962
vn -0.9603 0.0985 -0.2609
vn 0.0259 -0.9954 -0.0920
vn 0.9991 -0.0114 0.0401
vn -0.0045 -0.0076 1.0000
vn -0.0178 0.9998 0.0001
vn -0.0050 -0.0077 1.0000
vn 0.9991 0.0075 0.0416
vn -0.0010 -0.0035 1.0000
vn -0.9978 -0.0119 0.0659
vn 0.0015 -0.9952 0.0982
vn -0.9991 -0.0113 -0.0402
vn -0.9991 0.0072 -0.0415
vn -0.9979 0.0067 0.0646
vn -0.0041 -0.0074 -1.0000
vn 0.0011 0.9954 -0.0961
vn -0.0018 0.0128 -0.9999
vn 0.9777 -0.0832 0.1926
vn 0.9753 -0.1023 0.1956
vn -0.0019 0.0129 -0.9999
vn 0.9754 -0.1022 0.1955
vn -0.0008 0.9954 -0.0962
vn 0.9777 -0.0831 0.1927
vn 0.0014 -0.9952 0.0983
vn 0.0009 -0.9935 0.1139
vn -0.0009 -0.0036 1.0000
vn -0.0096 0.0454 0.9989
vn 0.0046 0.9983 -0.0573
vn 0.0109 -0.0469 -0.9988
vn -0.0041 -0.0073 -1.0000
vn -0.1941 -0.9810 -0.0000
vn -0.0722 -0.0484 0.9962
vn -0.0701 -0.0300 0.9971
vn -1.0000 -0.0046 -0.0001
vn -0.0982 -0.9952 0.0015
vn -0.0003 1.0000 -0.0000
vn 0.0414 0.0073 -0.9991
vn 0.0963 0.9953 -0.0058
vn 0.9999 -0.0137 -0.0040
vn 0.0369 -0.0323 0.9988
vn 0.0963 0.9954 0.0002
vn -0.0700 -0.0301 0.9971
vn -0.1138 -0.9935 0.0009
vn -0.1708 -0.9853 0.0002
vn -1.0000 -0.0026 0.0005
vn 0.0962 0.9954 0.0001
vn 0.0962 0.9953 -0.0059
vn 1.0000 -0.0017 0.0005
vn -0.1138 -0.9935 0.0010
vn 1.0000 0.0058 -0.0013
vn -0.0000 1.0000 0.0042
vn 0.0594 0.9982 -0.0023
vn 1.0000 -0.0016 0.0004
vn 1.0000 0.0096 -0.0028
vn 0.0700 -0.0300 -0.9971
vn 1.0000 0.0095 -0.0027
vn 0.0648 0.0067 0.9979
vn 0.0660 -0.0118 0.9977
vn 1.0000 -0.0043 -0.0000
vn 1.0000 -0.0046 -0.0000
vn 0.0983 -0.9952 -0.0014
vn 0.0982 -0.9952 -0.0014
vn -0.0402 -0.0113 0.9991
vn -0.0000 1.0000 -0.0002
vn 0.0001 1.0000 -0.0002
vn -0.0415 0.0074 0.9991
vn 0.0646 0.0069 0.9979
vn -0.0414 0.0073 0.9991
vn 0.1138 -0.9935 -0.0010
vn -1.0000 0.0057 0.0013
vn -0.0963 0.9953 0.0058
vn -0.9999 -0.0137 0.0039
vn -1.0000 -0.0018 -0.0004
vn -0.0370 -0.0323 -0.9988
vn -0.9999 -0.0136 0.0040
vn -0.0347 -0.0506 -0.9981
vn 0.0722 -0.0484 -0.9962
vn -0.0964 0.9953 -0.0001
vn -0.0963 0.9953 -0.0001
vn -0.0368 -0.0323 -0.9988
vn 0.1708 -0.9853 -0.0002
vn -0.0963 0.9953 0.0057
vn 1.0000 -0.0025 -0.0006
vn 0.9999 0.0096 -0.0028
vn -0.0961 0.9953 0.0058
vn 1.0000 -0.0027 -0.0006
vn 1.0000 -0.0027 -0.0005
vn -0.0592 0.9982 0.0022
vn 0.0002 1.0000 -0.0041
vn 1.0000 -0.0044 0.0001
vn 1.0000 -0.0028 -0.0006
vn 0.1941 -0.9810 -0.0000
vn 0.1939 -0.9810 -0.0000
vn 0.1708 -0.9853 -0.0000
vn -1.0000 -0.0016 -0.0004
vn 0.1709 -0.9853 -0.0001
vn 0.1138 -0.9935 -0.0011
vn 0.0001 1.0000 -0.0042
vn -0.0593 0.9982 0.0022
vn -1.0000 0.0059 0.0013
vn -0.0961 0.9954 0.0058
vn -1.0000 -0.0016 -0.0003
vn 0.1572 -0.4518 0.8782
vn -0.0578 -0.1712 0.9835
vn 0.0272 -0.9898 -0.1400
vn -0.1789 -0.9083 -0.3782
vn -0.9524 -0.1054 -0.2860
vn 0.0009 -0.0035 -1.0000
vn 0.0010 -0.0035 -1.0000
vn -0.0027 0.0091 -1.0000
vn 0.9979 0.0068 -0.0647
vn 0.9977 -0.0119 -0.0660
vn -0.0028 0.0090 -1.0000
vn -0.0028 0.0091 -1.0000
vn -0.0016 -0.9952 -0.0982
vn 0.9978 -0.0119 -0.0659
vn 0.9991 -0.0115 0.0402
vn 0.0040 -0.0074 1.0000
vn 0.9991 -0.0113 0.0402
vn -0.0010 -0.9935 -0.1140
vn -0.0014 -0.9951 -0.0984
vn -0.0289 0.9949 0.0962
vn -0.0274 0.9950 0.0961
vn 0.0038 0.0131 0.9999
vn 0.0034 0.0128 0.9999
vn -0.9778 -0.0832 -0.1926
vn -0.9754 -0.1022 -0.1954
vn 0.0020 0.0128 0.9999
vn 0.0019 0.0129 0.9999
vn -0.0022 -0.9990 -0.0441
vn -0.9754 -0.1022 -0.1955
vn 0.0009 0.9954 0.0963
vn -0.9550 -0.0868 -0.2835
vn 0.0135 -0.9929 -0.1179
vn 0.0150 -0.9846 -0.1740
vn -0.0089 0.0485 -0.9988
vn -0.0229 0.0127 -0.9997
vn -0.1626 -0.3026 0.9391
vn 0.1289 -0.3255 0.9367
vn -0.0608 -0.9605 -0.2716
vn 0.1301 -0.9784 -0.1606
vn -0.0302 0.9951 0.0946
vn -0.0328 0.9950 0.0939
vn -0.0125 -0.0062 -0.9999
vn -0.0135 -0.0055 -0.9999
vn 0.0162 0.9949 0.0993
vn 0.0132 0.9981 0.0596
vn 0.0293 0.0472 -0.9985
vn 0.0194 -0.0006 -0.9998
vn -0.0301 0.9981 0.0533
vn -0.0234 0.9997 -0.0048
vn -0.0292 0.0035 -0.9996
vn -0.0175 0.0408 -0.9990
vn 0.0288 -0.9989 -0.0378
vn 0.0305 -0.9989 -0.0345
vn 0.0148 0.0229 0.9996
vn 0.0158 0.0195 0.9997
vn -0.0207 -0.9973 -0.0698
vn -0.0161 -0.9819 -0.1888
vn -0.0302 -0.0645 0.9975
vn -0.0173 -0.0140 0.9998
vn 0.0222 -0.9897 -0.1414
vn 0.0221 -0.9968 -0.0766
vn 0.0282 0.0313 0.9991
vn 0.0141 -0.0167 0.9998
vn -0.0139 0.9999 0.0007
vn -0.0206 0.9981 0.0582
vn 0.0077 -0.0474 0.9988
vn 0.0222 -0.0077 0.9997
vn 0.0066 0.9983 0.0577
vn 0.0094 0.9953 0.0964
vn -0.0117 0.0126 0.9999
vn -0.0247 -0.0469 0.9986
vn 0.0135 -0.9819 0.1892
vn 0.0142 -0.9833 0.1814
vn 0.0161 -0.0051 0.9999
vn 0.0163 -0.0038 0.9999
vn 0.9278 0.0702 0.3663
vn 0.9291 0.0894 0.3589
vn -0.0002 -0.0080 1.0000
vn -0.0003 -0.0080 1.0000
vn 0.0072 1.0000 0.0001
vn -0.0007 1.0000 0.0002
vn -0.0059 0.0160 0.9999
vn -0.0058 0.0162 0.9999
vn -0.9976 -0.0211 0.0662
vn 0.0012 0.0162 0.9999
vn -0.9969 -0.0402 0.0674
vn -0.0146 0.9999 -0.0001
vn -0.9984 -0.0412 -0.0385
vn -0.0143 -0.9935 0.1133
vn -0.0143 -0.9952 0.0970
vn 0.0045 -0.0131 -0.9999
vn 0.0048 -0.0138 -0.9999
vn -0.0099 0.9952 -0.0973
vn -0.0122 0.9952 -0.0970
vn -0.0148 -0.0079 -0.9999
vn -0.0152 -0.0083 -0.9999
vn 0.9604 0.0985 0.2608
vn 0.9600 0.0787 0.2686
vn 0.0011 -0.0069 -1.0000
vn 0.9278 0.0703 0.3664
vn -0.0009 0.9954 -0.0963
vn 0.9603 0.0984 0.2609
vn -0.0188 -0.9953 0.0950
vn -0.0197 -0.9935 0.1117
vn -0.0134 0.0144 0.9998
vn -0.0134 0.0131 0.9998
vn 0.0300 -0.9894 0.1423
vn 0.0297 -0.9809 0.1924
vn 0.0102 0.0676 0.9977
vn 0.0201 0.0450 0.9988
vn -0.0165 -0.9876 0.1564
vn -0.0153 -0.9862 0.1649
vn -0.0235 -0.0280 0.9993
vn -0.0325 0.0313 0.9990
vn -0.0062 0.9954 -0.0959
vn -0.0040 0.9954 -0.0959
vn 0.0128 -0.0081 0.9999
vn 0.0129 -0.0082 0.9999
vn 0.0087 0.9953 -0.0964
vn 0.0114 0.9983 -0.0574
vn -0.0283 0.0457 0.9986
vn -0.0188 -0.0074 0.9998
vn -0.0177 0.9982 -0.0580
vn -0.0280 0.9996 -0.0007
vn 0.0097 0.0172 0.9998
vn -0.0017 0.0460 0.9989
vn 0.0076 -0.9841 0.1777
vn 0.0075 -0.9830 0.1834
vn -0.0113 -0.0050 -0.9999
vn -0.0117 -0.0057 -0.9999
vn -0.0087 -0.9814 0.1915
vn -0.0106 -0.9845 0.1750
vn 0.0276 -0.0513 -0.9983
vn 0.0202 -0.0134 -0.9997
vn 0.0199 -0.9836 0.1791
vn 0.0229 -0.9920 0.1244
vn -0.0105 -0.0253 -0.9996
vn 0.0013 -0.0553 -0.9985
vn 0.0035 1.0000 -0.0004
vn 0.0112 0.9999 -0.0000
vn 0.0110 -0.0144 -0.9998
vn 0.0110 -0.0147 -0.9998
vn -0.0336 0.9994 -0.0013
vn -0.0228 0.9981 -0.0576
vn -0.0068 -0.0472 -0.9989
vn -0.0207 -0.0162 -0.9997
vn 0.0196 0.9982 -0.0559
vn 0.0168 0.9954 -0.0940
vn 0.0251 -0.0052 -0.9997
vn 0.0337 -0.0459 -0.9984
vn 0.0002 -0.0080 -1.0000
vn -0.9278 0.0702 -0.3665
vn -0.9290 0.0894 -0.3591
vn -0.0131 0.9999 -0.0000
vn 0.9979 0.0068 -0.0648
vn 0.9977 -0.0118 -0.0661
vn 0.0058 0.0096 -0.9999
vn 0.0059 0.0097 -0.9999
vn 0.9978 -0.0119 -0.0658
vn -0.0178 0.9998 -0.0000
vn -0.0177 0.9998 -0.0000
vn 0.9991 0.0074 0.0415
vn 0.9979 0.0069 -0.0646
vn -0.0046 -0.0076 1.0000
vn 0.0159 -0.9939 -0.1094
vn -0.9600 0.0787 -0.2688
vn -0.0013 -0.0068 1.0000
vn -0.0012 -0.0068 1.0000
vn -0.0021 -0.9839 -0.1789
vn -0.9278 0.0702 -0.3664
vn 0.0009 0.9954 0.0961
vn -0.9603 0.0985 -0.2610
vn 0.0096 0.0454 -0.9989
vn -0.0012 -0.0069 1.0000
vn -0.0000 -0.9853 -0.1708
vn -0.0110 -0.0468 0.9988
vn -0.0130 0.9999 -0.0001
vn -0.0048 -0.0075 1.0000
vn -0.0117 0.9999 0.0037
vn -0.0224 0.9997 -0.0001
vn 0.0117 -0.9999 -0.0037
vn 0.0224 -0.9997 0.0001
vn -0.0000 -0.0376 -0.9993
vn -0.0000 0.0376 -0.9993
vn -1.0000 -0.0000 0.0025
vn -1.0000 0.0001 0.0025
vn -0.9999 -0.0000 0.0152
vn -0.0249 -0.0374 0.9990
vn -0.0264 0.0374 0.9990
vn -0.0474 0.0374 0.9982
vn -0.0458 -0.0374 0.9983
vn -0.0000 0.9998 0.0221
vn -0.0000 -0.9998 -0.0221
vn -0.0004 -1.0000 0.0002
vn -0.0007 -0.9998 -0.0177
vn -0.0011 1.0000 0.0007
vn -0.0011 1.0000 0.0006
vn 0.0007 0.9998 0.0177
vn -0.0000 -0.0375 -0.9993
vn 0.9992 0.0401 0.0011
vn 0.9999 -0.0000 0.0126
vn 0.9970 0.0775 0.0047
vn -0.0032 1.0000 -0.0007
vn -0.9991 0.0381 -0.0191
vn -0.9856 0.1691 0.0042
vn -0.9856 0.1691 0.0041
vn 0.9970 0.0775 0.0048
vn 0.0958 -0.0374 0.9947
vn 0.0957 0.0373 0.9947
vn 0.0759 0.0374 0.9964
vn 0.0759 -0.0375 0.9964
vn -0.0000 -1.0000 -0.0000
vn -0.0132 0.9993 0.0344
vn -0.0222 0.9994 -0.0264
vn 0.9885 0.1450 -0.0435
vn 0.9609 0.2731 -0.0464
vn 0.9907 0.1356 -0.0128
vn 0.9999 0.0053 -0.0109
vn 0.0004 -1.0000 0.0001
vn 0.0004 -1.0000 -0.0000
vn 0.0140 -0.9999 0.0053
vn -0.0196 0.9998 0.0016
vn -0.0186 0.9998 0.0010
vn -0.0275 0.9995 -0.0132
vn -0.0112 -0.1342 -0.9909
vn -0.0100 -0.0068 -0.9999
vn 0.0106 -0.0062 -0.9999
vn 0.0091 -0.1338 -0.9910
vn 0.9971 0.0755 0.0018
vn 0.0168 -0.9997 0.0170
vn -0.0598 -0.9981 0.0171
vn -0.4785 -0.0637 0.8758
vn -0.4825 0.0452 0.8747
vn -0.4980 0.0438 0.8661
vn -0.4949 -0.0651 0.8665
vn -0.9898 0.1425 -0.0085
vn -1.0000 -0.0064 -0.0073
vn -0.9638 0.2648 -0.0313
vn -0.9918 0.1234 -0.0341
vn 0.9938 0.0791 0.0777
vn 0.9938 0.0790 0.0776
vn 0.9920 0.1119 0.0588
vn -0.0041 0.9999 -0.0121
vn -0.0000 0.9999 -0.0124
vn -0.0305 0.9995 -0.0010
vn -0.0203 0.9998 0.0005
vn -0.0044 0.9997 -0.0255
vn 0.0096 0.9999 0.0049
vn 0.0096 0.9999 0.0050
vn -0.0125 0.9999 0.0036
vn -0.0190 0.9998 0.0054
vn -0.1456 0.9884 0.0427
vn -0.0379 0.9988 0.0325
vn 0.9989 0.0438 0.0145
vn 0.9989 -0.0438 0.0145
vn -0.0489 -0.0431 -0.9979
vn -0.0488 0.0430 -0.9979
vn -0.0004 0.0444 -0.9990
vn 0.0014 -0.0445 -0.9990
vn 0.0176 -0.0555 0.9983
vn 0.0177 0.0554 0.9983
vn -0.0167 0.0549 0.9984
vn -0.0167 -0.0550 0.9983
vn -0.0204 0.9998 0.0005
vn -0.0495 0.9987 0.0158
vn -0.0271 0.9995 0.0158
vn -0.0217 0.9998 -0.0050
vn -0.0125 0.9999 -0.0029
vn 0.0006 -0.0518 -0.9987
vn 0.0017 0.0482 -0.9988
vn 0.0190 0.0564 -0.9982
vn 0.0203 -0.0431 -0.9989
vn 0.9945 0.1050 -0.0071
vn 0.9982 0.0597 -0.0040
vn 0.9982 0.0596 -0.0040
vn -0.0000 -0.9995 0.0319
vn -0.0000 -1.0000 0.0067
vn -0.0000 -1.0000 -0.0035
vn -0.0000 0.9998 -0.0184
vn -0.0000 -0.9998 0.0184
vn -0.0000 -0.9999 -0.0158
vn -0.0000 -0.9999 -0.0125
vn -0.5520 -0.0526 0.8322
vn -0.5582 0.0518 0.8281
vn -0.6265 0.0506 0.7778
vn -0.6213 -0.0515 0.7819
vn 0.0197 -0.9998 0.0024
vn 0.0067 -1.0000 0.0005
vn -0.9970 0.0771 -0.0047
vn -0.9879 0.1553 0.0024
vn -0.9879 0.1553 0.0025
vn -0.9879 0.1548 0.0116
vn 0.0018 -0.0468 -0.9989
vn 0.0048 0.0467 -0.9989
vn -0.0000 0.9995 -0.0319
vn -0.0116 0.9998 0.0166
vn -0.0023 1.0000 -0.0028
vn -0.0000 -0.9999 -0.0124
vn -0.0000 -0.9999 -0.0159
vn 0.0332 0.9992 -0.0223
vn 0.9513 0.3080 -0.0164
vn 0.9944 0.1050 -0.0071
vn -0.0139 -0.9998 0.0156
vn -0.0139 -0.9998 0.0133
vn -0.0279 -0.9993 0.0268
vn -0.0280 -0.9991 0.0314
vn -0.9961 -0.0464 0.0746
vn -0.9960 0.0455 0.0768
vn -0.0001 0.9998 0.0208
vn -0.9459 -0.0181 0.3240
vn -0.9459 0.0180 0.3240
vn -0.9486 0.0189 0.3159
vn -0.9486 -0.0190 0.3159
vn -0.0000 -0.9999 0.0124
vn 0.0157 -0.9998 0.0112
vn -0.0040 0.9999 -0.0121
vn -0.0001 -0.9998 0.0208
vn 0.9486 -0.0199 0.3159
vn 0.9486 0.0198 0.3159
vn 0.9458 0.0191 0.3241
vn 0.9458 -0.0192 0.3241
vn 0.0014 -0.0444 -0.9990
vn 0.0068 -1.0000 0.0005
vn -0.0277 0.9995 0.0149
vn -0.0284 0.9994 0.0179
vn -0.0394 0.9989 0.0254
vn -0.0392 0.9989 0.0240
vn 0.0078 0.9999 -0.0079
vn -0.0066 1.0000 -0.0023
vn -0.0288 0.9995 0.0151
vn -0.0212 0.9997 0.0118
vn 0.0119 0.9988 -0.0480
vn 0.0119 0.9986 -0.0507
vn 0.0281 0.9989 -0.0382
vn 0.0280 0.9990 -0.0337
vn 0.0120 0.9981 -0.0610
vn 0.0120 0.9979 -0.0639
vn 0.0285 0.9977 -0.0609
vn 0.0284 0.9980 -0.0563
vn 0.4156 -0.0074 -0.9095
vn 0.4166 0.0690 -0.9065
vn 0.4582 0.0998 -0.8832
vn 0.4584 0.0235 -0.8884
vn 0.0005 -0.0331 0.9995
vn 0.0042 0.0331 0.9994
vn -0.0339 0.0337 0.9989
vn -0.0376 -0.0337 0.9987
vn 0.9972 0.0746 -0.0076
vn -0.0394 0.9989 0.0255
vn -0.0438 0.9988 0.0214
vn -0.0437 0.9988 0.0224
vn -0.0366 0.9993 -0.0105
vn -0.0366 0.9993 -0.0104
vn -0.0306 0.9995 0.0029
vn -0.0306 0.9995 0.0038
vn -0.0146 0.9996 0.0232
vn -0.0147 0.9996 0.0249
vn -0.0039 0.9996 -0.0274
vn -0.0039 0.9996 -0.0275
vn -0.1516 0.0962 -0.9838
vn -0.1436 0.1766 -0.9738
vn -0.0785 0.1912 -0.9784
vn -0.0863 0.1086 -0.9903
vn -0.0435 0.9987 0.0262
vn -0.0434 0.9987 0.0271
vn 0.9905 0.1374 -0.0075
vn 0.9969 0.0776 -0.0109
vn 0.9986 0.0520 -0.0006
vn 0.9964 0.0846 0.0060
vn 0.9899 0.1414 0.0054
vn -0.0152 -0.9999 0.0021
vn -0.0296 -0.9996 0.0042
vn -0.0150 -0.9999 0.0021
vn -0.0075 -1.0000 0.0011
vn -0.0138 -0.9999 0.0023
vn -0.0138 -0.9999 0.0045
vn -0.0376 -0.0336 0.9987
vn -0.0719 0.0330 0.9969
vn -0.0754 -0.0330 0.9966
vn 0.0121 0.9979 -0.0638
vn 0.0120 0.9981 -0.0612
vn -0.9991 0.0399 -0.0126
vn -0.9991 0.0400 -0.0126
vn -0.9981 0.0615 0.0012
vn -0.0138 -0.9999 0.0089
vn -0.9967 0.0802 -0.0090
vn -0.9967 0.0803 -0.0090
vn -0.9725 0.2324 -0.0147
vn -0.9725 0.2325 -0.0147
vn -0.9732 0.2295 0.0131
vn -0.9732 0.2296 0.0131
vn -0.9997 0.0240 0.0074
vn -0.9998 -0.0178 -0.0028
vn -0.9998 -0.0179 -0.0028
vn -0.0242 0.9997 0.0075
vn -0.0277 0.9995 0.0148
vn -0.0392 0.9989 0.0241
vn -0.0377 0.9991 0.0205
vn 0.4409 0.1295 -0.8882
vn 0.4421 0.0534 -0.8954
vn -0.6708 -0.0202 -0.7414
vn -0.6702 0.0434 -0.7409
vn -0.6779 0.0421 -0.7339
vn -0.6786 -0.0190 -0.7343
vn -0.0039 0.9996 -0.0279
vn -0.0039 0.9996 -0.0277
vn 0.0120 0.9984 -0.0559
vn 0.0120 0.9986 -0.0506
vn -0.0039 0.9996 -0.0278
vn -0.0039 0.9996 -0.0281
vn 0.0119 0.9986 -0.0506
vn -0.0151 0.9994 0.0315
vn -0.0149 0.9995 0.0282
vn -0.0039 0.9996 -0.0280
vn -0.0151 0.9993 0.0332
vn -0.0307 0.9995 0.0076
vn -0.0307 0.9995 0.0057
vn -0.0307 0.9995 0.0086
vn -0.0363 0.9993 -0.0098
vn -0.0364 0.9993 -0.0101
vn -0.0363 0.9993 -0.0096
vn -0.0436 0.9988 0.0243
vn 0.9848 0.1735 0.0099
vn 0.9905 0.1373 -0.0075
vn 0.0283 0.9985 -0.0472
vn -1.0000 -0.0000 -0.0025
vn -0.9999 -0.0000 -0.0102
vn 0.0281 0.9989 -0.0383
vn -0.0138 -0.9999 0.0046
vn -0.0275 -0.9996 0.0046
vn -0.0276 -0.9996 0.0091
vn -0.0278 -0.9995 0.0179
vn -0.0279 -0.9992 0.0269
vn -0.0152 -0.9999 0.0022
vn -0.0117 -0.9999 -0.0037
vn -0.0224 -0.9997 0.0001
vn 0.0117 0.9999 0.0037
vn 0.0224 0.9997 -0.0001
vn -0.0000 0.0376 0.9993
vn -0.0000 -0.0376 0.9993
vn -1.0000 -0.0001 -0.0025
vn -0.9999 -0.0000 -0.0152
vn -0.0249 0.0374 -0.9990
vn -0.0264 -0.0374 -0.9990
vn -0.0474 -0.0374 -0.9982
vn -0.0458 0.0374 -0.9983
vn 0.0004 -0.9998 -0.0221
vn -0.0006 1.0000 0.0001
vn -0.0004 1.0000 0.0001
vn -0.0008 0.9998 0.0179
vn 0.0188 -0.9998 -0.0015
vn 0.0191 -0.9998 -0.0013
vn 0.0249 -0.9995 -0.0174
vn -0.0375 -0.0000 0.9993
vn -0.0000 0.0375 0.9993
vn 0.9992 -0.0401 -0.0011
vn 0.9999 -0.0000 -0.0126
vn 0.9970 -0.0775 -0.0047
vn 0.0255 -0.9994 -0.0222
vn 0.0146 -0.9999 0.0019
vn 0.0704 -0.9968 0.0386
vn 0.0102 -0.9999 0.0001
vn 0.0075 -1.0000 0.0017
vn 0.0076 -1.0000 0.0017
vn 0.0139 -0.9999 0.0013
vn 0.0244 -0.9995 0.0209
vn -0.9991 -0.0381 0.0191
vn -0.9856 -0.1691 -0.0042
vn -0.9856 -0.1691 -0.0041
vn 0.9970 -0.0775 -0.0048
vn 0.6180 0.0098 -0.7861
vn 0.5959 -0.0373 -0.8022
vn 0.5798 -0.0375 -0.8139
vn 0.5797 0.0375 -0.8139
vn -0.0004 1.0000 -0.0001
vn 0.0172 0.9997 -0.0170
vn 0.0461 0.9979 -0.0460
vn -0.0132 -0.9993 -0.0344
vn -0.0222 -0.9994 0.0264
vn 0.9885 -0.1449 0.0435
vn 0.9609 -0.2731 0.0464
vn 0.9907 -0.1356 0.0128
vn 0.9999 -0.0053 0.0109
vn 0.0137 0.9999 -0.0052
vn -0.0186 -0.9998 -0.0010
vn -0.0186 -0.9998 -0.0011
vn -0.0274 -0.9995 0.0132
vn -0.0112 0.1342 0.9909
vn -0.0100 0.0068 0.9999
vn 0.0106 0.0062 0.9999
vn 0.0091 0.1338 0.9910
vn 0.9971 -0.0755 -0.0018
vn 0.0168 0.9997 -0.0170
vn -0.0598 0.9981 -0.0171
vn 0.0217 -0.0200 -0.9996
vn 0.0192 -0.1287 -0.9915
vn 0.0010 -0.1259 -0.9920
vn 0.0034 -0.0172 -0.9998
vn -0.9898 -0.1425 0.0085
vn -1.0000 0.0064 0.0073
vn -0.9638 -0.2648 0.0313
vn -0.9918 -0.1234 0.0341
vn 0.9940 -0.1083 0.0171
vn -0.0041 -0.9999 0.0121
vn -0.0305 -0.9995 0.0010
vn -0.0204 -0.9998 -0.0005
vn -0.0044 -0.9997 0.0255
vn 0.0096 -0.9999 -0.0049
vn 0.0096 -0.9999 -0.0050
vn -0.0125 -0.9999 -0.0036
vn -0.0190 -0.9998 -0.0054
vn -0.1456 -0.9884 -0.0427
vn -0.0379 -0.9988 -0.0325
vn 0.9989 -0.0438 -0.0144
vn 0.9989 0.0438 -0.0144
vn -0.0489 0.0431 0.9979
vn -0.0488 -0.0430 0.9979
vn -0.0004 -0.0444 0.9990
vn 0.0014 0.0444 0.9990
vn 0.0176 0.0555 -0.9983
vn 0.0177 -0.0554 -0.9983
vn -0.0167 -0.0549 -0.9984
vn -0.0167 0.0550 -0.9983
vn -0.0203 -0.9998 -0.0005
vn -0.0495 -0.9987 -0.0158
vn -0.0271 -0.9995 -0.0158
vn -0.0217 -0.9998 0.0050
vn -0.0125 -0.9999 0.0029
vn 0.0006 0.0518 0.9987
vn 0.0017 -0.0482 0.9988
vn 0.0190 -0.0563 0.9982
vn 0.0203 0.0431 0.9989
vn 0.9944 -0.1050 0.0071
vn 0.9982 -0.0597 0.0040
vn 0.9982 -0.0596 0.0040
vn -0.0000 1.0000 -0.0067
vn -0.0000 1.0000 0.0035
vn -0.0000 0.9999 0.0158
vn -0.0000 0.9999 0.0125
vn -0.5520 0.0526 -0.8322
vn -0.5582 -0.0518 -0.8281
vn -0.6265 -0.0506 -0.7778
vn -0.6213 0.0515 -0.7819
vn 0.0197 0.9998 -0.0024
vn 0.0067 1.0000 -0.0005
vn -0.9970 -0.0771 0.0047
vn -0.9879 -0.1553 -0.0024
vn -0.9879 -0.1553 -0.0025
vn -0.9879 -0.1548 -0.0116
vn 0.0068 1.0000 -0.0005
vn -0.0000 0.9999 0.0159
vn 0.0018 0.0468 0.9989
vn 0.0048 -0.0467 0.9989
vn -0.0116 -0.9998 -0.0166
vn -0.0023 -1.0000 0.0028
vn -0.0000 0.9999 0.0124
vn 0.0332 -0.9992 0.0223
vn 0.9513 -0.3080 0.0164
vn 0.9945 -0.1050 0.0071
vn -0.0139 0.9998 -0.0156
vn -0.0139 0.9998 -0.0133
vn -0.0279 0.9993 -0.0268
vn -0.0280 0.9991 -0.0314
vn -0.9961 0.0464 -0.0746
vn -0.9960 -0.0455 -0.0768
vn -0.0001 -0.9998 -0.0208
vn -0.9459 0.0181 -0.3240
vn -0.9459 -0.0180 -0.3240
vn -0.9486 -0.0189 -0.3159
vn -0.9486 0.0190 -0.3159
vn 0.0157 0.9998 -0.0112
vn -0.0040 -0.9999 0.0121
vn -0.0001 0.9998 -0.0208
vn 0.9486 0.0199 -0.3159
vn 0.9486 -0.0198 -0.3159
vn 0.9458 -0.0191 -0.3241
vn 0.9458 0.0192 -0.3241
vn -0.0277 -0.9995 -0.0149
vn -0.0284 -0.9994 -0.0179
vn -0.0394 -0.9989 -0.0254
vn -0.0392 -0.9989 -0.0241
vn 0.0078 -0.9999 0.0079
vn -0.0066 -1.0000 0.0023
vn -0.0288 -0.9995 -0.0151
vn -0.0212 -0.9997 -0.0118
vn 0.0119 -0.9988 0.0480
vn 0.0119 -0.9986 0.0507
vn 0.0281 -0.9989 0.0382
vn 0.0280 -0.9990 0.0337
vn 0.0120 -0.9981 0.0610
vn 0.0120 -0.9979 0.0639
vn 0.0285 -0.9977 0.0609
vn 0.0284 -0.9980 0.0563
vn 0.4156 0.0074 0.9095
vn 0.4166 -0.0690 0.9065
vn 0.4582 -0.0998 0.8832
vn 0.4584 -0.0235 0.8884
vn 0.0005 0.0331 -0.9995
vn 0.0041 -0.0331 -0.9994
vn -0.0339 -0.0337 -0.9989
vn -0.0376 0.0337 -0.9987
vn 0.9972 -0.0746 0.0076
vn -0.0392 -0.9989 -0.0240
vn -0.0394 -0.9989 -0.0255
vn -0.0438 -0.9988 -0.0214
vn -0.0437 -0.9988 -0.0224
vn -0.0366 -0.9993 0.0105
vn -0.0366 -0.9993 0.0104
vn -0.0306 -0.9995 -0.0029
vn -0.0306 -0.9995 -0.0038
vn -0.0146 -0.9996 -0.0232
vn -0.0147 -0.9996 -0.0249
vn -0.0039 -0.9996 0.0274
vn -0.0039 -0.9996 0.0275
vn -0.1516 -0.0962 0.9838
vn -0.1436 -0.1766 0.9738
vn -0.0785 -0.1912 0.9784
vn -0.0863 -0.1086 0.9903
vn -0.0435 -0.9987 -0.0262
vn -0.0434 -0.9987 -0.0271
vn 0.9905 -0.1374 0.0075
vn 0.9969 -0.0776 0.0109
vn 0.9986 -0.0520 0.0006
vn 0.9964 -0.0846 -0.0060
vn 0.9899 -0.1414 -0.0054
vn 0.9899 -0.1413 -0.0054
vn -0.0152 0.9999 -0.0022
vn -0.0296 0.9996 -0.0042
vn -0.0150 0.9999 -0.0021
vn -0.0075 1.0000 -0.0011
vn -0.0138 0.9999 -0.0023
vn -0.0138 0.9999 -0.0045
vn -0.0376 0.0336 -0.9987
vn -0.0719 -0.0330 -0.9969
vn -0.0754 0.0330 -0.9966
vn 0.0121 -0.9979 0.0638
vn 0.0120 -0.9981 0.0612
vn -0.9991 -0.0399 0.0126
vn -0.9991 -0.0400 0.0126
vn -0.9981 -0.0615 -0.0012
vn -0.0138 0.9999 -0.0089
vn -0.9967 -0.0802 0.0090
vn -0.9967 -0.0803 0.0090
vn -0.9725 -0.2324 0.0147
vn -0.9725 -0.2325 0.0147
vn -0.9732 -0.2295 -0.0131
vn -0.9997 -0.0240 -0.0074
vn -0.9998 0.0178 0.0028
vn -0.9998 0.0179 0.0028
vn -0.0242 -0.9997 -0.0075
vn -0.0277 -0.9995 -0.0148
vn -0.0377 -0.9991 -0.0205
vn 0.4409 -0.1295 0.8882
vn 0.4421 -0.0534 0.8954
vn -0.6708 0.0202 0.7414
vn -0.6702 -0.0434 0.7409
vn -0.6779 -0.0421 0.7339
vn -0.6786 0.0190 0.7343
vn -0.0039 -0.9996 0.0279
vn -0.0039 -0.9996 0.0277
vn 0.0120 -0.9984 0.0559
vn 0.0120 -0.9986 0.0506
vn -0.0039 -0.9996 0.0278
vn -0.0039 -0.9996 0.0281
vn 0.0119 -0.9986 0.0506
vn -0.0151 -0.9994 -0.0315
vn -0.0149 -0.9995 -0.0282
vn -0.0039 -0.9996 0.0280
vn -0.0151 -0.9993 -0.0332
vn -0.0307 -0.9995 -0.0076
vn -0.0307 -0.9995 -0.0057
vn -0.0307 -0.9995 -0.0086
vn -0.0363 -0.9993 0.0098
vn -0.0364 -0.9993 0.0101
vn -0.0363 -0.9993 0.0096
vn -0.0435 -0.9987 -0.0261
vn -0.0436 -0.9988 -0.0243
vn -0.0434 -0.9987 -0.0261
vn 0.9848 -0.1735 -0.0099
vn 0.9905 -0.1373 0.0075
vn 0.0120 -0.9981 0.0611
vn 0.0284 -0.9980 0.0562
vn 0.0283 -0.9985 0.0472
vn -0.9999 -0.0000 0.0102
vn 0.0281 -0.9989 0.0383
vn -0.0138 0.9999 -0.0046
vn -0.0275 0.9996 -0.0046
vn -0.0276 0.9996 -0.0091
vn -0.0278 0.9995 -0.0179
vn -0.0138 0.9998 -0.0133
vn -0.0279 0.9992 -0.0269
vn -0.0152 0.9999 -0.0021
vn -0.0005 0.9999 0.0155
vn -0.0005 0.9999 0.0156
vn 0.0021 0.9988 0.0498
vn 0.9989 0.0460 0.0002
vn 0.9999 0.0045 0.0132
vn 0.0781 0.6115 0.7874
vn 0.0744 0.6569 0.7503
vn 0.0551 0.6577 0.7512
vn 0.0578 0.6123 0.7885
vn -0.0004 -1.0000 0.0001
vn 0.9608 0.2732 -0.0464
vn 0.0137 -0.9999 0.0052
vn -0.0186 0.9998 0.0011
vn -0.0274 0.9995 -0.0132
vn 0.0217 0.0200 0.9996
vn 0.0192 0.1287 0.9915
vn 0.0010 0.1260 0.9920
vn 0.0034 0.0172 0.9998
vn -0.9898 0.1424 -0.0085
vn -0.9918 0.1233 -0.0341
vn 0.9940 0.1082 -0.0171
vn -0.0167 -0.0549 0.9983
vn 0.9513 0.3079 -0.0164
vn -0.0277 0.9995 0.0150
vn 0.4166 0.0689 -0.9065
vn 0.9899 0.1413 0.0054
vn -0.0754 -0.0329 0.9966
vn -0.0150 0.9994 0.0315
vn -0.0435 0.9987 0.0261
vn 0.9848 0.1734 0.0099
vn 0.0223 0.9998 -0.0001
vn -0.0004 1.0000 -0.0002
vn -0.0007 0.9998 0.0177
vn -0.0011 -1.0000 -0.0007
vn -0.0011 -1.0000 -0.0006
vn 0.0007 -0.9998 -0.0177
vn -0.0032 -1.0000 0.0007
vn 0.0958 0.0374 -0.9947
vn 0.0957 -0.0373 -0.9947
vn 0.0759 -0.0374 -0.9964
vn 0.0759 0.0375 -0.9964
vn 0.9885 -0.1450 0.0435
vn 0.9608 -0.2732 0.0464
vn 0.0217 -0.0199 -0.9996
vn 0.0192 -0.1286 -0.9915
vn -0.9898 -0.1424 0.0085
vn -0.9918 -0.1233 0.0341
vn 0.9940 -0.1082 0.0171
vn -0.0558 0.0658 0.9963
vn -0.0516 -0.0537 0.9972
vn 0.0009 -0.0680 0.9977
vn 0.0017 0.0544 0.9985
vn -0.0272 -0.9995 -0.0158
vn 0.0006 0.0729 0.9973
vn 0.0021 -0.0682 0.9977
vn 0.0185 -0.0795 0.9967
vn 0.0203 0.0610 0.9979
vn -0.0000 0.9996 0.0266
vn 0.0197 0.9993 0.0309
vn 0.0068 0.9999 0.0110
vn -0.9911 0.1322 0.0166
vn 0.0025 0.0642 0.9979
vn 0.0066 -0.0643 0.9979
vn 0.0005 0.0729 0.9973
vn 0.9382 -0.3458 0.0110
vn -0.0300 0.9993 0.0241
vn 0.0004 0.9997 0.0240
vn 0.0003 0.9997 0.0240
vn -0.0000 -0.9998 -0.0208
vn 0.0066 -0.0642 0.9979
vn 0.4166 -0.0689 0.9065
vn 0.0042 -0.0331 -0.9994
vn 0.9986 -0.0521 0.0006
vn -0.0276 -0.9995 -0.0148
vn 0.4409 -0.1295 0.8881
vn -0.6708 0.0202 0.7413
vn -0.0150 -0.9994 -0.0315
vn -0.0288 -0.9995 -0.0152
vn 0.9848 -0.1734 -0.0099
vn -0.0169 -0.9997 -0.0169
vn 0.0597 -0.9981 -0.0175
vn -0.0276 0.9996 -0.0090
vn 0.0041 0.9999 0.0121
vn 0.0001 0.9999 0.0124
vn 0.0305 0.9995 0.0008
vn 0.0203 0.9998 -0.0006
vn 0.0045 0.9997 0.0254
vn -0.0097 0.9999 -0.0049
vn -0.0096 0.9999 -0.0049
vn 0.0125 0.9999 -0.0037
vn 0.0189 0.9998 -0.0055
vn 0.1454 0.9884 -0.0434
vn 0.0378 0.9988 -0.0327
vn -1.0000 -0.0000 0.0055
vn -0.9990 0.0438 -0.0090
vn -0.9990 -0.0438 -0.0090
vn 0.0543 -0.0431 0.9976
vn 0.0543 0.0430 0.9976
vn 0.0058 0.0444 0.9990
vn 0.0041 -0.0444 0.9990
vn -0.0231 -0.0555 -0.9982
vn -0.0231 0.0554 -0.9982
vn 0.0113 0.0549 -0.9984
vn 0.0113 -0.0550 -0.9984
vn 0.0494 0.9987 -0.0161
vn 0.0271 0.9995 -0.0160
vn 0.0270 0.9995 -0.0160
vn 0.0218 0.9998 0.0049
vn 0.0125 0.9999 0.0028
vn 0.0049 -0.0518 0.9986
vn 0.0038 0.0482 0.9988
vn -0.0135 0.0564 0.9983
vn -0.0148 -0.0431 0.9990
vn -0.9944 0.1050 0.0125
vn -0.9982 0.0597 0.0095
vn -0.9982 0.0596 0.0095
vn -0.0002 -0.9995 -0.0319
vn -0.0000 -1.0000 -0.0067
vn -0.0000 -1.0000 0.0035
vn 0.0001 0.9998 0.0184
vn 0.0190 0.9998 -0.0055
vn -0.0001 -0.9998 -0.0184
vn 0.0001 -0.9999 0.0158
vn 0.0001 -0.9999 0.0125
vn 0.5474 -0.0526 -0.8352
vn 0.5537 0.0518 -0.8311
vn 0.6223 0.0506 -0.7812
vn 0.6170 -0.0515 -0.7853
vn 1.0000 -0.0000 -0.0055
vn -0.0197 -0.9998 -0.0023
vn -0.0067 -1.0000 -0.0004
vn 0.0125 0.9999 -0.0036
vn 0.9970 0.0771 -0.0007
vn 0.9878 0.1553 -0.0078
vn 0.9878 0.1553 -0.0079
vn 0.9878 0.1548 -0.0170
vn 0.0036 -0.0468 0.9989
vn 0.0007 0.0467 0.9989
vn 0.0002 0.9995 0.0319
vn 0.0115 0.9998 -0.0167
vn 0.0024 1.0000 0.0028
vn 0.0115 0.9998 -0.0166
vn 0.0001 -0.9999 0.0124
vn -0.0331 0.9992 0.0225
vn -0.9512 0.3080 0.0216
vn -0.9992 -0.0381 0.0089
vn -0.9855 -0.1691 -0.0142
vn 0.9957 -0.0464 -0.0800
vn 0.9956 0.0455 -0.0822
vn 0.9441 -0.0181 -0.3291
vn 0.9441 0.0180 -0.3292
vn 0.9469 0.0189 -0.3211
vn 0.9469 -0.0190 -0.3211
vn -0.0001 -0.9999 -0.0124
vn -0.0157 -0.9998 -0.0111
vn -0.0157 -0.9998 -0.0112
vn -0.0068 -1.0000 -0.0004
vn -0.9503 -0.0199 -0.3107
vn -0.9503 0.0198 -0.3107
vn -0.9476 0.0191 -0.3189
vn -0.9476 -0.0192 -0.3189
vn 0.0041 -0.0445 0.9990
vn 0.0001 -0.9999 0.0159
vn 0.0563 -0.9984 -0.0058
vn 0.0404 -0.9976 0.0557
vn -0.0054 -0.9999 -0.0111
vn 0.0227 0.9993 0.0310
vn 0.9896 -0.0783 0.1208
vn 0.9711 -0.2079 0.1176
vn 0.9938 -0.0679 0.0882
vn 0.9938 0.0563 0.0960
vn -0.0000 1.0000 -0.0039
vn 0.0001 1.0000 -0.0039
vn 0.0138 0.9999 -0.0089
vn -0.0192 -0.9998 0.0015
vn -0.0186 -0.9998 0.0018
vn -0.0276 -0.9995 0.0160
vn -0.3381 0.6106 0.7161
vn -0.3079 0.5495 0.7766
vn -0.2824 0.5704 0.7713
vn -0.2443 0.6644 0.7063
vn 0.9971 -0.0755 0.0084
vn 0.0437 -0.9990 0.0061
vn 0.0471 -0.9987 -0.0206
vn 0.0713 -0.9974 0.0091
vn -0.0185 -0.9998 -0.0031
vn -0.0279 0.9992 -0.0270
vn 0.9982 0.0557 -0.0219
vn 0.9968 -0.0782 -0.0156
vn 0.9994 -0.0133 -0.0327
vn 0.9993 -0.0164 -0.0346
vn 0.0778 -0.0649 -0.9949
vn 0.0271 -0.1275 -0.9915
vn 0.0112 -0.1244 -0.9922
vn 0.0136 -0.0157 -0.9998
vn -0.9766 -0.2131 0.0294
vn -0.9755 -0.2184 0.0250
vn -0.9818 -0.1856 0.0390
vn -0.9983 -0.0411 0.0418
vn -0.9944 -0.0382 -0.0988
vn -0.9776 -0.1930 -0.0840
vn -0.9480 -0.3132 -0.0560
vn -0.9829 -0.1733 -0.0625
vn 0.9938 -0.1083 0.0272
vn -0.0670 0.9974 -0.0253
vn -0.0277 -0.9995 -0.0150
vn -0.0137 0.9999 -0.0045
vn -0.9732 -0.2296 -0.0131
vn -0.0278 0.9995 -0.0178
vn 0.0177 -0.0555 0.9983
vn -0.6265 0.0506 0.7777
vn -0.0024 1.0000 -0.0028
vn 0.0248 -0.9997 -0.0001
vn -0.0000 -1.0000 -0.0019
vn -0.0305 -0.9995 -0.0046
vn -0.0203 -0.9998 -0.0043
vn 0.0020 -1.0000 0.0014
vn 0.9989 -0.0438 -0.0145
vn 0.9989 0.0438 -0.0145
vn -0.0488 0.0430 0.9979
vn -0.0488 -0.0431 0.9979
vn 0.0204 -0.0540 0.9983
vn 0.0180 0.0363 0.9992
vn -0.0169 0.0646 0.9978
vn -0.0200 -0.0286 0.9994
vn 0.0041 -0.0233 0.9997
vn 0.0060 0.0682 0.9977
vn -0.0000 1.0000 0.0076
vn 0.0197 0.9997 0.0119
vn 0.0067 1.0000 0.0045
vn 0.0059 0.0229 0.9997
vn 0.0054 -0.0722 0.9974
vn -0.0175 -0.9998 -0.0013
vn -0.0204 -0.9998 -0.0043
vn -0.0105 -0.9999 0.0103
vn 0.9666 -0.2562 0.0051
vn -0.0000 1.0000 0.0019
vn 0.0157 0.9999 0.0031
vn -0.0000 1.0000 0.0034
vn 0.0067 1.0000 0.0048
vn -0.0106 -0.9999 0.0099
vn 0.0179 0.0363 0.9992
vn 0.0204 -0.0541 0.9983
vn 0.0067 1.0000 0.0044
vn 0.0224 -0.9997 0.0002
vn -1.0000 -0.0000 0.0024
vn -0.0223 0.9998 -0.0001
vn -0.9999 -0.0000 0.0151
vn -0.0118 0.9999 0.0037
vn -0.0225 0.9997 -0.0003
vn -0.0264 0.0375 0.9989
vn 1.0000 0.0001 -0.0000
vn 0.0118 -0.9999 -0.0036
vn -0.0117 0.9999 0.0036
vn -0.0000 0.0375 -0.9993
vn -0.0006 -0.9998 -0.0177
vn 0.0760 -0.0375 0.9964
vn -1.0000 -0.0001 0.0001
vn 0.0758 0.0375 0.9964
vn 0.0008 0.9998 0.0175
vn 0.9999 0.0001 0.0125
vn 0.0958 -0.0373 0.9947
vn -0.0007 -0.9998 -0.0176
vn 0.0009 0.9998 0.0177
vn 0.0957 0.0372 0.9947
vn 0.9999 -0.0001 0.0126
vn -0.0000 -0.9998 -0.0222
vn 0.0138 -0.9999 0.0053
vn -0.9991 0.0380 -0.0191
vn 0.0011 0.1260 0.9920
vn -0.0273 0.9995 -0.0132
vn -0.0112 -0.1343 -0.9909
vn -0.0133 0.9993 0.0344
vn -0.0101 -0.0069 -0.9999
vn -0.9638 0.2648 -0.0314
vn 0.9940 0.1083 -0.0171
vn -0.0000 -1.0000 0.0001
vn 0.9885 0.1449 -0.0436
vn -0.0599 -0.9981 0.0171
vn -0.6213 -0.0514 0.7819
vn -0.9961 -0.0464 0.0745
vn -0.9960 0.0455 0.0767
vn -0.0489 -0.0430 -0.9979
vn -0.0000 -0.9999 0.0123
vn -0.0489 0.0430 -0.9979
vn 0.9989 -0.0439 0.0144
vn -0.0000 1.0000 -0.0001
vn 0.0177 0.0555 0.9983
vn 0.9512 0.3080 -0.0165
vn 0.0001 -1.0000 0.0067
vn -0.0044 0.9997 -0.0254
vn 0.0191 0.0563 -0.9982
vn 0.0169 -0.9997 0.0171
vn 0.9458 -0.0191 0.3241
vn -0.0168 -0.0549 0.9984
vn -0.9459 -0.0180 0.3239
vn -0.0166 0.0548 0.9984
vn -0.0001 1.0000 0.0002
vn -0.9459 0.0179 0.3240
vn -0.5582 0.0517 0.8281
vn 0.9458 0.0192 0.3241
vn -0.0380 0.9987 0.0325
vn -0.9486 -0.0189 0.3159
vn 0.9486 -0.0198 0.3160
vn -0.0000 -0.9998 0.0208
vn -0.0000 0.9998 0.0208
vn -0.9999 -0.0000 -0.0103
vn -0.0720 0.0331 0.9969
vn 0.0285 0.9977 -0.0610
vn 0.4155 -0.0075 -0.9096
vn -0.0001 -1.0000 0.0001
vn -0.0285 0.9994 0.0180
vn 0.4165 0.0690 -0.9065
vn -1.0000 -0.0001 -0.0000
vn 1.0000 -0.0001 0.0001
vn 0.0004 -0.0332 0.9994
vn -0.0277 -0.9996 0.0046
vn 0.0281 0.9990 -0.0337
vn -0.0863 0.1087 -0.9903
vn -0.0295 -0.9996 0.0041
vn 0.0077 0.9999 -0.0079
vn -0.1515 0.0962 -0.9838
vn -0.6709 -0.0203 -0.7413
vn 0.0001 -1.0000 -0.0000
vn -0.0243 0.9997 0.0075
vn -0.6703 0.0433 -0.7409
vn -0.1435 0.1766 -0.9738
vn -0.0474 -0.0373 -0.9982
vn -0.9999 -0.0001 -0.0151
vn 0.0117 0.9999 0.0038
vn -0.0249 0.0375 -0.9990
vn -0.0224 -0.9998 0.0002
vn 0.0118 0.9999 0.0038
vn -0.0117 -0.9999 -0.0035
vn -0.0000 -0.0375 0.9993
vn -0.0007 0.9998 0.0176
vn 0.0760 0.0374 -0.9964
vn -0.0001 -0.9998 -0.0221
vn 0.9999 -0.0000 -0.0127
vn 0.0957 0.0373 -0.9947
vn 0.0008 -0.9998 -0.0176
vn 0.0958 -0.0374 -0.9947
vn 0.9999 -0.0000 -0.0125
vn -0.0000 0.9998 0.0222
vn -0.0001 0.0375 0.9993
vn 0.0138 0.9999 -0.0052
vn 0.0033 -0.0171 -0.9998
vn -0.9991 -0.0380 0.0191
vn 0.0010 -0.1260 -0.9920
vn -0.0274 -0.9995 0.0131
vn -0.9918 -0.1234 0.0340
vn -0.0112 0.1343 0.9909
vn -0.0001 1.0000 -0.0000
vn -0.0134 -0.9993 -0.0344
vn -0.0101 0.0069 0.9999
vn -0.9638 -0.2647 0.0314
vn 0.9940 -0.1082 0.0170
vn 0.0136 0.9999 -0.0052
vn -0.0275 -0.9995 0.0132
vn 0.0001 1.0000 0.0001
vn 0.0090 0.1336 0.9910
vn 0.9885 -0.1450 0.0436
vn -0.0133 -0.9993 -0.0345
vn 0.9608 -0.2732 0.0465
vn -0.6213 0.0514 -0.7819
vn -0.9961 0.0465 -0.0745
vn -0.9960 -0.0455 -0.0767
vn -0.6265 -0.0506 -0.7777
vn -0.0489 0.0430 0.9979
vn -0.0000 0.9999 -0.0122
vn -0.0000 -0.9999 0.0125
vn -0.0488 -0.0429 0.9979
vn 0.9989 0.0439 -0.0145
vn 0.0176 0.0554 -0.9983
vn 0.0176 -0.0554 -0.9983
vn 0.9512 -0.3080 0.0165
vn 0.0001 1.0000 -0.0067
vn 0.9512 -0.3080 0.0164
vn 0.0190 -0.0562 0.9982
vn -0.5521 0.0526 -0.8321
vn 0.0169 0.9997 -0.0170
vn 0.9458 0.0192 -0.3242
vn -0.0167 0.0549 -0.9983
vn 0.0001 1.0000 -0.0000
vn -0.0167 -0.0548 -0.9984
vn -0.5582 -0.0517 -0.8281
vn 0.9458 -0.0191 -0.3242
vn -0.0380 -0.9987 -0.0326
vn -0.9486 0.0189 -0.3160
vn -0.0000 0.9998 -0.0207
vn 0.9486 -0.0198 -0.3158
vn -0.9486 -0.0190 -0.3160
vn -0.0000 -0.9998 -0.0207
vn -0.0719 -0.0331 -0.9969
vn 0.0285 -0.9977 0.0610
vn -0.0285 -0.9994 -0.0179
vn 0.4165 -0.0689 0.9065
vn 0.0004 0.0331 -0.9995
vn -0.0863 -0.1085 0.9904
vn 0.9848 -0.1733 -0.0099
vn -0.0297 0.9995 -0.0044
vn 0.0077 -0.9999 0.0079
vn -0.0786 -0.1912 0.9784
vn -0.1515 -0.0962 0.9838
vn -0.6786 0.0190 0.7342
vn -0.6708 0.0204 0.7414
vn 0.0001 1.0000 -0.0001
vn 0.4422 -0.0533 0.8953
vn -0.6702 -0.0433 0.7409
vn -0.1436 -0.1765 0.9738
vn -0.0066 -1.0000 0.0024
vn -0.0473 0.0372 0.9982
vn -0.0223 0.9998 0.0001
vn -0.9999 -0.0001 0.0150
vn 0.0002 -0.0374 -0.9993
vn 0.0118 -0.9999 -0.0038
vn -0.0247 -0.0374 0.9990
vn 0.0224 -0.9997 -0.0000
vn -0.0223 0.9998 -0.0003
vn -0.0001 -0.0375 -0.9993
vn -0.0009 -0.9998 -0.0175
vn 0.0578 0.6124 0.7884
vn -1.0000 0.0001 0.0002
vn 0.0553 0.6576 0.7514
vn 0.0021 0.9987 0.0500
vn 0.0001 -0.0375 -0.9993
vn 0.0001 0.0376 -0.9993
vn 0.9999 0.0045 0.0134
vn 0.0778 0.6116 0.7873
vn 0.0020 0.9988 0.0498
vn 0.0743 0.6569 0.7503
vn 0.9999 0.0046 0.0133
vn 1.0000 0.0001 -0.0001
vn -0.0001 0.0375 -0.9993
vn 0.0137 -0.9999 0.0050
vn 0.0033 0.0171 0.9998
vn -0.9991 0.0380 -0.0193
vn 0.0007 0.1262 0.9920
vn -0.0273 0.9995 -0.0134
vn -0.0133 0.9993 0.0342
vn -0.0099 -0.0071 -0.9999
vn -0.9638 0.2648 -0.0315
vn 0.0219 0.0198 0.9996
vn 0.0137 -0.9999 0.0051
vn -0.0275 0.9995 -0.0131
vn 0.0191 0.1286 0.9915
vn 0.9940 0.1083 -0.0170
vn 0.0092 -0.1338 -0.9910
vn -0.0133 0.9993 0.0346
vn 0.9609 0.2731 -0.0463
vn 0.0108 -0.0060 -0.9999
vn -0.0599 -0.9981 0.0172
vn -0.6212 -0.0514 0.7820
vn -0.9961 -0.0464 0.0747
vn -0.9960 0.0457 0.0770
vn -0.6264 0.0505 0.7779
vn -0.1455 0.9884 0.0428
vn -1.0000 -0.0001 -0.0004
vn -0.0485 -0.0428 -0.9979
vn 0.0001 -0.9999 0.0122
vn -0.0001 0.9999 -0.0125
vn -0.0486 0.0429 -0.9979
vn -1.0000 -0.0001 -0.0001
vn 0.9989 -0.0439 0.0146
vn 0.0175 -0.0553 0.9983
vn -0.0000 1.0000 0.0004
vn 0.0173 0.0550 0.9983
vn 0.9989 0.0440 0.0148
vn 0.0204 -0.0432 -0.9989
vn 0.9512 0.3080 -0.0163
vn -0.5521 -0.0526 0.8321
vn 0.0168 -0.9997 0.0172
vn -0.0164 -0.0547 0.9984
vn -0.9458 -0.0180 0.3242
vn -0.0001 -1.0000 0.0003
vn -0.0168 0.0550 0.9983
vn -0.9459 0.0181 0.3240
vn -0.5583 0.0516 0.8281
vn -0.0379 0.9987 0.0328
vn 0.9486 0.0196 0.3158
vn -0.9486 0.0186 0.3158
vn -0.0000 0.9998 0.0212
vn -0.0281 -0.9991 0.0316
vn -0.0753 -0.0328 0.9966
vn -0.9999 -0.0001 -0.0101
vn -0.0718 0.0329 0.9969
vn 0.0284 0.9977 -0.0608
vn -0.0283 0.9994 0.0181
vn 0.4165 0.0691 -0.9065
vn 0.0006 -0.0331 0.9995
vn -0.0274 -0.9996 0.0046
vn 0.0280 0.9990 -0.0338
vn 0.0042 0.0332 0.9994
vn -0.0862 0.1086 -0.9903
vn 0.9848 0.1735 0.0100
vn -0.0295 -0.9996 0.0042
vn 0.0079 0.9999 -0.0079
vn -0.1518 0.0960 -0.9837
vn -0.0153 -0.9999 0.0024
vn -0.6787 -0.0190 -0.7341
vn -0.6708 -0.0204 -0.7413
vn 0.4421 0.0533 -0.8954
vn 0.4409 0.1295 -0.8881
vn -0.0243 0.9997 0.0076
vn 0.0224 0.9997 -0.0000
vn -0.0459 0.0375 -0.9982
vn -1.0000 0.0001 -0.0024
vn -0.0475 -0.0374 -0.9982
vn -0.0224 -0.9997 0.0002
vn -0.9999 -0.0001 -0.0157
vn -0.0006 0.0381 0.9993
vn 0.0117 0.9999 0.0032
vn -0.0118 -0.9999 -0.0037
vn -0.0001 -0.0377 0.9993
vn -0.9999 0.0001 -0.0153
vn 1.0000 -0.0000 0.0002
vn -0.0246 0.0376 -0.9990
vn 0.0223 0.9998 0.0001
vn -0.0265 -0.0374 -0.9989
vn 0.0001 0.0376 0.9993
vn 0.0001 -0.0376 0.9993
vn 0.0759 0.0374 -0.9964
vn -1.0000 -0.0001 -0.0002
vn 0.0761 -0.0372 -0.9964
vn 0.0008 -0.9998 -0.0178
vn -0.0001 0.0377 0.9993
vn -0.0000 0.9998 0.0220
vn -0.0000 -0.9998 -0.0223
vn -0.0000 -0.0378 0.9993
vn 0.9999 -0.0001 -0.0125
vn 0.0959 0.0375 -0.9947
vn 0.0001 0.0377 0.9993
vn 0.0136 0.9999 -0.0054
vn 0.0036 -0.0175 -0.9998
vn -0.9991 -0.0380 0.0190
vn 0.0009 -0.1259 -0.9920
vn -0.0101 0.0068 0.9999
vn -0.9638 -0.2648 0.0312
vn 0.0218 -0.0199 -0.9996
vn -0.0274 -0.9995 0.0133
vn 0.0194 -0.1288 -0.9915
vn 0.9940 -0.1082 0.0173
vn 0.0092 0.1338 0.9910
vn -0.0131 -0.9993 -0.0341
vn 0.9609 -0.2731 0.0466
vn 0.0105 0.0065 0.9999
vn -0.0599 0.9981 -0.0171
vn -0.6214 0.0514 -0.7818
vn -0.9961 0.0464 -0.0745
vn -0.9960 -0.0455 -0.0764
vn -0.6268 -0.0507 -0.7775
vn -0.1456 -0.9884 -0.0425
vn -0.9911 0.1324 0.0164
vn -0.0560 0.0660 0.9962
vn -0.0298 0.9993 0.0239
vn 0.0003 -0.9999 0.0121
vn -0.0516 -0.0540 0.9972
vn -0.9911 0.1320 0.0165
vn 0.0175 0.0553 -0.9983
vn 0.0179 -0.0556 -0.9983
vn 0.9989 -0.0439 -0.0143
vn 0.9382 -0.3459 0.0110
vn 0.0001 0.9996 0.0265
vn -0.0043 -0.9997 0.0254
vn 0.9382 -0.3458 0.0109
vn 0.0186 -0.0794 0.9967
vn -0.5519 0.0527 -0.8322
vn 0.0169 0.9997 -0.0171
vn 0.9459 0.0190 -0.3240
vn -0.0165 0.0550 -0.9983
vn -0.9459 0.0182 -0.3241
vn 0.0002 1.0000 -0.0000
vn -0.0168 -0.0550 -0.9983
vn 0.0001 -1.0000 0.0001
vn -0.9459 -0.0181 -0.3240
vn -0.5581 -0.0517 -0.8281
vn -0.0378 -0.9988 -0.0326
vn 0.9485 0.0199 -0.3160
vn 0.9486 -0.0199 -0.3159
vn -0.9486 -0.0190 -0.3159
vn -0.0279 0.9991 -0.0312
vn -0.0757 0.0331 -0.9966
vn -0.9999 -0.0000 0.0105
vn -0.9999 -0.0001 0.0102
vn -0.0719 -0.0329 -0.9969
vn -0.0284 -0.9994 -0.0180
vn 0.4167 -0.0690 0.9064
vn 0.0006 0.0331 -0.9995
vn -0.0275 0.9996 -0.0045
vn 0.0281 -0.9990 0.0337
vn 0.0041 -0.0330 -0.9994
vn -0.0863 -0.1087 0.9903
vn 0.9848 -0.1733 -0.0098
vn -0.1515 -0.0963 0.9838
vn -0.0151 0.9999 -0.0021
vn -0.6785 0.0190 0.7343
vn -0.6708 0.0201 0.7413
vn -0.0000 1.0000 0.0001
vn 0.4422 -0.0535 0.8953
vn -0.0243 -0.9997 -0.0076
vn 0.0598 -0.9981 -0.0175
vn 0.6170 -0.0514 -0.7852
vn 0.9957 -0.0465 -0.0800
vn 0.9956 0.0455 -0.0823
vn 0.6222 0.0506 -0.7812
vn 0.1453 0.9884 -0.0435
vn 0.0543 0.0429 0.9976
vn -0.9990 -0.0439 -0.0089
vn -0.0232 -0.0555 -0.9982
vn -0.0231 0.0553 -0.9982
vn -0.9990 0.0439 -0.0091
vn -0.0149 -0.0432 0.9990
vn -0.9512 0.3079 0.0216
vn -0.0000 -1.0000 -0.0068
vn 0.0046 0.9997 0.0253
vn -0.9511 0.3080 0.0216
vn -0.0136 0.0564 0.9983
vn 0.5474 -0.0527 -0.8352
vn -0.0170 -0.9997 -0.0168
vn 0.0113 -0.0549 -0.9984
vn 0.9441 -0.0180 -0.3291
vn 0.0112 0.0549 -0.9984
vn -0.9476 0.0191 -0.3190
vn 0.0379 0.9987 -0.0327
vn 0.9468 -0.0190 -0.3212
vn -0.9503 -0.0199 -0.3108
vn -0.0001 -0.9998 -0.0207
vn -0.9503 0.0198 -0.3106
vn 0.9468 0.0190 -0.3211
vn -0.0001 0.9998 -0.0207
vn 0.0137 0.9999 -0.0051
vn 0.0137 -0.0172 -0.9998
vn -0.9992 -0.0381 0.0088
vn 0.0112 -0.1260 -0.9920
vn -0.0275 -0.9995 0.0128
vn -0.9921 -0.1233 0.0239
vn -0.0213 0.1343 0.9907
vn -0.0128 -0.9993 -0.0346
vn -0.0204 0.0067 0.9998
vn -0.9640 -0.2649 0.0213
vn 0.9938 -0.1081 0.0273
vn 0.0320 -0.0200 -0.9993
vn 0.0136 0.9999 -0.0051
vn -0.0276 -0.9995 0.0129
vn 0.0293 -0.1286 -0.9913
vn 0.9938 -0.1082 0.0271
vn -0.0010 0.1338 0.9910
vn 0.9880 -0.1450 0.0537
vn -0.0129 -0.9993 -0.0344
vn 0.9603 -0.2731 0.0563
vn 0.0004 0.0063 1.0000
vn -0.0754 0.0329 -0.9966
vn -0.9999 -0.0000 0.0103
vn -0.0721 -0.0332 -0.9968
vn 0.4155 0.0074 0.9095
vn -0.0283 -0.9994 -0.0181
vn 0.4166 -0.0692 0.9065
vn 0.0005 0.0332 -0.9994
vn -0.0276 0.9996 -0.0045
vn -0.0863 -0.1085 0.9903
vn 0.9848 -0.1735 -0.0100
vn -0.0295 0.9996 -0.0042
vn -0.0784 -0.1912 0.9784
vn -0.0001 1.0000 0.0001
vn 0.4421 -0.0535 0.8954
vn 0.4410 -0.1295 0.8881
vn -0.6701 -0.0433 0.7410
vn -0.1436 -0.1766 0.9737
vn -0.6780 -0.0422 0.7339
vn -0.0065 -1.0000 0.0023
vn -0.0600 -0.9981 0.0171
vn -0.6214 -0.0513 0.7818
vn -0.9961 -0.0463 0.0745
vn -0.9960 0.0456 0.0767
vn -0.6266 0.0506 0.7777
vn -0.0487 -0.0430 -0.9979
vn -0.0000 -0.9999 0.0122
vn -0.0001 0.9999 -0.0124
vn -0.0487 0.0429 -0.9979
vn 0.9989 -0.0439 0.0145
vn 0.0176 -0.0554 0.9983
vn 0.0002 1.0000 0.0001
vn 0.0177 0.0553 0.9983
vn 0.9989 0.0437 0.0144
vn 0.9512 0.3081 -0.0164
vn 0.9512 0.3080 -0.0164
vn 0.0190 0.0563 -0.9982
vn -0.5521 -0.0524 0.8321
vn 0.0171 -0.9997 0.0173
vn 0.9458 -0.0189 0.3241
vn -0.0168 -0.0551 0.9983
vn -0.9459 -0.0182 0.3239
vn 0.0002 -1.0000 -0.0001
vn -0.0168 0.0549 0.9984
vn -0.5581 0.0518 0.8281
vn 0.9458 0.0191 0.3242
vn -0.0380 0.9988 0.0325
vn -1.0000 0.0001 -0.0001
vn 0.0758 -0.0374 -0.9964
vn 0.0001 0.0375 0.9993
vn 0.0001 -0.0375 0.9993
vn 0.9999 -0.0001 -0.0127
vn 0.0957 0.0374 -0.9947
vn 0.9999 -0.0001 -0.0126
vn 0.0001 -0.9998 -0.0220
vn 0.0137 0.9999 -0.0053
vn 0.0035 -0.0172 -0.9998
vn -0.9991 -0.0381 0.0190
vn -0.0133 -0.9993 -0.0343
vn -0.0099 0.0069 0.9999
vn -0.9638 -0.2648 0.0314
vn 0.0219 -0.0199 -0.9996
vn 0.0191 -0.1286 -0.9915
vn 0.9940 -0.1082 0.0169
vn 0.0091 0.1337 0.9910
vn 0.9885 -0.1449 0.0436
vn -0.0133 -0.9993 -0.0344
vn -0.6266 -0.0506 -0.7777
vn -0.0488 0.0429 0.9979
vn -0.0002 1.0000 0.0021
vn -0.0001 -1.0000 -0.0020
vn -0.0489 -0.0432 0.9979
vn 0.0061 0.0683 0.9976
vn -0.0000 1.0000 0.0075
vn 0.0021 -1.0000 0.0016
vn 0.9666 -0.2561 0.0051
vn 0.0041 -0.0232 0.9997
vn -0.5520 0.0527 -0.8322
vn 0.0169 0.9997 -0.0169
vn 0.9458 0.0191 -0.3241
vn 0.9458 -0.0190 -0.3242
vn -0.0379 -0.9987 -0.0326
vn -0.9486 0.0189 -0.3159
vn 0.9486 0.0198 -0.3160
vn -0.0458 -0.0374 0.9982
vn -0.0473 0.0374 0.9982
vn -0.0224 0.9998 -0.0002
vn 0.0118 -0.9999 -0.0037
vn 1.0000 0.0004 -0.0000
vn -0.0223 0.9998 -0.0002
vn -0.0264 0.0374 0.9989
vn -0.0473 0.0373 0.9982
vn -0.0224 0.9997 -0.0002
vn -0.0008 -0.9998 -0.0177
vn 0.0002 0.9998 0.0221
vn -0.0000 0.0377 -0.9993
vn 0.0008 0.9998 0.0177
vn 0.9999 -0.0000 0.0125
vn 0.0957 0.0374 0.9947
vn 0.0957 -0.0374 0.9947
vn 0.0758 -0.0374 0.9964
vn 0.0008 0.9998 0.0176
vn 0.0759 0.0375 0.9964
vn -0.0031 1.0000 -0.0007
vn -0.0031 1.0000 -0.0006
vn 0.9970 0.0776 0.0048
vn 0.0137 -0.9999 0.0053
vn 0.0010 0.1259 0.9920
vn -0.9991 0.0381 -0.0190
vn -0.9898 0.1423 -0.0084
vn -0.0101 -0.0068 -0.9999
vn -0.0111 -0.1342 -0.9909
vn 0.0106 -0.0063 -0.9999
vn -0.0202 0.9997 0.0138
vn -0.0277 0.9996 -0.0012
vn 0.9930 0.1088 0.0468
vn 0.9950 0.0762 0.0649
vn 0.0217 0.0199 0.9996
vn 0.9940 0.1082 -0.0170
vn -0.0855 -0.9963 -0.0033
vn -0.0741 -0.9972 -0.0094
vn -0.4142 0.0370 0.9094
vn -0.4307 0.0455 0.9013
vn -0.1489 0.9881 0.0375
vn -0.1442 0.9890 0.0320
vn -0.4205 0.0230 0.9070
vn -0.4051 0.0209 0.9140
vn -0.0000 -1.0000 -0.0002
vn -1.0000 -0.0064 -0.0072
vn -0.9856 0.1690 0.0042
vn -0.0185 0.9998 0.0010
vn 0.0159 -0.9997 0.0175
vn 0.0033 -0.9999 0.0114
vn 0.9947 0.0794 0.0655
vn 0.9927 0.1113 0.0453
vn -0.0185 0.9998 0.0011
vn 0.9971 0.0754 0.0019
vn -0.0222 0.9994 -0.0263
vn -0.9898 0.1424 -0.0084
vn -0.0000 -1.0000 0.0002
vn -0.0221 0.9994 -0.0264
vn -0.9961 -0.0465 0.0746
vn -0.6213 -0.0515 0.7818
vn -0.9961 -0.0465 0.0745
vn -0.0000 0.9999 -0.0123
vn -0.9879 0.1548 0.0115
vn -0.0001 -0.9999 0.0123
vn -0.0488 -0.0430 -0.9979
vn 0.9513 0.3079 -0.0165
vn 0.9989 0.0439 0.0145
vn 0.0176 0.0554 0.9983
vn -0.0001 -1.0000 -0.0000
vn -0.0168 -0.0550 0.9983
vn -0.0379 0.9988 0.0324
vn -0.1455 0.9884 0.0426
vn -0.6266 0.0507 0.7777
vn -0.5582 0.0519 0.8281
vn -0.9970 0.0770 -0.0047
vn -0.0190 0.9998 0.0055
vn -0.0217 0.9998 -0.0051
vn -0.0494 0.9987 0.0158
vn -0.0305 0.9995 -0.0009
vn -0.9879 0.1547 0.0116
vn -0.0000 -1.0000 -0.0001
vn -0.0000 -1.0000 -0.0036
vn 0.9982 0.0596 -0.0041
vn -0.0000 -0.9998 0.0185
vn 0.9989 -0.0438 0.0144
vn 0.0196 -0.9998 0.0024
vn 0.0019 -0.0468 -0.9989
vn -0.0003 0.0444 -0.9990
vn 0.0169 -0.9997 0.0170
vn -0.5520 -0.0527 0.8322
vn -0.0000 0.9998 0.0207
vn 0.9486 0.0199 0.3159
vn 0.0003 -0.0518 -0.9987
vn -0.9486 0.0190 0.3159
vn -0.0138 -0.9998 0.0156
vn -0.0755 -0.0330 0.9966
vn -0.0720 0.0330 0.9969
vn -0.1436 0.1766 -0.9737
vn -0.0785 0.1913 -0.9784
vn 0.0120 0.9988 -0.0479
vn 0.0041 0.0331 0.9994
vn 0.0005 -0.0330 0.9995
vn -0.0275 -0.9996 0.0047
vn -0.0375 -0.0336 0.9987
vn 0.0284 0.9980 -0.0564
vn 0.0284 0.9977 -0.0611
vn -0.0719 0.0332 0.9969
vn -0.0339 0.0338 0.9989
vn -0.9998 -0.0178 -0.0027
vn -0.9732 0.2296 0.0130
vn -0.9732 0.2295 0.0130
vn -0.9967 0.0802 -0.0089
vn -0.0139 -0.9998 0.0155
vn 0.0120 0.9979 -0.0638
vn -0.9981 0.0615 0.0013
vn -0.0147 0.9996 0.0233
vn -0.0367 0.9993 -0.0105
vn -0.9997 0.0240 0.0075
vn -0.0394 0.9989 0.0248
vn 0.9899 0.1413 0.0053
vn -0.0000 -1.0000 -0.0004
vn 0.9964 0.0846 0.0059
vn 0.9899 0.1414 0.0053
vn 0.0001 -1.0000 0.0002
vn 0.9969 0.0776 -0.0108
vn 0.9986 0.0521 -0.0006
vn 0.9905 0.1374 -0.0076
vn -0.0212 0.9997 0.0119
vn 0.9905 0.1373 -0.0074
vn -0.0362 0.9993 -0.0097
vn 0.9969 0.0775 -0.0108
vn -0.0362 0.9993 -0.0096
vn -0.0306 0.9995 0.0086
vn 0.9986 0.0520 -0.0005
vn -0.0151 0.9993 0.0333
vn -0.0152 0.9993 0.0332
vn 0.0119 0.9988 -0.0479
vn -0.0153 -0.9999 0.0022
vn -0.6708 -0.0202 -0.7413
vn -0.6785 -0.0190 -0.7343
vn 0.4582 0.0997 -0.8832
vn 0.4583 0.0997 -0.8832
vn -0.6780 0.0421 -0.7339
vn -0.0279 -0.9991 0.0314
vn -0.0277 -0.9995 0.0179
vn -0.0375 -0.0337 0.9987
vn 0.0280 0.9989 -0.0383
vn 0.0041 0.0332 0.9994
vn 0.0283 0.9985 -0.0473
vn -0.0338 0.0338 0.9989
vn -0.6702 0.0433 -0.7409
vn -0.6708 -0.0203 -0.7414
vn 0.4422 0.0534 -0.8953
vn 0.0224 0.9997 -0.0002
vn -0.9999 -0.0000 -0.0151
vn 0.0118 0.9999 0.0037
vn -0.0117 -0.9999 -0.0036
vn -0.0223 -0.9998 0.0002
vn -0.0264 -0.0375 -0.9989
vn -0.0473 -0.0374 -0.9982
vn -0.0008 0.9998 0.0177
vn 0.1268 0.9912 0.0394
vn 0.1269 0.9911 0.0393
vn 0.4243 -0.0300 0.9050
vn 0.8999 0.3552 0.2531
vn -0.0002 -0.9998 -0.0221
vn -0.6881 -0.5187 0.5074
vn -0.0000 -0.0377 0.9993
vn 0.0008 -0.9998 -0.0177
vn 0.0957 -0.0374 -0.9947
vn -0.0002 0.9998 0.0178
vn -0.0007 0.9998 0.0178
vn 0.0958 0.0375 -0.9947
vn -0.6406 0.5217 -0.5634
vn 0.1487 -0.9876 -0.0496
vn 0.1512 -0.9873 -0.0480
vn 0.5114 0.0642 -0.8569
vn 0.9345 -0.3086 -0.1775
vn -0.0003 1.0000 -0.0001
vn -0.0031 -1.0000 0.0007
vn -0.0032 -1.0000 0.0006
vn 0.0033 -0.0172 -0.9998
vn -0.9638 -0.2649 0.0313
vn -0.9898 -0.1424 0.0084
vn -0.0111 0.1343 0.9909
vn -0.9918 -0.1233 0.0342
vn -0.0111 0.1342 0.9909
vn 0.0092 0.1337 0.9910
vn 0.0107 0.0063 0.9999
vn 0.9971 -0.0755 -0.0019
vn -0.0185 -0.9998 -0.0010
vn -0.0185 -0.9998 -0.0011
vn -0.0222 -0.9994 0.0263
vn -0.9898 -0.1425 0.0084
vn -1.0000 0.0065 0.0073
vn -0.9960 -0.0456 -0.0768
vn -0.9961 0.0465 -0.0746
vn -0.9879 -0.1548 -0.0115
vn 0.0001 0.9999 -0.0123
vn -0.0044 -0.9997 0.0254
vn 0.0190 -0.0564 0.9982
vn 0.0017 -0.0483 0.9988
vn 0.9513 -0.3079 0.0164
vn 0.9513 -0.3080 0.0163
vn 0.0204 0.0432 0.9989
vn 0.0191 -0.0563 0.9982
vn 0.9945 -0.1049 0.0071
vn 0.9989 -0.0439 -0.0145
vn 0.0003 1.0000 -0.0000
vn 0.0177 0.0555 -0.9983
vn -0.0168 0.0549 -0.9983
vn -0.0380 -0.9988 -0.0325
vn -0.9970 -0.0770 0.0047
vn -0.0190 -0.9998 -0.0055
vn -0.0001 -0.9998 0.0184
vn -0.0218 -0.9998 0.0050
vn -0.0217 -0.9998 0.0051
vn -0.0494 -0.9987 -0.0158
vn -0.0000 1.0000 0.0036
vn 0.9982 -0.0596 0.0041
vn -0.0000 0.9998 -0.0185
vn -0.0000 1.0000 -0.0066
vn 0.0001 1.0000 -0.0066
vn 0.0196 0.9998 -0.0025
vn 0.0157 0.9998 -0.0113
vn 0.0014 0.0445 0.9990
vn 0.0019 0.0469 0.9989
vn -0.0003 -0.0443 0.9990
vn 0.0331 -0.9992 0.0222
vn 0.0048 -0.0468 0.9989
vn -0.0000 0.9998 -0.0208
vn -0.0168 -0.0549 -0.9984
vn -0.0380 -0.9987 -0.0325
vn 0.9458 -0.0192 -0.3241
vn 0.0019 0.0468 0.9989
vn -0.0000 0.0519 0.9987
vn -0.0003 -0.0444 0.9990
vn 0.9486 0.0199 -0.3158
vn -0.0138 0.9998 -0.0156
vn -0.0720 -0.0330 -0.9969
vn 0.0078 -0.9999 0.0080
vn 0.9848 -0.1735 -0.0098
vn 0.9848 -0.1734 -0.0098
vn -0.0864 -0.1086 0.9903
vn -0.0786 -0.1915 0.9783
vn 0.0040 -0.0331 -0.9994
vn 0.0004 0.0330 -0.9995
vn -0.0375 0.0337 -0.9987
vn 0.0284 -0.9977 0.0610
vn -0.9998 0.0178 0.0027
vn -0.9732 -0.2295 -0.0130
vn -0.9732 -0.2296 -0.0130
vn -0.9967 -0.0802 0.0089
vn -0.0139 0.9998 -0.0155
vn -0.9991 -0.0400 0.0127
vn -0.9981 -0.0615 -0.0013
vn -0.0040 -0.9996 0.0274
vn -0.0147 -0.9996 -0.0232
vn -0.0367 -0.9993 0.0105
vn -0.9997 -0.0239 -0.0074
vn -0.0394 -0.9989 -0.0252
vn -0.0138 0.9999 -0.0024
vn -0.0000 1.0000 -0.0003
vn 0.9899 -0.1414 -0.0053
vn 0.9964 -0.0846 -0.0059
vn -0.0000 1.0000 0.0002
vn 0.9969 -0.0775 0.0108
vn -0.0212 -0.9997 -0.0119
vn 0.9969 -0.0776 0.0108
vn -0.0363 -0.9993 0.0097
vn -0.0362 -0.9993 0.0096
vn -0.0306 -0.9995 -0.0086
vn 0.9986 -0.0520 0.0005
vn -0.0152 -0.9993 -0.0332
vn -0.0153 0.9999 -0.0022
vn 0.4582 -0.0997 0.8832
vn -0.6780 -0.0421 0.7339
vn -0.0279 0.9991 -0.0314
vn 0.0283 -0.9985 0.0473
vn -0.6708 0.0203 0.7414
vn -0.1516 -0.0962 0.9837
vn -0.6786 0.0189 0.7343
vn 0.0223 -0.9998 0.0001
vn -0.0459 -0.0374 0.9982
vn -1.0000 -0.0001 0.0024
vn -0.9999 -0.0001 0.0152
vn -0.0001 0.0376 -0.9993
vn -0.9999 0.0001 0.0152
vn -0.0224 0.9998 -0.0001
vn -0.0248 -0.0374 0.9990
vn 0.0223 -0.9998 0.0002
vn -0.0458 -0.0373 0.9983
vn -0.9999 0.0001 0.0151
vn -0.0008 -0.9998 -0.0176
vn 0.0579 0.6124 0.7885
vn 0.0552 0.6577 0.7512
vn -0.0002 0.9998 0.0221
vn 0.0021 0.9988 0.0499
vn 0.9999 0.0045 0.0133
vn 0.9989 0.0461 0.0004
vn 0.0742 0.6568 0.7504
vn 0.0779 0.6114 0.7874
vn 0.0577 0.6123 0.7885
vn 0.0551 0.6577 0.7513
vn 0.0743 0.6568 0.7504
vn -0.0003 -1.0000 0.0002
vn 0.9989 0.0460 0.0003
vn -0.0004 -1.0000 0.0003
vn 0.9970 0.0774 0.0048
vn 0.0036 0.0173 0.9998
vn 0.0012 0.1260 0.9920
vn -0.9991 0.0381 -0.0189
vn 0.0091 -0.1337 -0.9910
vn 0.9885 0.1450 -0.0434
vn 0.0093 -0.1337 -0.9910
vn 0.0108 -0.0062 -0.9999
vn 0.9885 0.1449 -0.0435
vn 0.9999 0.0052 -0.0109
vn 0.0136 -0.9999 0.0052
vn 0.0192 0.1286 0.9915
vn -0.9991 0.0380 -0.0190
vn 0.9971 0.0755 0.0019
vn 0.9971 0.0754 0.0018
vn 0.9971 0.0755 0.0020
vn -0.0000 -1.0000 0.0004
vn -0.9918 0.1234 -0.0340
vn 0.9609 0.2732 -0.0464
vn -0.0002 -0.9999 0.0123
vn 0.9513 0.3080 -0.0163
vn 0.0204 -0.0431 -0.9989
vn 0.0191 0.0564 -0.9982
vn 1.0000 0.0001 0.0001
vn -0.0167 -0.0549 0.9984
vn -0.1456 0.9884 0.0426
vn -0.0218 0.9998 -0.0051
vn -0.0494 0.9987 0.0157
vn -0.0000 -0.9995 0.0320
vn 0.0097 0.9999 0.0049
vn -0.0000 0.9995 -0.0320
vn -0.0189 0.9998 0.0055
vn -0.9960 0.0456 0.0768
vn -0.0001 0.9998 0.0207
vn 0.9459 -0.0192 0.3240
vn 0.9486 -0.0199 0.3160
vn -0.0280 -0.9991 0.0315
vn -0.0721 0.0330 0.9969
vn -0.9999 -0.0000 -0.0104
vn 0.4167 0.0689 -0.9064
vn 0.4158 -0.0074 -0.9094
vn -1.0000 -0.0000 -0.0002
vn 0.4585 0.0235 -0.8884
vn -0.0066 1.0000 -0.0024
vn 0.0078 0.9999 -0.0080
vn 0.9848 0.1734 0.0097
vn -0.0865 0.1085 -0.9903
vn -0.0786 0.1912 -0.9784
vn 0.9905 0.1374 -0.0074
vn 0.0004 -0.0330 0.9995
vn -0.0276 -0.9996 0.0090
vn -0.0275 -0.9996 0.0045
vn 0.0005 -0.0332 0.9995
vn -0.0376 -0.0338 0.9987
vn 0.0284 0.9980 -0.0562
vn 0.0284 0.9977 -0.0609
vn -0.9997 0.0239 0.0074
vn -0.9991 0.0399 -0.0127
vn -0.9991 0.0400 -0.0127
vn -0.0040 0.9996 -0.0275
vn -0.0147 0.9996 0.0232
vn -0.0306 0.9995 0.0028
vn -0.9725 0.2324 -0.0146
vn -0.0438 0.9988 0.0215
vn -0.0394 0.9989 0.0253
vn -0.0276 -0.9996 0.0046
vn -0.0138 -0.9999 0.0024
vn -0.0434 0.9987 0.0272
vn -0.0363 0.9993 -0.0097
vn 0.9986 0.0521 -0.0005
vn -0.0152 0.9993 0.0333
vn -0.6709 -0.0202 -0.7413
vn 0.0282 0.9989 -0.0380
vn 0.0283 0.9985 -0.0471
vn -0.0339 0.0335 0.9989
vn -0.0338 0.0335 0.9989
vn 0.4422 0.0535 -0.8953
vn 0.0223 0.9998 -0.0002
vn -1.0000 -0.0000 -0.0026
vn 0.0118 0.9999 0.0035
vn 0.0117 0.9999 0.0036
vn -0.0000 0.0377 0.9993
vn -0.0000 0.0378 0.9993
vn -0.0001 -0.0376 0.9993
vn -0.0265 -0.0375 -0.9989
vn -0.0457 0.0374 -0.9983
vn -0.0223 -0.9998 0.0001
vn 0.0758 0.0375 -0.9964
vn -0.0001 0.9998 0.0221
vn -0.0010 -1.0000 -0.0007
vn 0.9999 0.0001 -0.0125
vn 0.0007 -0.9998 -0.0176
vn -0.0031 -1.0000 0.0004
vn -0.0031 -1.0000 0.0008
vn -0.9991 -0.0381 0.0192
vn -0.0132 -0.9993 -0.0343
vn -0.0132 -0.9993 -0.0345
vn 0.9609 -0.2731 0.0465
vn 0.0106 0.0063 0.9999
vn 0.9999 -0.0052 0.0110
vn -0.0275 -0.9995 0.0133
vn -0.0000 1.0000 0.0003
vn -0.9856 -0.1690 -0.0042
vn -0.0221 -0.9994 0.0263
vn 0.9972 -0.0754 -0.0018
vn 0.9999 -0.0052 0.0109
vn -1.0000 0.0064 0.0072
vn -0.0221 -0.9994 0.0265
vn 0.9907 -0.1356 0.0129
vn 0.9609 -0.2730 0.0465
vn -0.6214 0.0515 -0.7818
vn -0.6267 -0.0506 -0.7777
vn -0.9960 -0.0455 -0.0766
vn -0.9961 0.0465 -0.0744
vn -0.0303 -0.9995 0.0010
vn -0.9911 0.1321 0.0166
vn -0.9879 -0.1550 -0.0116
vn -0.0517 -0.0537 0.9972
vn -0.0559 0.0658 0.9963
vn -0.9911 0.1322 0.0165
vn -0.0299 0.9993 0.0242
vn 0.0016 0.0544 0.9985
vn 0.0022 -0.0682 0.9977
vn 0.0204 0.0610 0.9979
vn 0.0186 -0.0795 0.9967
vn 0.9383 -0.3458 0.0110
vn 0.9944 -0.1050 0.0070
vn -0.1456 -0.9884 -0.0426
vn -0.0299 0.9993 0.0241
vn 0.0001 1.0000 0.0035
vn -0.9911 0.1323 0.0165
vn -0.0189 -0.9998 -0.0055
vn 0.0001 -0.9998 0.0184
vn -0.0001 1.0000 0.0035
vn 0.9982 -0.0595 0.0041
vn 0.0097 -0.9999 -0.0050
vn 0.9383 -0.3458 0.0109
vn 0.0095 -0.9999 -0.0049
vn 0.9944 -0.1051 0.0071
vn 0.0095 -0.9999 -0.0050
vn -0.0001 -1.0000 -0.0001
vn 0.0001 -0.9995 0.0319
vn -0.1455 -0.9884 -0.0427
vn 0.0001 0.9996 0.0266
vn 0.0197 0.9993 0.0308
vn 0.0004 0.9997 0.0239
vn 0.0017 0.0545 0.9985
vn 0.0025 0.0643 0.9979
vn 0.0332 -0.9992 0.0224
vn -0.0044 -0.9997 0.0256
vn 0.0066 -0.0641 0.9979
vn 0.0002 0.9998 -0.0208
vn -0.9459 0.0183 -0.3240
vn -0.9486 0.0192 -0.3159
vn 0.0002 -0.9998 -0.0208
vn 0.9458 -0.0189 -0.3242
vn 0.9486 -0.0196 -0.3159
vn -0.9459 -0.0180 -0.3241
vn -0.9458 0.0181 -0.3241
vn -0.0166 0.0550 -0.9983
vn -0.0166 -0.0549 -0.9984
vn -0.5581 -0.0518 -0.8282
vn -0.5519 0.0527 -0.8323
vn 0.9459 0.0192 -0.3239
vn 0.9459 -0.0192 -0.3240
vn 0.0196 0.9993 0.0308
vn 0.0026 0.0643 0.9979
vn -0.0040 -0.9999 0.0120
vn 0.0332 -0.9992 0.0222
vn 0.0010 -0.0680 0.9977
vn 0.0170 0.9997 -0.0170
vn 0.0001 0.9998 -0.0208
vn 0.9486 0.0197 -0.3160
vn 0.9458 0.0190 -0.3241
vn 0.0002 -0.9998 -0.0207
vn -0.9486 -0.0191 -0.3158
vn -0.9459 -0.0182 -0.3239
vn -0.0755 0.0330 -0.9966
vn -0.9999 -0.0000 0.0104
vn -0.0395 -0.9989 -0.0255
vn 0.4156 0.0073 0.9095
vn -0.0001 1.0000 -0.0001
vn 0.4156 0.0075 0.9095
vn 0.4585 -0.0234 0.8884
vn -0.0785 -0.1913 0.9784
vn -0.0149 0.9999 -0.0021
vn 0.0279 -0.9990 0.0337
vn 0.0042 -0.0330 -0.9994
vn -0.9998 0.0179 0.0027
vn -0.9997 -0.0241 -0.0074
vn -0.9725 -0.2326 0.0147
vn -0.0138 0.9998 -0.0155
vn -0.9981 -0.0614 -0.0012
vn 0.0120 -0.9979 0.0638
vn -0.0147 -0.9996 -0.0233
vn -0.0307 -0.9995 -0.0029
vn -0.9997 -0.0240 -0.0075
vn -0.0439 -0.9988 -0.0214
vn -0.0395 -0.9989 -0.0254
vn -0.0137 0.9999 -0.0023
vn 0.9900 -0.1413 -0.0053
vn 0.9972 -0.0745 0.0076
vn 0.9964 -0.0845 -0.0059
vn 0.9899 -0.1413 -0.0053
vn 0.9986 -0.0520 0.0007
vn -0.0001 1.0000 -0.0002
vn 0.9905 -0.1374 0.0076
vn -0.0434 -0.9987 -0.0272
vn 0.9969 -0.0775 0.0109
vn -0.0307 -0.9995 -0.0085
vn -0.0297 0.9996 -0.0042
vn -0.1516 -0.0963 0.9837
vn -0.6708 0.0203 0.7413
vn 0.4584 -0.0234 0.8884
vn 0.4421 -0.0533 0.8954
vn 0.4582 -0.0999 0.8832
vn -0.0243 -0.9997 -0.0075
vn -0.0242 -0.9997 -0.0074
vn -0.6779 -0.0421 0.7340
vn -0.0340 -0.0337 -0.9989
vn 0.0282 -0.9989 0.0382
vn 0.0282 -0.9985 0.0472
vn -0.0338 -0.0337 -0.9989
vn 0.0282 -0.9985 0.0473
vn 0.4422 -0.0534 0.8953
vn -0.6786 0.0189 0.7342
vn 0.0597 -0.9981 -0.0174
vn 1.0000 -0.0001 -0.0055
vn 0.9956 0.0456 -0.0822
vn 0.9957 -0.0464 -0.0801
vn 0.0001 0.9999 0.0123
vn 0.0542 0.0430 0.9976
vn 0.0543 -0.0430 0.9976
vn 1.0000 -0.0000 -0.0054
vn -0.0158 -0.9998 -0.0111
vn -0.0001 -0.9999 -0.0123
vn 0.0040 -0.0445 0.9990
vn -0.9512 0.3079 0.0217
vn -0.0149 -0.0431 0.9990
vn -0.0135 0.0563 0.9983
vn 0.0001 -1.0000 0.0036
vn -0.9511 0.3080 0.0217
vn -0.9944 0.1049 0.0126
vn -1.0000 -0.0000 0.0054
vn 0.0112 -0.0550 -0.9984
vn 0.0001 -1.0000 0.0035
vn 0.9970 0.0770 -0.0008
vn 0.9878 0.1552 -0.0079
vn -0.0001 -0.9998 -0.0183
vn 0.9970 0.0770 -0.0007
vn 0.0190 0.9998 -0.0056
vn 1.0000 -0.0000 -0.0056
vn 0.9970 0.0771 -0.0008
vn 0.0217 0.9998 0.0049
vn 0.0493 0.9987 -0.0161
vn 0.0304 0.9995 0.0008
vn -0.0001 -0.9995 -0.0319
vn -0.0000 -1.0000 0.0036
vn -0.9982 0.0597 0.0094
vn 0.0046 0.9997 0.0254
vn -0.9944 0.1049 0.0125
vn 0.0001 0.9995 0.0319
vn -1.0000 -0.0001 0.0055
vn -1.0000 -0.0001 0.0054
vn 0.1454 0.9884 -0.0435
vn 0.0189 0.9998 -0.0056
vn -0.0001 -1.0000 -0.0067
vn 0.0049 -0.0519 0.9986
vn -0.0148 -0.0432 0.9990
vn 0.0042 0.9999 0.0122
vn 0.0058 0.0443 0.9990
vn -0.0330 0.9992 0.0224
vn 0.0038 0.0483 0.9988
vn 0.0006 0.0468 0.9989
vn 0.0598 -0.9981 -0.0174
vn -0.0170 -0.9997 -0.0169
vn 0.5475 -0.0526 -0.8352
vn 0.9441 -0.0180 -0.3292
vn 0.9469 -0.0189 -0.3210
vn 0.0378 0.9987 -0.0327
vn -0.9476 0.0192 -0.3189
vn -0.9503 0.0199 -0.3107
vn 0.9441 0.0180 -0.3291
vn -0.9476 -0.0192 -0.3190
vn -0.9476 0.0192 -0.3190
vn -0.0197 -0.9998 -0.0024
vn 0.0036 -0.0469 0.9989
vn 0.0047 -0.0519 0.9986
vn 0.0041 0.9999 0.0120
vn -0.0331 0.9992 0.0224
vn -0.0168 -0.9997 -0.0169
vn -0.9503 -0.0200 -0.3107
vn -0.9476 -0.0193 -0.3189
vn 0.9441 0.0179 -0.3291
vn 0.9468 -0.0190 -0.3211
vn 0.9468 0.0189 -0.3211
vn 0.0138 0.9999 -0.0051
vn -0.9992 -0.0380 0.0089
vn 0.0136 -0.0172 -0.9998
vn 0.0111 -0.1259 -0.9920
vn 0.0193 -0.9985 0.0517
vn 0.0589 -0.9982 0.0102
vn -0.9432 -0.3303 -0.0362
vn -0.9817 -0.1848 -0.0462
vn -0.0203 0.0068 0.9998
vn -0.0214 0.1342 0.9907
vn -0.9641 -0.2649 0.0214
vn -0.0936 0.9956 0.0045
vn -0.0000 1.0000 0.0010
vn -0.0213 0.1332 0.9909
vn 0.6278 0.5477 0.5531
vn -0.0851 -0.9962 -0.0201
vn -0.0129 -0.9998 -0.0166
vn -0.0000 0.0239 0.9997
vn -0.6960 -0.4867 0.5280
vn 0.9880 -0.1449 0.0537
vn -0.0011 0.1338 0.9910
vn -0.0597 0.9941 0.0908
vn -0.0883 0.9945 0.0564
vn 0.9908 -0.0640 0.1196
vn 0.9963 0.0517 0.0680
vn -0.0186 -0.9998 -0.0012
vn -0.0275 -0.9995 0.0130
vn 0.9938 -0.1082 0.0272
vn 0.0294 -0.1287 -0.9913
vn 0.0320 -0.0199 -0.9993
vn -0.0057 1.0000 -0.0080
vn 0.0138 0.9999 -0.0085
vn 0.0319 -0.0233 -0.9992
vn -0.6679 0.5129 -0.5392
vn -0.0404 -0.9991 0.0129
vn -0.0276 -0.9995 0.0137
vn 0.0112 -0.1267 -0.9919
vn 0.6477 -0.5779 -0.4966
vn -0.0497 0.9987 0.0120
vn -0.0815 0.9959 0.0388
vn -0.9673 -0.2531 0.0161
vn -0.9972 -0.0441 0.0607
vn -0.9855 -0.1691 -0.0143
vn -0.9992 -0.0380 0.0088
vn -0.0185 -0.9998 -0.0012
vn -0.0186 -0.9998 -0.0013
vn 0.9971 -0.0754 0.0083
vn 0.9938 -0.1082 0.0273
vn 0.0293 -0.9969 0.0735
vn 0.0659 -0.9976 0.0204
vn 0.9997 0.0070 -0.0254
vn 0.9960 -0.0840 -0.0288
vn 0.9971 -0.0755 0.0083
vn 0.0623 -0.9977 -0.0265
vn 0.0260 -0.9995 -0.0176
vn -0.9800 -0.1938 0.0461
vn -0.9694 -0.2450 0.0156
vn -0.0827 0.9960 -0.0344
vn -0.0489 0.9987 -0.0154
vn 0.9984 0.0429 -0.0365
vn 0.9996 0.0079 -0.0271
vn -0.0997 0.9909 -0.0907
vn -0.0582 0.9919 -0.1125
vn -0.9950 -0.0645 -0.0766
vn -0.9721 -0.2281 -0.0548
vn 0.0716 -0.9950 -0.0696
vn 0.0258 -0.9996 0.0067
vn 0.9944 -0.0908 0.0540
vn 0.9745 -0.1990 0.1040
vn -0.0280 0.9991 -0.0315
vn 0.4585 -0.0236 0.8884
vn 0.0120 -0.9988 0.0480
vn 0.0006 0.0330 -0.9995
vn 0.0121 -0.9979 0.0639
vn -0.0394 -0.9989 -0.0248
vn 0.9964 -0.0847 -0.0060
vn -0.0152 -0.9993 -0.0333
vn -0.0038 -0.9996 0.0281
vn 0.4421 -0.0534 0.8953
vn -0.0283 -0.9994 -0.0179
vn -0.0277 0.9995 -0.0179
vn -0.6214 -0.0515 0.7818
vn -0.0487 0.0430 -0.9979
vn 0.0178 0.0554 0.9983
vn 0.0178 -0.0555 0.9983
vn 0.9989 -0.0439 0.0143
vn 0.9989 0.0438 0.0143
vn -0.9879 0.1552 0.0024
vn -0.0001 0.9998 -0.0184
vn -0.0218 0.9998 -0.0050
vn -0.0001 -0.9995 0.0319
vn -0.0001 -1.0000 -0.0035
vn 0.9513 0.3080 -0.0165
vn -0.0001 0.9995 -0.0319
vn -0.1457 0.9884 0.0427
vn -0.9459 -0.0180 0.3240
vn -0.0380 0.9987 0.0326
vn -0.9459 0.0180 0.3239
vn -0.9459 -0.0181 0.3239
vn 0.0004 -0.0518 -0.9987
vn -0.0003 1.0000 -0.0002
vn 0.0760 -0.0374 -0.9964
vn 0.0001 0.9998 0.0222
vn 0.0001 0.9998 0.0221
vn 0.9992 -0.0402 -0.0011
vn 0.9999 0.0001 -0.0126
vn -0.0008 0.9998 0.0176
vn 0.9940 -0.1083 0.0170
vn -1.0000 0.0063 0.0073
vn 0.9907 -0.1357 0.0128
vn 0.9971 -0.0755 -0.0020
vn -0.0001 1.0000 0.0006
vn 0.9971 -0.0754 -0.0018
vn -0.6213 0.0515 -0.7818
vn -0.0000 -1.0000 -0.0017
vn -0.0000 1.0000 0.0020
vn 0.0179 0.0362 0.9992
vn 0.0021 -1.0000 0.0014
vn 0.9666 -0.2562 0.0050
vn 0.0061 0.0681 0.9977
vn 0.0042 -0.0234 0.9997
vn 1.0000 -0.0000 -0.0002
vn 0.0177 -0.0553 -0.9983
vn 0.9989 0.0439 -0.0144
vn 0.9989 -0.0439 -0.0144
vn -0.0168 0.0550 -0.9983
vn -0.0379 -0.9988 -0.0324
vn -0.0001 0.9999 0.0159
vn -1.0000 -0.0000 0.0002
vn -0.0218 -0.9998 0.0051
vn 1.0000 -0.0000 -0.0003
vn -1.0000 -0.0000 -0.0004
vn -0.1457 -0.9884 -0.0427
vn 0.0059 0.0682 0.9977
vn -0.0489 -0.0431 0.9979
vn 0.9458 -0.0192 -0.3242
vn -0.0170 0.0646 0.9978
vn -0.0106 -0.9999 0.0103
vn 0.0054 -0.0721 0.9974
vn -0.0275 -0.9995 0.0121
vn -0.6817 -0.5055 -0.5289
vn -0.0014 -0.1254 -0.9921
vn 0.0294 -0.1278 -0.9914
vn -0.0318 -0.9994 0.0124
vn -0.6810 -0.5000 -0.5350
vn 0.0028 -0.1258 -0.9920
vn 0.6481 -0.5667 -0.5088
vn -0.0361 -0.9993 0.0126
vn -0.6803 -0.4944 -0.5411
vn 0.0070 -0.1263 -0.9920
vn 0.6479 -0.5723 -0.5027
vn 0.0136 0.9999 -0.0016
vn 0.7552 0.4407 -0.4852
vn 0.0140 -0.0174 -0.9998
vn 0.0137 -0.0138 -0.9998
vn 0.0072 1.0000 -0.0037
vn 0.7552 0.4488 -0.4777
vn 0.0199 -0.0194 -0.9996
vn -0.6671 0.5321 -0.5214
vn 0.0008 1.0000 -0.0058
vn 0.7550 0.4569 -0.4703
vn 0.0259 -0.0214 -0.9994
vn -0.6676 0.5225 -0.5303
vn -0.0129 -0.9985 -0.0529
vn 0.7541 -0.4838 0.4442
vn -0.0593 -0.0076 0.9982
vn -0.0198 -0.0113 0.9997
vn -0.0373 -0.9984 -0.0423
vn 0.7508 -0.5112 0.4183
vn -0.0390 0.0035 0.9992
vn -0.6911 -0.5583 0.4590
vn -0.0616 -0.9976 -0.0314
vn 0.7451 -0.5382 0.3939
vn -0.0191 0.0139 0.9997
vn -0.6949 -0.5224 0.4942
vn 0.0290 0.9996 -0.0065
vn -0.8743 0.4674 0.1307
vn -0.6116 0.1735 0.7719
vn -0.5102 0.1550 0.8460
vn -0.0299 0.9996 -0.0003
vn -0.6855 0.5025 0.5268
vn -0.0887 0.1376 0.9865
vn 0.6099 0.4653 0.6415
vn -0.0325 0.9952 0.0924
vn -0.3176 0.5205 0.7926
vn 0.4627 0.0616 0.8844
vn 0.8708 0.3902 0.2992
vn -0.0639 0.9976 0.0281
vn -0.0649 0.9978 0.0110
vn -0.0660 0.9978 -0.0069
vn 0.0319 -0.0216 -0.9993
vn 0.0293 -0.1303 -0.9910
vn -0.0345 -0.0805 -0.9962
vn 0.0113 -0.0191 -0.9998
vn 0.0774 -0.0644 -0.9949
vn 0.0286 -0.1293 -0.9912
vn -0.0346 -0.0782 -0.9963
vn 0.0121 -0.0179 -0.9998
vn 0.0776 -0.0647 -0.9949
vn 0.0278 -0.1284 -0.9913
vn -0.0347 -0.0759 -0.9965
vn 0.0129 -0.0168 -0.9998
vn -0.0186 -0.9998 0.0007
vn -0.0186 -0.9998 -0.0006
vn -0.0185 -0.9998 -0.0019
vn 0.0458 -0.9980 0.0428
vn 0.0492 -0.9987 0.0162
vn 0.0493 -0.9987 0.0146
vn 0.0451 -0.9985 0.0301
vn 0.0484 -0.9988 0.0035
vn 0.0726 -0.9968 0.0331
vn 0.0444 -0.9989 0.0179
vn 0.0478 -0.9988 -0.0088
vn 0.0719 -0.9972 0.0208
vn -0.0213 0.1326 0.9909
vn -0.0203 0.0052 0.9998
vn 0.0531 0.0571 0.9970
vn -0.0130 0.1329 0.9911
vn 0.2087 0.5248 0.8252
vn 0.2712 0.4983 0.8235
vn 0.3460 0.5037 0.7916
vn 0.2637 0.5838 0.7679
vn -0.0789 0.7536 0.6525
vn -0.0338 0.7117 0.7017
vn 0.0460 0.7374 0.6739
vn -0.0104 0.7941 0.6076
vn -0.0185 -0.9998 -0.0042
vn -0.0135 -0.9997 0.0188
vn -0.0275 -0.9996 0.0099
vn -0.0187 -0.9998 -0.0023
vn -0.0135 -0.9997 0.0208
vn -0.0275 -0.9996 0.0119
vn -0.0189 -0.9998 -0.0004
vn -0.0135 -0.9996 0.0228
vn -0.0276 -0.9995 0.0139
vn -0.0001 1.0000 0.0038
vn 0.0188 0.9997 0.0126
vn 0.0137 0.9999 -0.0012
vn -0.0000 1.0000 0.0013
vn 0.0188 0.9998 0.0101
vn 0.0137 0.9999 -0.0038
vn -0.0000 1.0000 -0.0013
vn 0.0188 0.9998 0.0075
vn 0.0138 0.9999 -0.0064
vn -0.0693 0.9953 -0.0675
vn -0.1926 0.9785 -0.0739
vn -0.0687 0.9961 -0.0561
vn 0.0531 -0.9971 -0.0544
vn 0.0324 -0.9995 0.0055
vn 0.0395 -0.9992 0.0036
vn 0.0541 -0.9978 -0.0394
vn 0.0349 -0.9992 0.0210
vn -0.0076 -0.9990 -0.0447
vn 0.0551 -0.9982 -0.0232
vn 0.0375 -0.9986 0.0377
vn -0.0066 -0.9996 -0.0285
vn -0.9632 -0.2210 0.1533
vn -0.9503 -0.2535 0.1808
vn 0.0143 0.9998 0.0116
vn 0.0069 1.0000 -0.0072
vn 0.0069 1.0000 0.0031
vn 0.0135 0.9999 -0.0009
vn -0.9648 -0.2627 -0.0101
vn -0.9649 -0.2626 -0.0095
vn -0.9649 -0.2621 -0.0189
vn -0.8538 0.0468 0.5185
vn -0.8544 -0.0470 0.5174
vn -0.8562 -0.0482 0.5144
vn -0.8542 0.0518 0.5173
vn 0.0296 0.9996 0.0018
vn 0.0296 0.9995 0.0108
vn 0.0297 0.9995 0.0140
vn -0.0034 -0.9988 -0.0488
vn 0.0016 -1.0000 0.0085
vn -0.0389 -0.9992 0.0040
vn -0.0254 -0.9997 -0.0020
vn 0.0157 0.9998 -0.0124
vn 0.0197 0.9998 -0.0031
vn 0.0067 1.0000 -0.0013
vn -0.0003 1.0000 0.0020
vn 0.0073 0.9998 0.0170
vn 0.0330 -0.9991 0.0250
vn -0.0040 -0.9999 0.0142
vn -0.0202 -0.9998 0.0014
vn -0.0022 -1.0000 0.0050
vn -0.9960 -0.0457 -0.0769
vn -0.6264 -0.0506 -0.7779
vn -0.1455 -0.9884 -0.0428
vn 0.9989 0.0438 -0.0143
vn 0.0178 0.0556 -0.9983
vn 0.9512 -0.3081 0.0163
vn 0.9512 -0.3081 0.0164
vn 0.0170 0.9997 -0.0171
vn -0.0167 0.0549 -0.9984
vn -0.5581 -0.0518 -0.8281
vn 0.9458 -0.0190 -0.3241
vn 0.9486 -0.0199 -0.3158
vn -0.9486 -0.0189 -0.3160
vn 0.0203 0.0432 0.9989
vn 0.0294 0.9985 -0.0473
vn 0.0179 0.9997 0.0141
vn -0.9905 -0.1372 -0.0101
vn -0.9918 -0.1248 0.0288
vn -0.0000 0.9998 -0.0183
vn -0.9970 -0.0771 0.0048
vn -0.0305 -0.9995 0.0009
vn -0.0399 -0.9971 -0.0643
vn -0.0661 -0.9613 -0.2675
vn -0.7781 -0.1786 0.6022
vn -0.8652 -0.0672 0.4968
vn -0.9459 0.0180 -0.3240
vn -0.5583 -0.0518 -0.8280
vn -0.3401 0.9400 0.0268
vn -0.3299 0.9428 0.0470
vn -0.7440 -0.2442 0.6220
vn -0.7462 -0.2396 0.6211
vn 0.1777 -0.9839 0.0174
vn 0.2217 -0.9744 0.0368
vn -0.1716 -0.0733 0.9824
vn -0.1749 -0.0716 0.9820
vn -0.4461 0.6359 -0.6298
vn -0.8609 0.2660 0.4337
vn -0.4175 0.9067 0.0593
vn -0.4148 0.4486 -0.7917
vn -0.0927 -0.9954 0.0246
vn -0.1178 -0.9929 0.0190
vn -0.0810 -0.9966 0.0149
vn 0.2220 -0.6322 0.7423
vn -0.1295 -0.9910 0.0343
vn -0.7178 0.6878 0.1078
vn 0.0430 0.9991 -0.0003
vn 0.0625 0.9980 -0.0128
vn -0.9900 0.0234 0.1389
vn -0.9948 0.0039 0.1017
vn -0.9893 0.0043 0.1457
vn -0.9894 0.0083 0.1453
vn -0.9812 0.1735 0.0844
vn -0.9835 0.1405 0.1141
vn -0.9737 0.2159 0.0732
vn -0.3728 0.9276 -0.0229
vn -0.8216 0.3488 -0.4510
vn 0.0251 0.9315 0.3629
vn -0.3751 0.9270 0.0062
vn -0.6552 -0.5105 -0.5569
vn 0.0753 -0.0374 -0.9965
vn 0.0958 -0.0372 -0.9947
vn -0.0996 -0.9948 -0.0209
vn -0.8733 -0.3740 -0.3121
vn -0.3199 -0.0035 -0.9474
vn 0.4333 -0.5922 -0.6794
vn -0.1336 -0.9907 -0.0258
vn -0.9141 -0.3272 -0.2395
vn -0.4144 0.0238 -0.9098
vn 0.3445 -0.6058 -0.7172
vn 0.1113 -0.9929 -0.0429
vn -0.3640 -0.5820 -0.7272
vn 0.4342 0.0321 -0.9002
vn 0.9027 -0.3541 -0.2444
vn 0.1350 0.9907 -0.0178
vn 0.9475 0.2933 -0.1272
vn 0.5241 -0.0666 -0.8490
vn 0.5087 -0.0648 -0.8585
vn 0.0998 0.9950 -0.0099
vn 0.9204 0.3392 -0.1944
vn 0.4485 -0.0340 -0.8931
vn -0.3495 0.5887 -0.7289
vn -0.1202 0.9927 0.0064
vn 0.4014 0.6044 -0.6882
vn -0.3903 -0.0215 -0.9205
vn -0.9040 0.3434 -0.2546
vn -0.0889 0.9960 0.0126
vn 0.4866 0.5880 -0.6461
vn -0.2959 0.0055 -0.9552
vn -0.8617 0.3895 -0.3253
vn 0.1087 -0.9941 -0.0004
vn 0.9205 -0.3313 0.2071
vn 0.4208 0.0301 0.9066
vn 0.4211 0.0301 0.9065
vn 0.0803 -0.9967 -0.0073
vn 0.8878 -0.3727 0.2702
vn 0.3400 0.0050 0.9404
vn -0.4376 -0.5956 0.6736
vn -0.1085 -0.9941 -0.0004
vn 0.3959 -0.5954 0.6991
vn -0.4206 0.0300 0.9067
vn -0.9056 -0.3540 0.2335
vn -0.0803 -0.9967 -0.0073
vn 0.4711 -0.5816 0.6631
vn -0.3398 0.0049 0.9405
vn -0.8701 -0.3948 0.2952
vn -0.6992 0.4998 0.5111
vn -0.0951 0.9949 0.0341
vn -0.8805 0.3744 0.2908
vn -0.3426 -0.0050 0.9395
vn 0.4125 0.5911 0.6931
vn -0.1268 0.9912 0.0394
vn -0.9151 0.3333 0.2269
vn -0.4240 -0.0300 0.9052
vn 0.3339 0.6019 0.7254
vn 0.0950 0.9949 0.0340
vn -0.4461 0.5782 0.6832
vn 0.3429 -0.0049 0.9394
vn 0.8624 0.3957 0.3156
vn 0.0162 0.9997 0.0202
vn 0.0680 0.9962 -0.0540
vn 0.0128 0.9997 0.0210
vn 0.0681 0.9963 -0.0523
vn 0.0453 0.9974 -0.0555
vn -0.0162 0.9997 0.0203
vn 0.0674 0.9970 -0.0379
vn 0.0441 0.9985 -0.0338
vn -0.0128 0.9997 0.0210
vn 0.0677 0.9969 -0.0397
vn 0.0448 0.9983 -0.0365
vn 0.0129 0.9999 -0.0000
vn 0.0100 1.0000 -0.0000
vn -0.0129 0.9999 -0.0000
vn -0.0100 1.0000 -0.0000
vn 0.0138 0.9999 -0.0001
vn 0.0328 0.9993 -0.0165
vn 0.0150 0.9999 -0.0001
vn 0.0151 0.9999 -0.0001
vn 0.0106 0.9999 -0.0001
vn 0.0293 0.9994 -0.0167
vn 0.0115 0.9999 -0.0001
vn 0.0284 0.9995 -0.0121
vn -0.0138 0.9999 -0.0001
vn 0.0019 0.9998 -0.0182
vn -0.0157 0.9999 -0.0001
vn 0.0007 0.9997 -0.0231
vn -0.0106 0.9999 -0.0000
vn 0.0054 0.9998 -0.0180
vn -0.0122 0.9999 -0.0001
vn 0.0047 0.9998 -0.0218
vn 0.0487 -0.0099 -0.9988
vn -0.3428 0.0101 -0.9394
vn -0.3684 -0.0374 -0.9289
vn -0.4120 -0.0098 -0.9111
vn -0.3869 0.0374 -0.9214
vn -0.4524 0.0101 -0.8917
vn -0.4767 -0.0374 -0.8783
vn -0.5178 -0.0098 -0.8554
vn -0.4941 0.0374 -0.8686
vn 0.5335 0.0099 -0.8457
vn 0.5099 -0.0373 -0.8594
vn 0.4688 -0.0101 -0.8832
vn 0.4926 0.0375 -0.8694
vn -0.0032 -1.0000 -0.0002
vn 0.0125 -0.9998 0.0143
vn -0.0010 -1.0000 -0.0016
vn -0.0011 -1.0000 -0.0016
vn -0.0119 -0.9999 0.0002
vn 0.0036 -0.9999 0.0129
vn -0.0131 -0.9999 -0.0013
vn 0.0053 -0.9999 0.0161
vn -0.0144 -0.9999 0.0006
vn 0.0011 -0.9999 0.0128
vn -0.0164 -0.9999 -0.0007
vn 0.0029 -0.9999 0.0161
vn 0.0052 -1.0000 0.0012
vn 0.0209 -0.9996 0.0175
vn 0.0107 -0.9999 0.0006
vn 0.0221 -0.9996 0.0201
vn -0.0031 -1.0000 0.0013
vn -0.0135 -0.9999 0.0011
vn -0.0165 -0.9999 0.0008
vn 0.0072 -1.0000 0.0004
vn 0.0682 -0.9966 0.0460
vn -0.0197 -0.9996 -0.0221
vn 0.0459 -0.9969 0.0646
vn -0.0167 -0.9999 0.0007
vn 0.0258 -0.9986 0.0462
vn -0.0255 -0.9994 -0.0222
vn 0.0384 -0.9968 0.0695
vn -0.0208 -0.9998 0.0008
vn 0.0199 -0.9987 0.0471
vn 0.0197 -0.9996 -0.0221
vn 0.0852 -0.9960 0.0273
vn 0.0105 -0.9999 0.0015
vn 0.0647 -0.9971 0.0395
vn 0.4930 0.0375 0.8692
vn 0.4930 -0.0376 0.8692
vn 0.5255 0.0001 0.8508
vn 0.3659 0.0001 0.9307
vn 0.4004 -0.0376 0.9155
vn 0.4347 0.0001 0.9006
vn 0.4004 0.0375 0.9156
vn -0.5252 -0.0001 0.8510
vn -0.4927 -0.0376 0.8694
vn -0.4598 -0.0001 0.8880
vn -0.4927 0.0375 0.8694
vn -0.4344 -0.0001 0.9007
vn -0.4002 -0.0376 0.9157
vn -0.3655 -0.0001 0.9308
vn -0.4002 0.0375 0.9157
vn -0.0011 -1.0000 -0.0009
vn -0.0162 -0.9997 -0.0197
vn 0.0008 -0.9998 -0.0179
vn -0.0164 -0.9999 -0.0006
vn -0.0350 -0.9992 -0.0179
vn -0.0180 -0.9997 -0.0176
vn -0.0210 -0.9998 -0.0006
vn -0.0405 -0.9990 -0.0174
vn -0.0235 -0.9996 -0.0175
vn 0.0142 -0.9999 -0.0013
vn 0.0027 -0.9998 -0.0210
vn 0.0194 -0.9997 -0.0176
vn 0.0018 1.0000 -0.0004
vn -0.0151 0.9998 0.0107
vn 0.0014 0.9998 0.0174
vn 0.0013 1.0000 -0.0003
vn -0.0161 0.9998 0.0121
vn 0.0009 0.9998 0.0175
vn -0.0025 1.0000 -0.0002
vn -0.0195 0.9995 0.0236
vn -0.0027 0.9998 0.0177
vn -0.0021 1.0000 -0.0000
vn -0.0195 0.9996 0.0224
vn -0.0022 0.9998 0.0178
vn 0.0255 0.9994 0.0221
vn 0.0196 0.9996 0.0221
vn -0.0254 0.9994 0.0221
vn -0.0196 0.9996 0.0221
vn -0.0003 -0.9998 -0.0221
vn -0.0004 -0.9998 -0.0221
vn 0.0003 -0.9998 -0.0221
vt 2.158539 1.820791
vt 2.129470 1.820837
vt 2.117945 1.074075
vt 2.147015 1.074030
vt -0.597112 0.452612
vt -0.597813 0.424214
vt 0.150854 0.432047
vt 0.136639 0.462435
vt 0.700238 0.195750
vt 0.700412 0.306664
vt -0.044618 0.303103
vt -0.049166 0.193520
vt 1.345091 0.461220
vt 1.345859 0.433038
vt 1.926590 0.424212
vt 1.925821 0.452393
vt 2.145136 -0.128786
vt 2.117411 -0.127959
vt 2.128443 -0.717362
vt 2.157512 -0.717408
vt 0.939175 0.734302
vt 0.939925 0.841952
vt 0.910931 0.841950
vt 0.910931 0.731103
vt -1.244745 0.194072
vt -1.244571 0.304982
vt -1.831726 0.308971
vt -1.825849 0.195640
vt -0.556985 0.192992
vt -0.498479 0.298921
vt 2.117794 0.619397
vt 2.146862 0.619352
vt -0.034541 0.196152
vt -0.044568 0.303102
vt 0.700367 0.306662
vt 0.699485 0.199067
vt -1.243903 0.199739
vt -1.243729 0.310648
vt -0.498184 0.298922
vt -0.493967 0.198562
vt -1.818801 0.197995
vt -1.825487 0.305665
vt -1.243712 0.310646
vt -1.243886 0.199738
vt 0.821005 0.956436
vt 0.821004 0.842972
vt 0.849975 0.844086
vt 0.848865 0.952088
vt 0.596656 0.461570
vt 0.657749 0.433361
vt 1.926745 0.347422
vt 1.926670 0.376402
vt 1.182122 0.384812
vt 1.182196 0.355832
vt -0.857361 1.830034
vt -0.828939 1.830688
vt -0.838665 1.076638
vt -0.869132 1.091017
vt 0.700219 0.195749
vt 0.700393 0.306661
vt -0.044622 0.303100
vt -0.049170 0.193519
vt -0.870238 -0.126114
vt -0.842397 -0.126945
vt -0.846211 -0.705603
vt -0.874052 -0.704772
vt -0.016997 0.352194
vt -0.016344 0.380376
vt -0.597823 0.376402
vt -0.597662 0.347420
vt 0.729258 0.734302
vt 0.730008 0.841952
vt 0.701014 0.841950
vt 0.701015 0.731103
vt -1.244725 0.194071
vt -1.244551 0.304979
vt -1.825529 0.305656
vt -1.819653 0.192327
vt -0.556979 0.192991
vt -0.498474 0.298918
vt 0.728810 0.383088
vt 0.728884 0.354107
vt -0.034543 0.196152
vt -0.044570 0.303100
vt 0.700353 0.306660
vt 0.699471 0.199066
vt -0.498178 0.298920
vt -0.493962 0.198561
vt 2.682982 1.519355
vt 2.694084 1.412039
vt 2.116404 1.383834
vt 2.112024 1.494668
vt 0.880956 0.956436
vt 0.880955 0.842972
vt 0.909926 0.844086
vt 0.908816 0.952089
vt -0.869056 0.627689
vt -0.841309 0.566101
vt -0.597811 0.587900
vt -0.597826 0.558920
vt 0.146085 0.567576
vt 0.146101 0.596558
vt 1.918581 0.511157
vt 1.919251 0.539603
vt 1.171162 0.549947
vt 1.185434 0.519542
vt 0.166877 1.418846
vt 0.171257 1.308007
vt 0.915044 1.340272
vt 0.915089 1.449960
vt -0.025974 0.511193
vt -0.026772 0.539330
vt -0.597812 0.540511
vt -0.597013 0.512372
vt 1.348273 0.587090
vt 1.347509 0.558913
vt 1.925445 0.564438
vt 1.925406 0.593415
vt 0.759256 0.734302
vt 0.760006 0.841952
vt 0.731012 0.841950
vt 0.731012 0.731103
vt 2.112642 1.500386
vt 2.117021 1.389550
vt 2.694144 1.412068
vt 2.683617 1.525074
vt 1.418487 1.471468
vt 1.364373 1.363216
vt 0.595433 0.577849
vt 0.595448 0.606830
vt 0.900580 1.446710
vt 0.914991 1.340251
vt 0.171304 1.307991
vt 0.167766 1.415542
vt 1.364073 1.363184
vt 1.355739 1.463295
vt 2.679662 1.518258
vt 2.690764 1.410932
vt 2.109568 1.382063
vt 2.105188 1.492907
vt 0.761053 0.956436
vt 0.761054 0.842972
vt 0.790024 0.844086
vt 0.788914 0.952088
vt 0.729400 0.529769
vt 0.668264 0.557921
vt -0.597824 0.636827
vt -0.597682 0.607848
vt 0.151103 0.634931
vt 0.150961 0.663910
vt 1.919656 0.664924
vt 1.920482 0.693331
vt 1.167534 0.722067
vt 1.181619 0.691630
vt 0.162140 1.417075
vt 0.166521 1.306227
vt 0.915414 1.338594
vt 0.915459 1.448292
vt -0.022594 0.664904
vt -0.023251 0.693096
vt -0.597815 0.693323
vt -0.597158 0.665132
vt 1.345903 0.636012
vt 1.345275 0.607830
vt 1.926740 0.612333
vt 1.926552 0.641313
vt -3.420942 -0.997006
vt -3.366202 -1.079440
vt -3.340120 -1.061804
vt -3.397416 -0.977059
vt 2.105818 1.498628
vt 2.110198 1.387778
vt 2.690846 1.410960
vt 2.680318 1.523979
vt 1.417430 1.467413
vt 1.363311 1.359149
vt 0.598905 0.619605
vt 0.598763 0.648586
vt 0.900957 1.445041
vt 0.915369 1.338574
vt 0.166589 1.306212
vt 0.163051 1.413773
vt 1.363011 1.359118
vt 1.354677 1.459239
vt 0.689927 0.297628
vt 0.696785 0.189969
vt 0.115019 0.184060
vt 0.115016 0.294968
vt 0.850981 0.841868
vt 0.850980 0.728405
vt 0.879951 0.729519
vt 0.878841 0.837521
vt 0.727162 0.676160
vt 0.666075 0.704667
vt 1.926761 0.385817
vt 1.926687 0.414797
vt 1.182119 0.423207
vt 1.182194 0.394226
vt -0.596981 0.196954
vt -0.597812 0.168558
vt 0.150933 0.172987
vt 0.136855 0.203439
vt -1.829094 0.295854
vt -1.829091 0.184942
vt -1.084082 0.189692
vt -1.079709 0.299280
vt 3.579261 1.234682
vt 3.607105 1.235417
vt 3.605109 1.814082
vt 3.577265 1.813347
vt -0.017005 0.390588
vt -0.016352 0.418770
vt -0.597823 0.414794
vt -0.597661 0.385815
vt 0.789253 0.734301
vt 0.790003 0.841952
vt 0.761009 0.841950
vt 0.761009 0.731103
vt 0.115846 0.300636
vt 0.115849 0.189728
vt 0.696828 0.189978
vt 0.690770 0.303297
vt -0.571901 0.300618
vt -0.630237 0.194598
vt 0.728798 0.421482
vt 0.728872 0.392502
vt -1.094331 0.296624
vt -1.084133 0.189693
vt -1.829050 0.184943
vt -1.828340 0.292539
vt -0.630532 0.194596
vt -0.634908 0.294948
vt 2.679463 1.518249
vt 2.690565 1.410941
vt 2.109461 1.382077
vt 2.105081 1.492903
vt 0.940907 0.956436
vt 0.940906 0.842972
vt 0.969877 0.844086
vt 0.968767 0.952088
vt 0.596877 0.200483
vt 0.657841 0.171997
vt 1.345932 0.168551
vt 1.345292 0.196732
vt -0.597722 0.233420
vt -0.597824 0.204440
vt 0.144691 0.207310
vt 0.144793 0.236290
vt 1.917796 0.237291
vt 1.918447 0.265700
vt 1.171703 0.271970
vt 1.185977 0.241612
vt 0.164299 1.419430
vt 0.168678 1.308601
vt 0.911032 1.340403
vt 0.911077 1.450083
vt -0.022482 0.240466
vt -0.023306 0.268641
vt -0.597815 0.265468
vt -0.596991 0.237293
vt 1.344032 0.232615
vt 1.343208 0.204438
vt 1.924676 0.204869
vt 1.924691 0.233848
vt 0.819251 0.734301
vt 0.820001 0.841952
vt 0.791007 0.841950
vt 0.791007 0.731103
vt 2.105695 1.498619
vt 2.110075 1.387793
vt 2.690617 1.410970
vt 2.680092 1.523967
vt 1.418457 1.471460
vt 1.364347 1.363216
vt 0.598027 0.206270
vt 0.598129 0.235251
vt 0.896565 1.446832
vt 0.910976 1.340383
vt 0.168718 1.308584
vt 0.165181 1.416128
vt 1.364047 1.363183
vt 1.355713 1.463288
vt 2.721681 1.404699
vt 2.725434 1.512516
vt 2.143713 1.501664
vt 2.146904 1.390797
vt 0.910931 0.956436
vt 0.910931 0.842972
vt 0.939902 0.844086
vt 0.938792 0.952089
vt 0.725945 0.241578
vt 0.664802 0.269665
vt 1.926753 0.309028
vt 1.926679 0.338008
vt 1.182140 0.346417
vt 1.182215 0.317435
vt -0.596988 0.301371
vt -0.597812 0.272976
vt 0.150904 0.277574
vt 0.136820 0.308023
vt 0.203539 1.333879
vt 0.200346 1.444751
vt 0.945219 1.461465
vt 0.952747 1.352044
vt 1.345263 0.301586
vt 1.345910 0.273403
vt 1.920462 0.272969
vt 1.919815 0.301153
vt -0.017039 0.313801
vt -0.016386 0.341981
vt -0.597824 0.338007
vt -0.597662 0.309027
vt 0.759300 0.848869
vt 0.760050 0.956520
vt 0.731056 0.956517
vt 0.731056 0.845670
vt 2.147902 1.385130
vt 2.144710 1.495998
vt 2.725483 1.512485
vt 2.722692 1.399033
vt 1.460408 1.365336
vt 1.399038 1.469636
vt 0.728802 0.344692
vt 0.728876 0.315711
vt 0.938049 1.354301
vt 0.945163 1.461487
vt 0.200384 1.444775
vt 0.204193 1.337240
vt 1.398738 1.469653
vt 1.397255 1.369212
vt -1.783539 0.313773
vt -1.791716 0.206199
vt -1.213510 0.193725
vt -1.212147 0.304632
vt 0.850980 0.956436
vt 0.850980 0.842972
vt 0.879951 0.844086
vt 0.878841 0.952088
vt 0.596842 0.305171
vt 0.657812 0.276698
vt 0.637522 1.855839
vt 0.666591 1.855793
vt 0.656331 1.109695
vt 0.627262 1.109741
vt 1.918564 0.463418
vt 1.919234 0.491861
vt 1.171188 0.502205
vt 1.185460 0.471801
vt 0.734257 0.281750
vt 0.732894 0.170839
vt -0.011460 0.182851
vt -0.014489 0.292492
vt -0.025934 0.463454
vt -0.026732 0.491592
vt -0.597811 0.492777
vt -0.597013 0.464637
vt 0.634201 -0.095965
vt 0.661929 -0.095284
vt 0.656784 -0.674912
vt 0.627715 -0.674866
vt 0.729302 0.848869
vt 0.730053 0.956520
vt 0.701058 0.956518
vt 0.701058 0.845670
vt -1.212913 0.310311
vt -1.214276 0.199402
vt -1.791770 0.206207
vt -1.784322 0.319452
vt -0.518262 0.300294
vt -0.461226 0.193559
vt 0.645074 0.659122
vt 0.616005 0.659168
vt 0.000095 0.289657
vt -0.011413 0.182852
vt 0.732842 0.170841
vt 0.733451 0.278444
vt -0.460931 0.193554
vt -0.455325 0.293851
vt 0.000095 0.289657
vt 0.791029 0.956436
vt 0.791029 0.842972
vt 0.820000 0.844086
vt 0.818889 0.952088
vt 0.729440 0.482028
vt 0.668304 0.510180
vt 0.848888 0.952591
vt 0.849365 0.952049
vt 0.850475 0.844136
vt 0.849999 0.843613
vt 0.699985 0.199012
vt 0.699500 0.198566
vt 2.129482 1.821331
vt 2.128973 1.820831
vt -1.826326 0.195735
vt -1.825800 0.195227
vt 0.821024 0.842504
vt 0.820524 0.842988
vt -0.598312 0.424266
vt -0.597829 0.423760
vt 0.700405 0.307162
vt 0.700905 0.306669
vt 0.908830 0.952592
vt 0.909317 0.952046
vt -1.825986 0.305668
vt -1.825518 0.306164
vt 0.699971 0.199012
vt 0.699486 0.198566
vt 0.730025 0.842447
vt 0.730508 0.841946
vt -1.820140 0.192419
vt -1.819614 0.191914
vt 0.880965 0.842500
vt 0.880466 0.842984
vt 0.701032 0.730602
vt 0.700526 0.731039
vt 0.700387 0.307159
vt 0.700887 0.306665
vt 0.788911 0.952595
vt 0.789414 0.952046
vt 2.694586 1.412049
vt 2.694140 1.411541
vt 0.167265 1.415578
vt 0.167744 1.416042
vt 0.760009 0.842449
vt 0.760506 0.841947
vt 2.684105 1.525001
vt 2.683558 1.525481
vt 0.761066 0.842501
vt 0.760567 0.842985
vt 0.730993 0.730598
vt 0.730512 0.731042
vt 0.171271 1.307509
vt 0.170758 1.307987
vt 0.878859 0.838024
vt 0.879341 0.837478
vt 2.691264 1.410949
vt 2.690817 1.410434
vt 0.162552 1.413809
vt 0.163038 1.414274
vt -3.365941 -1.079815
vt -3.366646 -1.079736
vt 2.680809 1.523906
vt 2.680262 1.524390
vt 0.850989 0.727933
vt 0.850490 0.728416
vt -3.397667 -0.976666
vt -3.397001 -0.976703
vt 0.166525 1.305727
vt 0.166021 1.306206
vt 0.968780 0.952592
vt 0.969267 0.952046
vt 0.697285 0.189967
vt 0.696818 0.189470
vt -1.828840 0.292593
vt -1.828356 0.293039
vt 0.790020 0.842448
vt 0.790503 0.841946
vt 0.691257 0.303206
vt 0.690730 0.303710
vt 0.940916 0.842501
vt 0.940417 0.842984
vt 0.761027 0.730602
vt 0.760521 0.731039
vt -1.829085 0.184444
vt -1.829585 0.184937
vt 0.938799 0.952593
vt 0.939292 0.952046
vt 2.691056 1.410958
vt 2.690612 1.410443
vt 0.164679 1.416164
vt 0.165156 1.416627
vt 0.820007 0.842449
vt 0.820501 0.841947
vt 2.680586 1.523896
vt 2.680042 1.524378
vt 0.910935 0.842501
vt 0.910436 0.842984
vt 0.791010 0.730600
vt 0.790508 0.731040
vt 0.168694 1.308103
vt 0.168179 1.308581
vt 0.878854 0.952592
vt 0.879341 0.952046
vt 0.880450 0.844132
vt 0.879965 0.843610
vt 0.759800 0.848916
vt 0.759317 0.848368
vt 0.760067 0.957015
vt 0.760550 0.956513
vt 0.850486 0.956546
vt 0.850984 0.956941
vt 0.850989 0.842501
vt 0.850490 0.842984
vt 0.731073 0.845169
vt 0.730568 0.845606
vt 0.200339 1.445249
vt 0.199853 1.444743
vt 0.818886 0.952595
vt 0.819390 0.952046
vt -1.792218 0.206195
vt -1.791759 0.205700
vt 0.733951 0.278493
vt 0.733459 0.278944
vt 0.730056 0.957016
vt 0.730552 0.956515
vt -1.784808 0.319366
vt -1.784274 0.319861
vt 0.791042 0.842501
vt 0.790542 0.842985
vt 0.701040 0.845165
vt 0.700558 0.845609
vt 0.732894 0.170340
vt 0.733394 0.170832
vt 1.925840 0.452892
vt 1.345077 0.461719
vt 2.128969 1.820831
vt 2.117445 1.074121
vt 0.700867 0.306661
vt -0.597611 0.452664
vt 2.158547 1.821292
vt 2.129482 1.821338
vt 0.700738 0.195811
vt 0.700912 0.306664
vt -0.048958 0.193021
vt 0.700219 0.195250
vt -1.244570 0.305484
vt -1.831742 0.309472
vt -1.832226 0.308957
vt -1.826354 0.195724
vt 0.821018 0.956940
vt 0.821015 0.842472
vt 0.849991 0.843586
vt 0.136406 0.462933
vt -0.597106 0.453113
vt 0.595573 0.462070
vt 0.136455 0.462933
vt 0.595595 0.462070
vt 2.116920 -0.127946
vt 2.127942 -0.717331
vt 2.117292 0.619398
vt 2.116920 -0.127937
vt 2.117444 1.074076
vt 2.117292 0.619414
vt -1.825802 0.195140
vt -1.244745 0.193571
vt -1.244731 0.193571
vt -0.557261 0.192493
vt -0.556183 0.192494
vt -0.049187 0.193020
vt -0.044598 0.303601
vt -0.498202 0.299421
vt -0.498203 0.299421
vt -1.244557 0.305484
vt -1.243899 0.199239
vt -1.818783 0.197495
vt -1.819297 0.197917
vt -1.825988 0.305675
vt -0.044610 0.303600
vt 0.700364 0.307160
vt 0.700853 0.306659
vt 0.729275 0.733800
vt 0.730019 0.842452
vt 0.701021 0.842450
vt 0.700514 0.841949
vt 0.700514 0.731041
vt -0.048962 0.193020
vt 0.700201 0.195249
vt -1.244551 0.305481
vt -1.825555 0.306158
vt -1.826029 0.305640
vt -1.820158 0.192409
vt 0.880960 0.956941
vt 0.880956 0.842471
vt 0.909932 0.843586
vt -0.034496 0.195652
vt -0.034730 0.195653
vt -0.493941 0.198062
vt -0.495025 0.198063
vt -1.243887 0.199239
vt -1.243726 0.311146
vt -1.243711 0.311146
vt -0.498200 0.299420
vt -0.498199 0.299420
vt -0.044617 0.303600
vt -1.819615 0.191827
vt -1.244726 0.193571
vt -1.244712 0.193571
vt -0.557256 0.192492
vt -0.556177 0.192493
vt -0.049191 0.193020
vt -0.044601 0.303598
vt -0.498197 0.299418
vt -0.498198 0.299418
vt -1.244538 0.305481
vt 2.112020 1.495168
vt 2.682947 1.519854
vt 2.683475 1.519454
vt 0.915059 1.339754
vt 0.171326 1.307492
vt 0.170804 1.307973
vt 0.759283 0.733802
vt 0.760003 0.842452
vt 0.731006 0.842450
vt 0.730512 0.841950
vt 0.914857 1.450450
vt 0.166862 1.419345
vt 2.117041 1.389048
vt 2.694186 1.411568
vt 2.694643 1.412105
vt 2.684125 1.525013
vt 0.761081 0.956937
vt 0.761058 0.842472
vt 0.790033 0.843586
vt 0.900512 1.447207
vt 0.900748 1.447216
vt 1.355698 1.463794
vt 1.356763 1.463838
vt 2.112004 1.495167
vt 2.116442 1.383336
vt 2.116424 1.383335
vt 1.364115 1.362685
vt 0.915070 1.339754
vt 2.683556 1.525571
vt 2.112622 1.500886
vt 1.418743 1.471979
vt 1.417665 1.471933
vt 0.915090 1.450460
vt 0.915038 1.339773
vt 0.915044 1.339773
vt 1.364106 1.362704
vt 1.364130 1.362705
vt 2.105180 1.493407
vt 2.679622 1.518757
vt 2.680154 1.518357
vt 2.691266 1.410943
vt 0.915437 1.338077
vt 0.166621 1.305713
vt 0.166089 1.306194
vt 0.162550 1.413809
vt -3.421201 -0.996622
vt -3.365934 -1.079814
vt -3.339848 -1.062177
vt -3.339671 -1.061499
vt 0.915207 1.448782
vt 0.162116 1.417576
vt 2.110218 1.387277
vt 2.690892 1.410461
vt 2.691345 1.410998
vt 2.680826 1.523918
vt 0.850983 0.842374
vt 0.850981 0.727904
vt 0.879957 0.729018
vt 0.900889 1.445539
vt 0.901106 1.445546
vt 1.354635 1.459738
vt 1.355653 1.459783
vt 2.105168 1.493406
vt 2.109603 1.381565
vt 2.109588 1.381564
vt 1.363053 1.358619
vt 1.363033 1.358618
vt 2.680260 1.524476
vt 2.105798 1.499126
vt 2.105794 1.499126
vt 1.417685 1.467924
vt 1.416680 1.467886
vt 0.915459 1.448793
vt 0.915398 1.338094
vt 0.915433 1.338095
vt 1.363055 1.358638
vt 1.363066 1.358638
vt 2.110214 1.387277
vt 0.115028 0.295467
vt 0.689908 0.298128
vt 0.690423 0.297708
vt 0.697287 0.189960
vt -1.084092 0.189193
vt -1.829060 0.184443
vt -1.829550 0.184943
vt 0.789270 0.733800
vt 0.790014 0.842452
vt 0.761016 0.842450
vt 0.760509 0.841949
vt 0.760509 0.731040
vt -1.079918 0.299778
vt -1.829076 0.296354
vt 0.115849 0.189225
vt 0.696854 0.189476
vt 0.697328 0.189995
vt 0.691275 0.303216
vt 0.940911 0.956941
vt 0.940908 0.842472
vt 0.969883 0.843586
vt -1.094379 0.297124
vt -1.094145 0.297123
vt -0.634930 0.295448
vt -0.633847 0.295448
vt 0.115016 0.295467
vt 0.115034 0.183560
vt 0.115019 0.183560
vt -0.630510 0.194096
vt -1.084085 0.189193
vt 0.690732 0.303797
vt 0.115846 0.301136
vt 0.115832 0.301136
vt -0.571626 0.301118
vt -0.572704 0.301115
vt -1.079689 0.299779
vt -1.084101 0.189194
vt -0.630513 0.194097
vt 0.115836 0.189226
vt 2.105067 1.493402
vt 2.679419 1.518748
vt 2.679953 1.518348
vt 2.691064 1.410952
vt 0.911043 1.339885
vt 0.168738 1.308084
vt 0.168218 1.308566
vt 0.819261 0.733799
vt 0.820001 0.842452
vt 0.791003 0.842450
vt 0.790507 0.841950
vt 0.790507 0.731042
vt 0.910837 1.450573
vt 0.164286 1.419930
vt 2.110095 1.387291
vt 2.690669 1.410470
vt 2.691113 1.411007
vt 2.680598 1.523907
vt 0.910931 0.956942
vt 0.910927 0.842471
vt 0.939902 0.843586
vt 0.896498 1.447330
vt 0.896733 1.447339
vt 1.355671 1.463787
vt 1.356757 1.463829
vt 2.105061 1.493402
vt 2.109490 1.381578
vt 2.109480 1.381578
vt 1.364089 1.362685
vt 2.680040 1.524465
vt 2.105675 1.499119
vt 2.105662 1.499119
vt 1.418712 1.471971
vt 1.417632 1.471926
vt 0.911077 1.450583
vt 0.911028 1.339905
vt 0.911032 1.339905
vt 1.364091 1.362705
vt 2.110082 1.387291
vt 2.146931 1.390297
vt 2.721676 1.404199
vt 0.945189 1.461988
vt 0.200360 1.445274
vt 0.760061 0.957020
vt 0.731063 0.957017
vt 0.730556 0.956516
vt 0.730556 0.845608
vt 0.952553 1.351539
vt 0.203571 1.333380
vt 2.144696 1.496500
vt 2.725495 1.512987
vt 0.850480 0.956543
vt 0.850480 0.842982
vt 0.850981 0.842472
vt 0.879956 0.843586
vt 0.204192 1.336739
vt 0.938016 1.353800
vt 0.938250 1.353808
vt 1.397247 1.368711
vt 1.398330 1.368743
vt 2.146919 1.390297
vt 2.725453 1.513016
vt 2.143713 1.502164
vt 2.143698 1.502163
vt 1.398746 1.470154
vt 0.945197 1.461988
vt 2.722668 1.398532
vt 2.147917 1.384630
vt 2.147903 1.384630
vt 1.460697 1.364844
vt 1.459620 1.364815
vt 0.952781 1.351545
vt 0.945185 1.461963
vt 1.398748 1.470129
vt 2.144683 1.496500
vt -1.212157 0.305132
vt -1.783518 0.314272
vt -1.784034 0.313858
vt -0.011467 0.182352
vt 0.732833 0.170341
vt 0.733341 0.170836
vt 0.729329 0.848369
vt 0.730050 0.957020
vt 0.701053 0.957017
vt 0.700558 0.956517
vt -0.014270 0.292989
vt 0.734258 0.282250
vt -1.214282 0.198900
vt -1.791798 0.205706
vt -1.792269 0.206230
vt -1.784829 0.319377
vt 0.791056 0.956937
vt 0.791033 0.842472
vt 0.820009 0.843586
vt 0.000149 0.290157
vt -0.000087 0.290159
vt -0.455297 0.294351
vt -0.456363 0.294366
vt -1.212141 0.305131
vt -1.213534 0.193226
vt -1.213516 0.193225
vt -0.460959 0.193054
vt -0.011478 0.182353
vt -1.784274 0.319951
vt -1.212907 0.310811
vt -0.518531 0.300798
vt -0.517453 0.300781
vt -0.014503 0.292992
vt -0.011440 0.182353
vt -0.011446 0.182353
vt -0.460945 0.193055
vt -0.460969 0.193055
vt -1.824994 0.201307
vt -1.831680 0.308978
vt 3.541522 -3.438498
vt 4.508616 -3.438499
vt 4.508616 -3.344490
vt 3.541522 -3.344489
vt 3.541523 -1.438303
vt 4.508617 -1.438303
vt 4.508617 -1.344294
vt 3.541523 -1.344294
vt 3.541523 -0.084170
vt 4.508617 -0.084171
vt 4.508617 -0.178180
vt 3.541523 -0.178180
vt 1.638336 -3.438498
vt 1.638336 -3.344489
vt 1.544327 -3.344489
vt 1.544327 -3.438498
vt 3.541522 -3.438498
vt 3.541523 -0.178180
vt 4.508617 -0.084171
vt 0.378213 -3.438498
vt 0.378213 -3.344489
vt 0.284203 -3.344489
vt 0.284203 -3.438498
vt 3.541523 2.462078
vt 4.508617 2.462078
vt 4.508617 2.556088
vt 3.541523 2.556088
vt 3.541523 -1.344294
vt 4.508617 -1.438303
vt 0.378213 2.462078
vt 0.378213 2.556088
vt 0.284204 2.556088
vt 0.284204 2.462078
vt 3.541523 2.556088
vt 4.508617 2.462078
vt 3.541523 2.462078
vt 3.541522 -2.484405
vt 4.508616 -2.484405
vt 4.508617 -2.578414
vt 3.541522 -2.578414
vt 1.638336 2.462078
vt 1.638336 2.556088
vt 1.544327 2.556088
vt 1.544327 2.462078
vt 4.508616 -2.578414
vt 4.508617 -2.484405
vt 3.541522 -2.484405
vt 2.778447 2.462078
vt 2.778447 2.556088
vt 2.684439 2.556088
vt 2.684439 2.462078
vt 2.778447 -3.438498
vt 2.778447 -3.344489
vt 2.684438 -3.344489
vt 2.684438 -3.438498
vt 3.541523 -1.988357
vt 4.508616 -1.988357
vt 4.508616 -1.894348
vt 3.541523 -1.894348
vt 0.378213 -1.988357
vt 0.378213 -1.894348
vt 0.284204 -1.894348
vt 0.284204 -1.988357
vt 3.541523 -1.988357
vt 1.638336 -1.988357
vt 1.638336 -1.894348
vt 1.544327 -1.894348
vt 1.544327 -1.988357
vt 2.778447 -1.988357
vt 2.778447 -1.894348
vt 2.684438 -1.894348
vt 2.684438 -1.988357
vt 3.541523 1.011936
vt 4.508616 1.011936
vt 4.508616 1.105946
vt 3.541523 1.105946
vt 0.378213 1.011936
vt 0.378213 1.105946
vt 0.284204 1.105946
vt 0.284204 1.011936
vt 3.541523 1.105946
vt 3.541523 1.011936
vt 1.638336 1.011936
vt 1.638336 1.105945
vt 1.544327 1.105946
vt 1.544327 1.011936
vt 2.778447 1.011936
vt 2.778447 1.105946
vt 2.684439 1.105946
vt 2.684439 1.011936
vt 3.541523 -0.488210
vt 4.508617 -0.488210
vt 4.508617 -0.394201
vt 3.541523 -0.394201
vt 0.378213 -0.488210
vt 0.378213 -0.394201
vt 0.284204 -0.394201
vt 0.284204 -0.488210
vt 1.638336 -0.488210
vt 1.638336 -0.394201
vt 1.544327 -0.394201
vt 1.544327 -0.488210
vt 2.778448 -0.488210
vt 2.778448 -0.394201
vt 2.684439 -0.394201
vt 2.684439 -0.488210
vt 1.541327 -3.344489
vt 1.544327 -3.341489
vt 1.641336 -3.344489
vt 1.638336 -3.341489
vt 1.541327 -3.438498
vt 1.544327 -3.441499
vt 1.638336 -3.441499
vt 1.641336 -3.438498
vt 4.511617 -3.344489
vt 4.508616 -3.341489
vt 4.508616 -3.341489
vt 4.511617 -3.438498
vt 4.508616 -3.441499
vt 4.511618 -0.178180
vt 4.508617 -0.181180
vt 4.511618 2.556088
vt 4.508617 2.559088
vt 4.511618 2.462078
vt 4.508617 2.459078
vt 4.511618 -1.438303
vt 4.508617 -1.441303
vt 4.511618 -2.578414
vt 4.508617 -2.581414
vt 4.511617 -1.894348
vt 4.508617 -1.891347
vt 4.511617 -1.988357
vt 4.508617 -1.991357
vt 4.511617 1.105945
vt 4.508617 1.108946
vt 4.511617 1.105946
vt 4.511617 1.011936
vt 4.508617 1.008936
vt 4.511617 -0.394201
vt 4.508617 -0.391201
vt 4.511618 -0.394201
vt 4.511618 -0.488210
vt 4.508617 -0.491210
vt 3.541523 -1.341293
vt 4.508617 -1.341293
vt 3.541523 -1.441303
vt 3.541523 -0.081170
vt 4.508617 -0.081170
vt 4.511618 -0.084171
vt 4.511617 -0.178180
vt 3.541523 -0.181180
vt 4.511617 -3.438498
vt 3.541522 -3.441499
vt 4.511617 -0.084171
vt 4.508617 -0.081170
vt 4.511618 2.462078
vt 3.541523 2.459078
vt 4.511618 -1.344294
vt 4.511617 -1.438303
vt 4.511617 -1.344294
vt 3.541522 -2.481404
vt 4.508617 -2.481404
vt 4.511618 -2.484405
vt 4.511617 -2.578414
vt 3.541522 -2.581414
vt 4.511617 -2.484405
vt 4.511617 -1.988357
vt 4.508617 -1.991357
vt 3.541523 -1.991357
vt 3.541523 1.008936
vt 4.511617 -0.488210
vt 4.508617 -0.491210
vt 3.541523 -0.491210
vt 4.265261 -2.762978
vt 4.265261 -2.735913
vt 3.514297 -2.740174
vt 3.514297 -2.767239
vt 3.048336 1.403092
vt 3.074733 1.403741
vt 3.076574 0.660110
vt 3.048126 0.673481
vt 0.557433 1.209953
vt 0.557433 1.366991
vt -0.191738 1.373735
vt -0.183181 1.211276
vt 2.324033 -2.737206
vt 2.323302 -2.763043
vt 1.247653 -2.766927
vt 1.262141 -2.736839
vt 2.324563 -2.762999
vt 2.325291 -2.737236
vt 1.244239 -2.735722
vt 1.244239 -2.762787
vt 4.078972 -2.736712
vt 4.232780 -2.735961
vt 4.232780 -2.762947
vt 4.076001 -2.762947
vt -1.378878 1.209951
vt -1.378878 1.366977
vt -2.456628 1.370842
vt -2.449885 1.216568
vt -0.691023 1.209945
vt -0.664572 1.371200
vt 3.040707 -2.751432
vt 3.040707 -2.778498
vt -0.168662 1.213934
vt -0.191653 1.373731
vt 0.557323 1.366988
vt 0.556617 1.213271
vt -1.378039 1.215624
vt -1.378039 1.372638
vt -0.664004 1.371196
vt -0.628312 1.215618
vt 0.543151 1.211063
vt 0.536366 1.364769
vt 1.104033 1.368012
vt 1.104033 1.211063
vt 3.079116 1.214233
vt 3.074866 1.373157
vt 3.047021 1.373163
vt 3.048059 1.211456
vt 3.074814 -2.737206
vt 3.017699 -2.763044
vt 3.539320 -2.736417
vt 3.525948 -2.764864
vt 3.041664 1.367554
vt 3.041664 1.394612
vt 2.304097 1.394612
vt 2.304097 1.367555
vt 3.046189 1.393911
vt 3.046839 1.367489
vt 2.302500 1.365647
vt 2.315884 1.394123
vt 3.038612 1.205397
vt 3.038612 1.362350
vt 2.302798 1.362351
vt 2.298468 1.206719
vt 1.099439 1.393334
vt 1.098708 1.367471
vt 0.534170 1.367471
vt 0.534901 1.393334
vt 1.101585 1.367527
vt 1.102313 1.393281
vt 0.533227 1.390187
vt 0.533227 1.363132
vt 0.555276 1.208542
vt 0.556027 1.362349
vt 0.529041 1.362349
vt 0.529040 1.205570
vt 1.103212 1.205396
vt 1.103212 1.362342
vt 0.536336 1.364747
vt 0.542330 1.205395
vt 1.791068 1.205396
vt 1.848803 1.357455
vt 1.849524 1.394050
vt 1.849524 1.366993
vt 2.313021 1.209375
vt 2.302931 1.362349
vt 3.038585 1.362349
vt 3.037879 1.208712
vt 1.849415 1.357458
vt 1.853744 1.211063
vt 3.034675 1.211062
vt 3.041461 1.364769
vt 2.473794 1.368012
vt 2.473794 1.211063
vt 0.528985 1.205667
vt 0.524650 1.364802
vt 0.551644 1.364802
vt 0.554659 1.210744
vt 1.850935 1.393333
vt 1.793766 1.367470
vt 1.691241 -0.916471
vt 1.691241 -0.889413
vt 0.953676 -0.889413
vt 0.953676 -0.916470
vt 1.695771 -0.890113
vt 1.696421 -0.916535
vt 0.952080 -0.918378
vt 0.965464 -0.889903
vt 0.539214 1.205397
vt 0.539214 1.362351
vt 1.275028 1.362351
vt 1.279359 1.206719
vt -0.250982 -0.890691
vt -0.251713 -0.916554
vt -0.816252 -0.916555
vt -0.815520 -0.890691
vt -0.248834 -0.916497
vt -0.248107 -0.890745
vt -0.817191 -0.893837
vt -0.817190 -0.920892
vt -5.504243 1.208541
vt -5.504993 1.362349
vt -5.478009 1.362349
vt -5.478008 1.205569
vt 2.474615 1.205396
vt 2.474615 1.362342
vt 3.041491 1.364747
vt 3.035496 1.205395
vt 1.786758 1.205396
vt 1.729023 1.357455
vt 0.499104 -0.889974
vt 0.499104 -0.917031
vt 1.264806 1.209375
vt 1.274896 1.362349
vt 0.539242 1.362349
vt 0.539946 1.208712
vt 1.728410 1.357458
vt 1.724083 1.211063
vt -2.475644 1.213643
vt -2.453341 1.370845
vt -3.531667 1.372638
vt -3.531667 1.215624
vt -5.477952 1.205667
vt -5.473617 1.364801
vt -5.500610 1.364802
vt -5.503625 1.210745
vt 0.500515 -0.890692
vt 0.443346 -0.916556
vt -1.766204 -0.197630
vt -1.766204 -0.224695
vt -1.015240 -0.220434
vt -1.015240 -0.193369
vt -1.769864 -0.223981
vt -1.770513 -0.197584
vt -1.026886 -0.195742
vt -1.040258 -0.224191
vt -5.467139 1.209953
vt -5.467138 1.366991
vt -4.717967 1.373735
vt -4.726525 1.211276
vt 0.175022 -0.223402
vt 0.175752 -0.197565
vt 1.251394 -0.193682
vt 1.236907 -0.223770
vt 0.174494 -0.197609
vt 0.173766 -0.223372
vt 1.254818 -0.224886
vt 1.254818 -0.197821
vt 0.535605 1.213134
vt 0.536356 1.366941
vt 0.509371 1.366941
vt 0.509371 1.210162
vt -3.530828 1.209951
vt -3.530828 1.366977
vt -2.453077 1.370842
vt -2.459821 1.216568
vt -4.218683 1.209945
vt -4.245133 1.371200
vt -0.541650 -0.209176
vt -0.541650 -0.182110
vt -4.741043 1.213934
vt -4.718052 1.373731
vt -5.467028 1.366988
vt -5.466323 1.213271
vt -4.245702 1.371196
vt -4.281394 1.215618
vt 0.173766 -0.223372
vt 0.174494 -0.197610
vt -2.453427 1.217135
vt -2.448548 1.370846
vt -1.416671 1.372639
vt -1.416671 1.215622
vt 0.504911 1.214233
vt 0.509161 1.373157
vt 0.537006 1.373163
vt 0.535968 1.211456
vt -0.575755 -0.223402
vt -0.518641 -0.197564
vt 4.230857 -0.227500
vt 4.230857 -0.200438
vt 3.475508 -0.202503
vt 3.475508 -0.229565
vt 4.231616 -0.198945
vt 4.232265 -0.225366
vt 3.487961 -0.227209
vt 3.501344 -0.198735
vt 0.518827 1.209954
vt 0.523226 1.362704
vt -0.230378 1.373734
vt -0.221820 1.211277
vt 2.284956 -0.199524
vt 2.284225 -0.225386
vt 1.224400 -0.222947
vt 1.241072 -0.200527
vt 2.285947 -0.225324
vt 2.286676 -0.199566
vt 1.252626 -0.198052
vt 1.252626 -0.225113
vt 0.510722 1.215117
vt 0.512129 1.365019
vt 0.539184 1.365019
vt 0.537029 1.212138
vt -1.417503 1.209952
vt -1.417503 1.366976
vt -2.448770 1.370841
vt -2.472066 1.213048
vt -0.729656 1.209946
vt -0.703206 1.371199
vt 3.001987 -0.213760
vt 3.001987 -0.240821
vt -0.207271 1.213933
vt -0.230264 1.373732
vt 0.523167 1.362704
vt 0.518065 1.213269
vt -0.702622 1.371197
vt -0.666930 1.215616
vt -2.456298 1.217139
vt -2.461178 1.370852
vt -3.493050 1.372645
vt -3.493050 1.215626
vt 0.535480 1.209015
vt 0.537529 1.375124
vt 0.509080 1.375116
vt 0.511425 1.212897
vt 3.036418 -0.199525
vt 2.979251 -0.225387
vt 2.284225 -0.225386
vt 3.487961 -0.227209
vt -1.771442 -2.728374
vt -1.771442 -2.755437
vt -0.976483 -2.758107
vt -0.976483 -2.731044
vt -1.776514 -2.754715
vt -1.777164 -2.728304
vt -0.988718 -2.733413
vt -1.002102 -2.761888
vt -5.472423 1.230671
vt -5.472423 1.387701
vt -4.679330 1.373738
vt -4.687888 1.211282
vt 0.214182 -2.761097
vt 0.214913 -2.735235
vt 1.274646 -2.737673
vt 1.257974 -2.760094
vt 0.213182 -2.735283
vt 0.212454 -2.761044
vt 1.246594 -2.762556
vt 1.246594 -2.735493
vt 3.066347 1.233896
vt 3.067099 1.387703
vt 3.040113 1.387703
vt 3.040112 1.230924
vt -3.492220 1.209958
vt -3.492220 1.366980
vt -2.460967 1.370845
vt -2.437671 1.213053
vt -4.180058 1.209951
vt -4.206508 1.371203
vt -0.502921 -2.746849
vt -0.502921 -2.719785
vt -4.702444 1.213936
vt -4.679451 1.373738
vt -5.472376 1.387698
vt -5.471670 1.233987
vt -4.207095 1.371204
vt -4.242787 1.215620
vt 3.048546 1.209015
vt 3.046496 1.375124
vt 3.074946 1.375116
vt 3.072601 1.212897
vt -0.537217 -2.761098
vt -0.480051 -2.735235
vt 3.047539 1.209863
vt 3.046654 1.211115
vt 3.045488 1.372937
vt 3.046643 1.374550
vt 4.079126 -2.735212
vt 4.077467 -2.736672
vt 4.266765 -2.735911
vt 4.265268 -2.734416
vt -2.450734 1.216476
vt -2.448928 1.215062
vt 3.074438 1.374541
vt 3.076024 1.372998
vt 3.074552 1.405245
vt 3.076085 1.403776
vt 0.557440 1.368480
vt 0.558933 1.366977
vt 0.533398 1.393574
vt 0.534877 1.394816
vt 0.534864 1.364791
vt 0.536291 1.366268
vt 3.039378 1.208544
vt 3.037910 1.207213
vt 0.556052 1.363845
vt 0.557526 1.362342
vt 0.540877 1.205689
vt 0.542433 1.204166
vt 0.524647 1.366234
vt 0.523188 1.364730
vt 3.048345 1.367671
vt 3.046874 1.366136
vt 3.038612 1.363846
vt 3.040112 1.362347
vt -5.503717 1.209235
vt -5.505121 1.210952
vt 3.042962 1.364791
vt 3.041536 1.366268
vt 0.538448 1.208544
vt 0.539917 1.207213
vt -5.505019 1.363845
vt -5.506494 1.362342
vt 3.036950 1.205689
vt 3.035393 1.204166
vt -5.473614 1.366234
vt -5.472155 1.364730
vt -5.478034 1.204063
vt -5.476524 1.205388
vt 0.539214 1.363846
vt 0.537714 1.362347
vt 0.536489 1.209863
vt 0.537374 1.211115
vt -2.451825 1.370852
vt -2.453115 1.372340
vt -5.467823 1.213103
vt -5.466352 1.211771
vt 0.536355 1.368441
vt 0.537856 1.366949
vt -2.458972 1.216476
vt -2.460777 1.215062
vt 0.509590 1.374541
vt 0.508004 1.372998
vt 0.509396 1.208655
vt 0.507886 1.209981
vt -5.467145 1.368480
vt -5.468639 1.366977
vt 0.511195 1.211393
vt 0.510130 1.213137
vt -2.450049 1.370833
vt -2.448501 1.372335
vt 0.519561 1.213121
vt 0.518052 1.211769
vt 0.512126 1.366497
vt 0.510625 1.364992
vt -2.472675 1.213257
vt -2.470852 1.211775
vt 0.537535 1.376692
vt 0.538577 1.375246
vt 0.536980 1.210631
vt 0.538512 1.211916
vt 0.523273 1.364182
vt 0.524726 1.362660
vt 3.072832 1.211393
vt 3.073896 1.213135
vt -2.459676 1.370837
vt -2.461225 1.372339
vt -5.473169 1.233855
vt -5.471710 1.232484
vt -1.772912 -2.755425
vt -1.771408 -2.756934
vt -2.437062 1.213262
vt -2.438885 1.211781
vt 1.248098 -2.735515
vt 1.246795 -2.733990
vt 3.040150 1.229419
vt 3.038641 1.230705
vt -1.771416 -2.726870
vt -1.772919 -2.728369
vt 1.262504 -2.735336
vt 2.324075 -2.735725
vt 4.265268 -2.734409
vt 3.514527 -2.738669
vt 4.232788 -2.734461
vt 3.048170 1.404596
vt 4.266765 -2.762970
vt 0.558933 1.210131
vt -0.182394 1.209775
vt 0.557400 1.208454
vt -1.378878 1.368477
vt -2.456696 1.372342
vt -2.458132 1.370887
vt -2.451382 1.216465
vt 3.078347 1.212617
vt 3.074817 1.374696
vt 3.047022 1.374696
vt 3.046624 0.674187
vt 3.046838 1.403061
vt 3.078087 -2.735725
vt 3.539804 -2.734915
vt 3.077743 -2.735725
vt 2.325330 -2.735761
vt 1.244464 -2.734220
vt 3.040707 -2.749928
vt 2.325336 -2.735761
vt 3.514297 -2.738670
vt 3.041045 -2.749921
vt -1.378878 1.208451
vt -1.378837 1.208451
vt -0.691268 1.208451
vt -0.688028 1.208459
vt -0.183102 1.209777
vt 0.557442 1.368491
vt -0.191809 1.375235
vt -0.191817 1.375235
vt -0.664291 1.372695
vt -0.664359 1.372695
vt -1.378867 1.368477
vt 1.099481 1.394816
vt 0.541660 1.210820
vt 2.302832 1.363848
vt 3.038592 1.363848
vt 3.040085 1.362341
vt 3.047695 1.394078
vt 0.556034 1.363848
vt 0.529041 1.363848
vt 0.527541 1.362353
vt 0.527541 1.205392
vt 3.046874 1.365988
vt 2.301831 1.364140
vt 1.103212 1.363846
vt 0.536290 1.366251
vt 0.534837 1.364718
vt 0.540819 1.205667
vt 0.532668 1.367744
vt 0.524620 1.366301
vt 0.551623 1.366301
vt 2.316591 1.395626
vt 3.046158 1.395411
vt 1.854211 1.394815
vt 2.316486 1.395626
vt 1.854166 1.394815
vt 1.103981 1.369511
vt 1.104033 1.369512
vt 1.849369 1.358958
vt 1.849371 1.358958
vt 1.098666 1.365993
vt 0.534072 1.365994
vt 1.790502 1.365993
vt 2.301791 1.364140
vt 1.791079 1.365991
vt 2.302840 1.363846
vt 1.849375 1.358956
vt 1.849373 1.358956
vt 1.103250 1.363846
vt 2.473835 1.209563
vt 3.034652 1.209563
vt 3.036165 1.210820
vt 1.274995 1.363848
vt 0.539235 1.363848
vt 0.537742 1.362341
vt -5.504283 1.207036
vt -5.505001 1.363849
vt -5.478009 1.363849
vt -5.476509 1.362353
vt -5.476509 1.205392
vt 1.278693 1.205219
vt 0.539248 1.203898
vt 2.474615 1.363846
vt 3.041537 1.366251
vt 3.042990 1.364718
vt 3.037007 1.205667
vt -5.478011 1.204151
vt -5.473587 1.366300
vt -5.500589 1.366301
vt 1.264707 1.207875
vt 1.265411 1.207878
vt 1.724038 1.209563
vt 1.727293 1.209563
vt 2.473794 1.209563
vt 2.473845 1.369511
vt 2.473794 1.369512
vt 1.728456 1.358958
vt 1.728454 1.358958
vt 1.274997 1.363848
vt 3.035399 1.203896
vt 2.474615 1.203896
vt 2.474573 1.203896
vt 1.787328 1.203896
vt 1.784089 1.203904
vt 1.279401 1.205220
vt 1.274987 1.363846
vt 1.728452 1.358956
vt 1.728454 1.358956
vt 2.474576 1.363846
vt -3.531625 1.214123
vt -2.475286 1.212142
vt -2.474101 1.213839
vt -2.451825 1.370847
vt -4.717836 1.375231
vt -5.467026 1.368486
vt -5.468528 1.366965
vt 0.535645 1.211629
vt 0.509363 1.368441
vt 0.507871 1.366955
vt 0.507871 1.209984
vt -4.727311 1.209775
vt -5.467105 1.208454
vt -3.530828 1.368477
vt -2.453010 1.372342
vt -2.451573 1.370887
vt -2.458323 1.216465
vt 0.505681 1.212617
vt 0.509211 1.374696
vt 0.537006 1.374696
vt -4.741259 1.212434
vt -4.740554 1.212437
vt -4.281736 1.214123
vt -4.278481 1.214123
vt -3.531667 1.214123
vt -2.453115 1.372345
vt -3.531627 1.374138
vt -3.531667 1.374138
vt -4.245359 1.372690
vt -4.717801 1.375231
vt -3.530828 1.208451
vt -3.530869 1.208451
vt -4.218438 1.208451
vt -4.221677 1.208459
vt -4.726604 1.209777
vt -5.467147 1.368491
vt -4.717896 1.375235
vt -4.717888 1.375235
vt -4.245414 1.372695
vt -4.245346 1.372695
vt -3.530839 1.368477
vt -1.416713 1.214122
vt -2.454218 1.215636
vt -2.454935 1.216912
vt -2.450050 1.370821
vt -0.230480 1.375232
vt 0.523215 1.364201
vt 0.524668 1.362694
vt 0.510663 1.213612
vt 0.512147 1.366522
vt 0.539209 1.366522
vt 0.540687 1.364998
vt 0.538529 1.211920
vt -0.221034 1.209776
vt 0.518751 1.208455
vt -1.417503 1.368476
vt -2.448564 1.372340
vt -2.450286 1.370841
vt -2.473535 1.213375
vt 0.510794 1.211404
vt 0.534283 1.207607
vt 0.509073 1.376692
vt -0.207056 1.212433
vt -0.207760 1.212435
vt -0.666587 1.214122
vt -0.669843 1.214122
vt -1.416671 1.214122
vt -2.448499 1.372347
vt -1.416710 1.374139
vt -1.416671 1.374139
vt -0.702965 1.372692
vt -0.230515 1.375232
vt -2.470854 1.211544
vt -1.417503 1.208452
vt -1.417462 1.208452
vt -0.729901 1.208452
vt -0.726661 1.208460
vt -0.221741 1.209778
vt 0.523274 1.364203
vt -0.230453 1.375234
vt -0.230457 1.375235
vt -0.702925 1.372694
vt -0.702993 1.372694
vt -1.417492 1.368476
vt -3.493007 1.214127
vt -2.455509 1.215641
vt -2.454790 1.216918
vt -2.459676 1.370825
vt -1.771408 -2.756941
vt -0.976673 -2.759610
vt -5.473876 1.387720
vt 3.066392 1.232392
vt -1.772946 -2.728369
vt -1.772945 -2.755425
vt 3.038613 1.387676
vt 3.038613 1.230709
vt -4.688663 1.209800
vt -5.472381 1.229169
vt 0.213224 -2.733808
vt -2.459450 1.370845
vt -2.436202 1.213381
vt 3.073233 1.211404
vt 3.049742 1.207606
vt 1.248098 -2.762533
vt -4.702659 1.212438
vt -4.701955 1.212441
vt -4.243129 1.214127
vt -4.239876 1.214127
vt -3.493050 1.214127
vt 0.212415 -2.762518
vt 1.246644 -2.764059
vt -0.502921 -2.748353
vt 0.212409 -2.762518
vt -0.976483 -2.759611
vt -0.503259 -2.748361
vt -2.438882 1.211549
vt -3.492220 1.208457
vt -3.492261 1.208458
vt -4.179813 1.208457
vt -4.183051 1.208466
vt -4.687967 1.209783
vt -0.976536 -2.729540
vt -0.502921 -2.718281
vt -0.976483 -2.729540
vt -0.502663 -2.718287
vt -2.434061 1.213643
vt -2.456365 1.370845
vt 2.273889 2.064708
vt 2.273888 2.264167
vt 1.640428 2.254566
vt 1.629351 2.064708
vt 2.273888 2.064708
vt 1.629351 2.064708
vt 1.640428 2.254566
vt -1.573464 0.793417
vt -1.573464 0.742243
vt -0.928883 0.742243
vt -0.928883 0.793417
vt -0.260831 2.064708
vt -0.254135 2.249835
vt -0.254135 2.249835
vt -0.260831 2.064708
vt -0.277660 2.264186
vt -0.226486 2.264186
vt -0.226486 2.064719
vt -0.277660 2.064719
vt 0.961044 0.742243
vt 0.961044 0.793416
vt -0.855433 0.989163
vt -0.855433 0.937989
vt -1.488729 0.933395
vt -1.488729 0.984570
vt -0.194484 -0.170218
vt -0.194484 -0.119056
vt 0.311129 -0.110280
vt 0.311129 -0.161443
vt -0.277702 2.064651
vt -0.226528 2.064652
vt -0.230408 2.249762
vt -0.281582 2.249762
vt 1.439632 0.781567
vt 1.439632 0.981017
vt 1.020691 0.981017
vt 1.020691 0.781567
vt 1.715238 0.882586
vt 1.715238 0.683136
vt 1.296298 0.683136
vt 1.296298 0.882586
vt 2.317252 -0.278614
vt 2.317252 -0.227366
vt 1.897640 -0.236654
vt 1.897640 -0.287902
vt -0.313402 0.882586
vt -0.313402 0.683136
vt -0.802215 0.689280
vt -0.818882 0.882586
vt -0.589011 0.781566
vt -0.589010 0.981017
vt -1.094491 0.981017
vt -1.077824 0.787710
vt -0.399706 -0.278528
vt -0.399706 -0.227364
vt -0.200274 -0.227364
vt -0.200274 -0.278528
vt 0.285357 -0.269747
vt 0.285357 -0.218494
vt -0.204077 -0.227284
vt -0.204077 -0.278536
vt 0.793615 -0.278592
vt 0.787871 -0.226036
vt 0.818623 0.981017
vt 0.818623 0.781568
vt -0.081413 0.981017
vt -0.087454 0.790262
vt 1.920678 -0.179570
vt 1.920678 -0.128407
vt 2.339579 -0.119135
vt 2.339579 -0.170297
vt 0.818741 -0.170253
vt 0.818741 -0.119090
vt 1.718629 -0.119090
vt 1.718629 -0.170253
vt 2.153785 1.452493
vt 2.151326 1.416769
vt 1.615667 1.425417
vt 1.613318 1.452574
vt 1.695247 -0.227322
vt 1.695247 -0.278569
vt -0.208075 -0.278571
vt -0.208075 -0.227320
vt -0.401683 -0.227320
vt -0.401683 -0.278571
vt 0.194258 0.882586
vt 0.194258 0.683136
vt 1.094229 0.882586
vt 1.094229 0.683136
vt 2.348328 1.507427
vt 2.348477 1.682411
vt 2.159005 1.693552
vt 2.159005 1.494201
vt 2.145376 1.968249
vt 2.145376 1.768954
vt 1.958366 1.768954
vt 1.958365 1.968250
vt -0.203572 -1.045407
vt -0.176331 -1.047403
vt -0.176485 -0.857557
vt -0.203415 -0.857557
vt 0.151068 1.968250
vt 0.151068 1.768954
vt -0.379028 1.761873
vt -0.381702 1.968250
vt 0.352247 1.499730
vt 0.348620 1.682129
vt -0.178996 1.702064
vt -0.176237 1.489815
vt -0.403717 1.967634
vt -0.372754 1.957663
vt -0.376816 1.781540
vt -0.403718 1.769880
vt -0.203415 -0.505213
vt -0.171717 -0.505213
vt -0.169516 0.955565
vt -0.203436 0.956524
vt 1.807894 1.693550
vt 1.807894 1.494203
vt -0.203736 0.964929
vt -0.176578 0.967279
vt -0.171557 -0.513318
vt -0.203607 -0.513318
vt -0.820800 0.405926
vt -0.820800 0.367942
vt -0.953183 0.367942
vt -0.930149 0.399109
vt -0.197757 1.487119
vt -0.164502 1.489519
vt -0.168139 1.701780
vt -0.203329 1.694058
vt 1.607350 1.968250
vt 1.607350 1.768954
vt 1.561811 -0.577263
vt 1.561811 -0.545213
vt 1.918081 -0.559192
vt 1.918081 -0.577263
vt -0.203607 -0.869589
vt -0.185536 -0.869589
vt -0.172255 -1.061694
vt -0.203700 -1.059528
vt -0.164441 1.486010
vt -0.197756 1.488502
vt 1.780445 0.093231
vt 1.780445 0.131218
vt 1.431258 0.131218
vt 1.431258 0.093231
vt 1.780283 -0.048984
vt 1.780446 0.042388
vt 1.429820 0.046591
vt 1.426723 -0.058313
vt -0.620846 -0.068238
vt -0.620846 0.042364
vt -0.753548 0.042364
vt -0.753568 -0.068238
vt -0.620846 0.093231
vt -0.620846 0.131232
vt -0.730233 0.124453
vt -0.753285 0.093231
vt -1.000133 1.006899
vt -1.000133 1.050367
vt -1.133997 1.050367
vt -1.133997 1.006899
vt 0.917310 1.004983
vt 0.917310 1.048212
vt 0.955290 1.048211
vt 0.955290 1.004983
vt 1.116754 1.006986
vt 1.116754 1.050228
vt 1.008203 1.050227
vt 1.008203 1.006986
vt -0.625863 1.006899
vt -0.625863 1.050367
vt 0.762815 0.116889
vt 0.767039 0.093231
vt 0.259336 0.131234
vt 0.259336 0.093231
vt 1.006133 1.006985
vt 1.006133 1.042981
vt 1.098113 1.046072
vt 1.115598 1.006985
vt 1.426723 -0.058313
vt 0.767039 0.042364
vt 0.767039 -0.068238
vt 1.382868 -0.013152
vt 1.426321 -0.008918
vt 1.424022 0.654068
vt 1.380555 0.654068
vt -0.448449 0.317093
vt -0.448449 0.206529
vt -0.820800 0.206529
vt -0.820800 0.317093
vt 1.579660 0.317093
vt 1.579660 0.206529
vt 1.230594 0.206529
vt 1.230594 0.317093
vt 0.566605 0.206529
vt 0.566605 0.317093
vt 0.059078 0.206529
vt 0.059078 0.317093
vt 0.394424 1.006899
vt 0.394424 1.050366
vt -0.115720 1.034075
vt -0.115720 0.990607
vt -0.248367 0.093231
vt -0.248367 0.131233
vt -0.448449 0.405926
vt -0.448449 0.367942
vt 0.059078 0.405926
vt 0.059078 0.367942
vt 0.566605 0.405926
vt 0.566605 0.367942
vt 0.955282 1.004495
vt 0.955282 1.052385
vt 0.921979 1.046597
vt 0.921979 1.004495
vt -1.000760 1.006892
vt -1.000760 1.050380
vt -0.626301 1.050379
vt -0.626301 1.006892
vt -0.448449 0.342518
vt -0.820800 0.342518
vt 1.579660 0.342517
vt 1.230594 0.342518
vt -0.248367 0.067798
vt -0.620846 0.067798
vt -0.115900 1.034079
vt -0.115900 0.990593
vt 0.059078 0.342518
vt 1.364249 1.164392
vt 1.407735 1.164392
vt 1.420740 0.658396
vt 1.380443 0.654190
vt 0.566605 0.342518
vt 1.426398 -0.013757
vt 1.382902 -0.013757
vt 1.062249 1.009246
vt 1.062250 1.052742
vt 1.413292 1.048396
vt 1.413292 1.004900
vt 0.980712 1.006985
vt 0.980712 1.048729
vt -0.248367 -0.068238
vt -0.248367 0.042364
vt 0.259336 0.067798
vt 0.259336 -0.068238
vt 0.259336 0.042364
vt 0.767039 0.067798
vt 1.431258 0.067798
vt 1.230594 0.405926
vt 1.230594 0.367942
vt 1.780445 0.067798
vt 1.380396 -0.364202
vt 1.420113 -0.364050
vt -0.309064 1.064619
vt -0.309064 1.015778
vt -0.618676 1.018134
vt -0.616901 1.067765
vt -1.110096 1.006892
vt -1.110095 1.044701
vt -0.673170 0.067798
vt -0.953472 0.206529
vt -0.953452 0.317093
vt -1.130237 1.006461
vt -1.130237 1.050753
vt -1.052137 1.050753
vt -1.052137 1.006461
vt 1.579660 0.405926
vt 1.579660 0.367942
vt -0.873100 0.342518
vt -1.052137 1.050753
vt -1.130236 1.050753
vt -1.130237 1.006461
vt 2.107048 0.743520
vt 2.109691 0.789954
vt 1.794713 0.789957
vt 1.793372 0.744569
vt 2.099629 0.600242
vt 2.102061 0.646662
vt 1.790574 0.649811
vt 1.789234 0.604440
vt -0.109296 0.590458
vt -0.109296 0.639332
vt -0.422793 0.640119
vt -0.424569 0.590456
vt -0.109296 0.741076
vt -0.109296 0.789945
vt -0.417323 0.793094
vt -0.419099 0.743434
vt -0.456842 -0.047214
vt -0.456842 0.001026
vt -0.772892 0.010199
vt -0.772892 -0.047214
vt 0.631540 0.790553
vt 0.682932 0.790588
vt 0.682935 0.743642
vt 0.631537 0.741373
vt 0.457997 0.258121
vt 0.457997 0.315434
vt 0.408351 0.318156
vt 0.408351 0.260843
vt -0.138787 -0.045037
vt -0.138787 0.014541
vt 1.462420 0.793452
vt 1.466062 0.743698
vt 1.174069 0.778726
vt 1.170966 0.733881
vt 0.850268 0.773023
vt 0.848447 0.728385
vt 0.524312 0.796628
vt 0.522750 0.748931
vt 0.206733 0.781842
vt 0.207052 0.734998
vt 0.631546 0.637359
vt 0.682925 0.644156
vt 0.682929 0.599520
vt 0.631544 0.590441
vt 1.473639 0.640207
vt 1.477280 0.590460
vt 0.326411 -0.398925
vt 0.380014 -0.397442
vt 0.371087 -0.084941
vt 0.326442 -0.084941
vt 0.382781 0.232010
vt 0.327465 0.233057
vt 0.377726 0.551169
vt 0.326442 0.551169
vt 0.379119 0.876352
vt 0.327620 0.869639
vt 0.388198 1.187279
vt 0.328620 1.187279
vt 1.908751 0.914116
vt 1.908802 0.865281
vt 1.589882 0.869014
vt 1.590844 0.916916
vt 1.276695 0.865254
vt 1.276695 0.914096
vt 0.959543 0.865254
vt 0.959543 0.914096
vt 0.642391 0.865254
vt 0.642391 0.914096
vt 0.325239 0.865254
vt 0.325239 0.914096
vt 0.008088 0.865254
vt 0.008088 0.914096
vt -0.309064 0.865254
vt -0.309064 0.914096
vt 0.305062 0.266506
vt 0.305062 0.323819
vt 0.255416 0.326541
vt 0.255416 0.269228
vt 0.008088 1.064619
vt 0.008088 1.015778
vt 0.325239 1.064619
vt 0.325239 1.015778
vt 0.642391 1.064619
vt 0.642391 1.015778
vt 0.959543 1.064619
vt 0.959543 1.015778
vt 1.276695 1.064619
vt 1.276695 1.015778
vt 0.631460 1.488865
vt 0.679866 1.488866
vt 0.691728 1.170997
vt 0.633624 1.169828
vt 0.008088 0.964937
vt -0.309064 0.964937
vt 1.818217 0.615214
vt 1.819386 0.557110
vt 1.499976 0.564162
vt 1.499069 0.616105
vt 0.325239 0.964937
vt 1.172554 0.575800
vt 1.179573 0.617506
vt 0.642391 0.964937
vt 0.631332 0.531184
vt 0.673038 0.524165
vt 0.684013 0.198921
vt 0.632482 0.211632
vt 0.959543 0.964937
vt 0.860020 0.616357
vt 0.847309 0.564825
vt 0.556082 0.583552
vt 0.542454 0.617387
vt 1.276695 0.964937
vt 0.431105 0.168798
vt 0.464940 0.182426
vt 0.475897 -0.151130
vt 0.431114 -0.151130
vt 1.592846 1.016717
vt 1.591845 0.966817
vt 1.474355 0.257804
vt 1.474355 0.302587
vt 1.791465 0.309212
vt 1.791465 0.257804
vt 2.104222 0.695094
vt 1.791973 0.697190
vt 0.682944 0.696669
vt 0.631527 0.692167
vt 0.631540 0.688917
vt 0.682931 0.693451
vt 0.682931 0.647670
vt 0.631540 0.640863
vt 0.207716 0.637307
vt 0.207384 0.686152
vt -0.109296 0.690204
vt 0.208035 0.590458
vt 0.519497 0.649525
vt 0.521124 0.699228
vt 0.517935 0.601821
vt 0.844640 0.635102
vt 0.846544 0.681744
vt 0.842819 0.590456
vt 1.164483 0.640178
vt 1.167725 0.687030
vt 1.161380 0.595324
vt 1.469850 0.691953
vt 1.593807 1.064619
vt 0.356707 0.263674
vt 0.356707 0.320987
vt 0.326415 -0.718686
vt 0.377772 -0.709031
vt -0.420946 0.691776
vt 1.039033 0.988519
vt 1.039033 0.937344
vt -0.855433 0.937989
vt -0.855433 0.989163
vt -0.750049 0.269124
vt -0.750049 0.326733
vt -0.440373 0.306210
vt -0.440373 0.257804
vt -0.624144 0.865251
vt -0.622369 0.914882
vt -0.620522 0.966508
vt 1.908719 1.064619
vt 1.908566 1.015785
vt 1.908338 0.964952
vt 2.273888 2.064708
vt 2.273888 2.264167
vt 1.629351 2.064708
vt -1.573464 0.742243
vt -0.260831 2.064708
vt -0.254135 2.249835
vt -0.277660 2.264185
vt -0.226486 2.264185
vt -0.277660 2.064719
vt -1.488729 0.933395
vt -1.488729 0.984570
vt -0.194484 -0.119056
vt 0.311129 -0.110280
vt -0.277702 2.064651
vt -0.226528 2.064651
vt -0.230408 2.249762
vt -0.281582 2.249762
vt 1.439632 0.941127
vt 1.439632 0.981017
vt 1.020691 0.941127
vt 1.715238 0.723026
vt 1.715238 0.683136
vt 1.296298 0.683136
vt 1.296298 0.723026
vt 2.317252 -0.227366
vt -0.313402 0.723026
vt -0.313402 0.683136
vt -0.802214 0.689280
vt -0.805548 0.727941
vt -0.589010 0.941127
vt -1.094491 0.981017
vt -1.091158 0.942356
vt -0.240161 -0.278528
vt -0.240161 -0.227364
vt -0.200274 -0.227364
vt -0.200274 -0.278528
vt -0.204077 -0.227284
vt -0.204077 -0.278537
vt 0.793615 -0.278592
vt 0.787871 -0.226036
vt 0.818623 0.981017
vt 0.818623 0.941127
vt -0.081413 0.981017
vt -0.082622 0.942866
vt 2.339579 -0.119135
vt 2.153785 1.452493
vt 2.151325 1.416769
vt 1.615667 1.425416
vt -0.362961 -0.278571
vt -0.362961 -0.227320
vt -0.401683 -0.227320
vt -0.401683 -0.278571
vt 0.194258 0.723026
vt 0.194258 0.683136
vt 1.094229 0.723026
vt 1.094229 0.683136
vt 2.348329 1.507427
vt 2.348477 1.682411
vt 2.159005 1.494201
vt 2.145376 1.768954
vt 1.958365 1.768954
vt 1.958365 1.968250
vt -0.203572 -1.045407
vt -0.176331 -1.047403
vt -0.176485 -0.857557
vt -0.203415 -0.857557
vt 0.151068 1.968250
vt 0.151068 1.768954
vt -0.379028 1.761872
vt -0.381702 1.968251
vt 0.352247 1.499730
vt 0.348620 1.682129
vt -0.178996 1.702064
vt -0.176237 1.489815
vt -0.403717 1.967634
vt -0.372754 1.957663
vt -0.376816 1.781540
vt -0.403718 1.769880
vt -0.169516 0.955565
vt -0.203436 0.956524
vt 1.807894 1.494203
vt -0.203736 0.964929
vt -0.820800 0.405926
vt -0.930149 0.399109
vt -0.197757 1.487119
vt -0.164502 1.489520
vt 1.607350 1.968250
vt 1.607350 1.768954
vt -0.203607 -0.869589
vt -0.172255 -1.061694
vt -0.203700 -1.059528
vt -0.164441 1.486010
vt -0.197756 1.488502
vt 1.780445 0.131218
vt 1.780283 -0.048984
vt 1.780446 0.042388
vt 1.426723 -0.058313
vt -0.620846 -0.068238
vt -0.753568 -0.068238
vt -0.620846 0.131232
vt -0.730233 0.124453
vt -0.753285 0.093231
vt -1.000133 1.050367
vt -1.133997 1.006899
vt 0.917310 1.004983
vt 0.917310 1.048212
vt 0.955290 1.048211
vt 0.762815 0.116889
vt 0.259336 0.131234
vt 1.098113 1.046072
vt 1.115598 1.006985
vt 0.767039 -0.068238
vt 1.382868 -0.013152
vt 1.426321 -0.008918
vt 1.424022 0.654068
vt 1.579660 0.317093
vt -0.248367 0.131233
vt -0.448449 0.405926
vt 0.059078 0.405926
vt 0.566605 0.405926
vt 0.955282 1.004495
vt 0.955282 1.052385
vt 0.921979 1.046597
vt 0.921979 1.004495
vt 1.579660 0.342517
vt 1.407735 1.164392
vt 1.420740 0.658396
vt 1.380444 0.654190
vt 1.426398 -0.013757
vt 1.413292 1.048396
vt 1.230594 0.405926
vt 1.380396 -0.364202
vt 1.420113 -0.364050
vt -0.309064 1.064619
vt -0.618676 1.018134
vt -0.616901 1.067765
vt -1.110096 1.044701
vt -1.130236 1.006461
vt -1.130236 1.050753
vt -1.052137 1.006461
vt 1.579660 0.405926
vt 1.579660 0.367942
vt -1.052137 1.006461
vt -1.130237 1.050753
vt -1.130237 1.006461
vt 2.107048 0.743520
vt 2.109692 0.789954
vt 1.794713 0.789956
vt 2.099628 0.600242
vt 1.789234 0.604440
vt -0.109296 0.590458
vt -0.422793 0.640119
vt -0.424569 0.590456
vt -0.109296 0.789945
vt -0.417323 0.793094
vt -0.419099 0.743434
vt -0.772892 0.010199
vt 0.631540 0.790553
vt 0.682931 0.790588
vt 0.682935 0.743642
vt 0.457997 0.258121
vt 0.457997 0.315434
vt -0.138787 -0.045037
vt -0.138787 0.014541
vt 1.462420 0.793452
vt 1.174069 0.778725
vt 0.850268 0.773024
vt 0.524312 0.796628
vt 0.206733 0.781842
vt 0.631546 0.637359
vt 0.682925 0.644156
vt 0.682929 0.599520
vt 0.631543 0.590441
vt 1.477280 0.590460
vt 0.326411 -0.398925
vt 0.380014 -0.397442
vt 0.382781 0.232010
vt 0.326442 0.551169
vt 0.379119 0.876352
vt 0.327620 0.869639
vt 0.388198 1.187279
vt 0.328620 1.187279
vt 1.908802 0.865281
vt 1.589883 0.869015
vt 1.276695 0.865254
vt 0.959543 0.865254
vt 0.325239 0.865254
vt 0.008088 0.865254
vt -0.309064 0.865254
vt 0.305062 0.266506
vt 0.255416 0.326541
vt 0.255416 0.269228
vt 0.008088 1.064619
vt 0.325239 1.064619
vt 0.642391 1.064619
vt 1.276695 1.064619
vt 0.631460 1.488866
vt 0.679867 1.488866
vt 0.691728 1.170997
vt 1.499976 0.564162
vt 1.179573 0.617506
vt 0.631332 0.531184
vt 0.684013 0.198920
vt 0.632482 0.211632
vt 0.847309 0.564825
vt 0.542454 0.617387
vt 0.431105 0.168798
vt 0.431113 -0.151130
vt 2.104222 0.695094
vt 0.682944 0.696669
vt 0.631527 0.692167
vt 0.631541 0.688917
vt 0.682931 0.647670
vt 0.631540 0.640862
vt 0.208035 0.590458
vt 0.517935 0.601821
vt 0.842819 0.590456
vt 1.161380 0.595324
vt 1.593807 1.064619
vt 0.356707 0.263674
vt 0.326415 -0.718686
vt 0.377772 -0.709031
vt -0.420946 0.691776
vt 1.039033 0.937344
vt -0.750049 0.269124
vt -0.750049 0.326733
vt -0.440373 0.306210
vt -0.624144 0.865252
vt -0.622369 0.914882
vt -0.620522 0.966508
vt 1.908719 1.064619
vt 2.273888 2.064708
vt 2.273888 2.264168
vt 1.640428 2.254566
vt 1.629351 2.064708
vt 2.273888 2.264167
vt 1.629351 2.064707
vt -0.260831 2.064708
vt -0.260831 2.064708
vt -0.277660 2.264185
vt -0.226486 2.064719
vt -0.193828 -0.169471
vt -0.193744 -0.119795
vt 0.311129 -0.110280
vt -0.277702 2.064651
vt -0.226528 2.064651
vt -0.230408 2.249762
vt -0.281582 2.249763
vt 1.439632 0.781568
vt 1.439632 0.981017
vt 1.020691 0.981017
vt 1.020691 0.781568
vt 1.715238 0.882586
vt 1.715238 0.683136
vt 1.296298 0.683136
vt 1.296298 0.882586
vt 2.317252 -0.227366
vt 1.897640 -0.236654
vt -0.313402 0.882586
vt -0.313402 0.683136
vt -0.818882 0.882586
vt -0.589011 0.781566
vt -0.589010 0.981018
vt -1.094350 0.981018
vt -1.077679 0.787709
vt -0.399706 -0.278528
vt -0.399706 -0.227364
vt -0.200274 -0.227364
vt -0.200274 -0.278528
vt 0.285357 -0.218495
vt -0.203330 -0.228025
vt -0.203418 -0.277787
vt 0.793615 -0.278592
vt 0.787871 -0.226036
vt 0.818623 0.981017
vt 0.818623 0.781568
vt -0.081413 0.981018
vt -0.087454 0.790262
vt 1.920678 -0.128407
vt 2.339579 -0.119135
vt 0.818741 -0.119091
vt 1.718629 -0.119091
vt 2.153785 1.452493
vt 2.151325 1.416769
vt 1.613318 1.452574
vt 1.695247 -0.227322
vt -0.208078 -0.278482
vt -0.208078 -0.227410
vt -0.401680 -0.227410
vt -0.401680 -0.278482
vt 0.194258 0.882586
vt 0.194258 0.683136
vt 1.094229 0.882586
vt 1.094229 0.683136
vt 2.348328 1.507427
vt 2.348476 1.682411
vt 2.159005 1.693551
vt 2.145376 1.968250
vt 2.145376 1.768954
vt 1.958366 1.768954
vt 1.958365 1.968250
vt -0.203572 -1.045407
vt -0.176331 -1.047403
vt -0.176485 -0.857557
vt -0.203415 -0.857557
vt 0.151068 1.768954
vt -0.379028 1.761873
vt -0.381702 1.968250
vt 0.352247 1.499730
vt 0.348620 1.682129
vt -0.178996 1.702064
vt -0.176237 1.489815
vt -0.403717 1.967634
vt -0.403718 1.769880
vt -0.203415 -0.505213
vt -0.171717 -0.505213
vt -0.169516 0.955565
vt -0.203436 0.956524
vt 1.807894 1.693549
vt 1.807894 1.494203
vt -0.203736 0.964929
vt -0.176578 0.967279
vt -0.171557 -0.513318
vt -0.203607 -0.513318
vt -0.820800 0.405926
vt -0.930149 0.399108
vt -0.197757 1.487119
vt -0.164502 1.489520
vt -0.168139 1.701780
vt -0.203329 1.694058
vt 1.607350 1.968250
vt 1.607350 1.768954
vt -0.185536 -0.869589
vt -0.172255 -1.061695
vt -0.164441 1.486010
vt -0.197756 1.488502
vt 1.780445 0.131218
vt 1.431258 0.131218
vt 1.780283 -0.048984
vt 1.780446 0.042388
vt 1.426723 -0.058313
vt -0.620846 -0.068238
vt -0.753568 -0.068238
vt -0.620846 0.131232
vt -0.730233 0.124453
vt -0.753285 0.093231
vt 0.917310 1.048212
vt 1.116755 1.006986
vt 1.116755 1.050227
vt 1.008202 1.050227
vt 1.431258 0.131218
vt 0.762815 0.116889
vt 0.762815 0.116889
vt 0.259336 0.131234
vt 1.098113 1.046072
vt 1.115598 1.006985
vt 1.426723 -0.058312
vt 0.767039 -0.068238
vt 1.382868 -0.013152
vt 1.426321 -0.008918
vt 1.424022 0.654068
vt 1.380555 0.654068
vt -0.448449 0.206529
vt -0.820800 0.206529
vt 1.579660 0.206529
vt 1.230594 0.206529
vt 0.566605 0.206529
vt 0.059078 0.206529
vt -0.248367 0.131233
vt -0.620846 0.131232
vt -0.448449 0.405926
vt 0.059078 0.405926
vt 0.566605 0.405926
vt 0.955282 1.004495
vt 0.955282 1.052385
vt 0.921978 1.046597
vt 0.921978 1.004495
vt -0.248367 -0.068238
vt 0.259336 -0.068238
vt 0.767039 -0.068238
vt 1.230594 0.405926
vt 1.780446 0.042387
vt 1.380396 -0.364202
vt 1.420112 -0.364050
vt 1.382868 -0.013152
vt -0.618675 1.018134
vt -0.953472 0.206529
vt -1.130237 1.006461
vt -1.130237 1.050753
vt 1.579660 0.405926
vt 2.107048 0.743520
vt 2.109691 0.789954
vt 1.794712 0.789956
vt 2.099629 0.600242
vt 2.102062 0.646662
vt 1.789234 0.604439
vt -0.109296 0.590459
vt -0.422793 0.640118
vt -0.424569 0.590456
vt -0.417323 0.793093
vt -0.419099 0.743434
vt -0.772892 0.010199
vt 0.631540 0.790553
vt 0.682932 0.790588
vt 0.682935 0.743642
vt 0.631537 0.741374
vt 0.457997 0.258121
vt 0.457997 0.315434
vt 1.462420 0.793452
vt 1.174069 0.778725
vt 0.850268 0.773024
vt 0.524312 0.796628
vt 0.206733 0.781841
vt 0.631546 0.637359
vt 0.682925 0.644155
vt 0.682929 0.599520
vt 0.631543 0.590441
vt 1.477280 0.590459
vt 0.326411 -0.398925
vt 0.327465 0.233057
vt 0.377726 0.551169
vt 0.327620 0.869639
vt 0.328619 1.187279
vt 1.908802 0.865282
vt 1.589882 0.869014
vt 0.959543 0.865254
vt 0.642391 0.865254
vt 0.325239 0.865254
vt 0.008088 0.865254
vt -0.309064 0.865254
vt 0.255416 0.326541
vt 0.255416 0.269228
vt 0.008088 1.064619
vt 0.325239 1.064619
vt 0.642391 1.064619
vt 0.959543 1.064619
vt 1.276695 1.064619
vt 1.499069 0.616105
vt 0.631333 0.531184
vt 0.673038 0.524165
vt 0.684013 0.198921
vt 0.860020 0.616357
vt 0.847309 0.564825
vt 0.542454 0.617387
vt 2.107049 0.743519
vt 0.682944 0.696669
vt 0.631527 0.692167
vt 0.631540 0.688917
vt 0.682931 0.693451
vt 0.682931 0.647670
vt 0.631540 0.640863
vt 0.208035 0.590458
vt 0.517935 0.601821
vt 1.161380 0.595325
vt 1.593807 1.064619
vt 0.326415 -0.718686
vt 0.377772 -0.709031
vt -0.750049 0.269124
vt -0.750049 0.326733
vt -0.624144 0.865252
vt -0.622369 0.914882
vt -0.620522 0.966508
vt 1.908719 1.064619
vt 2.273888 2.064708
vt 2.273888 2.264167
vt 1.640428 2.254565
vt 2.273888 2.264167
vt 1.629351 2.064707
vt 1.640428 2.254566
vt -0.254135 2.249835
vt -0.254135 2.249835
vt -0.277660 2.264186
vt -0.226486 2.264186
vt -0.277702 2.064652
vt -0.226528 2.064652
vt 1.439632 0.781568
vt 1.439632 0.981017
vt 1.715238 0.882586
vt 1.715238 0.683136
vt -0.589011 0.781567
vt -0.589010 0.981017
vt -1.094492 0.981017
vt -1.077824 0.787710
vt 0.285357 -0.218494
vt 0.793615 -0.278592
vt 0.787871 -0.226036
vt -0.081413 0.981017
vt -0.087454 0.790262
vt 2.153785 1.452493
vt 2.151325 1.416769
vt 1.615667 1.425417
vt 1.613318 1.452574
vt -0.208076 -0.278571
vt -0.208076 -0.227320
vt -0.401683 -0.227320
vt -0.401683 -0.278571
vt 2.348328 1.507427
vt -0.203571 -1.045407
vt -0.176331 -1.047403
vt -0.176485 -0.857557
vt -0.379028 1.761872
vt -0.381702 1.968250
vt 0.352247 1.499729
vt -0.178997 1.702063
vt -0.176238 1.489815
vt 1.807894 1.693550
vt -0.203736 0.964929
vt -0.176578 0.967279
vt -0.203607 -0.513318
vt -0.168139 1.701780
vt -0.203329 1.694058
vt -0.203607 -0.869589
vt -0.203700 -1.059528
vt -0.164441 1.486010
vt -0.197756 1.488502
vt 1.780283 -0.048984
vt 1.780446 0.042388
vt 1.426723 -0.058313
vt -0.620846 0.131232
vt -0.730233 0.124453
vt -0.753285 0.093231
vt -1.000133 1.006898
vt -1.133997 1.006898
vt 0.918008 1.005808
vt 0.917507 1.047406
vt 0.955290 1.047551
vt 0.955290 1.005643
vt -0.625863 1.006898
vt 1.431258 0.131218
vt 0.762815 0.116889
vt 1.006133 1.007812
vt 1.006133 1.042151
vt 1.098296 1.045332
vt 1.115110 1.007732
vt 1.426723 -0.058313
vt 0.767039 -0.068238
vt 1.382867 -0.013152
vt 1.426321 -0.008918
vt 1.380554 0.654068
vt 1.579661 0.317093
vt 1.579661 0.206529
vt 0.394424 1.006898
vt -0.115720 0.990606
vt 0.566605 0.405926
vt 0.955282 1.004495
vt 0.955281 1.052385
vt 0.921978 1.046597
vt 0.921978 1.004495
vt -0.626301 1.006892
vt 1.579661 0.342517
vt -0.115900 0.990593
vt 1.364249 1.164392
vt 1.380444 0.654190
vt 1.382902 -0.013757
vt 1.062249 1.009246
vt 1.062250 1.052742
vt 1.413293 1.047739
vt 1.413294 1.005556
vt 0.980712 1.007673
vt 0.980712 1.048039
vt 1.230594 0.405926
vt 1.780446 0.042387
vt 1.780445 0.067798
vt 1.380895 -0.364201
vt 1.419619 -0.364052
vt 1.382867 -0.013152
vt -0.309064 1.064619
vt -0.618676 1.018134
vt -0.616900 1.067765
vt -1.110096 1.006892
vt -1.052137 1.006461
vt 1.579662 0.405195
vt 1.579661 0.367942
vt -1.130236 1.006461
vt 2.109691 0.789955
vt 1.794713 0.789957
vt 2.099628 0.600243
vt 2.102061 0.646662
vt -0.109296 0.590458
vt -0.422793 0.640119
vt -0.424569 0.590455
vt -0.109296 0.789946
vt -0.417323 0.793094
vt -0.419098 0.743434
vt 0.682931 0.790587
vt 0.682935 0.743641
vt 0.631537 0.741373
vt 0.457997 0.258121
vt 0.457997 0.315434
vt 1.462420 0.793452
vt 1.174069 0.778725
vt 0.524312 0.796628
vt 0.206733 0.781842
vt 0.631546 0.637359
vt 0.682929 0.599520
vt 0.631543 0.590441
vt 1.477280 0.590459
vt 0.371087 -0.084941
vt 0.326442 -0.084941
vt 0.382781 0.232010
vt 0.327620 0.869639
vt 1.908802 0.865281
vt 1.589882 0.869014
vt 0.255417 0.326541
vt 0.255417 0.269228
vt 0.691728 1.170997
vt 1.818217 0.615214
vt 0.631332 0.531184
vt 0.684013 0.198921
vt 0.632482 0.211632
vt 0.860020 0.616357
vt 0.847309 0.564825
vt 0.556082 0.583552
vt 0.464940 0.182426
vt 0.682944 0.696669
vt 0.631540 0.688916
vt 0.682931 0.693451
vt 0.682931 0.647670
vt 0.631540 0.640863
vt 0.208035 0.590458
vt 1.161380 0.595325
vt 0.326415 -0.718686
vt 0.377772 -0.709031
vt -0.420946 0.691776
vt -0.953183 0.367942
vt -0.930149 0.399109
vt -0.420945 0.691776
vt -0.624144 0.865252
vt -0.622369 0.914882
vt -0.620522 0.966508
vt 1.780445 0.131218
vt 1.431258 0.131218
vt 1.780283 -0.048984
vt 1.780446 0.042388
vt -0.620846 -0.068238
vt -0.753548 0.042364
vt -0.753568 -0.068238
vt -0.620846 0.131232
vt -0.730233 0.124453
vt -1.133997 1.050367
vt -1.133997 1.006899
vt 0.917310 1.004983
vt 0.917310 1.048212
vt 1.116754 1.050227
vt 1.008202 1.050227
vt 1.008202 1.006986
vt 0.762815 0.116889
vt 0.762815 0.116889
vt 0.259336 0.131234
vt 1.098114 1.046072
vt 1.115599 1.006985
vt 1.426723 -0.058313
vt 0.767039 -0.068238
vt 1.382868 -0.013152
vt 1.426321 -0.008918
vt -0.448449 0.206529
vt -0.820800 0.206529
vt 1.579660 0.206529
vt 1.230594 0.206528
vt 1.230594 0.206529
vt 0.566605 0.206529
vt 0.059078 0.206528
vt 0.394424 1.050366
vt -0.248367 0.131233
vt 0.059078 0.405926
vt 0.566605 0.405926
vt 0.955282 1.052385
vt 0.921978 1.046597
vt 0.921978 1.004495
vt -0.248367 0.131232
vt 0.059078 0.206529
vt -0.448449 0.206529
vt 1.364249 1.164393
vt 1.413292 1.048396
vt 1.413292 1.004900
vt 0.980712 1.006985
vt -0.248367 -0.068238
vt 0.259336 -0.068238
vt 0.767039 -0.068238
vt 0.259336 -0.068238
vt 1.230594 0.405927
vt 1.780445 0.067798
vt 1.380396 -0.364202
vt 2.153785 1.452493
vt -0.673170 0.067798
vt -0.953472 0.206529
vt -0.953452 0.317093
vt -1.052137 1.050753
vt 1.579660 0.405926
vt -0.873100 0.342518
vt -1.052137 1.050753
vt 2.348439 1.638665
vt 2.348476 1.682411
vt 2.159005 1.643714
vt 2.145376 1.818778
vt 2.145376 1.768954
vt 1.958366 1.818778
vt -0.203572 -1.045407
vt -0.203415 -0.857557
vt 0.151068 1.818778
vt -0.379028 1.761873
vt -0.379697 1.813467
vt 0.349527 1.636529
vt 0.348620 1.682129
vt -0.178996 1.702064
vt -0.178307 1.649002
vt -0.403717 1.819319
vt -0.375800 1.825571
vt -0.376816 1.781540
vt -0.403718 1.769880
vt -0.203436 0.956524
vt 1.807894 1.693550
vt 1.807894 1.643713
vt -0.203736 0.964929
vt -0.309064 1.064619
vt -0.618675 1.018134
vt -0.616900 1.067765
vt -0.201936 1.642323
vt -0.167230 1.648715
vt -0.203329 1.694058
vt 1.607350 1.818778
vt 1.607350 1.768954
vt -0.185536 -0.869589
vt -0.172255 -1.061694
vt -0.203700 -1.059528
vt -0.197756 1.488502
vt 2.109692 0.789954
vt 1.794713 0.789956
vt 2.099628 0.600242
vt 2.102061 0.646662
vt 1.789234 0.604440
vt -0.109296 0.590458
vt -0.422793 0.640119
vt -0.109296 0.789945
vt -0.419099 0.743434
vt 0.682931 0.790588
vt 0.682935 0.743642
vt 0.631537 0.741373
vt 0.457997 0.258121
vt 0.457997 0.315434
vt 0.408351 0.260843
vt 1.462420 0.793453
vt 1.174069 0.778725
vt 0.850268 0.773023
vt 0.524312 0.796628
vt 0.206733 0.781842
vt 0.631546 0.637359
vt 0.682925 0.644156
vt 0.682929 0.599520
vt 0.631543 0.590441
vt 1.477280 0.590460
vt 0.326411 -0.398925
vt 0.380014 -0.397442
vt 0.379119 0.876352
vt 0.388198 1.187279
vt 1.908751 0.914116
vt 1.908802 0.865281
vt 1.589883 0.869014
vt 1.276695 0.865254
vt 0.008088 0.865254
vt -0.309064 0.865254
vt 0.255416 0.326541
vt 0.255416 0.269228
vt 0.633624 1.169828
vt 0.673038 0.524165
vt 0.684013 0.198920
vt 0.860020 0.616357
vt 0.847309 0.564825
vt 0.431105 0.168798
vt 0.464940 0.182426
vt 0.682944 0.696669
vt 0.631527 0.692167
vt 0.682931 0.693452
vt 0.682931 0.647670
vt 0.631540 0.640862
vt 0.208035 0.590458
vt 0.517935 0.601821
vt 0.842819 0.590456
vt 1.593807 1.064619
vt 0.326415 -0.718686
vt -0.420946 0.691776
vt -0.624144 0.865251
vt -0.622369 0.914882
vt 1.908719 1.064619
vt -0.820800 0.405926
vt -0.930149 0.399109
vt 1.780445 0.093231
vt 1.780445 0.131218
vt 1.780283 -0.048984
vt 1.426723 -0.058313
vt -0.620846 -0.068238
vt -0.753568 -0.068238
vt -0.730233 0.124453
vt -0.753285 0.093231
vt 0.917310 1.004983
vt 0.917310 1.048212
vt 1.116754 1.006986
vt 1.116754 1.050227
vt 1.008203 1.006986
vt 0.762815 0.116889
vt 0.762815 0.116889
vt 0.259336 0.131234
vt 1.098114 1.046072
vt 1.115599 1.006985
vt 1.426723 -0.058313
vt 1.382868 -0.013152
vt 1.426321 -0.008918
vt -0.448449 0.206529
vt -0.820800 0.206529
vt 1.579660 0.206529
vt 1.230594 0.206529
vt 0.566605 0.206529
vt 0.059078 0.206529
vt 0.955282 1.052385
vt 0.921979 1.004495
vt -0.248367 -0.068238
vt 1.380396 -0.364202
vt -0.953472 0.206529
vt -1.130236 1.050753
vt 1.579660 0.405926
vt -1.130237 1.050753
vt 1.439632 0.781567
vt 1.439632 0.981017
vt 1.020691 0.981017
vt 1.020691 0.781567
vt 1.715238 0.882586
vt 1.715238 0.683136
vt 1.296298 0.683136
vt 1.296298 0.882586
vt -0.802214 0.689280
vt -0.818882 0.882586
vt -0.589011 0.781566
vt -1.094491 0.981017
vt -1.077824 0.787711
vt -0.399706 -0.278528
vt -0.399706 -0.227364
vt -0.200274 -0.227364
vt -0.200274 -0.278528
vt -0.204077 -0.227284
vt -0.204077 -0.278536
vt 0.793615 -0.278592
vt 0.787871 -0.226036
vt 0.818623 0.981017
vt -0.081413 0.981018
vt 2.153785 1.452493
vt 2.151325 1.416769
vt -0.208075 -0.278571
vt -0.208075 -0.227320
vt -0.401683 -0.227320
vt 0.194258 0.882586
vt 1.094229 0.882586
vt 2.348328 1.507427
vt 2.348477 1.682411
vt 2.159005 1.693551
vt 2.145376 1.968249
vt 1.958365 1.968249
vt 0.151068 1.968250
vt -0.379028 1.761872
vt -0.381702 1.968250
vt 0.352247 1.499730
vt -0.178996 1.702064
vt -0.372754 1.957663
vt -0.376816 1.781540
vt 1.807894 1.693550
vt 1.807894 1.494203
vt -0.176578 0.967279
vt -0.203607 -0.513318
vt -0.197757 1.487119
vt -0.164502 1.489519
vt -0.168139 1.701779
vt -0.203329 1.694058
vt 1.607350 1.968249
vt -0.203607 -0.869589
vt -0.172255 -1.061695
vt -0.203700 -1.059528
vt 1.780442 0.093231
vt 1.780442 0.131218
vt 1.780289 -0.049138
vt 1.780438 0.042388
vt 1.426723 -0.058313
vt -0.620846 0.131232
vt -0.730233 0.124453
vt -0.753285 0.093231
vt -1.000133 1.006898
vt -1.000133 1.050367
vt -1.133997 1.050367
vt -1.133997 1.006898
vt 0.917310 1.004987
vt 0.917310 1.048225
vt 0.955290 1.048225
vt 0.955290 1.004988
vt -0.625863 1.006898
vt -0.625863 1.050367
vt 0.762815 0.116889
vt 0.762815 0.116889
vt 0.259336 0.131234
vt 1.006133 1.006791
vt 1.006133 1.043179
vt 1.098248 1.046201
vt 1.115773 1.006852
vt 0.767039 -0.068238
vt 1.382867 -0.013152
vt 1.426322 -0.008918
vt 1.424023 0.654068
vt 1.380554 0.654068
vt 1.579660 0.317093
vt 1.579660 0.206529
vt 0.394424 1.006898
vt 0.394424 1.050367
vt -0.115720 1.034075
vt -0.115720 0.990607
vt 0.921979 1.046597
vt 0.921979 1.004495
vt -0.626301 1.050380
vt -0.115900 1.034079
vt -0.115900 0.990593
vt 1.364249 1.164392
vt 1.426398 -0.013757
vt 1.413292 1.004900
vt 0.980711 1.007149
vt 0.980712 1.048561
vt 0.259336 -0.068238
vt 1.780428 0.067798
vt 1.380363 -0.364203
vt 1.420146 -0.364057
vt 1.579660 0.405926
vt -0.283583 2.249837
vt -0.281625 2.251761
vt -0.230450 2.251761
vt -0.228409 2.249838
vt -0.277674 2.266155
vt -0.279660 2.264156
vt 2.275881 2.264220
vt 2.273874 2.266167
vt 0.962972 0.793458
vt 0.960970 0.795416
vt -0.224529 2.064725
vt -0.226486 2.062725
vt 2.275888 2.064708
vt 2.273888 2.062708
vt -1.573465 0.740243
vt -1.575464 0.742243
vt -0.401503 -0.280539
vt -0.403507 -0.278536
vt -0.196312 -0.119090
vt -0.194304 -0.117055
vt 2.341579 -0.170254
vt 2.339579 -0.172298
vt -0.399706 -0.225409
vt -0.401706 -0.227409
vt -0.206080 -0.278537
vt -0.207888 -0.280538
vt -0.207887 -0.225317
vt -0.206080 -0.227284
vt -0.200274 -0.280528
vt -0.198275 -0.278571
vt 2.317252 -0.225362
vt 2.319255 -0.227320
vt -0.205168 1.693635
vt -0.203267 1.696064
vt -0.168024 1.703730
vt -0.166149 1.702154
vt -0.202993 -1.061610
vt -0.205257 -1.059443
vt -0.371047 1.957227
vt -0.372927 1.959820
vt -0.197649 1.490506
vt -0.199593 1.488647
vt -0.162509 1.489674
vt -0.164342 1.487531
vt -0.405713 1.768836
vt -0.404019 1.767632
vt -0.174479 -1.047685
vt -0.175656 -1.049463
vt -0.932703 0.399416
vt -0.929519 0.401148
vt 0.920186 1.046420
vt 0.920852 1.048652
vt 1.415303 1.004879
vt 1.413293 1.002892
vt 0.917320 1.050222
vt 0.915311 1.048250
vt -1.136007 1.006898
vt -1.133490 1.004888
vt -0.756070 -0.068238
vt -0.754070 -0.070238
vt 1.117860 1.006826
vt 1.116686 1.005002
vt 1.780298 -0.050983
vt 1.782282 -0.049591
vt -0.954788 0.369550
vt -0.954071 0.367942
vt 1.006203 1.006986
vt 1.006203 1.004987
vt -0.756070 0.040364
vt -0.754163 0.042364
vt 0.956495 1.052718
vt 0.955619 1.054695
vt -0.877816 0.341913
vt -0.877467 0.342023
vt -0.677882 0.068403
vt -0.677533 0.068292
vt 0.255367 0.267228
vt 0.253418 0.269262
vt 0.253418 0.326529
vt 0.255364 0.328411
vt 1.792635 0.257804
vt 1.790282 0.255792
vt 0.684939 0.789405
vt 0.682930 0.791572
vt -0.774825 -0.047101
vt -0.772819 -0.049109
vt 0.457930 0.317378
vt 0.459924 0.315273
vt 0.631803 0.588657
vt 0.629851 0.590344
vt 2.100150 0.598225
vt 2.101824 0.599740
vt 0.629841 0.639161
vt 0.631921 0.639436
vt 0.629743 0.690221
vt 0.631599 0.690385
vt 0.684939 0.695094
vt 0.682674 0.694894
vt 0.683312 0.646241
vt 0.684939 0.646457
vt -0.283583 2.249838
vt -0.281625 2.251761
vt 1.041033 0.937302
vt 1.039109 0.935344
vt -1.490699 0.984555
vt -1.488699 0.986570
vt -0.224501 2.264156
vt -0.226501 2.266156
vt -0.224529 2.064724
vt -0.226486 2.062725
vt -0.279660 2.064719
vt -0.277660 2.062719
vt -0.401504 -0.280539
vt -0.403507 -0.278536
vt -0.194304 -0.117055
vt -0.399706 -0.225409
vt -0.399706 -0.227364
vt -0.206080 -0.278571
vt -0.204266 -0.280538
vt -0.207887 -0.225317
vt -0.208075 -0.227320
vt -0.200274 -0.280528
vt -0.205168 1.693635
vt -0.203267 1.696064
vt -0.202993 -1.061610
vt -0.205258 -1.059443
vt -0.372927 1.959820
vt -0.197649 1.490505
vt -0.199593 1.488647
vt -0.162509 1.489674
vt -0.164342 1.487531
vt -0.405713 1.768836
vt -0.404019 1.767632
vt -0.174479 -1.047685
vt -0.175656 -1.049463
vt 0.920852 1.048652
vt 0.917320 1.050222
vt 1.116686 1.005002
vt 1.780298 -0.050983
vt 1.782282 -0.049592
vt -0.877816 0.341913
vt -0.877467 0.342023
vt -0.677882 0.068403
vt -0.677533 0.068292
vt 0.255367 0.267228
vt 0.255364 0.328411
vt 0.682930 0.791573
vt -0.772819 -0.049109
vt 0.459924 0.315273
vt 0.631803 0.588657
vt 0.629851 0.590344
vt 2.100150 0.598225
vt 2.101824 0.599740
vt 0.629841 0.639160
vt 0.631921 0.639436
vt 0.629743 0.690221
vt 0.631599 0.690385
vt 0.682674 0.694894
vt 0.682511 0.646135
vt 0.684939 0.647609
vt -0.283583 2.249837
vt -1.490699 0.984555
vt -0.224501 2.264156
vt -0.226501 2.266156
vt -0.224529 2.064724
vt -0.226486 2.062725
vt -0.401575 -0.279216
vt -0.403546 -0.276041
vt -0.196306 -0.119181
vt -0.194145 -0.117061
vt -0.399706 -0.225409
vt -0.401706 -0.227409
vt -0.206080 -0.276033
vt -0.207958 -0.279215
vt -0.207885 -0.225317
vt -0.206079 -0.226233
vt -0.200274 -0.280528
vt -0.205168 1.693635
vt -0.203267 1.696064
vt -0.168024 1.703730
vt -0.166149 1.702154
vt -0.202993 -1.061609
vt -0.205258 -1.059443
vt -0.371047 1.957227
vt -0.372928 1.959821
vt -0.199593 1.488647
vt -0.162509 1.489674
vt -0.164342 1.487531
vt -0.405713 1.768836
vt -0.404019 1.767632
vt -0.174479 -1.047685
vt -0.175656 -1.049463
vt 0.920839 1.002266
vt 0.920186 1.004497
vt 0.917320 1.050222
vt -0.756070 -0.068238
vt 1.116686 1.005002
vt 1.780298 -0.050983
vt 1.782282 -0.049591
vt 0.955585 1.002266
vt 0.956495 1.004495
vt -0.756070 0.040364
vt 0.956495 1.052718
vt 0.955619 1.054695
vt -0.877816 0.341913
vt -0.677882 0.068403
vt -0.677533 0.068292
vt 0.255367 0.267228
vt 0.255365 0.328411
vt 0.684939 0.789405
vt 0.682930 0.791572
vt -0.772819 -0.049109
vt 0.459924 0.315273
vt 0.631803 0.588658
vt 0.629851 0.590344
vt 2.100150 0.598225
vt 2.101824 0.599741
vt 0.629842 0.639161
vt 0.631921 0.639436
vt 0.629743 0.690221
vt 0.683312 0.646241
vt -0.283583 2.249838
vt -0.226501 2.266155
vt -0.401503 -0.280539
vt -0.403507 -0.278536
vt -0.399706 -0.225409
vt -0.207887 -0.225317
vt -0.205168 1.693635
vt -0.203267 1.696064
vt -0.168024 1.703730
vt -0.166149 1.702154
vt -0.202993 -1.061609
vt -0.205257 -1.059443
vt -0.371048 1.957227
vt -0.197649 1.490506
vt -0.199593 1.488648
vt -0.162509 1.489673
vt -0.164342 1.487531
vt -0.404019 1.767632
vt -0.175656 -1.049463
vt 0.920839 1.002266
vt 1.415303 1.004667
vt 1.413341 1.002891
vt 0.915328 1.047589
vt 1.117638 1.007260
vt 1.116684 1.004984
vt 1.780292 -0.050983
vt 1.782281 -0.049774
vt 0.956495 1.004495
vt 0.956494 1.052718
vt 0.955619 1.054695
vt 0.255366 0.267228
vt 0.253418 0.269262
vt 0.255365 0.328411
vt 0.684939 0.789405
vt 0.682930 0.791572
vt -0.772819 -0.049109
vt 0.457930 0.317378
vt 2.100150 0.598225
vt 2.101824 0.599740
vt 0.631599 0.690384
vt 0.682674 0.694894
vt 0.682511 0.646135
vt 0.684939 0.647609
vt 0.920186 1.046420
vt 0.920852 1.048652
vt 1.413292 1.002892
vt 0.917320 1.050222
vt 0.915311 1.048250
vt -0.756070 -0.068238
vt -0.754070 -0.070238
vt 1.117860 1.006826
vt 1.782282 -0.049592
vt -0.756070 0.040364
vt -0.754163 0.042364
vt 0.955619 1.054695
vt -0.877816 0.341913
vt -0.877467 0.342023
vt -0.677882 0.068403
vt -0.677533 0.068292
vt -0.203267 1.696064
vt -0.168024 1.703730
vt -0.166149 1.702154
vt -0.202993 -1.061610
vt -0.205258 -1.059443
vt -0.371048 1.957228
vt -0.372754 1.957663
vt -0.372927 1.959821
vt -0.197649 1.490505
vt -0.199593 1.488648
vt -0.162509 1.489674
vt -0.164502 1.489519
vt -0.164342 1.487531
vt -0.404019 1.767632
vt -0.175656 -1.049463
vt 1.790282 0.255792
vt 0.682930 0.791572
vt 0.457930 0.317378
vt 0.631803 0.588657
vt 0.629851 0.590344
vt 2.101824 0.599740
vt 0.629841 0.639160
vt 0.631921 0.639436
vt 0.682511 0.646135
vt 0.684939 0.647609
vt 0.920839 1.002266
vt 0.920852 1.048652
vt -0.756070 -0.068238
vt 1.117859 1.006826
vt 1.116686 1.005002
vt 1.782282 -0.049592
vt -0.756070 0.040364
vt -0.399706 -0.225409
vt -0.204265 -0.280538
vt -0.207887 -0.225317
vt -0.200274 -0.280528
vt -0.205168 1.693635
vt -0.203267 1.696064
vt -0.166149 1.702153
vt -0.202993 -1.061609
vt -0.205257 -1.059443
vt -0.371048 1.957227
vt -0.372928 1.959820
vt -0.197649 1.490505
vt -0.199593 1.488648
vt -0.175656 -1.049463
vt 0.920839 1.002266
vt 0.920186 1.004497
vt 1.415303 1.004883
vt 0.917320 1.050218
vt 0.915311 1.048222
vt 1.117864 1.006709
vt 1.116684 1.004984
vt 1.780172 -0.050986
vt 1.782158 -0.049609
vt 0.955586 1.002266
vt 0.956495 1.004495
vt 0.956495 1.052718
vt -0.254065 2.251836
vt 1.640544 2.256567
vt 1.640545 2.256567
vt -0.277674 2.266186
vt -0.226501 2.266186
vt 2.275888 2.264197
vt -1.575464 0.793417
vt -0.929000 0.795417
vt -1.573464 0.795417
vt -0.928883 0.740243
vt 0.960970 0.740243
vt 0.963044 0.742285
vt 0.963044 0.793458
vt -0.283584 2.249838
vt -0.279704 2.064724
vt 1.640559 2.256567
vt 2.273903 2.266167
vt -0.254064 2.251836
vt -0.928883 0.795417
vt -0.929000 0.740243
vt 0.311129 -0.163443
vt -0.194304 -0.172216
vt -0.196483 -0.170254
vt -0.196483 -0.119090
vt 1.920678 -0.126407
vt 2.339579 -0.117134
vt 2.341579 -0.119090
vt -0.399706 -0.280528
vt -0.399706 -0.225364
vt -0.200275 -0.225364
vt -0.198275 -0.227410
vt 1.897640 -0.289907
vt 2.317252 -0.280619
vt 0.285332 -0.216492
vt -0.204265 -0.225285
vt -0.401504 -0.280574
vt -0.207888 -0.280574
vt -0.401504 -0.225317
vt 1.920678 -0.181570
vt 1.718629 -0.172253
vt 0.818741 -0.172253
vt -0.194304 -0.117052
vt 0.311129 -0.108279
vt 0.818678 -0.117089
vt 0.818741 -0.117090
vt 1.718629 -0.117090
vt -0.204265 -0.280542
vt 0.285332 -0.271749
vt 0.285357 -0.271749
vt 0.793831 -0.280574
vt 1.695247 -0.280574
vt 1.897640 -0.234650
vt 1.695247 -0.225317
vt 1.695228 -0.225317
vt 0.787699 -0.224054
vt 0.787654 -0.224054
vt 0.285392 -0.216492
vt -0.381589 1.970248
vt 0.150906 1.970248
vt -0.168054 1.703846
vt -0.203283 1.696116
vt -0.183497 -0.869713
vt -0.170297 -1.061962
vt -0.171605 -1.063772
vt -0.405713 1.968378
vt -0.370768 1.957222
vt -0.374807 1.782072
vt -0.376864 1.779339
vt -0.404001 1.767578
vt -0.205421 -0.857557
vt -0.205421 -1.045275
vt -0.167531 0.955511
vt -0.162442 1.485852
vt -0.164313 1.488011
vt -0.205314 1.693632
vt -0.199749 1.486975
vt 1.607350 1.970248
vt 1.958365 1.970248
vt 0.151068 1.970248
vt 0.348580 1.684128
vt -0.179109 1.704067
vt 1.807887 1.695550
vt 0.348742 1.684129
vt -0.199755 1.488654
vt -0.205421 0.956580
vt -0.205421 -0.505213
vt -0.174480 -0.857557
vt -0.169711 -0.505213
vt -0.169711 -0.505205
vt -0.167531 0.955509
vt 2.159005 1.695550
vt 1.807973 1.695550
vt -0.205635 -1.059399
vt -0.205635 -0.869589
vt -0.174480 -0.857697
vt -0.820800 0.407926
vt 1.062250 1.054750
vt 1.413293 1.050404
vt 1.415303 1.048357
vt 1.581659 0.405927
vt 1.581659 0.367942
vt 1.006133 1.044994
vt 1.097444 1.048061
vt 1.100192 1.046320
vt 1.579641 0.204529
vt 1.230594 0.204529
vt -1.000133 1.052377
vt -1.133493 1.052377
vt -1.136007 1.050367
vt -0.955977 0.206529
vt -0.955976 0.315094
vt 1.230594 0.407926
vt 1.579635 0.407926
vt 0.566605 0.407926
vt 0.059142 0.407926
vt 0.566468 0.407926
vt -0.448449 0.407926
vt 0.059014 0.407926
vt -0.248367 0.133229
vt -0.620846 0.133229
vt 0.259336 0.133229
vt -0.248303 0.133229
vt 0.762460 0.118877
vt 1.431241 0.133228
vt 0.762655 0.118881
vt -0.448449 0.204529
vt -0.820800 0.204529
vt 0.059014 0.204529
vt 0.566605 0.204529
vt 0.059142 0.204529
vt 1.230410 0.204529
vt 0.566612 0.204529
vt 1.426878 -0.060308
vt 0.767039 -0.070238
vt 1.426664 -0.060314
vt 0.394424 1.052377
vt -0.115720 1.036085
vt -0.625863 1.052377
vt -0.620949 0.133222
vt -0.729707 0.126442
vt -0.953977 0.204529
vt 1.581659 0.317093
vt 1.581659 0.207615
vt 1.581659 0.367786
vt 1.581659 0.342517
vt 0.955290 1.050222
vt 0.980712 1.050741
vt 1.006096 1.045002
vt -0.954071 0.317698
vt -0.754164 0.092626
vt 1.006203 1.050227
vt 0.957074 1.004495
vt 0.957074 1.052718
vt -0.877816 0.343123
vt -0.954071 0.367337
vt -0.677882 0.067192
vt -0.754163 0.042970
vt -0.616902 1.069761
vt -0.309137 1.066619
vt 1.474355 0.304613
vt 1.790093 0.311209
vt 1.793477 0.309268
vt 1.793477 0.257804
vt 0.629532 0.741285
vt 0.629532 0.789498
vt 0.684939 0.600119
vt 0.683351 0.597539
vt 0.631896 0.588454
vt 1.908628 0.863283
vt 1.589842 0.867015
vt -0.456842 0.003027
vt -0.772823 0.012198
vt -0.774897 0.010361
vt -0.774897 -0.047101
vt 0.408351 0.258840
vt 0.457928 0.256122
vt 0.305012 0.325824
vt 0.255372 0.328546
vt 1.474355 0.255792
vt 1.276695 1.066618
vt 1.593847 1.066618
vt 0.960287 1.066618
vt 1.275893 1.066618
vt 0.642706 1.066618
vt 0.959543 1.066618
vt 0.325239 1.066618
vt 0.642391 1.066618
vt 0.008088 1.066618
vt 0.325182 1.066618
vt -0.309064 1.066618
vt 0.008004 1.066618
vt -0.109296 0.791947
vt -0.417116 0.795090
vt 0.206720 0.783844
vt -0.109162 0.791944
vt 0.524377 0.798635
vt 0.206801 0.783848
vt 0.849926 0.775058
vt 0.524400 0.798633
vt 1.173530 0.780721
vt 0.850350 0.775027
vt 1.462274 0.795444
vt 1.174208 0.780733
vt 1.794705 0.791948
vt 1.463008 0.795437
vt -0.772819 -0.049219
vt -0.456842 -0.049219
vt -0.138787 -0.049219
vt 0.324826 0.863255
vt 0.008088 0.863255
vt 0.642391 0.863255
vt 0.325239 0.863255
vt 0.959543 0.863255
vt 1.276695 0.863255
vt 0.959600 0.863255
vt 1.589792 0.867014
vt 1.789264 0.602431
vt 1.477427 0.588461
vt 1.789158 0.602432
vt 1.161242 0.593327
vt 1.477374 0.588462
vt 0.842831 0.588462
vt 0.518181 0.599811
vt 0.842610 0.588465
vt 0.208048 0.588461
vt 0.517870 0.599822
vt -0.138799 0.018714
vt 0.629532 0.590416
vt 0.629532 0.639120
vt 0.629532 0.640258
vt 0.629532 0.690202
vt 0.629532 0.740387
vt 0.684939 0.743730
vt 0.684939 0.742740
vt 0.305009 0.264506
vt 0.305062 0.264503
vt 0.356648 0.261675
vt 0.356707 0.261672
vt 0.408286 0.258844
vt 0.457934 0.317440
vt 0.408351 0.320158
vt 0.408289 0.320162
vt 0.356707 0.322990
vt 0.356651 0.322993
vt 0.305062 0.325821
vt -0.855311 0.991164
vt 1.039109 0.990520
vt 1.041033 0.988477
vt -0.855433 0.935988
vt -1.488698 0.931395
vt -1.490729 0.933380
vt -1.490729 0.984555
vt -0.224486 2.264156
vt -0.224486 2.064719
vt -0.226486 2.062719
vt -0.855433 0.991164
vt -0.855312 0.935988
vt -0.194304 -0.172216
vt -0.359820 -0.280528
vt -0.399706 -0.280528
vt -0.399706 -0.278528
vt -0.359820 -0.278528
vt -0.240161 -0.225364
vt -0.200275 -0.225364
vt -0.198275 -0.227410
vt -0.204265 -0.225285
vt -0.208075 -0.278571
vt -0.246611 -0.280574
vt -0.207888 -0.280574
vt -0.246797 -0.278571
vt -0.362780 -0.225317
vt -0.401503 -0.225317
vt -0.204265 -0.280542
vt 0.787699 -0.224054
vt 0.285392 -0.216492
vt 0.150906 1.970248
vt -0.168054 1.703846
vt -0.203283 1.696116
vt -0.183497 -0.869713
vt -0.170297 -1.061962
vt -0.171605 -1.063772
vt -0.405713 1.968378
vt -0.370768 1.957222
vt -0.374807 1.782073
vt -0.376864 1.779339
vt -0.404001 1.767578
vt -0.164313 1.488011
vt -0.205314 1.693632
vt -0.199750 1.486975
vt 0.348741 1.684129
vt 1.581659 0.405927
vt 1.097444 1.048061
vt 1.100192 1.046320
vt 1.579636 0.407926
vt 0.059142 0.407926
vt 0.566468 0.407926
vt 0.059014 0.407926
vt -0.248303 0.133229
vt -0.729707 0.126442
vt 1.581659 0.207615
vt 1.581659 0.367786
vt -0.754164 0.092626
vt -0.877816 0.343123
vt -0.954071 0.367337
vt -0.754163 0.042970
vt -0.616902 1.069761
vt -0.309137 1.066619
vt 1.790093 0.311209
vt 0.629532 0.789499
vt 0.684939 0.600119
vt 0.683351 0.597539
vt 0.631896 0.588454
vt 1.908628 0.863283
vt -0.772823 0.012198
vt -0.774897 0.010361
vt 0.457928 0.256122
vt 0.255372 0.328546
vt 0.642706 1.066618
vt -0.417116 0.795090
vt -0.109162 0.791944
vt 0.206801 0.783848
vt 0.849926 0.775058
vt 0.524400 0.798633
vt 1.173530 0.780721
vt 1.463008 0.795437
vt 1.789264 0.602431
vt 1.477374 0.588462
vt 0.842831 0.588462
vt 0.518181 0.599811
vt 0.842610 0.588465
vt 0.629532 0.590417
vt 0.629532 0.740386
vt 0.684939 0.742741
vt 0.305009 0.264506
vt 0.457934 0.317440
vt 0.408289 0.320162
vt 0.356651 0.322993
vt 1.041033 0.988476
vt -1.488699 0.931395
vt -0.279660 2.264156
vt -0.224486 2.264156
vt -0.224486 2.064719
vt 0.963044 0.742285
vt 0.963044 0.793458
vt -0.283584 2.249837
vt -0.279704 2.064724
vt -0.228409 2.249837
vt -0.196483 -0.170050
vt -0.196483 -0.119065
vt -0.399706 -0.280528
vt -0.399706 -0.225364
vt -0.200275 -0.225364
vt -0.198275 -0.227410
vt 0.285328 -0.216492
vt -0.204135 -0.225282
vt -0.401504 -0.280574
vt -0.207888 -0.280574
vt -0.401504 -0.225317
vt -0.194152 -0.117049
vt 0.285392 -0.216492
vt -0.381589 1.970248
vt -0.168054 1.703846
vt -0.203283 1.696115
vt -0.183497 -0.869713
vt -0.171605 -1.063772
vt -0.374807 1.782073
vt -0.404001 1.767577
vt -0.205421 -1.045275
vt -0.167531 0.955511
vt -0.164313 1.488011
vt -0.205314 1.693632
vt -0.199749 1.486974
vt 1.807973 1.695550
vt -0.174480 -0.857696
vt 0.955290 1.002983
vt 0.917310 1.002983
vt 1.097443 1.048061
vt 1.100192 1.046320
vt -0.955976 0.206529
vt -0.955976 0.315094
vt 1.062249 1.007238
vt 1.431241 0.133228
vt 0.762655 0.118881
vt -1.000133 1.004888
vt -0.625863 1.004888
vt -0.115720 0.988597
vt 0.394424 1.004888
vt 1.426878 -0.060308
vt -0.620950 0.133222
vt -0.729707 0.126442
vt 1.006133 1.004984
vt 0.980712 1.004984
vt 0.955292 1.002983
vt 1.006096 1.045002
vt -0.954071 0.317698
vt -0.754164 0.092626
vt -0.877816 0.343123
vt -0.954071 0.367337
vt -0.677882 0.067192
vt -0.754164 0.042970
vt -0.616902 1.069761
vt -0.309137 1.066619
vt 1.790093 0.311209
vt 0.629532 0.789498
vt 0.684939 0.600119
vt 0.683351 0.597539
vt 0.631896 0.588454
vt 1.908628 0.863283
vt -0.774897 0.010361
vt 0.457927 0.256122
vt 0.305013 0.325824
vt 0.255372 0.328546
vt -0.417116 0.795090
vt -0.109162 0.791944
vt 0.206801 0.783848
vt 0.849926 0.775058
vt 1.173530 0.780721
vt 1.794705 0.791948
vt 1.463008 0.795437
vt 1.589792 0.867014
vt 1.789264 0.602431
vt 1.789158 0.602431
vt 1.477374 0.588462
vt 0.518181 0.599811
vt 0.842610 0.588465
vt 0.629532 0.590417
vt 0.629532 0.640258
vt 0.629532 0.740386
vt 0.684939 0.742740
vt 0.305009 0.264506
vt 0.356648 0.261675
vt 0.408286 0.258844
vt 0.457934 0.317440
vt 0.408289 0.320162
vt 0.356651 0.322993
vt 1.041033 0.988476
vt -0.224486 2.264156
vt -0.283584 2.249838
vt -0.279704 2.064725
vt -0.228409 2.249838
vt -0.401504 -0.280574
vt -0.401504 -0.225317
vt -0.168054 1.703846
vt -0.203283 1.696115
vt -0.183497 -0.869713
vt -0.171605 -1.063772
vt -0.404001 1.767577
vt -0.164313 1.488011
vt -0.205314 1.693632
vt -0.199749 1.486975
vt -0.179109 1.704067
vt -0.174480 -0.857696
vt 1.413293 1.050404
vt 1.415303 1.046632
vt 0.918003 1.002983
vt 1.097443 1.048061
vt 1.100422 1.045806
vt 1.117655 1.007282
vt 1.579697 0.204529
vt 1.062312 1.007237
vt 0.762654 0.118881
vt 1.230410 0.204529
vt 0.566612 0.204529
vt -0.620950 0.133223
vt -0.729706 0.126442
vt 0.980707 1.004984
vt -0.616901 1.069761
vt -0.309137 1.066619
vt 0.629532 0.789498
vt 0.683351 0.597539
vt 1.908628 0.863283
vt 0.457927 0.256122
vt 0.305013 0.325824
vt 0.255372 0.328546
vt -0.417116 0.795090
vt -0.109162 0.791944
vt 0.206801 0.783848
vt 0.849925 0.775057
vt 0.524399 0.798633
vt 1.173531 0.780722
vt 1.789264 0.602431
vt 1.789158 0.602432
vt 0.842610 0.588465
vt 0.629532 0.640258
vt 0.629532 0.740386
vt 0.684939 0.742740
vt 0.305010 0.264506
vt 0.457933 0.317440
vt 1.579641 0.204529
vt -1.133493 1.052377
vt -0.955976 0.206529
vt -0.248303 0.133229
vt 0.762655 0.118881
vt -0.620949 0.133222
vt -0.729707 0.126442
vt 1.116685 1.004984
vt 1.006096 1.045002
vt -0.954071 0.317698
vt -0.754164 0.092626
vt -0.954071 0.367337
vt -0.677882 0.067192
vt -0.754163 0.042970
vt -0.381589 1.970248
vt 0.150906 1.970248
vt -0.168054 1.703846
vt -0.203283 1.696116
vt -0.183497 -0.869713
vt -0.171605 -1.063772
vt -0.405713 1.918493
vt -0.403717 1.967635
vt -0.403717 1.918196
vt -0.373798 1.825860
vt -0.374807 1.782073
vt -0.376864 1.779339
vt -0.404001 1.767578
vt -0.162442 1.485852
vt -0.164313 1.488011
vt -0.201141 1.538639
vt -0.199750 1.486975
vt -0.197757 1.487120
vt -0.199150 1.538854
vt -0.165239 1.649034
vt -0.179109 1.704067
vt -0.199755 1.488654
vt -0.169711 -0.505213
vt 1.807973 1.695550
vt -0.616901 1.069761
vt 0.684939 0.600119
vt 0.683351 0.597540
vt 0.631896 0.588454
vt 0.457928 0.256122
vt 0.255372 0.328546
vt -0.417117 0.795090
vt 0.206801 0.783848
vt 1.794705 0.791948
vt 1.463008 0.795437
vt 1.789264 0.602431
vt 1.789158 0.602432
vt 1.477374 0.588462
vt 0.842610 0.588465
vt 0.629532 0.590417
vt 0.629532 0.640258
vt 0.684939 0.742741
vt 0.356647 0.261675
vt 0.457933 0.317440
vt 0.356651 0.322993
vt -0.955977 0.206529
vt -0.955976 0.315094
vt 1.426878 -0.060308
vt -0.620950 0.133222
vt -0.729707 0.126442
vt 1.116684 1.004984
vt -0.877816 0.343123
vt -0.399706 -0.280528
vt -0.399706 -0.225364
vt -0.401503 -0.280574
vt -0.207887 -0.280574
vt -0.401503 -0.225317
vt -0.168054 1.703846
vt -0.183497 -0.869713
vt -0.171605 -1.063772
vt -0.405713 1.968378
vt -0.376864 1.779339
vt -0.199749 1.486975
vt -0.179109 1.704067
vt 1.807887 1.695550
vt -0.205635 -1.059399
vt -0.174480 -0.857697
vt 1.413289 1.050404
vt 1.415303 1.048370
vt 1.097526 1.048064
vt 1.100233 1.046230
vt 1.117930 1.006668
vt 1.579775 0.204529
vt 1.431241 0.133228
vt 1.426839 -0.060309
vt -0.620949 0.133222
vt -0.729707 0.126442
vt 0.980710 1.004984
vt 1.005973 1.045030
vt 0.955500 1.050226
vt -0.163419 1.542794
vt -0.165411 1.542584
vt -0.164329 1.595914
vt -0.166320 1.595649
vt -0.205314 1.693632
vt -0.203923 1.641968
vt -0.202532 1.590303
vt -0.200543 1.590589
vt -0.370768 1.957222
vt -0.371778 1.913435
vt -0.373769 1.913632
vt -0.372788 1.869647
vt -0.374785 1.869601
vt -0.405713 1.818722
vt -0.405713 1.868607
vt -0.403717 1.868757
vt 1.958365 1.918426
vt 1.607350 1.918426
vt 1.958365 1.868602
vt 1.607350 1.868602
vt 0.151068 1.918426
vt 0.151068 1.868602
vt 1.807894 1.544040
vt 0.351341 1.545330
vt 0.352247 1.499730
vt 1.807894 1.593876
vt 0.350434 1.590929
vt 2.159005 1.544039
vt 2.159005 1.593876
vt -0.176927 1.542877
vt -0.177617 1.595940
vt -0.381034 1.916656
vt -0.380365 1.865061
vt 2.145376 1.918426
vt 2.145376 1.868602
vt 2.348328 1.507427
vt 2.348365 1.551173
vt 2.348402 1.594919
vt -1.015651 -1.754191
vt -1.015651 -1.715429
vt -1.145378 -1.715429
vt -1.122807 -1.747234
vt -1.054306 -7.467914
vt -1.085699 -7.454387
vt -1.100295 -7.668569
vt 1.325804 -1.570243
vt 1.326830 -1.663577
vt 0.979623 -1.667869
vt 0.977181 -1.560714
vt -1.030561 -1.550573
vt -1.030561 -1.663549
vt -1.160723 -1.663549
vt -1.160743 -1.550573
vt -1.030561 -1.715508
vt -1.030561 -1.754324
vt -1.136361 -1.747408
vt -1.160466 -1.715508
vt -0.456747 -5.457287
vt -0.499004 -5.445004
vt -0.461180 -5.314867
vt -0.418922 -5.327150
vt -0.416811 -1.550265
vt -0.459493 -1.550265
vt -0.459493 -1.661849
vt -0.416811 -1.661849
vt -0.562501 -5.821136
vt -0.604759 -5.808854
vt 0.981611 -1.715510
vt 0.981611 -1.754313
vt 0.327515 -1.739675
vt 0.330769 -1.715509
vt -0.162597 -1.754327
vt -0.162597 -1.715508
vt -1.140323 -1.663660
vt -1.175701 -1.663660
vt -1.178695 -1.569516
vt -1.140320 -1.551620
vt 0.330769 -1.663551
vt 0.330769 -1.550575
vt -1.041575 -7.461006
vt -1.082623 -7.444613
vt -0.893053 -6.800734
vt -0.850796 -6.813016
vt -0.650772 -1.663538
vt -0.650772 -1.550709
vt -1.015651 -1.550708
vt -1.015651 -1.663538
vt 1.336638 -1.663541
vt 1.336639 -1.550712
vt 0.993913 -1.550711
vt 0.993913 -1.663540
vt 0.343915 -1.550710
vt 0.343915 -1.663540
vt -0.148812 -1.550709
vt -0.148812 -1.663539
vt -0.733067 -6.309397
vt -0.690810 -6.321680
vt -0.665208 -1.715508
vt -0.665208 -1.754325
vt -0.650772 -1.754191
vt -0.650772 -1.715429
vt -0.148812 -1.754192
vt -0.148812 -1.715430
vt 0.343915 -1.754193
vt 0.343915 -1.715430
vt -0.414799 -1.715552
vt -0.461607 -1.715552
vt -0.462945 -1.749450
vt -0.421795 -1.749450
vt -0.454671 -5.450576
vt -0.497186 -5.438219
vt -0.603588 -5.804297
vt -0.561074 -5.816654
vt -0.650772 -1.689484
vt -1.015651 -1.689484
vt 1.280041 -1.699187
vt 0.993913 -1.689486
vt -0.665208 -1.689528
vt -1.030561 -1.689528
vt -0.732683 -6.307907
vt -0.690169 -6.320264
vt -0.148812 -1.689485
vt -0.889175 -6.798884
vt -0.850975 -6.814445
vt 0.343915 -1.689485
vt -1.122396 -7.751507
vt -1.165832 -7.738883
vt -1.177317 -7.800713
vt -1.139862 -7.811599
vt -0.665208 -1.550574
vt -0.665208 -1.663549
vt -0.162597 -1.689530
vt -0.162597 -1.550575
vt -0.162597 -1.663550
vt 0.330769 -1.689530
vt 0.981611 -1.689530
vt 0.994893 -1.750041
vt 0.993913 -1.715431
vt 1.268531 -1.696287
vt -1.138361 -7.802982
vt -1.176939 -7.791610
vt -0.423603 -5.343688
vt -0.460567 -5.332944
vt -1.081884 -1.689528
vt -1.145661 -1.550708
vt -1.145642 -1.663538
vt -0.417315 -5.322309
vt -0.459960 -5.309914
vt -0.481815 -5.385108
vt -0.439170 -5.397503
vt 1.280607 -1.725133
vt 1.122521 -1.719783
vt 1.268678 -1.722266
vt -1.066901 -1.689484
vt -0.439166 -5.397517
vt -0.481826 -5.385118
vt -0.459963 -5.309898
vt -0.417304 -5.322297
vt -1.121907 -1.725208
vt -1.164357 -1.725208
vt -1.164865 -1.699211
vt -1.123873 -1.699211
vt -0.421456 -5.343640
vt -0.422692 -5.340557
vt -0.459813 -5.329768
vt -0.462748 -5.331636
vt -1.146725 -1.548669
vt -1.148684 -1.550708
vt -0.462184 -1.550266
vt -0.460066 -1.548211
vt -1.139589 -1.549297
vt -1.137798 -1.550508
vt 1.326309 -1.567369
vt 1.328351 -1.569554
vt -0.413128 -1.713727
vt -0.415026 -1.713040
vt -0.417357 -1.664526
vt -0.415562 -1.663904
vt -0.462190 -1.663904
vt -0.460040 -1.664526
vt -0.462160 -1.713041
vt -0.464617 -1.713727
vt -1.073065 -1.688906
vt -1.073065 -1.690120
vt -1.067965 -1.689513
vt -1.085667 -1.690199
vt -1.085667 -1.688826
vt -1.081166 -1.689513
vt -0.452704 -5.451148
vt 1.329384 -1.663552
vt -1.139088 -7.804889
vt -1.177246 -7.793643
vt -1.039717 -7.461747
vt -1.136581 -7.803507
vt -0.500959 -5.444437
vt -0.463277 -5.314790
vt -0.460612 -5.312914
vt -0.418353 -5.325196
vt -1.148685 -1.661498
vt -0.466198 -1.749161
vt -1.039227 -7.468301
vt -0.849167 -6.815183
vt -0.688201 -6.320836
vt -0.559106 -5.817226
vt -0.499153 -5.437647
vt -0.605556 -5.803726
vt -0.734651 -6.307335
vt 0.327977 -1.742339
vt -0.162026 -1.756365
vt 0.982181 -1.756366
vt -0.454792 -5.457855
vt -0.560547 -5.821704
vt -0.688856 -6.322248
vt -0.848841 -6.813584
vt 0.977879 -1.558249
vt 0.331341 -1.548532
vt -0.895008 -6.800165
vt -0.735022 -6.308829
vt -0.606713 -5.808286
vt -0.417111 -5.328211
vt -1.137798 -1.663660
vt -1.121351 -1.699211
vt -1.119396 -1.725208
vt 1.271072 -1.699245
vt -1.147520 -1.717070
vt -1.125879 -1.747547
vt -0.438551 -5.402727
vt -0.415520 -5.323492
vt -0.485148 -5.389191
vt -0.462187 -5.310191
vt -1.137189 -7.810120
vt -1.119724 -7.750029
vt 1.271220 -1.725224
vt -0.415586 -5.323746
vt -0.438546 -5.402742
vt -0.462108 -5.309947
vt -0.485137 -5.389180
vt -0.481609 -1.690130
vt -0.439267 -1.690130
vt -0.439267 -1.688896
vt -0.481609 -1.688896
vt 0.994509 -1.763319
vt 1.194505 -1.733418
vt -1.165227 -7.744000
vt -1.122722 -7.756355
vt -1.119275 -7.674706
vt 1.282004 -1.725133
vt -0.246610 -0.225317
vt -0.246797 -0.227320
vt -0.285334 -0.225317
vt -0.285518 -0.227320
vt -0.324057 -0.225317
vt -0.324240 -0.227320
vt -0.401503 -0.280574
vt -0.362780 -0.280574
vt -0.324057 -0.280574
vt -0.324240 -0.278571
vt -0.285334 -0.280574
vt -0.285518 -0.278571
vt -0.399706 -0.225364
vt -0.359820 -0.225364
vt -0.359820 -0.227364
vt -0.319934 -0.225364
vt -0.319933 -0.227364
vt -0.280047 -0.225364
vt -0.280047 -0.227364
vt -0.240161 -0.280528
vt -0.280047 -0.280528
vt -0.280047 -0.278528
vt -0.319933 -0.280528
vt -0.319933 -0.278528
vt 1.296298 0.882586
vt 1.296298 0.842696
vt 1.094229 0.842696
vt 1.094229 0.882586
vt 1.296298 0.802806
vt 1.094229 0.802806
vt 1.296298 0.762916
vt 1.094229 0.762916
vt 0.194258 0.842696
vt 0.194258 0.882586
vt 0.194258 0.802806
vt 0.194258 0.762916
vt -0.313402 0.842696
vt -0.313402 0.802806
vt -0.313402 0.762916
vt -0.087454 0.790262
vt -0.086246 0.828413
vt -0.589010 0.821456
vt -0.085038 0.866564
vt -0.589010 0.861347
vt -0.083830 0.904715
vt -0.589010 0.901237
vt 0.818623 0.781567
vt 0.818623 0.821457
vt 0.818623 0.861347
vt 0.818623 0.901237
vt 1.020691 0.781567
vt 1.020691 0.821457
vt 1.020691 0.861347
vt 1.020691 0.901237
vt -1.081157 0.826372
vt -1.084491 0.865033
vt -1.087824 0.903695
vt -0.815548 0.843925
vt -0.818882 0.882586
vt -0.812215 0.805264
vt -0.808881 0.766603
vt 1.715238 0.842696
vt 1.715238 0.802806
vt 1.715238 0.762916
vt 1.439632 0.821457
vt 1.439632 0.861347
vt 1.439632 0.901237
s 0
usemtl Plain_Wood
f 22/1/1 10/2/2 36/3/3 43/4/4
f 9/5/5 19/6/6 42/7/7 25/8/8
f 21/9/9 23/10/10 44/11/11 41/12/12
f 30/13/13 37/14/14 15/15/15 1/16/16
f 48/17/17 31/18/18 6/19/19 16/20/20
f 8/21/21 11/22/22 24/23/23 20/24/24
f 38/25/25 47/26/26 18/27/27 13/28/28
f 40/29/29 46/30/30 47/26/26 38/25/25
f 43/4/4 36/3/31 33/31/32 45/32/33
f 26/33/34 35/34/35 12/35/36 7/36/37
f 29/37/38 32/38/39 34/39/40 28/40/41
f 45/32/33 33/31/32 31/18/18 48/17/17
f 28/40/41 34/39/40 35/34/42 26/33/34
f 51/41/43 52/42/44 80/43/45 77/44/46
f 41/12/12 44/11/11 46/30/47 40/29/48
f 14/45/49 17/46/50 5/47/51 2/48/52
f 27/49/53 39/50/54 37/14/14 30/13/13
f 25/8/8 42/7/7 39/50/55 27/49/53
f 70/51/1 58/52/2 84/53/3 91/54/4
f 57/55/5 67/56/6 90/57/7 73/58/8
f 69/59/9 71/60/10 92/61/11 89/62/12
f 78/63/56 85/64/57 63/65/58 49/66/59
f 96/67/60 79/68/61 54/69/62 64/70/63
f 56/71/21 59/72/22 72/73/23 68/74/24
f 86/75/64 95/76/65 66/77/66 61/78/67
f 88/79/68 94/80/30 95/76/65 86/75/64
f 91/54/4 84/53/31 81/81/32 93/82/33
f 74/83/34 83/84/35 60/85/69 55/86/37
f 77/44/46 80/43/45 82/87/70 76/88/71
f 93/82/33 81/81/32 79/68/61 96/67/60
f 76/88/41 82/87/70 83/84/35 74/83/34
f 99/89/72 100/90/73 128/91/74 125/92/75
f 89/62/12 92/61/11 94/80/47 88/79/48
f 62/93/49 65/94/50 53/95/51 50/96/52
f 75/97/53 87/98/54 85/64/57 78/63/56
f 73/58/8 90/57/7 87/98/54 75/97/53
f 118/99/76 106/100/77 132/101/78 139/102/79
f 105/103/80 115/104/81 138/105/82 121/106/83
f 117/107/84 119/108/85 140/109/86 137/110/87
f 126/111/88 133/112/89 111/113/90 97/114/91
f 144/115/92 127/116/93 102/117/94 112/118/95
f 104/119/96 107/120/97 120/121/98 116/122/99
f 134/123/100 143/124/101 114/125/102 109/126/103
f 136/127/104 142/128/105 143/124/101 134/123/100
f 139/102/79 132/101/78 129/129/106 141/130/107
f 122/131/108 131/132/109 108/133/110 103/134/111
f 125/92/75 128/91/74 130/135/112 124/136/113
f 141/130/107 129/129/106 127/116/114 144/115/92
f 124/136/115 130/135/112 131/132/109 122/131/108
f 147/137/116 148/138/117 176/139/118 173/140/119
f 137/110/120 140/109/121 142/128/105 136/127/122
f 110/141/123 113/142/124 101/143/125 98/144/126
f 123/145/127 135/146/128 133/112/129 126/111/88
f 121/106/83 138/105/82 135/146/130 123/145/127
f 166/147/131 154/148/132 180/149/133 187/150/134
f 153/151/135 163/152/136 186/153/137 169/154/138
f 165/155/139 167/156/140 188/157/141 185/158/142
f 174/159/143 181/160/144 159/161/145 145/162/146
f 192/163/147 175/164/148 150/165/149 160/166/150
f 152/167/96 155/168/97 168/169/98 164/170/99
f 182/171/151 191/172/152 162/173/153 157/174/154
f 184/175/155 190/176/156 191/172/152 182/171/151
f 187/150/134 180/149/133 177/177/157 189/178/158
f 170/179/159 179/180/160 156/181/161 151/182/162
f 173/140/119 176/139/118 178/183/163 172/184/164
f 189/178/165 177/177/157 175/164/148 192/163/166
f 172/184/164 178/183/163 179/180/160 170/179/159
f 195/185/167 196/186/168 224/187/169 221/188/170
f 185/158/171 188/157/141 190/176/156 184/175/155
f 158/189/123 161/190/172 149/191/125 146/192/126
f 171/193/173 183/194/174 181/160/144 174/159/143
f 169/154/138 186/153/137 183/194/174 171/193/173
f 214/195/175 202/196/176 228/197/177 235/198/178
f 201/199/179 211/200/180 234/201/181 217/202/182
f 213/203/183 215/204/184 236/205/185 233/206/186
f 222/207/187 229/208/188 207/209/189 193/210/190
f 240/211/191 223/212/192 198/213/193 208/214/194
f 200/215/195 203/216/196 216/217/197 212/218/198
f 230/219/199 239/220/200 210/221/201 205/222/202
f 232/223/203 238/224/204 239/220/205 230/219/199
f 235/198/178 228/197/206 225/225/207 237/226/208
f 218/227/209 227/228/210 204/229/211 199/230/212
f 221/188/170 224/187/169 226/231/213 220/232/214
f 237/226/208 225/225/207 223/212/215 240/211/191
f 220/232/216 226/231/213 227/228/210 218/227/209
f 243/233/217 244/234/218 272/235/219 269/236/220
f 233/206/186 236/205/185 238/224/221 232/223/222
f 206/237/223 209/238/224 197/239/225 194/240/226
f 219/241/227 231/242/228 229/243/188 222/244/187
f 217/202/182 234/201/229 231/242/230 219/241/227
f 262/245/131 250/246/231 276/247/232 283/248/233
f 249/249/80 259/250/234 282/251/235 265/252/236
f 261/253/237 263/254/238 284/255/239 281/256/240
f 270/257/241 277/258/242 255/259/243 241/260/244
f 288/261/245 271/262/246 246/263/247 256/264/248
f 248/265/96 251/266/97 264/267/98 260/268/99
f 278/269/249 287/270/250 258/271/251 253/272/252
f 280/273/253 286/274/254 287/270/250 278/269/249
f 283/248/233 276/247/255 273/275/256 285/276/257
f 266/277/258 275/278/259 252/279/260 247/280/261
f 269/236/262 272/235/219 274/281/263 268/282/264
f 285/276/257 273/275/265 271/262/266 288/261/267
f 268/282/268 274/281/263 275/278/259 266/277/258
f 291/283/269 292/284/270 320/285/271 317/286/272
f 281/256/240 284/255/239 286/274/254 280/273/273
f 254/287/123 257/288/274 245/289/125 242/290/126
f 267/291/275 279/292/276 277/258/242 270/257/241
f 265/252/277 282/251/278 279/292/276 267/291/275
f 310/293/279 298/294/280 324/295/281 331/296/282
f 297/297/283 307/298/284 330/299/285 313/300/286
f 309/301/287 311/302/288 332/303/289 329/304/290
f 318/305/291 325/306/292 303/307/293 289/308/294
f 336/309/295 319/310/296 294/311/297 304/312/298
f 296/313/299 299/314/300 312/315/301 308/316/302
f 326/317/303 335/318/304 306/319/305 301/320/306
f 328/321/307 334/322/308 335/318/304 326/317/309
f 331/296/282 324/295/310 321/323/311 333/324/312
f 314/325/313 323/326/314 300/327/315 295/328/316
f 317/286/272 320/285/271 322/329/317 316/330/318
f 333/324/312 321/323/311 319/310/296 336/309/295
f 316/330/319 322/329/320 323/326/314 314/325/321
f 339/331/322 340/332/323 368/333/324 365/334/325
f 329/304/290 332/303/289 334/322/308 328/321/326
f 302/335/327 305/336/328 293/337/329 290/338/330
f 315/339/331 327/340/332 325/306/292 318/305/291
f 313/300/286 330/299/333 327/340/332 315/339/331
f 358/341/334 346/342/335 372/343/336 379/344/337
f 345/345/338 355/346/339 378/347/340 361/348/341
f 357/349/342 359/350/343 380/351/344 377/352/345
f 366/353/346 373/354/347 351/355/348 337/356/349
f 384/357/350 367/358/351 342/359/352 352/360/353
f 344/361/354 347/362/355 360/363/356 356/364/357
f 374/365/358 383/366/359 354/367/360 349/368/361
f 376/369/362 382/370/363 383/366/359 374/365/358
f 379/344/337 372/343/336 369/371/364 381/372/365
f 362/373/366 371/374/367 348/375/368 343/376/369
f 365/334/325 368/333/324 370/377/370 364/378/371
f 381/372/365 369/371/364 367/358/372 384/357/350
f 364/378/373 370/377/370 371/374/374 362/379/375
f 377/352/345 380/351/344 382/370/363 376/369/376
f 350/380/377 353/381/378 341/382/379 338/383/380
f 363/384/381 375/385/382 373/354/383 366/353/346
f 361/348/341 378/347/384 375/385/385 363/384/386
f 1/386/387 2/48/388 3/387/389
f 4/388/390 5/47/391 6/389/392
f 7/36/393 8/390/21 9/391/394
f 10/2/395 11/392/396 12/393/397
f 13/28/398 14/394/399 15/395/400
f 16/396/401 17/46/402 18/397/403
f 19/6/404 20/398/405 21/399/406
f 22/400/407 23/10/408 24/401/409
f 49/402/410 50/96/411 51/403/412
f 52/42/413 53/404/414 54/405/415
f 55/86/416 56/406/417 57/407/418
f 58/408/419 59/72/420 60/409/421
f 61/78/422 62/410/423 63/411/424
f 64/412/425 65/94/426 66/413/427
f 67/414/428 68/74/429 69/415/430
f 70/416/431 71/60/432 72/417/433
f 97/418/434 98/144/435 99/419/436
f 100/90/437 101/420/438 102/421/439
f 103/134/440 104/422/441 105/423/442
f 106/424/443 107/120/97 108/425/444
f 109/126/445 110/426/446 111/427/447
f 112/428/448 113/142/449 114/429/450
f 115/430/451 116/122/452 117/431/453
f 118/432/454 119/108/455 120/433/456
f 145/434/457 146/192/458 147/435/459
f 148/138/460 149/436/461 150/437/462
f 151/182/463 152/438/464 153/439/465
f 154/440/466 155/168/467 156/441/468
f 157/174/469 158/442/470 159/443/471
f 160/444/472 161/190/473 162/445/474
f 163/446/475 164/170/476 165/447/477
f 166/448/478 167/156/479 168/449/480
f 193/450/481 194/240/482 195/451/483
f 196/186/484 197/452/485 198/453/486
f 199/230/487 200/454/488 201/455/489
f 202/456/490 203/216/196 204/457/491
f 205/222/492 206/458/493 207/459/494
f 208/460/495 209/238/224 210/461/201
f 211/462/496 212/218/198 213/463/183
f 214/464/497 215/204/184 216/465/498
f 241/466/499 242/290/500 243/467/501
f 244/234/502 245/468/503 246/469/504
f 247/280/505 248/470/506 249/471/80
f 250/472/507 251/266/508 252/473/509
f 253/272/510 254/474/511 255/475/512
f 256/476/513 257/288/514 258/477/515
f 259/478/516 260/268/517 261/479/518
f 262/480/519 263/254/520 264/481/521
f 289/482/522 290/338/523 291/483/524
f 292/484/525 293/337/526 294/485/527
f 295/486/528 296/313/529 297/487/530
f 298/488/531 299/314/532 300/489/533
f 301/490/534 302/335/535 303/491/536
f 304/492/537 305/336/538 306/493/539
f 307/494/540 308/316/541 309/495/542
f 310/496/543 311/302/544 312/497/545
f 337/498/546 338/383/547 339/499/322
f 340/332/548 341/500/549 342/501/550
f 343/376/551 344/502/552 345/503/553
f 346/504/554 347/362/555 348/505/556
f 349/368/557 350/506/558 351/507/559
f 352/508/560 353/381/561 354/509/562
f 355/510/563 356/364/564 357/511/565
f 358/512/566 359/350/567 360/513/568
f 30/13/569 1/16/16 3/514/570 29/515/571
f 2/48/572 5/47/573 4/388/574 3/387/575
f 36/3/3 10/2/2 12/516/69 35/517/35
f 11/518/576 8/390/577 7/36/578 12/35/579
f 19/6/580 9/5/581 8/519/21 20/398/582
f 10/2/583 22/1/584 24/520/585 11/521/586
f 23/10/408 21/9/587 20/522/588 24/523/589
f 42/524/7 19/525/6 21/9/590 41/12/12
f 48/526/591 16/527/20 18/27/403 47/26/26
f 17/528/50 14/529/399 13/28/592 18/27/593
f 1/386/16 15/530/594 14/45/49 2/48/595
f 16/531/596 6/532/19 5/47/51 17/46/50
f 9/5/5 25/8/597 26/533/34 7/534/393
f 25/8/598 27/49/599 28/535/41 26/536/600
f 27/49/599 30/13/569 29/515/38 28/537/41
f 6/19/601 31/18/18 32/538/602 4/539/603
f 31/18/604 33/31/605 34/540/40 32/541/39
f 33/31/32 36/3/606 35/542/35 34/543/70
f 15/544/607 37/545/608 38/25/25 13/28/592
f 37/546/14 39/547/54 40/29/68 38/25/609
f 39/548/610 42/549/611 41/12/12 40/29/68
f 22/400/612 43/550/4 44/11/613 23/10/614
f 43/550/615 45/551/616 46/30/617 44/11/11
f 45/552/618 48/553/17 47/26/619 46/30/620
f 78/554/56 49/555/59 51/41/43 77/44/46
f 50/556/621 53/557/622 52/42/623 51/41/624
f 84/558/3 58/559/2 60/85/625 83/84/35
f 59/560/626 56/406/627 55/86/628 60/85/629
f 67/414/580 57/561/5 56/71/630 68/74/631
f 58/562/583 70/563/632 72/73/585 59/72/633
f 71/564/634 69/565/635 68/74/636 72/73/637
f 90/566/638 67/567/6 69/59/9 89/62/639
f 96/568/640 64/569/641 66/77/642 95/76/643
f 65/570/644 62/571/645 61/78/646 66/77/647
f 49/402/648 63/572/649 62/93/650 50/96/52
f 64/573/651 54/574/652 53/95/653 65/94/402
f 57/407/654 73/575/597 74/83/34 55/86/37
f 73/576/655 75/577/656 76/88/657 74/83/658
f 75/578/656 78/579/659 77/44/660 76/88/71
f 54/405/661 79/580/662 80/43/663 52/42/664
f 79/581/662 81/582/665 82/87/666 80/43/663
f 81/583/32 84/584/606 83/84/35 82/87/70
f 63/585/667 85/586/668 86/75/669 61/78/670
f 85/587/57 87/588/54 88/79/671 86/75/672
f 87/589/673 90/590/674 89/62/675 88/79/676
f 70/416/612 91/591/677 92/61/678 71/60/679
f 91/591/4 93/592/616 94/80/617 92/61/11
f 93/593/680 96/594/640 95/76/681 94/80/682
f 126/595/683 97/596/684 99/89/685 125/92/686
f 98/597/687 101/420/688 100/90/689 99/89/690
f 132/598/691 106/599/692 108/133/693 131/132/694
f 107/600/695 104/422/696 103/134/697 108/133/698
f 115/430/699 105/601/700 104/119/701 116/122/702
f 106/602/77 118/603/76 120/121/98 107/120/703
f 119/604/704 117/431/705 116/122/706 120/121/707
f 138/605/708 115/606/709 117/107/710 137/110/711
f 144/607/712 112/608/713 114/125/714 143/124/715
f 113/609/716 110/610/717 109/126/103 114/125/718
f 97/418/719 111/611/720 110/141/721 98/144/722
f 112/612/723 102/613/724 101/143/725 113/142/172
f 105/423/726 121/614/83 122/131/727 103/134/111
f 121/615/728 123/616/729 124/136/730 122/131/731
f 123/617/732 126/618/733 125/92/734 124/136/735
f 102/421/736 127/619/737 128/91/738 100/90/739
f 127/620/740 129/621/741 130/135/742 128/91/743
f 129/621/744 132/622/745 131/132/746 130/135/747
f 111/623/748 133/624/749 134/123/750 109/126/751
f 133/624/752 135/625/753 136/127/754 134/123/755
f 135/626/756 138/627/757 137/110/758 136/127/759
f 118/432/760 139/628/761 140/109/762 119/108/763
f 139/629/764 141/630/765 142/128/766 140/109/767
f 141/631/768 144/607/769 143/124/770 142/128/771
f 174/632/143 145/633/772 147/137/773 173/140/774
f 146/634/775 149/635/776 148/138/777 147/137/778
f 180/636/779 154/637/780 156/181/781 179/180/782
f 155/638/783 152/639/696 151/182/784 156/181/785
f 163/446/786 153/640/787 152/167/506 164/170/99
f 154/641/132 166/642/131 168/169/98 155/168/703
f 167/643/788 165/447/789 164/170/790 168/169/791
f 186/644/792 163/645/786 165/155/793 185/158/794
f 192/646/795 160/647/150 162/173/796 191/172/152
f 161/648/797 158/649/798 157/174/799 162/173/800
f 145/434/801 159/650/802 158/189/803 146/192/804
f 160/651/805 150/652/806 149/191/807 161/190/808
f 153/439/809 169/653/810 170/179/811 151/182/812
f 169/654/138 171/655/173 172/184/813 170/179/814
f 171/656/815 174/657/816 173/140/817 172/184/818
f 150/437/819 175/658/820 176/139/821 148/138/822
f 175/659/823 177/660/824 178/183/825 176/139/826
f 177/661/827 180/636/828 179/180/829 178/183/825
f 159/662/830 181/663/831 182/171/832 157/174/799
f 181/664/833 183/665/834 184/175/835 182/171/836
f 183/666/837 186/667/838 185/158/839 184/175/840
f 166/448/841 187/668/842 188/157/843 167/156/844
f 187/669/845 189/670/846 190/176/847 188/157/848
f 189/671/849 192/672/850 191/172/851 190/176/852
f 222/673/187 193/674/853 195/185/167 221/188/170
f 194/675/226 197/676/854 196/186/855 195/185/167
f 228/677/206 202/678/176 204/229/856 227/228/210
f 203/679/196 200/454/857 199/230/212 204/229/858
f 211/462/180 201/680/489 200/215/195 212/218/198
f 202/681/176 214/682/859 216/217/197 203/216/196
f 215/683/184 213/684/183 212/218/198 216/217/860
f 234/685/229 211/686/180 213/203/183 233/206/861
f 240/687/862 208/688/495 210/221/863 239/220/200
f 209/689/864 206/690/865 205/222/866 210/221/201
f 193/450/867 207/691/868 206/237/869 194/240/870
f 208/692/871 198/693/872 197/239/873 209/238/874
f 201/455/179 217/694/182 218/227/875 199/230/212
f 217/695/876 219/696/227 220/232/214 218/227/209
f 219/697/877 222/698/878 221/188/170 220/232/216
f 198/453/193 223/699/192 224/187/169 196/186/168
f 223/700/215 225/701/879 226/231/213 224/187/880
f 225/701/207 228/702/206 227/228/210 226/231/213
f 207/703/189 229/704/188 230/219/881 205/222/202
f 229/705/188 231/706/882 232/223/222 230/219/881
f 231/707/228 234/708/883 233/206/186 232/223/222
f 214/464/497 235/709/884 236/205/185 215/204/885
f 235/709/178 237/710/208 238/224/886 236/205/185
f 237/710/208 240/711/191 239/220/200 238/224/204
f 270/712/241 241/713/887 243/233/888 269/236/220
f 242/714/889 245/715/890 244/234/891 243/233/892
f 276/716/255 250/717/893 252/279/260 275/278/259
f 251/718/97 248/470/506 247/280/505 252/279/894
f 259/478/234 249/719/442 248/265/506 260/268/895
f 250/720/231 262/721/131 264/267/896 251/266/97
f 263/722/897 261/723/898 260/268/899 264/267/900
f 282/724/901 259/725/902 261/253/903 281/256/904
f 288/726/905 256/727/906 258/271/907 287/270/908
f 257/728/909 254/729/803 253/272/252 258/271/910
f 241/466/911 255/730/912 254/287/803 242/290/913
f 256/731/248 246/732/247 245/289/125 257/288/274
f 249/471/914 265/733/915 266/277/916 247/280/917
f 265/734/236 267/735/918 268/282/264 266/277/919
f 267/736/920 270/737/921 269/236/220 268/282/922
f 246/469/247 271/738/246 272/235/219 244/234/923
f 271/739/246 273/740/924 274/281/925 272/235/926
f 273/740/256 276/716/927 275/278/928 274/281/263
f 255/741/929 277/742/930 278/269/249 253/272/252
f 277/743/931 279/744/932 280/273/253 278/269/249
f 279/745/932 282/746/278 281/256/933 280/273/934
f 262/480/131 283/747/935 284/255/936 263/254/238
f 283/748/937 285/749/257 286/274/938 284/255/239
f 285/749/939 288/750/905 287/270/940 286/274/938
f 318/751/291 289/752/294 291/283/941 317/286/942
f 290/338/330 293/337/943 292/484/944 291/483/941
f 324/753/945 298/754/946 300/327/947 323/326/948
f 299/314/949 296/313/950 295/486/951 300/489/952
f 307/494/284 297/487/953 296/313/299 308/316/302
f 298/755/280 310/756/954 312/315/301 299/314/955
f 311/757/956 309/758/287 308/316/302 312/315/957
f 330/759/958 307/760/959 309/301/960 329/304/961
f 336/761/295 304/762/298 306/319/962 335/318/304
f 305/336/963 302/335/964 301/763/965 306/764/966
f 289/482/967 303/491/968 302/335/969 290/338/970
f 304/765/971 294/766/972 293/337/973 305/336/328
f 297/767/283 313/768/974 314/325/313 295/328/316
f 313/769/975 315/770/976 316/330/977 314/325/978
f 315/771/979 318/772/980 317/286/981 316/330/982
f 294/773/983 319/774/984 320/285/271 292/284/985
f 319/775/986 321/776/987 322/329/988 320/285/989
f 321/776/990 324/777/991 323/326/992 322/329/993
f 303/778/994 325/779/995 326/317/996 301/320/997
f 325/780/995 327/781/998 328/321/999 326/317/1000
f 327/782/1001 330/783/1002 329/304/1003 328/321/1004
f 310/496/1005 331/784/1006 332/303/1007 311/302/1008
f 331/784/1009 333/785/1010 334/322/1011 332/303/1012
f 333/785/1013 336/786/1014 335/318/1015 334/322/1016
f 366/787/1017 337/788/1018 339/331/1019 365/334/325
f 338/789/1020 341/500/1021 340/332/548 339/331/1022
f 372/790/1023 346/791/1024 348/375/1025 371/374/1026
f 347/792/1027 344/502/1028 343/376/1029 348/375/1030
f 355/510/1031 345/793/1032 344/361/1033 356/364/1034
f 346/794/1035 358/795/1036 360/363/1037 347/362/1038
f 359/796/1039 357/511/1040 356/364/1041 360/363/1042
f 378/797/384 355/798/1043 357/349/1044 377/352/1045
f 384/799/350 352/800/1046 354/367/1047 383/366/359
f 353/801/1048 350/802/1049 349/368/1050 354/367/1051
f 337/498/1052 351/803/1053 350/380/1054 338/383/1055
f 352/804/1056 342/805/352 341/382/1057 353/381/1058
f 345/503/1059 361/806/341 362/373/366 343/376/1060
f 361/807/341 363/808/1061 364/378/1062 362/379/375
f 363/809/1063 366/810/1064 365/334/1065 364/378/371
f 342/501/1066 367/811/1067 368/333/1068 340/332/1069
f 367/812/1070 369/813/1071 370/377/1072 368/333/1068
f 369/813/1073 372/814/1023 371/374/1074 370/377/1072
f 351/815/1075 373/816/1076 374/365/1077 349/368/1078
f 373/816/1079 375/817/1080 376/369/1081 374/365/1077
f 375/818/385 378/819/384 377/352/345 376/369/1081
f 358/512/334 379/820/337 380/351/344 359/350/1082
f 379/821/1083 381/822/1084 382/370/1085 380/351/1086
f 381/823/1087 384/799/1088 383/366/1089 382/370/1090
f 3/824/570 4/825/1091 32/38/39 29/37/571
s 1
f 396/826/1092 398/827/1092 387/828/1092 385/829/1093
f 401/830/1094 403/831/1094 399/832/1094 395/833/1094
f 406/834/1095 409/835/1096 414/836/1096 410/837/1096
f 402/838/1097 392/839/1098 388/840/1099 397/841/1100
f 391/829/1101 393/828/1102 404/827/1102 400/842/1103
f 416/826/1104 418/827/1092 407/828/1105 405/829/1092
f 421/843/1094 423/836/1094 419/844/1094 415/834/1094
f 426/834/1106 429/835/1107 434/836/1096 430/837/1096
f 422/845/1108 412/846/1109 408/847/1110 417/848/1100
f 411/829/1102 413/828/1102 424/827/1102 420/842/1102
f 436/849/1111 438/850/1112 427/851/1092 425/852/1092
f 441/843/1094 443/836/1094 439/844/1094 435/834/1094
f 446/853/1113 449/832/1096 454/854/1096 450/830/1096
f 442/855/1114 432/856/1109 428/857/1115 437/858/1116
f 431/859/1102 433/851/1102 444/860/1102 440/861/1102
f 456/849/1112 458/850/1092 447/851/1092 445/852/1092
f 461/830/1117 463/831/1094 459/832/1094 455/833/1094
f 466/862/1118 469/863/1096 474/864/1096 470/865/1096
f 462/866/1114 452/867/1109 448/868/1115 457/869/1116
f 451/859/1102 453/851/1102 464/860/1102 460/861/1102
f 476/849/1092 478/850/1092 467/851/1092 465/852/1092
f 481/865/1094 483/870/1094 479/871/1094 475/872/1094
f 486/862/1096 489/863/1096 494/864/1096 490/865/1096
f 482/873/1114 472/874/1109 468/875/1115 477/876/1116
f 471/859/1102 473/851/1102 484/860/1102 480/861/1102
f 496/826/1119 498/827/1119 487/828/1092 485/829/1092
f 501/865/1094 503/870/1094 499/871/1120 495/872/1120
f 506/834/1113 509/835/1096 514/836/1096 510/837/1096
f 502/877/1108 492/878/1098 488/879/1110 497/880/1116
f 491/829/1121 493/828/1102 504/827/1102 500/842/1102
f 516/881/1122 518/882/1092 507/883/1092 505/884/1092
f 521/843/1117 523/836/1094 519/844/1117 515/834/1094
f 526/853/1096 529/832/1096 534/854/1096 530/830/1096
f 522/885/1108 512/886/1098 508/887/1110 517/888/1100
f 511/884/1102 513/883/1102 524/882/1102 520/889/1102
f 536/881/1104 538/882/1092 527/883/1092 525/884/1092
f 541/830/1123 543/831/1094 539/832/1120 535/833/1094
f 546/862/1096 549/863/1096 554/864/1096 550/865/1096
f 542/890/1108 532/891/1098 528/892/1110 537/893/1124
f 531/884/1102 533/883/1102 544/882/1125 540/889/1102
f 556/881/1092 558/882/1092 547/883/1092 545/884/1092
f 561/865/1126 563/870/1094 559/871/1094 555/872/1094
f 566/834/1095 569/835/1096 574/836/1096 570/837/1096
f 562/894/1108 552/895/1098 548/896/1110 557/897/1100
f 551/884/1121 553/883/1102 564/882/1102 560/889/1103
f 576/898/1092 578/899/1092 567/900/1092 565/901/1092
f 581/843/1127 583/836/1094 579/844/1094 575/834/1094
f 586/853/1118 589/832/1096 594/854/1096 590/830/1096
f 582/902/1114 572/903/1109 568/904/1115 577/905/1116
f 571/906/1102 573/900/1102 584/899/1102 580/907/1102
f 596/898/1112 598/899/1092 587/900/1092 585/901/1092
f 601/830/1128 603/831/1094 599/832/1094 595/833/1094
f 606/862/1129 609/863/1096 614/864/1096 610/865/1096
f 602/908/1114 592/909/1109 588/910/1115 597/911/1116
f 591/906/1102 593/900/1102 604/899/1102 600/907/1102
f 616/898/1130 618/899/1092 607/900/1092 605/901/1092
f 621/865/1094 623/870/1094 619/871/1094 615/872/1094
f 626/834/1096 629/835/1096 634/836/1096 630/837/1107
f 622/912/1114 612/913/1109 608/914/1115 617/915/1116
f 611/906/1102 613/900/1102 624/899/1102 620/907/1102
f 636/916/1092 638/917/1092 627/918/1092 625/919/1092
f 641/843/1117 643/836/1094 639/844/1094 635/834/1094
f 646/853/1118 649/832/1096 654/854/1096 650/830/1096
f 642/920/1108 632/921/1109 628/922/1110 637/923/1100
f 631/919/1131 633/918/1102 644/917/1125 640/916/1102
f 656/916/1092 658/917/1092 647/918/1092 645/919/1092
f 661/830/1117 663/831/1094 659/832/1094 655/833/1094
f 666/862/1132 669/863/1096 674/864/1096 670/865/1096
f 662/924/1108 652/925/1098 648/926/1110 657/927/1100
f 651/919/1102 653/918/1102 664/917/1102 660/916/1102
f 676/916/1092 678/917/1092 667/918/1092 665/919/1092
f 681/865/1094 683/870/1094 679/871/1094 675/872/1094
f 682/928/1108 672/929/1098 668/930/1110 677/931/1100
f 671/919/1102 673/918/1102 684/917/1102 680/916/1102
f 387/932/1092 388/840/1099 389/933/1096
f 392/839/1098 393/934/1102 394/935/1096
f 397/841/1100 398/936/1092 399/937/1094
f 402/838/1097 403/938/1094 404/939/1102
f 407/828/1105 408/940/1110 409/941/1096
f 412/940/1109 413/828/1102 414/942/1096
f 417/943/1100 418/827/1092 419/944/1094
f 422/945/1108 423/836/1094 424/946/1102
f 427/851/1092 428/947/1115 429/948/1107
f 432/947/1109 433/851/1102 434/948/1096
f 437/949/1116 438/850/1112 439/950/1094
f 442/945/1114 443/836/1094 444/946/1102
f 447/851/1092 448/947/1115 449/948/1096
f 452/947/1109 453/851/1102 454/948/1096
f 457/949/1116 458/850/1092 459/950/1094
f 462/951/1114 463/831/1094 464/952/1102
f 467/851/1092 468/947/1115 469/948/1096
f 472/947/1109 473/851/1102 474/948/1096
f 477/949/1116 478/850/1092 479/950/1094
f 482/953/1114 483/870/1094 484/954/1102
f 487/828/1092 488/940/1110 489/941/1096
f 492/940/1098 493/828/1102 494/942/1096
f 497/943/1116 498/827/1119 499/944/1120
f 502/953/1108 503/870/1094 504/954/1102
f 507/883/1092 508/955/1110 509/956/1096
f 512/955/1098 513/883/1102 514/956/1096
f 517/957/1100 518/882/1092 519/958/1117
f 522/945/1108 523/836/1094 524/946/1102
f 527/883/1092 528/955/1110 529/956/1096
f 532/955/1098 533/883/1102 534/956/1096
f 537/957/1124 538/882/1092 539/958/1120
f 542/951/1108 543/831/1094 544/952/1125
f 547/883/1092 548/955/1110 549/956/1096
f 552/955/1098 553/883/1102 554/956/1096
f 557/957/1100 558/882/1092 559/958/1094
f 562/953/1108 563/870/1094 564/954/1102
f 567/900/1092 568/959/1115 569/960/1096
f 572/961/1109 573/900/1102 574/960/1096
f 577/962/1116 578/899/1092 579/963/1094
f 582/945/1114 583/836/1094 584/946/1102
f 587/900/1092 588/959/1115 589/960/1096
f 592/961/1109 593/900/1102 594/960/1096
f 597/962/1116 598/899/1092 599/963/1094
f 602/951/1114 603/831/1094 604/952/1102
f 607/900/1092 608/959/1115 609/960/1096
f 612/961/1109 613/900/1102 614/960/1096
f 617/962/1116 618/899/1092 619/963/1094
f 622/953/1114 623/870/1094 624/954/1102
f 627/918/1092 628/964/1110 629/965/1096
f 632/966/1109 633/918/1102 634/965/1096
f 637/967/1100 638/917/1092 639/968/1094
f 642/945/1108 643/836/1094 644/946/1125
f 647/918/1092 648/964/1110 649/965/1096
f 652/966/1098 653/918/1102 654/965/1096
f 657/967/1100 658/917/1092 659/968/1094
f 662/951/1108 663/831/1094 664/952/1102
f 667/918/1092 668/964/1110 669/965/1096
f 672/966/1098 673/918/1102 674/965/1096
f 677/967/1100 678/917/1092 679/968/1094
f 682/953/1108 683/870/1094 684/954/1102
f 385/969/1093 387/970/1092 389/832/1096 386/853/1133
f 388/840/1099 392/839/1098 394/935/1096 389/933/1096
f 393/952/1102 391/971/1101 390/830/1107 394/854/1096
f 392/839/1098 402/838/1097 404/939/1102 393/934/1102
f 403/831/1094 401/830/1094 400/971/1103 404/952/1102
f 402/838/1097 397/841/1100 399/937/1094 403/938/1094
f 398/970/1092 396/969/1092 395/833/1094 399/832/1094
f 397/841/1100 388/840/1099 387/932/1092 398/936/1092
f 405/972/1092 407/973/1105 409/835/1096 406/834/1095
f 408/974/1110 412/975/1109 414/836/1096 409/835/1096
f 413/946/1102 411/976/1102 410/837/1096 414/836/1096
f 412/940/1109 422/977/1108 424/827/1102 413/828/1102
f 423/944/1094 421/978/1094 420/842/1102 424/827/1102
f 422/945/1108 417/979/1100 419/844/1094 423/836/1094
f 418/980/1092 416/972/1104 415/834/1094 419/844/1094
f 417/943/1100 408/940/1110 407/828/1105 418/827/1092
f 425/972/1092 427/973/1092 429/835/1107 426/834/1106
f 428/974/1115 432/975/1109 434/836/1096 429/835/1107
f 433/946/1102 431/976/1102 430/837/1096 434/836/1096
f 432/947/1109 442/981/1114 444/860/1102 433/851/1102
f 443/950/1094 441/982/1094 440/861/1102 444/860/1102
f 442/945/1114 437/979/1116 439/844/1094 443/836/1094
f 438/980/1112 436/972/1111 435/834/1094 439/844/1094
f 437/949/1116 428/947/1115 427/851/1092 438/850/1112
f 445/969/1092 447/970/1092 449/832/1096 446/853/1113
f 448/983/1115 452/984/1109 454/854/1096 449/832/1096
f 453/952/1102 451/971/1102 450/830/1096 454/854/1096
f 452/947/1109 462/981/1114 464/860/1102 453/851/1102
f 463/950/1094 461/982/1117 460/861/1102 464/860/1102
f 462/951/1114 457/985/1116 459/832/1094 463/831/1094
f 458/970/1092 456/969/1112 455/833/1094 459/832/1094
f 457/949/1116 448/947/1115 447/851/1092 458/850/1092
f 465/986/1092 467/987/1092 469/863/1096 466/862/1118
f 468/988/1115 472/989/1109 474/864/1096 469/863/1096
f 473/954/1102 471/990/1102 470/865/1096 474/864/1096
f 472/947/1109 482/981/1114 484/860/1102 473/851/1102
f 483/950/1094 481/982/1094 480/861/1102 484/860/1102
f 482/953/1114 477/991/1116 479/871/1094 483/870/1094
f 478/987/1092 476/986/1092 475/872/1094 479/871/1094
f 477/949/1116 468/947/1115 467/851/1092 478/850/1092
f 485/986/1092 487/987/1092 489/863/1096 486/862/1096
f 488/988/1110 492/989/1098 494/864/1096 489/863/1096
f 493/954/1102 491/990/1121 490/865/1096 494/864/1096
f 492/940/1098 502/977/1108 504/827/1102 493/828/1102
f 503/944/1094 501/978/1094 500/842/1102 504/827/1102
f 502/953/1108 497/991/1116 499/871/1120 503/870/1094
f 498/987/1119 496/986/1119 495/872/1120 499/871/1120
f 497/943/1116 488/940/1110 487/828/1092 498/827/1119
f 505/972/1092 507/973/1092 509/835/1096 506/834/1113
f 508/974/1110 512/975/1098 514/836/1096 509/835/1096
f 513/946/1102 511/976/1102 510/837/1096 514/836/1096
f 512/955/1098 522/992/1108 524/882/1102 513/883/1102
f 523/993/1094 521/994/1117 520/889/1102 524/882/1102
f 522/945/1108 517/979/1100 519/844/1117 523/836/1094
f 518/980/1092 516/972/1122 515/834/1094 519/844/1117
f 517/957/1100 508/955/1110 507/883/1092 518/882/1092
f 525/969/1092 527/970/1092 529/832/1096 526/853/1096
f 528/983/1110 532/984/1098 534/854/1096 529/832/1096
f 533/952/1102 531/971/1102 530/830/1096 534/854/1096
f 532/955/1098 542/992/1108 544/882/1125 533/883/1102
f 543/993/1094 541/994/1123 540/889/1102 544/882/1125
f 542/951/1108 537/985/1124 539/832/1120 543/831/1094
f 538/970/1092 536/969/1104 535/833/1094 539/832/1120
f 537/957/1124 528/955/1110 527/883/1092 538/882/1092
f 545/986/1092 547/987/1092 549/863/1096 546/862/1096
f 548/988/1110 552/989/1098 554/864/1096 549/863/1096
f 553/954/1102 551/990/1121 550/865/1096 554/864/1096
f 552/955/1098 562/992/1108 564/882/1102 553/883/1102
f 563/993/1094 561/994/1126 560/889/1103 564/882/1102
f 562/953/1108 557/991/1100 559/871/1094 563/870/1094
f 558/987/1092 556/986/1092 555/872/1094 559/871/1094
f 557/957/1100 548/955/1110 547/883/1092 558/882/1092
f 565/972/1092 567/973/1092 569/835/1096 566/834/1095
f 568/974/1115 572/975/1109 574/836/1096 569/835/1096
f 573/946/1102 571/976/1102 570/837/1096 574/836/1096
f 572/961/1109 582/962/1114 584/899/1102 573/900/1102
f 583/963/1094 581/995/1127 580/907/1102 584/899/1102
f 582/945/1114 577/979/1116 579/844/1094 583/836/1094
f 578/980/1092 576/972/1092 575/834/1094 579/844/1094
f 577/962/1116 568/959/1115 567/900/1092 578/899/1092
f 585/969/1092 587/970/1092 589/832/1096 586/853/1118
f 588/983/1115 592/984/1109 594/854/1096 589/832/1096
f 593/952/1102 591/971/1102 590/830/1096 594/854/1096
f 592/961/1109 602/962/1114 604/899/1102 593/900/1102
f 603/963/1094 601/995/1128 600/907/1102 604/899/1102
f 602/951/1114 597/985/1116 599/832/1094 603/831/1094
f 598/970/1092 596/969/1112 595/833/1094 599/832/1094
f 597/962/1116 588/959/1115 587/900/1092 598/899/1092
f 605/986/1092 607/987/1092 609/863/1096 606/862/1129
f 608/988/1115 612/989/1109 614/864/1096 609/863/1096
f 613/954/1102 611/990/1102 610/865/1096 614/864/1096
f 612/961/1109 622/962/1114 624/899/1102 613/900/1102
f 623/963/1094 621/995/1094 620/907/1102 624/899/1102
f 622/953/1114 617/991/1116 619/871/1094 623/870/1094
f 618/987/1092 616/986/1130 615/872/1094 619/871/1094
f 617/962/1116 608/959/1115 607/900/1092 618/899/1092
f 625/972/1092 627/973/1092 629/835/1096 626/834/1096
f 628/974/1110 632/975/1109 634/836/1096 629/835/1096
f 633/946/1102 631/976/1131 630/837/1107 634/836/1096
f 632/966/1109 642/996/1108 644/917/1125 633/918/1102
f 643/997/1094 641/998/1117 640/916/1102 644/917/1125
f 642/945/1108 637/979/1100 639/844/1094 643/836/1094
f 638/980/1092 636/972/1092 635/834/1094 639/844/1094
f 637/967/1100 628/964/1110 627/918/1092 638/917/1092
f 645/969/1092 647/970/1092 649/832/1096 646/853/1118
f 648/983/1110 652/984/1098 654/854/1096 649/832/1096
f 653/952/1102 651/971/1102 650/830/1096 654/854/1096
f 652/966/1098 662/996/1108 664/917/1102 653/918/1102
f 663/997/1094 661/998/1117 660/916/1102 664/917/1102
f 662/951/1108 657/985/1100 659/832/1094 663/831/1094
f 658/970/1092 656/969/1092 655/833/1094 659/832/1094
f 657/967/1100 648/964/1110 647/918/1092 658/917/1092
f 665/986/1092 667/987/1092 669/863/1096 666/862/1132
f 668/988/1110 672/989/1098 674/864/1096 669/863/1096
f 673/954/1102 671/990/1102 670/865/1096 674/864/1096
f 672/966/1098 682/996/1108 684/917/1102 673/918/1102
f 683/997/1094 681/998/1094 680/916/1102 684/917/1102
f 682/953/1108 677/991/1100 679/871/1094 683/870/1094
f 678/987/1092 676/986/1092 675/872/1094 679/871/1094
f 677/967/1100 668/964/1110 667/918/1092 678/917/1092
f 386/853/1133 389/832/1096 394/854/1096 390/830/1107
s 0
f 706/999/1134 694/1000/1134 720/1001/1135 727/1002/1135
f 693/1003/1136 703/1004/1136 726/1005/1137 709/1006/1137
f 705/1007/1138 707/1008/1138 728/1009/1138 725/1010/1138
f 714/1011/1139 721/1012/1139 699/1013/1139 685/1014/1139
f 732/1015/1140 715/1016/1140 690/1017/1141 700/1018/1141
f 692/1019/1142 695/1020/1143 708/1021/1144 704/1022/1145
f 722/1023/1146 731/1024/1146 702/1025/1146 697/1026/1146
f 724/1027/1147 730/1028/1147 731/1024/1146 722/1023/1146
f 727/1002/1135 720/1001/1135 717/1029/1148 729/1030/1148
f 710/1031/1149 719/1032/1149 696/1033/1149 691/1034/1149
f 713/1035/1150 716/1036/1150 718/1037/1151 712/1038/1151
f 729/1030/1148 717/1029/1152 715/1016/1153 732/1015/1154
f 712/1038/1151 718/1037/1151 719/1032/1149 710/1031/1155
f 735/1039/1156 736/1040/1156 764/1041/1157 761/1042/1157
f 725/1010/1138 728/1009/1138 730/1028/1147 724/1027/1147
f 698/1043/1158 701/1044/1159 689/1045/1160 686/1046/1161
f 711/1047/1162 723/1048/1162 721/1012/1139 714/1011/1163
f 709/1049/1137 726/1050/1137 723/1048/1162 711/1047/1162
f 754/1051/1164 742/1052/1164 768/1053/1165 775/1054/1165
f 741/1055/1166 751/1056/1166 774/1057/1167 757/1058/1167
f 753/1059/1168 755/1060/1168 776/1061/1168 773/1062/1168
f 762/1063/1169 769/1064/1169 747/1065/1169 733/1066/1169
f 780/1067/1170 763/1068/1170 738/1069/1171 748/1070/1171
f 740/1071/1172 743/1072/1173 756/1073/1174 752/1074/1175
f 770/1075/1176 779/1076/1176 750/1077/1177 745/1078/1177
f 772/1079/1176 778/1080/1176 779/1076/1176 770/1075/1176
f 775/1054/1165 768/1053/1165 765/1081/1178 777/1082/1178
f 758/1083/1179 767/1084/1179 744/1085/1179 739/1086/1179
f 761/1042/1157 764/1041/1157 766/1087/1157 760/1088/1157
f 777/1082/1178 765/1081/1178 763/1068/1170 780/1067/1170
f 760/1088/1157 766/1087/1157 767/1084/1180 758/1083/1180
f 783/1089/1181 784/1090/1181 812/1091/1182 809/1092/1182
f 773/1062/1168 776/1061/1168 778/1080/1176 772/1079/1176
f 746/1093/1183 749/1094/1184 737/1095/1185 734/1096/1186
f 759/1097/1187 771/1098/1187 769/1064/1169 762/1063/1169
f 757/1058/1167 774/1057/1167 771/1098/1187 759/1097/1187
f 802/1099/1164 790/1100/1164 816/1101/1188 823/1102/1188
f 789/1103/1189 799/1104/1189 822/1105/1190 805/1106/1190
f 801/1107/1191 803/1108/1191 824/1109/1191 821/1110/1191
f 810/1111/1192 817/1112/1192 795/1113/1192 781/1114/1192
f 828/1115/1193 811/1116/1193 786/1117/1194 796/1118/1194
f 788/1119/1195 791/1120/1196 804/1121/1197 800/1122/1198
f 818/1123/1199 827/1124/1199 798/1125/1200 793/1126/1200
f 820/1127/1199 826/1128/1199 827/1124/1199 818/1123/1199
f 823/1102/1188 816/1101/1188 813/1129/1201 825/1130/1201
f 806/1131/1202 815/1132/1202 792/1133/1202 787/1134/1202
f 809/1092/1182 812/1091/1182 814/1135/1182 808/1136/1182
f 825/1130/1201 813/1129/1201 811/1116/1203 828/1115/1193
f 808/1136/1182 814/1135/1182 815/1132/1204 806/1131/1204
f 831/1137/1205 832/1138/1205 860/1139/1205 857/1140/1205
f 821/1110/1206 824/1109/1206 826/1128/1199 820/1127/1199
f 794/1141/1207 797/1142/1208 785/1143/1209 782/1144/1210
f 807/1145/1211 819/1146/1211 817/1112/1192 810/1111/1192
f 805/1106/1190 822/1105/1190 819/1146/1211 807/1145/1211
f 850/1147/1212 838/1148/1212 864/1149/1213 871/1150/1214
f 837/1151/1215 847/1152/1215 870/1153/1216 853/1154/1216
f 849/1155/1217 851/1156/1217 872/1157/1217 869/1158/1217
f 858/1159/1218 865/1160/1218 843/1161/1218 829/1162/1218
f 876/1163/1219 859/1164/1220 834/1165/1221 844/1166/1221
f 836/1167/1222 839/1168/1223 852/1169/1224 848/1170/1225
f 866/1171/1226 875/1172/1226 846/1173/1226 841/1174/1226
f 868/1175/1227 874/1176/1227 875/1172/1228 866/1171/1229
f 871/1150/1230 864/1149/1230 861/1177/1231 873/1178/1232
f 854/1179/1233 863/1180/1233 840/1181/1233 835/1182/1233
f 857/1140/1234 860/1139/1235 862/1183/1236 856/1184/1236
f 873/1178/1237 861/1177/1238 859/1185/1239 876/1186/1239
f 856/1184/1240 862/1183/1241 863/1180/1242 854/1179/1243
f 879/1187/1244 880/1188/1244 908/1189/1244 905/1190/1244
f 869/1158/1245 872/1157/1246 874/1176/1247 868/1175/1247
f 842/1191/1248 845/1192/1249 833/1193/1250 830/1194/1251
f 855/1195/1252 867/1196/1253 865/1160/1254 858/1159/1255
f 853/1154/1256 870/1153/1257 867/1196/1258 855/1195/1259
f 898/1197/1260 886/1198/1260 912/1199/1261 919/1200/1261
f 885/1201/1262 895/1202/1262 918/1203/1263 901/1204/1264
f 897/1205/1265 899/1206/1265 920/1207/1265 917/1208/1265
f 906/1209/1266 913/1210/1267 891/1211/1268 877/1212/1268
f 924/1213/1269 907/1214/1270 882/1215/1271 892/1216/1271
f 884/1217/1272 887/1218/1273 900/1219/1274 896/1220/1275
f 914/1221/1276 923/1222/1276 894/1223/1276 889/1224/1276
f 916/1225/1277 922/1226/1277 923/1222/1278 914/1221/1279
f 919/1200/1280 912/1199/1280 909/1227/1281 921/1228/1282
f 902/1229/1283 911/1230/1283 888/1231/1283 883/1232/1283
f 905/1190/1284 908/1189/1285 910/1233/1286 904/1234/1286
f 921/1228/1287 909/1227/1288 907/1214/1289 924/1213/1290
f 904/1234/1291 910/1233/1292 911/1230/1293 902/1229/1294
f 927/1235/1295 928/1236/1295 956/1237/1295 953/1238/1295
f 917/1208/1296 920/1207/1297 922/1226/1298 916/1225/1298
f 890/1239/1299 893/1240/1300 881/1241/1301 878/1242/1302
f 903/1243/1303 915/1244/1304 913/1245/1305 906/1209/1306
f 901/1204/1307 918/1246/1308 915/1244/1309 903/1243/1310
f 946/1247/1311 934/1248/1311 960/1249/1312 967/1250/1312
f 933/1251/1313 943/1252/1313 966/1253/1314 949/1254/1314
f 945/1255/1315 947/1256/1315 968/1257/1315 965/1258/1315
f 954/1259/1316 961/1260/1316 939/1261/1317 925/1262/1317
f 972/1263/1318 955/1264/1318 930/1265/1319 940/1266/1319
f 932/1267/1320 935/1268/1223 948/1269/1321 944/1270/1225
f 962/1271/1322 971/1272/1322 942/1273/1322 937/1274/1322
f 964/1275/1323 970/1276/1323 971/1272/1322 962/1271/1322
f 967/1250/1312 960/1249/1312 957/1277/1324 969/1278/1324
f 950/1279/1325 959/1280/1325 936/1281/1325 931/1282/1325
f 953/1238/1295 956/1237/1295 958/1283/1326 952/1284/1326
f 969/1278/1324 957/1277/1327 955/1264/1328 972/1263/1329
f 952/1284/1326 958/1283/1326 959/1280/1325 950/1279/1330
f 965/1258/1331 968/1257/1315 970/1276/1323 964/1275/1323
f 938/1285/1332 941/1286/1333 929/1287/1334 926/1288/1335
f 951/1289/1336 963/1290/1336 961/1260/1316 954/1259/1316
f 949/1254/1314 966/1253/1314 963/1290/1336 951/1289/1336
f 685/1291/1163 686/1046/1337 687/1292/1338
f 688/1293/1339 689/1045/1340 690/1294/1341
f 691/1295/1149 692/1019/1142 693/1296/1342
f 694/1000/1343 695/1297/1344 696/1298/1149
f 697/1026/1345 698/1299/1346 699/1300/1139
f 700/1301/1341 701/1044/1347 702/1302/1348
f 703/1004/1136 704/1303/1145 705/1304/1349
f 706/1305/1134 707/1008/1138 708/1306/1350
f 733/1066/1169 734/1307/1351 735/1308/1156
f 736/1040/1352 737/1309/1353 738/1310/1354
f 739/1086/1180 740/1311/1172 741/1312/1166
f 742/1313/1164 743/1072/1355 744/1314/1179
f 745/1078/1356 746/1315/1183 747/1316/1357
f 748/1317/1358 749/1094/1359 750/1318/1360
f 751/1056/1166 752/1319/1361 753/1320/1168
f 754/1321/1164 755/1060/1168 756/1322/1174
f 781/1323/1362 782/1144/1363 783/1324/1364
f 784/1090/1365 785/1325/1366 786/1326/1367
f 787/1134/1368 788/1327/1369 789/1328/1370
f 790/1329/1371 791/1120/1372 792/1330/1373
f 793/1126/1374 794/1331/1375 795/1332/1376
f 796/1333/1377 797/1142/1378 798/1334/1379
f 799/1335/1380 800/1122/1381 801/1336/1382
f 802/1337/1164 803/1108/1383 804/1338/1197
f 829/1339/1384 830/1194/1251 831/1340/1385
f 832/1138/1386 833/1341/1250 834/1342/1387
f 835/1182/1388 836/1343/1389 837/1344/1390
f 838/1345/1391 839/1168/1223 840/1346/1392
f 841/1174/1393 842/1347/1394 843/1348/1395
f 844/1349/1396 845/1192/1397 846/1350/1398
f 847/1351/1399 848/1170/1400 849/1352/1401
f 850/1353/1402 851/1156/1403 852/1354/1224
f 877/1355/1404 878/1242/1405 879/1356/1406
f 880/1188/1407 881/1357/1408 882/1358/1409
f 883/1232/1410 884/1359/1272 885/1360/1411
f 886/1361/1412 887/1218/1413 888/1362/1414
f 889/1224/1415 890/1363/1416 891/1364/1417
f 892/1365/1418 893/1240/1419 894/1366/1420
f 895/1367/1411 896/1220/1421 897/1368/1422
f 898/1369/1423 899/1206/1424 900/1370/1425
f 925/1371/1426 926/1288/1335 927/1372/1427
f 928/1236/1295 929/1373/1334 930/1374/1428
f 931/1282/1429 932/1375/1430 933/1376/1431
f 934/1248/1432 935/1377/1433 936/1378/1434
f 937/1274/1435 938/1379/1332 939/1380/1436
f 940/1266/1437 941/1381/1438 942/1382/1322
f 943/1383/1439 944/1270/1440 945/1384/1441
f 946/1247/1442 947/1385/1443 948/1386/1444
f 714/1011/1163 685/1014/1139 687/1387/1445 713/1388/1150
f 686/1046/1161 689/1045/1340 688/1293/1150 687/1292/1150
f 720/1001/1135 694/1000/1134 696/1389/1149 719/1390/1149
f 695/1020/1143 692/1019/1446 691/1295/1149 696/1391/1155
f 703/1004/1136 693/1003/1447 692/1392/1142 704/1303/1448
f 694/1000/1134 706/999/1134 708/1393/1449 695/1297/1450
f 707/1008/1349 705/1007/1138 704/1394/1448 708/1306/1144
f 726/1395/1137 703/1396/1136 705/1007/1349 725/1010/1451
f 732/1397/1452 700/1398/1141 702/1025/1146 731/1024/1453
f 701/1399/1454 698/1400/1455 697/1026/1453 702/1025/1456
f 685/1291/1163 699/1401/1139 698/1043/1457 686/1046/1161
f 700/1402/1141 690/1403/1458 689/1045/1340 701/1044/1459
f 693/1003/1460 709/1006/1137 710/1404/1149 691/1405/1149
f 709/1049/1461 711/1047/1162 712/1406/1151 710/1407/1149
f 711/1047/1162 714/1011/1139 713/1388/1150 712/1408/1151
f 690/1017/1341 715/1016/1154 716/1409/1150 688/1410/1462
f 715/1016/1154 717/1029/1148 718/1411/1463 716/1412/1150
f 717/1029/1464 720/1001/1135 719/1413/1149 718/1414/1151
f 699/1300/1163 721/1415/1163 722/1023/1146 697/1026/1146
f 721/1416/1139 723/1417/1162 724/1027/1147 722/1023/1146
f 723/1418/1162 726/1419/1137 725/1010/1138 724/1027/1465
f 706/1420/1134 727/1421/1135 728/1009/1138 707/1008/1451
f 727/1422/1135 729/1423/1148 730/1028/1147 728/1009/1466
f 729/1424/1152 732/1425/1154 731/1024/1453 730/1028/1147
f 762/1063/1169 733/1066/1467 735/1308/1156 761/1426/1157
f 734/1427/1468 737/1309/1469 736/1040/1156 735/1039/1156
f 768/1428/1165 742/1429/1164 744/1085/1179 767/1084/1180
f 743/1430/1355 740/1311/1172 739/1086/1179 744/1085/1470
f 751/1056/1166 741/1055/1471 740/1431/1172 752/1319/1175
f 742/1432/1164 754/1433/1472 756/1073/1174 743/1072/1355
f 755/1434/1168 753/1435/1168 752/1074/1361 756/1073/1473
f 774/1057/1167 751/1056/1166 753/1436/1168 773/1437/1168
f 780/1438/1474 748/1439/1171 750/1077/1475 779/1076/1176
f 749/1440/1476 746/1441/1183 745/1078/1177 750/1077/1177
f 733/1066/1467 747/1065/1169 746/1442/1183 734/1307/1186
f 748/1443/1477 738/1444/1477 737/1095/1478 749/1094/1476
f 741/1055/1166 757/1058/1167 758/1445/1180 739/1446/1179
f 757/1058/1479 759/1097/1480 760/1447/1481 758/1448/1179
f 759/1097/1187 762/1063/1169 761/1426/1157 760/1449/1481
f 738/1310/1482 763/1450/1170 764/1041/1157 736/1040/1156
f 763/1451/1483 765/1452/1178 766/1087/1157 764/1041/1481
f 765/1453/1178 768/1428/1165 767/1084/1180 766/1087/1157
f 747/1065/1357 769/1064/1169 770/1454/1176 745/1455/1177
f 769/1064/1169 771/1098/1187 772/1456/1176 770/1454/1484
f 771/1098/1187 774/1057/1485 773/1457/1168 772/1458/1176
f 754/1321/1164 775/1459/1165 776/1061/1486 755/1060/1168
f 775/1459/1487 777/1460/1488 778/1080/1489 776/1061/1486
f 777/1461/1178 780/1462/1170 779/1076/1176 778/1080/1176
f 810/1463/1192 781/1464/1192 783/1089/1490 809/1092/1182
f 782/1465/1210 785/1325/1491 784/1090/1492 783/1089/1490
f 816/1466/1188 790/1467/1164 792/1133/1202 815/1132/1204
f 791/1468/1493 788/1327/1494 787/1134/1495 792/1133/1496
f 799/1335/1497 789/1469/1498 788/1119/1195 800/1122/1499
f 790/1470/1500 802/1471/1501 804/1121/1502 791/1120/1503
f 803/1472/1383 801/1473/1383 800/1122/1499 804/1121/1504
f 822/1474/1505 799/1475/1189 801/1107/1506 821/1110/1383
f 828/1476/1507 796/1477/1194 798/1125/1508 827/1124/1509
f 797/1478/1510 794/1479/1207 793/1126/1511 798/1125/1511
f 781/1323/1192 795/1480/1192 794/1141/1512 782/1144/1513
f 796/1481/1514 786/1482/1515 785/1143/1209 797/1142/1516
f 789/1328/1189 805/1483/1505 806/1131/1202 787/1134/1202
f 805/1484/1190 807/1485/1517 808/1136/1182 806/1131/1202
f 807/1486/1211 810/1487/1192 809/1092/1182 808/1136/1182
f 786/1326/1515 811/1488/1518 812/1091/1519 784/1090/1520
f 811/1489/1521 813/1490/1201 814/1135/1522 812/1091/1523
f 813/1491/1524 816/1492/1525 815/1132/1526 814/1135/1527
f 795/1493/1528 817/1494/1192 818/1123/1199 793/1126/1508
f 817/1495/1529 819/1496/1530 820/1127/1199 818/1123/1531
f 819/1497/1532 822/1498/1533 821/1110/1383 820/1127/1199
f 802/1337/1164 823/1499/1188 824/1109/1506 803/1108/1506
f 823/1499/1534 825/1500/1535 826/1128/1531 824/1109/1536
f 825/1501/1535 828/1502/1537 827/1124/1531 826/1128/1538
f 858/1503/1539 829/1504/1540 831/1137/1541 857/1140/1542
f 830/1505/1543 833/1506/1250 832/1138/1544 831/1137/1545
f 864/1507/1213 838/1508/1402 840/1181/1546 863/1180/1546
f 839/1509/1547 836/1343/1548 835/1182/1549 840/1181/1550
f 847/1351/1215 837/1510/1551 836/1167/1552 848/1170/1553
f 838/1345/1212 850/1511/1402 852/1169/1224 839/1168/1223
f 851/1512/1554 849/1513/1217 848/1170/1555 852/1169/1321
f 870/1514/1556 847/1515/1557 849/1155/1403 869/1158/1403
f 876/1516/1558 844/1517/1559 846/1173/1560 875/1172/1561
f 845/1518/1562 842/1519/1563 841/1174/1564 846/1173/1565
f 829/1339/1384 843/1520/1566 842/1191/1567 830/1194/1251
f 844/1521/1568 834/1522/1319 833/1193/1569 845/1192/1397
f 837/1344/1215 853/1523/1216 854/1179/1233 835/1182/1546
f 853/1524/1570 855/1525/1571 856/1184/1572 854/1179/1573
f 855/1526/1574 858/1527/1575 857/1140/1576 856/1184/1577
f 834/1528/1578 859/1529/1579 860/1139/1580 832/1138/1581
f 859/1530/1582 861/1531/1583 862/1183/1584 860/1139/1585
f 861/1531/1586 864/1532/1587 863/1180/1588 862/1183/1589
f 843/1348/1590 865/1533/1591 866/1171/1592 841/1174/1593
f 865/1534/1594 867/1535/1595 868/1175/1596 866/1171/1597
f 867/1536/1598 870/1537/1599 869/1158/1600 868/1175/1601
f 850/1538/1212 871/1539/1214 872/1157/1554 851/1156/1403
f 871/1540/1602 873/1541/1603 874/1176/1604 872/1157/1605
f 873/1542/1606 876/1543/1607 875/1172/1608 874/1176/1609
f 906/1544/1610 877/1545/1611 879/1187/1612 905/1190/1613
f 878/1546/1614 881/1547/1615 880/1188/1616 879/1187/1617
f 912/1548/1618 886/1549/1619 888/1231/1620 911/1230/1621
f 887/1550/1622 884/1359/1272 883/1232/1623 888/1231/1623
f 895/1367/1342 885/1551/1136 884/1217/1624 896/1220/1421
f 886/1552/1412 898/1553/1625 900/1219/1274 887/1218/1413
f 899/1554/1424 897/1555/1424 896/1220/1626 900/1219/1274
f 918/1556/1627 895/1557/1628 897/1205/1629 917/1208/1630
f 924/1558/1631 892/1559/1632 894/1223/1633 923/1222/1634
f 893/1560/1635 890/1561/1636 889/1224/1637 894/1223/1637
f 877/1562/1417 891/1563/1417 890/1239/1299 878/1242/1638
f 892/1365/1639 882/1564/1341 881/1241/1615 893/1240/1640
f 885/1360/1641 901/1565/1642 902/1229/1643 883/1232/1644
f 901/1566/1645 903/1567/1646 904/1234/1647 902/1229/1648
f 903/1568/1649 906/1569/1650 905/1190/1651 904/1234/1652
f 882/1570/1653 907/1571/1654 908/1189/1655 880/1188/1656
f 907/1572/1657 909/1573/1658 910/1233/1659 908/1189/1660
f 909/1573/1661 912/1574/1662 911/1230/1663 910/1233/1664
f 891/1575/1665 913/1576/1666 914/1221/1667 889/1224/1668
f 913/1577/1669 915/1578/1670 916/1225/1671 914/1221/1672
f 915/1579/1673 918/1580/1674 917/1208/1675 916/1225/1676
f 898/1581/1677 919/1582/1678 920/1207/1679 899/1206/1680
f 919/1583/1681 921/1584/1682 922/1226/1683 920/1207/1684
f 921/1585/1685 924/1586/1686 923/1222/1687 922/1226/1688
f 954/1587/1316 925/1588/1426 927/1235/1689 953/1238/1295
f 926/1589/1690 929/1590/1691 928/1236/1295 927/1235/1295
f 960/1249/1692 934/1248/1311 936/1591/1330 959/1592/1325
f 935/1593/1693 932/1375/1694 931/1282/1695 936/1281/1696
f 943/1383/1431 933/1594/1431 932/1267/1697 944/1270/1553
f 934/1248/1698 946/1247/1699 948/1595/1700 935/1596/1701
f 947/1597/1702 945/1598/1315 944/1270/1440 948/1269/1224
f 966/1599/1703 943/1600/1431 945/1255/1315 965/1258/1315
f 972/1263/1318 940/1266/1437 942/1382/1322 971/1601/1322
f 941/1602/1333 938/1603/1704 937/1274/1705 942/1273/1706
f 925/1604/1317 939/1605/1707 938/1285/1704 926/1288/1708
f 940/1266/1428 930/1265/1709 929/1606/1334 941/1381/1710
f 933/1376/1439 949/1607/1314 950/1279/1330 931/1282/1325
f 949/1608/1314 951/1609/1336 952/1284/1711 950/1279/1330
f 951/1610/1336 954/1611/1316 953/1238/1295 952/1284/1326
f 930/1265/1319 955/1264/1328 956/1612/1689 928/1613/1689
f 955/1264/1328 957/1277/1324 958/1614/1326 956/1615/1295
f 957/1277/1327 960/1249/1312 959/1616/1325 958/1617/1326
f 939/1618/1317 961/1619/1316 962/1271/1712 937/1274/1322
f 961/1620/1316 963/1621/1713 964/1275/1323 962/1271/1322
f 963/1622/1336 966/1623/1703 965/1258/1315 964/1275/1714
f 946/1247/1311 967/1250/1312 968/1624/1331 947/1385/1702
f 967/1250/1715 969/1278/1324 970/1625/1323 968/1626/1716
f 969/1278/1327 972/1263/1328 971/1601/1705 970/1627/1323
f 687/1628/1150 688/1629/1150 716/1036/1150 713/1035/1150
f 1414/1630/1717 1402/1631/1717 1420/1632/1718 1424/1633/1718
f 1401/1631/1719 1411/1634/1719 1422/1635/1720 1418/1636/1720
f 1413/1637/1094 1415/1638/1094 1423/1639/1094 1421/1640/1094
f 1418/1636/1720 1422/1635/1720 1407/1641/1720 1393/1642/1720
f 1424/1633/1718 1420/1632/1718 1398/1643/1718 1408/1644/1718
f 1400/1645/1721 1403/1646/1722 1416/1647/1722 1412/1648/1721
f 1421/1640/1094 1423/1639/1094 1410/1649/1094 1405/1650/1094
f 1417/1651/1723 1419/1652/1724 1404/1653/1725 1399/1654/1725
f 1427/1655/1096 1428/1656/1096 1458/1657/1096 1455/1658/1096
f 1406/1659/1726 1409/1660/1727 1397/1661/1728 1394/1662/1729
f 1446/1663/1730 1434/1664/1730 1464/1665/1730 1473/1666/1730
f 1433/1667/1731 1443/1668/1731 1472/1669/1731 1449/1670/1731
f 1445/1671/1094 1447/1672/1094 1474/1673/1094 1471/1674/1094
f 1456/1675/1732 1465/1676/1732 1439/1677/1733 1425/1678/1733
f 1480/1679/1734 1457/1680/1735 1430/1681/1736 1440/1682/1736
f 1432/1683/1737 1435/1684/1722 1448/1685/1722 1444/1686/1737
f 1466/1687/1738 1479/1688/1738 1442/1689/1739 1437/1690/1739
f 1468/1691/1740 1478/1692/1740 1479/1688/1738 1466/1687/1738
f 1473/1666/1730 1464/1665/1730 1461/1693/1741 1475/1694/1741
f 1475/1694/1741 1461/1693/1741 1459/1695/1741 1477/1696/1741
f 1450/1697/1096 1463/1698/1096 1436/1699/1096 1431/1700/1096
f 1454/1701/1096 1460/1702/1096 1462/1703/1096 1452/1704/1096
f 1455/1658/1096 1458/1657/1096 1460/1702/1096 1454/1701/1096
f 1477/1696/1741 1459/1695/1741 1457/1680/1734 1480/1679/1734
f 1452/1704/1096 1462/1703/1096 1463/1698/1096 1450/1697/1096
f 1483/1705/1742 1484/1706/1742 1510/1707/1743 1507/1708/1744
f 1471/1674/1094 1474/1673/1094 1476/1709/1745 1470/1710/1740
f 1470/1710/1740 1476/1709/1740 1478/1692/1740 1468/1691/1740
f 1438/1711/1746 1441/1712/1747 1429/1713/1748 1426/1714/1749
f 1453/1715/1750 1467/1716/1750 1465/1676/1732 1456/1675/1732
f 1451/1717/1750 1469/1718/1750 1467/1716/1750 1453/1715/1750
f 1449/1670/1731 1472/1669/1731 1469/1718/1750 1451/1717/1750
f 1502/1719/1751 1490/1720/1751 1522/1721/1752 1528/1722/1752
f 1489/1723/1750 1499/1724/1750 1524/1725/1750 1526/1726/1750
f 1501/1727/1753 1503/1728/1754 1527/1729/1755 1523/1730/1756
f 1508/1731/1757 1513/1732/1758 1495/1733/1759 1481/1734/1759
f 1520/1735/1760 1509/1736/1761 1486/1737/1762 1496/1738/1762
f 1488/1739/1763 1491/1740/1764 1504/1741/1765 1500/1742/1766
f 1516/1743/1767 1518/1744/1767 1519/1745/1767 1514/1746/1767
f 1528/1722/1752 1522/1721/1752 1511/1747/1761 1517/1748/1761
f 1507/1749/1743 1510/1750/1743 1512/1751/1743 1506/1752/1743
f 1517/1748/1761 1511/1747/1761 1509/1736/1761 1520/1735/1761
f 1586/1753/1750 992/1754/1750 1602/1755/1768 1529/1756/1769
f 1523/1730/1756 1527/1729/1755 1518/1744/1767 1516/1743/1767
f 1494/1757/1770 1497/1758/1771 1485/1759/1772 1482/1760/1773
f 1505/1761/1750 1515/1762/1750 1513/1732/1750 1508/1731/1750
f 1506/1763/1743 1512/1764/1743 1521/1765/1774 1525/1766/1775
f 1525/1767/1775 1521/1768/1774 1492/1769/1776 1487/1770/1777
f 1514/1746/1778 1519/1745/1779 1498/1771/1780 1493/1772/1780
f 1526/1726/1750 1524/1725/1750 1515/1762/1750 1505/1761/1750
f 1597/1773/1781 1538/1774/1782 1568/1775/1783 973/1776/1784
f 1550/1777/1785 1600/1778/1785 974/1779/1786 1577/1780/1787
f 1588/1781/1164 990/1782/1164 1608/1783/1164 1544/1784/1164
f 989/1785/1788 1590/1786/1789 1534/1787/1790 1612/1788/1791
f 1591/1789/1094 1587/1790/1094 1546/1791/1792 1541/1792/1793
f 1536/1793/1794 1539/1794/1795 1598/1795/1796 1595/1796/1797
f 1542/1797/1798 1545/1798/1799 1607/1799/1800 1604/1800/1801
f 1570/1801/1094 1584/1802/1094 1587/1790/1094 1591/1789/1094
f 973/1776/1802 1568/1775/1783 1565/1803/1803 975/1804/1804
f 975/1804/1804 1565/1803/1803 1563/1805/1805 977/1806/1806
f 1594/1807/1807 1599/1808/1808 1552/1809/1809 1547/1810/1810
f 1577/1811/1786 974/1779/1786 976/1812/1786 1579/1813/1786
f 1575/1814/1811 1578/1815/1811 1580/1816/1812 1574/1817/1813
f 987/1818/1814 1569/1819/1814 1592/1820/1750 991/1821/1750
f 1593/1822/1815 1549/1823/1815 1576/1824/1816 981/1825/1816
f 981/1825/1816 1576/1824/1816 1573/1826/1816 983/1827/1816
f 983/1827/1816 1573/1826/1816 1571/1828/1750 985/1829/1750
f 1574/1830/1813 1580/1831/1813 1582/1832/1094 1572/1833/1094
f 979/1834/1817 1561/1835/1817 1590/1786/1789 989/1785/1788
f 1559/1836/1818 988/1837/1818 992/1754/1750 1586/1753/1750
f 1557/1838/1750 986/1839/1750 988/1837/1818 1559/1836/1818
f 1555/1840/1819 984/1841/1820 986/1839/1750 1557/1838/1750
f 1601/1842/1821 1610/1843/1822 1533/1844/1823 1530/1845/1824
f 977/1806/1806 1563/1805/1805 1561/1835/1817 979/1834/1817
f 1572/1833/1094 1582/1832/1094 1584/1802/1094 1570/1801/1094
f 985/1829/1750 1571/1828/1750 1569/1819/1814 987/1818/1814
f 1585/1846/1096 1589/1847/1096 1562/1848/1096 1560/1849/1096
f 1000/1850/1818 987/1818/1814 991/1821/1750 1002/1851/1750
f 1614/1852/1825 1593/1822/1815 981/1825/1816 997/1853/1826
f 996/1854/1817 979/1834/1817 989/1785/1788 1001/1855/1164
f 1560/1849/1096 1562/1848/1096 1564/1856/1827 1558/1857/1827
f 999/1858/1750 985/1829/1750 987/1818/1814 1000/1850/1818
f 1558/1859/1827 1564/1860/1827 1566/1861/1828 1556/1862/1829
f 998/1863/1819 983/1827/1816 985/1829/1750 999/1858/1750
f 1556/1862/1828 1566/1861/1829 1567/1864/1830 1554/1865/1830
f 997/1853/1826 981/1825/1816 983/1827/1816 998/1863/1819
f 1554/1866/1830 1567/1867/1830 1540/1868/1096 1535/1869/1096
f 1613/1870/1831 1615/1871/1832 1599/1808/1808 1594/1807/1807
f 1583/1872/1833 980/1873/1833 990/1782/1164 1588/1781/1164
f 995/1874/1164 977/1806/1806 979/1834/1817 996/1854/1817
f 1581/1875/1164 978/1876/1164 980/1873/1833 1583/1872/1833
f 994/1877/1834 975/1804/1804 977/1806/1806 995/1874/1164
f 1579/1813/1786 976/1812/1786 978/1876/1164 1581/1875/1164
f 993/1878/1835 973/1776/1784 975/1804/1804 994/1877/1834
f 1553/1879/1816 982/1880/1816 984/1841/1836 1555/1840/1837
f 1600/1778/1785 1616/1881/1838 993/1878/1835 974/1779/1786
f 1548/1882/1839 1551/1883/1839 1578/1815/1840 1575/1814/1811
f 1660/1884/1841 1044/1885/1842 1719/1886/1843 1623/1887/1844
f 1531/1888/1845 1532/1889/1846 1589/1847/1096 1585/1846/1096
f 990/1782/1164 1001/1855/1164 1622/1890/1847 1608/1783/1164
f 991/1821/1750 1592/1820/1750 1543/1891/1750 1606/1892/1750
f 1605/1893/1848 1609/1894/1849 1621/1895/1850 1617/1896/1851
f 1537/1897/1852 1596/1898/1853 982/1880/1816 1553/1879/1816
f 1596/1898/1853 1614/1852/1825 997/1853/1826 982/1880/1816
f 1616/1881/1838 1597/1773/1854 973/1776/1784 993/1878/1835
f 1002/1851/1750 991/1821/1750 1606/1892/1750 1619/1899/1855
f 1618/1896/1856 1620/1900/1857 1611/1901/1858 1603/1902/1859
f 1001/1855/1164 989/1785/1788 1612/1788/1791 1622/1890/1847
f 992/1754/1750 1002/1851/1750 1619/1899/1855 1602/1755/1768
f 974/1779/1786 993/1878/1835 994/1877/1834 976/1812/1786
f 976/1812/1786 994/1877/1834 995/1874/1164 978/1876/1164
f 978/1876/1164 995/1874/1164 996/1854/1817 980/1873/1833
f 1595/1796/1860 1598/1795/1796 1615/1871/1832 1613/1870/1831
f 982/1880/1816 997/1853/1861 998/1863/1837 984/1841/1836
f 984/1841/1820 998/1863/1819 999/1858/1750 986/1839/1750
f 986/1839/1750 999/1858/1750 1000/1850/1818 988/1837/1818
f 980/1873/1833 996/1854/1817 1001/1855/1164 990/1782/1164
f 988/1837/1818 1000/1850/1818 1002/1851/1750 992/1754/1750
f 1711/1903/1862 1632/1904/1863 1674/1905/1864 1003/1906/1865
f 1644/1907/1866 1718/1908/1867 1005/1909/1868 1689/1910/1869
f 1702/1911/1870 1023/1912/1871 1725/1913/1872 1638/1914/1873
f 1021/1915/1874 1661/1916/1875 1628/1917/1876 1730/1918/1877
f 1676/1919/1094 1701/1920/1094 1640/1921/1094 1635/1922/1094
f 1630/1923/1878 1633/1924/1879 1712/1925/1880 1709/1926/1881
f 1636/1927/1882 1639/1928/1883 1726/1929/1884 1723/1930/1885
f 1678/1931/1886 1700/1932/1886 1701/1920/1094 1676/1919/1094
f 1003/1906/1865 1674/1905/1887 1671/1933/1888 1006/1934/1889
f 1006/1934/1889 1671/1933/1888 1669/1935/1890 1009/1936/1891
f 1009/1936/1891 1669/1935/1890 1667/1937/1892 1012/1938/1893
f 1012/1938/1893 1667/1937/1892 1665/1939/1894 1015/1940/1895
f 1015/1940/1895 1665/1939/1894 1663/1941/1896 1018/1942/1897
f 1703/1943/1898 1716/1944/1899 1646/1945/1900 1641/1946/1901
f 1689/1910/1869 1005/1909/1868 1008/1947/1902 1691/1948/1903
f 1687/1949/1904 1690/1950/1904 1692/1951/1905 1686/1952/1905
f 1686/1952/1905 1692/1951/1905 1694/1953/1906 1684/1954/1906
f 1684/1954/1906 1694/1953/1906 1696/1955/1907 1682/1956/1907
f 1682/1956/1907 1696/1955/1907 1698/1957/1908 1680/1958/1908
f 1680/1958/1908 1698/1957/1908 1700/1959/1886 1678/1960/1886
f 1704/1961/1909 1643/1962/1910 1688/1963/1911 1024/1964/1912
f 1024/1964/1912 1688/1963/1911 1685/1965/1750 1027/1966/1750
f 1027/1966/1750 1685/1965/1750 1683/1967/1750 1030/1968/1750
f 1030/1968/1750 1683/1967/1750 1681/1969/1750 1033/1970/1750
f 1033/1970/1750 1681/1969/1750 1679/1971/1750 1036/1972/1750
f 1036/1972/1750 1679/1971/1750 1677/1973/1750 1039/1974/1750
f 1039/1974/1750 1677/1973/1750 1675/1975/1913 1042/1976/1914
f 1720/1977/1915 1729/1978/1884 1627/1979/1916 1624/1980/1917
f 1018/1942/1897 1663/1941/1896 1661/1916/1918 1021/1915/1919
f 1657/1981/1750 1041/1982/1750 1044/1885/1842 1660/1884/1841
f 1655/1983/1750 1038/1984/1750 1041/1982/1750 1657/1981/1750
f 1653/1985/1750 1035/1986/1750 1038/1984/1750 1655/1983/1750
f 1651/1987/1750 1032/1988/1750 1035/1986/1750 1653/1985/1750
f 1649/1989/1750 1029/1990/1750 1032/1988/1750 1651/1987/1750
f 1659/1991/1920 1662/1992/1921 1664/1993/1922 1658/1994/1922
f 1041/1982/1750 1040/1995/1750 1043/1996/1923 1044/1885/1842
f 1040/1995/1750 1039/1974/1750 1042/1976/1914 1043/1996/1923
f 1658/1997/1922 1664/1998/1922 1666/1999/1924 1656/2000/1924
f 1038/1984/1750 1037/2001/1750 1040/1995/1750 1041/1982/1750
f 1037/2001/1750 1036/1972/1750 1039/1974/1750 1040/1995/1750
f 1656/2000/1924 1666/1999/1925 1668/2002/1926 1654/2003/1926
f 1035/1986/1750 1034/2004/1750 1037/2001/1750 1038/1984/1750
f 1034/2004/1750 1033/1970/1750 1036/1972/1750 1037/2001/1750
f 1654/2005/1926 1668/2006/1927 1670/2007/1928 1652/2008/1928
f 1032/1988/1750 1031/2009/1750 1034/2004/1750 1035/1986/1750
f 1031/2009/1750 1030/1968/1750 1033/1970/1750 1034/2004/1750
f 1652/2010/1928 1670/2011/1929 1672/2012/1930 1650/2013/1930
f 1029/1990/1750 1028/2014/1750 1031/2009/1750 1032/1988/1750
f 1028/2014/1750 1027/1966/1750 1030/1968/1750 1031/2009/1750
f 1650/2015/1930 1672/2016/1930 1673/2017/1931 1648/2018/1931
f 1026/2019/1750 1025/2020/1750 1028/2014/1750 1029/1990/1750
f 1025/2020/1750 1024/1964/1912 1027/1966/1750 1028/2014/1750
f 1648/2021/1932 1673/2022/1931 1634/2023/1096 1629/2024/1096
f 1714/2025/1933 1711/1903/1934 1003/1906/1935 1004/2026/1936
f 1709/1926/1881 1712/1925/1880 1713/2027/1937 1708/2028/1938
f 1706/2029/1939 1715/2030/1940 1717/2031/1941 1705/2032/1942
f 1020/2033/1943 1019/2034/1944 1022/2035/1945 1023/1912/1946
f 1019/2034/1947 1018/1942/1897 1021/1915/1919 1022/2035/1945
f 1699/2036/1948 1020/2033/1943 1023/1912/1949 1702/1911/1870
f 1017/2037/1950 1016/2038/1951 1019/2034/1944 1020/2033/1952
f 1016/2038/1951 1015/1940/1895 1018/1942/1897 1019/2034/1944
f 1697/2039/1953 1017/2037/1950 1020/2033/1943 1699/2036/1948
f 1014/2040/1954 1013/2041/1955 1016/2038/1951 1017/2037/1950
f 1013/2041/1955 1012/1938/1893 1015/1940/1895 1016/2038/1951
f 1695/2042/1956 1014/2040/1954 1017/2037/1950 1697/2039/1953
f 1011/2043/1957 1010/2044/1958 1013/2041/1955 1014/2040/1954
f 1010/2044/1958 1009/1936/1891 1012/1938/1893 1013/2041/1955
f 1693/2045/1959 1011/2043/1957 1014/2040/1954 1695/2042/1956
f 1008/1947/1902 1007/2046/1960 1010/2044/1958 1011/2043/1957
f 1007/2046/1960 1006/1934/1889 1009/1936/1891 1010/2044/1958
f 1691/1948/1903 1008/1947/1902 1011/2043/1957 1693/2045/1959
f 1005/1909/1868 1004/2026/1936 1007/2046/1960 1008/1947/1902
f 1004/2026/1936 1003/1906/1865 1006/1934/1889 1007/2046/1960
f 1647/2047/1750 1026/2019/1750 1029/1990/1750 1649/1989/1750
f 1722/2048/1915 1728/2049/1884 1729/1978/1884 1720/1977/1915
f 1718/1908/1867 1714/2025/1933 1004/2026/1936 1005/1909/1868
f 1642/2050/1961 1645/2051/1961 1690/1950/1962 1687/1949/1962
f 1022/2035/1945 1021/1915/1919 1730/1918/1877 1727/2052/1963
f 1733/2053/1964 1734/2054/1964 1757/2055/1964 1755/2056/1964
f 1625/2057/1965 1626/2058/1965 1662/2059/1920 1659/2060/1920
f 1723/1930/1885 1726/1929/1884 1728/2049/1884 1722/2048/1915
f 1023/1912/1949 1022/2035/1945 1727/2052/1963 1725/1913/1966
f 1042/1976/1967 1675/1975/1913 1637/2061/1968 1724/2062/1969
f 1043/1996/1923 1042/1976/1914 1724/2062/1969 1721/2063/1970
f 1044/1885/1842 1043/1996/1923 1721/2063/1970 1719/1886/1971
f 1631/2064/1750 1710/2065/1750 1026/2019/1750 1647/2047/1750
f 1710/2065/1750 1707/2066/1750 1025/2020/1750 1026/2019/1750
f 1707/2066/1750 1704/1961/1972 1024/1964/1912 1025/2020/1750
f 1752/2067/1973 1740/2068/1973 1758/1636/1974 1762/1635/1974
f 1739/2068/1975 1749/2067/1975 1760/2069/1976 1756/1636/1976
f 1751/1637/1094 1753/2070/1094 1761/1639/1094 1759/1640/1094
f 1756/1636/1976 1760/2069/1976 1745/2071/1976 1731/1643/1976
f 1762/1635/1974 1758/1636/1974 1736/2072/1974 1746/1644/1974
f 1738/2073/1977 1741/2074/1978 1754/1647/1978 1750/2075/1977
f 1759/1640/1094 1761/1639/1094 1748/1649/1094 1743/1650/1094
f 1755/2056/1964 1757/2055/1979 1742/2076/1980 1737/2077/1980
f 1765/1655/1096 1766/2078/1096 1796/2079/1096 1793/1658/1096
f 1744/2080/1981 1747/2081/1982 1735/2082/1983 1732/2083/1984
f 3458/2084/1985 1772/2085/1985 1802/1665/1985 3494/2086/1985
f 3450/2087/1730 1781/2088/1730 1810/2089/1730 3490/2090/1730
f 1783/1671/1094 1785/2091/1094 1812/1673/1094 1809/1674/1094
f 3485/2092/1986 1803/2093/1987 1777/2094/1988 3469/2095/1988
f 3489/2096/1989 1795/1680/1990 1768/2097/1991 3477/2098/1991
f 3457/2099/1992 3462/2100/1978 1786/2101/1978 1782/2102/1993
f 1804/1687/1994 1817/1688/1994 1780/2103/1995 1775/2104/1995
f 1806/2105/1996 1816/2106/1996 1817/1688/1994 1804/1687/1994
f 3494/2086/1997 1802/1665/1997 1799/2107/1998 3513/2108/1999
f 3513/2108/2000 1799/2107/2000 1797/2109/2000 3509/2110/2000
f 1788/1697/1096 1801/1698/1096 1774/2111/1096 1769/1700/1096
f 1792/1701/1096 1798/1702/1096 1800/1703/1096 1790/1704/1096
f 1793/1658/1096 1796/2079/1096 1798/1702/1096 1792/1701/1096
f 3509/2110/2001 1797/2109/2002 1795/1680/2003 3489/2096/2004
f 1790/1704/1096 1800/1703/1096 1801/1698/1096 1788/1697/1096
f 1821/2112/2005 1822/2113/2005 1848/2114/2006 1845/1708/2007
f 1809/1674/1094 1812/1673/1094 1814/1709/2008 1808/1710/1996
f 1808/1710/1996 1814/1709/1996 1816/2106/1996 1806/2105/1996
f 3473/2115/2009 3478/2116/2010 1767/2117/2011 1764/2118/2012
f 3502/2119/1164 1805/2120/1164 1803/2093/2013 3485/2092/2014
f 3498/2121/1164 1807/2122/1164 1805/2120/1164 3502/2119/1164
f 3490/2090/1730 1810/2089/1730 1807/2122/1164 3498/2121/2015
f 1840/2123/2016 1828/2124/2016 1860/1721/2017 1866/2125/2017
f 1827/1723/1164 1837/2126/1164 1862/2127/1164 1864/2128/1164
f 1839/2129/2018 1841/2130/2019 1865/2131/2020 1861/2132/2021
f 1846/2133/1164 1851/2134/1164 1833/2135/2022 1819/2136/2022
f 1858/2137/2023 1847/2138/2024 1824/2139/2025 1834/2140/2025
f 1826/2141/2026 1829/2142/2027 1842/2143/2028 1838/2144/2029
f 1854/1743/2030 1856/1744/2030 1857/2145/2030 1852/2146/2030
f 1866/2125/2017 1860/1721/2017 1849/1747/2023 1855/2147/2023
f 1845/2148/2006 1848/1750/2006 1850/1751/2006 1844/1752/2006
f 1855/2147/2023 1849/1747/2023 1847/2138/2023 1858/2137/2023
f 1924/2149/1164 1064/1754/1164 1940/1755/2031 1867/2150/2032
f 1861/2132/2021 1865/2131/2020 1856/1744/2030 1854/1743/2030
f 1832/2151/2033 1835/2152/2034 1823/1759/2035 1820/1760/2036
f 1843/2153/1164 1853/2154/1164 1851/2134/1164 1846/2133/1164
f 1844/1763/2006 1850/1764/2006 1859/1765/2037 1863/1766/2038
f 1863/2155/2038 1859/1768/2037 1830/2156/2039 1825/2157/2040
f 1852/2146/2030 1857/2145/2030 1836/2158/2041 1831/2159/2041
f 1864/2128/1164 1862/2127/1164 1853/2154/1164 1843/2153/1164
f 1935/1773/2042 1876/2160/1852 1906/1775/2043 1045/1776/2044
f 1888/2161/2045 1938/2162/2045 1046/1779/2046 1915/2163/2047
f 1926/2164/1750 1062/1782/1750 1946/1783/1750 1882/2165/1750
f 1061/1785/2048 1928/2166/2049 1872/2167/2050 1950/2168/2051
f 1929/1789/1094 1925/2169/1094 1884/1791/2052 1879/2170/2053
f 1874/2171/2054 1877/2172/2055 1936/2173/2056 1933/1796/2057
f 1880/1797/2058 1883/1798/2059 1945/1799/2060 1942/1800/2061
f 1908/1801/1094 1922/1802/1094 1925/2169/1094 1929/1789/1094
f 1045/1776/2062 1906/1775/2043 1903/2174/2063 1047/1804/2064
f 1047/1804/2064 1903/2174/2063 1901/2175/2065 1049/1806/2066
f 1932/1807/2067 1937/1808/2068 1890/2176/2069 1885/2177/2070
f 1915/2163/2046 1046/1779/2046 1048/1812/2046 1917/2178/2046
f 1913/2179/2071 1916/2180/2071 1918/2181/2072 1912/1817/2073
f 1059/1818/1833 1907/1819/1833 1930/1820/1164 1063/1821/1164
f 1931/2182/2074 1887/1823/2074 1914/1824/2075 1053/1825/2075
f 1053/1825/2075 1914/1824/2075 1911/1826/2075 1055/1827/2075
f 1055/1827/2075 1911/1826/2075 1909/1828/1164 1057/1829/1164
f 1912/1830/2073 1918/1831/2072 1920/1832/1094 1910/1833/1094
f 1051/1834/1818 1899/2183/1818 1928/2166/2049 1061/1785/2048
f 1897/2184/1817 1060/1837/1817 1064/1754/1164 1924/2149/1164
f 1895/2185/1164 1058/1839/1164 1060/1837/1817 1897/2184/1817
f 1893/2186/2076 1056/1841/2077 1058/1839/1164 1895/2185/1164
f 1939/2187/2078 1948/2188/2079 1871/2189/2080 1868/2190/2081
f 1049/1806/2066 1901/2175/2065 1899/2183/1818 1051/1834/1818
f 1910/1833/1094 1920/1832/1094 1922/1802/1094 1908/1801/1094
f 1057/1829/1164 1909/1828/1164 1907/1819/1833 1059/1818/1833
f 1923/1846/1096 1927/1847/1096 1900/1848/1096 1898/1849/1096
f 1072/1850/1817 1059/1818/1833 1063/1821/1164 1074/1851/1164
f 1952/2191/2082 1931/2182/2074 1053/1825/2075 1069/1853/2083
f 1068/1854/1818 1051/1834/1818 1061/1785/2048 1073/1855/1750
f 1898/1849/1096 1900/1848/1096 1902/1856/2084 1896/1857/2084
f 1071/1858/1164 1057/1829/1164 1059/1818/1833 1072/1850/1817
f 1896/1859/2084 1902/2192/2084 1904/2193/2085 1894/2194/2086
f 1070/1863/2076 1055/1827/2075 1057/1829/1164 1071/1858/1164
f 1894/2194/2085 1904/2193/2086 1905/2195/2087 1892/1865/2087
f 1069/1853/2088 1053/1825/2075 1055/1827/2075 1070/1863/2089
f 1892/1866/2087 1905/1867/2087 1878/2196/1096 1873/1869/1096
f 1951/1870/2090 1953/1871/2091 1937/1808/2068 1932/1807/2067
f 1921/1872/1814 1052/1873/1814 1062/1782/1750 1926/2164/1750
f 1067/1874/1750 1049/1806/2066 1051/1834/1818 1068/1854/1818
f 1919/1875/1750 1050/1876/1750 1052/1873/1814 1921/1872/1814
f 1066/1877/2092 1047/1804/2064 1049/1806/2066 1067/1874/1750
f 1917/2178/2046 1048/1812/2046 1050/1876/1750 1919/1875/1750
f 1065/1878/2093 1045/1776/2062 1047/1804/2064 1066/1877/2092
f 1891/2197/2075 1054/1880/2075 1056/1841/2094 1893/2186/2089
f 1938/2162/2045 1954/1881/2095 1065/1878/2093 1046/1779/2046
f 1886/2198/2096 1889/2199/2096 1916/2180/2071 1913/2179/2097
f 1998/2200/2098 1116/1885/2099 2057/2201/2100 1961/2202/2101
f 1869/1888/2102 1870/2203/2103 1927/1847/1096 1923/1846/1096
f 1062/1782/1750 1073/1855/1750 1960/1890/2104 1946/1783/1750
f 1063/1821/1164 1930/1820/1164 1881/1891/1164 1944/1892/1164
f 1943/2204/2105 1947/2205/2106 1959/1900/2107 1955/2206/2108
f 1875/2207/1782 1934/2208/2109 1054/1880/2075 1891/2197/2075
f 1934/2208/2109 1952/2191/2082 1069/1853/2083 1054/1880/2075
f 1954/1881/2095 1935/1773/2110 1045/1776/2062 1065/1878/2093
f 1074/1851/1164 1063/1821/1164 1944/1892/1164 1957/1899/2111
f 1956/2209/2112 1958/1895/2113 1949/2210/2114 1941/2211/2115
f 1073/1855/1750 1061/1785/2048 1950/2168/2051 1960/1890/2104
f 1064/1754/1164 1074/1851/1164 1957/1899/2111 1940/1755/2031
f 1046/1779/2046 1065/1878/2093 1066/1877/2092 1048/1812/2046
f 1048/1812/2046 1066/1877/2092 1067/1874/1750 1050/1876/1750
f 1050/1876/1750 1067/1874/1750 1068/1854/1818 1052/1873/1814
f 1933/1796/2057 1936/2173/2056 1953/1871/2091 1951/1870/2090
f 1054/1880/2075 1069/1853/2088 1070/1863/2089 1056/1841/2094
f 1056/1841/2077 1070/1863/2076 1071/1858/1164 1058/1839/1164
f 1058/1839/1164 1071/1858/1164 1072/1850/1817 1060/1837/1817
f 1052/1873/1814 1068/1854/1818 1073/1855/1750 1062/1782/1750
f 1060/1837/1817 1072/1850/1817 1074/1851/1164 1064/1754/1164
f 2049/2212/2116 1970/2213/2117 2012/2214/2118 1075/1906/2119
f 1982/2215/2120 2056/1908/2121 1077/1909/2122 2027/2216/2123
f 2040/2217/2124 1095/1912/2125 2063/2218/2126 1976/2219/2127
f 1093/1915/2128 1999/2220/2129 1966/2221/2130 2068/2222/2131
f 2014/1919/1094 2039/1920/1094 1978/2223/1094 1973/1922/1094
f 1968/2224/2132 1971/2225/2133 2050/2226/2134 2047/1926/2135
f 1974/2227/2136 1977/2228/2137 2064/1929/2138 2061/1930/2139
f 2016/2229/2140 2038/2230/2140 2039/1920/1094 2014/1919/1094
f 1075/1906/2141 2012/2214/2142 2009/2231/2143 1078/1934/2144
f 1078/1934/2144 2009/2231/2143 2007/2232/2145 1081/1936/2146
f 1081/1936/2146 2007/2232/2145 2005/2233/2147 1084/1938/2148
f 1084/1938/2148 2005/2233/2147 2003/2234/2149 1087/1940/2150
f 1087/1940/2150 2003/2234/2149 2001/2235/2151 1090/1942/2152
f 2041/2236/2153 2054/2237/2154 1984/2238/2155 1979/2239/2156
f 2027/2216/2123 1077/1909/2122 1080/1947/2157 2029/2240/2158
f 2025/2241/2159 2028/2242/2159 2030/1951/2160 2024/1952/2160
f 2024/1952/2160 2030/1951/2160 2032/2243/2161 2022/1954/2161
f 2022/1954/2161 2032/2243/2161 2034/1955/2162 2020/2244/2162
f 2020/2244/2162 2034/1955/2162 2036/2245/2163 2018/2246/2164
f 2018/2246/2163 2036/2245/2163 2038/2247/2140 2016/2248/2140
f 2042/1961/2165 1981/2249/2166 2026/2250/2167 1096/1964/2168
f 1096/1964/2168 2026/2250/2167 2023/2251/1164 1099/1966/1164
f 1099/1966/1164 2023/2251/1164 2021/2252/1164 1102/1968/1164
f 1102/1968/1164 2021/2252/1164 2019/1969/1164 1105/1970/1164
f 1105/1970/1164 2019/1969/1164 2017/2253/1164 1108/1972/1164
f 1108/1972/1164 2017/2253/1164 2015/2254/1164 1111/1974/1164
f 1111/1974/1164 2015/2254/1164 2013/2255/2169 1114/1976/2170
f 2058/2256/2171 2067/1978/2138 1965/2257/2172 1962/2258/2173
f 1090/1942/2152 2001/2235/2151 1999/2220/2174 1093/1915/2175
f 1995/2259/1164 1113/1982/1164 1116/1885/2099 1998/2200/2098
f 1993/2260/1164 1110/1984/1164 1113/1982/1164 1995/2259/1164
f 1991/2261/1164 1107/1986/1164 1110/1984/1164 1993/2260/1164
f 1989/1987/1164 1104/1988/1164 1107/1986/1164 1991/2261/1164
f 1987/2262/1164 1101/1990/1164 1104/1988/1164 1989/1987/1164
f 1997/2263/2176 2000/2264/2177 2002/2265/2178 1996/1994/2178
f 1113/1982/1164 1112/1995/1164 1115/1996/2179 1116/1885/2099
f 1112/1995/1164 1111/1974/1164 1114/1976/2170 1115/1996/2179
f 1996/1997/2178 2002/1998/2178 2004/2266/2180 1994/2000/2180
f 1110/1984/1164 1109/2001/1164 1112/1995/1164 1113/1982/1164
f 1109/2001/1164 1108/1972/1164 1111/1974/1164 1112/1995/1164
f 1994/2000/2180 2004/2266/2181 2006/2002/2182 1992/2267/2182
f 1107/1986/1164 1106/2004/1164 1109/2001/1164 1110/1984/1164
f 1106/2004/1164 1105/1970/1164 1108/1972/1164 1109/2001/1164
f 1992/2268/2182 2006/2006/2183 2008/2269/2184 1990/2270/2184
f 1104/1988/1164 1103/2009/1164 1106/2004/1164 1107/1986/1164
f 1103/2009/1164 1102/1968/1164 1105/1970/1164 1106/2004/1164
f 1990/2010/2184 2008/2271/2184 2010/2012/2185 1988/2272/2185
f 1101/1990/1164 1100/2014/1164 1103/2009/1164 1104/1988/1164
f 1100/2014/1164 1099/1966/1164 1102/1968/1164 1103/2009/1164
f 1988/2273/2185 2010/2016/2185 2011/2017/2186 1986/2274/2186
f 1098/2019/1164 1097/2020/1164 1100/2014/1164 1101/1990/1164
f 1097/2020/1164 1096/1964/2168 1099/1966/1164 1100/2014/1164
f 1986/2021/2187 2011/2022/2187 1972/2023/1096 1967/2024/1096
f 2052/2275/2188 2049/2212/2189 1075/1906/2119 1076/2026/2190
f 2047/1926/2135 2050/2226/2134 2051/2276/2191 2046/2277/2192
f 2044/2278/2193 2053/2030/2194 2055/2279/2195 2043/2280/2196
f 1092/2033/2197 1091/2034/2198 1094/2035/2199 1095/1912/2200
f 1091/2034/2201 1090/1942/2152 1093/1915/2175 1094/2035/2199
f 2037/2281/2202 1092/2033/2197 1095/1912/2203 2040/2217/2124
f 1089/2037/2204 1088/2038/2205 1091/2034/2198 1092/2033/2206
f 1088/2038/2205 1087/1940/2150 1090/1942/2152 1091/2034/2198
f 2035/2282/2207 1089/2037/2204 1092/2033/2197 2037/2281/2202
f 1086/2040/2208 1085/2041/2209 1088/2038/2205 1089/2037/2204
f 1085/2041/2209 1084/1938/2148 1087/1940/2150 1088/2038/2205
f 2033/2283/2210 1086/2040/2208 1089/2037/2204 2035/2282/2207
f 1083/2043/2211 1082/2044/2212 1085/2041/2209 1086/2040/2208
f 1082/2044/2212 1081/1936/2146 1084/1938/2148 1085/2041/2209
f 2031/2284/2213 1083/2043/2211 1086/2040/2208 2033/2283/2210
f 1080/1947/2214 1079/2046/2215 1082/2044/2212 1083/2043/2211
f 1079/2046/2215 1078/1934/2144 1081/1936/2146 1082/2044/2212
f 2029/2240/2158 1080/1947/2216 1083/2043/2211 2031/2284/2213
f 1077/1909/2122 1076/2026/2190 1079/2046/2215 1080/1947/2157
f 1076/2026/2190 1075/1906/2141 1078/1934/2144 1079/2046/2215
f 1985/2285/1164 1098/2019/1164 1101/1990/1164 1987/2262/1164
f 2060/2286/2171 2066/2049/2138 2067/1978/2138 2058/2256/2171
f 2056/1908/2121 2052/2275/2188 1076/2026/2190 1077/1909/2122
f 1980/2287/2217 1983/2288/2217 2028/2242/2218 2025/2241/2159
f 1094/2035/2199 1093/1915/2219 2068/2222/2220 2065/2289/2221
f 2071/2053/1723 2072/2290/1723 2095/2055/1723 2093/2056/1723
f 1963/2291/2222 1964/2292/2222 2000/2293/2176 1997/2060/2176
f 2061/1930/2139 2064/1929/2138 2066/2049/2138 2060/2286/2171
f 1095/1912/2203 1094/2035/2199 2065/2289/2221 2063/2218/2223
f 1114/1976/2224 2013/2255/2169 1975/2294/2225 2062/2295/2226
f 1115/1996/2179 1114/1976/2170 2062/2295/2226 2059/2296/2227
f 1116/1885/2228 1115/1996/2179 2059/2296/2227 2057/2201/2229
f 1969/2297/1164 2048/2065/1164 1098/2019/1164 1985/2285/1164
f 2048/2065/1164 2045/2066/1164 1097/2020/1164 1098/2019/1164
f 2045/2066/1164 2042/1961/2230 1096/1964/2168 1097/2020/1164
f 2090/2298/1717 2078/2299/1717 2096/2300/1718 2100/2301/1718
f 2077/2302/1719 2087/2298/1719 2098/2303/1720 2094/2300/1720
f 2089/1637/1094 2091/1638/1094 2099/1639/1094 2097/1640/1094
f 2094/2300/1720 2098/2303/1720 2083/2304/1720 2069/1642/1720
f 2100/2301/1718 2096/2300/1718 2074/1643/1718 2084/2305/1718
f 2076/2306/1721 2079/2074/1722 2092/2307/1722 2088/1648/1721
f 2097/1640/1094 2099/1639/1094 2086/1649/1094 2081/1650/1094
f 2093/2056/1723 2095/2055/1724 2080/1653/1725 2075/1654/1725
f 2103/2308/1096 2104/2309/1096 2134/2310/1096 2131/1658/1096
f 2082/2311/1726 2085/2312/1727 2073/2313/1728 2070/2314/1729
f 2122/2315/1730 2110/2316/1730 2140/2317/1730 2149/2318/1730
f 2109/2319/1731 2119/2320/1731 2148/2321/1731 2125/2322/1731
f 2121/1671/1094 2123/2323/1094 2150/2324/1094 2147/1674/1094
f 2132/2325/1732 2141/2326/1732 2115/2094/1733 2101/2327/1733
f 2156/2328/2231 2133/2329/2232 2106/2330/2233 2116/2331/2233
f 2108/2332/1737 2111/2333/1722 2124/2334/1722 2120/2335/1737
f 2142/1687/2234 2155/2336/2234 2118/2337/2235 2113/2338/2235
f 2144/2339/1740 2154/2340/1740 2155/2336/2234 2142/1687/2234
f 2149/2318/1730 2140/2317/1730 2137/2341/1741 2151/2342/1741
f 2151/2342/1741 2137/2341/1741 2135/2343/1741 2153/2344/1741
f 2126/1697/1096 2139/2345/1096 2112/2346/1096 2107/1700/1096
f 2130/1701/1096 2136/2347/1096 2138/2348/1096 2128/1704/1096
f 2131/1658/1096 2134/2310/1096 2136/2347/1096 2130/1701/1096
f 2153/2344/1741 2135/2343/1741 2133/2329/2231 2156/2328/2232
f 2128/1704/1096 2138/2348/1096 2139/2345/1096 2126/1697/1096
f 2159/2349/1742 2160/2350/1742 2186/1707/1743 2183/2351/1744
f 2147/1674/1094 2150/2324/1094 2152/2352/1745 2146/1710/1740
f 2146/1710/1740 2152/2352/1740 2154/2340/1740 2144/2339/1740
f 2114/2353/2236 2117/2354/2237 2105/2355/2238 2102/2356/2239
f 2129/2357/1750 2143/2358/1750 2141/2326/2240 2132/2325/2240
f 2127/2359/1750 2145/2360/1750 2143/2358/1750 2129/2357/1750
f 2125/2322/1731 2148/2321/1731 2145/2360/1750 2127/2359/1750
f 2178/2361/1751 2166/2362/1751 2198/2363/1752 2204/2125/1752
f 2165/2364/1750 2175/2365/1750 2200/2366/1750 2202/2367/1750
f 2177/2368/1753 2179/2369/2241 2203/2370/1755 2199/2371/1756
f 2184/1731/1750 2189/2372/1750 2171/2373/2242 2157/2374/2242
f 2196/2375/1761 2185/2376/2243 2162/2377/2244 2172/2378/2244
f 2164/2379/1763 2167/1740/1764 2180/2143/1765 2176/2380/1766
f 2192/2381/1767 2194/2382/1767 2195/2383/1767 2190/2384/1767
f 2204/2125/1752 2198/2363/1752 2187/2385/1761 2193/2386/1761
f 2183/2387/1743 2186/2388/1743 2188/2389/1743 2182/2390/1743
f 2193/2386/1761 2187/2385/1761 2185/2376/1761 2196/2375/1761
f 2262/2391/1750 1136/1754/1750 2278/1755/1768 2205/2392/1769
f 2199/2371/1756 2203/2370/1755 2194/2382/1767 2192/2381/1767
f 2170/2393/2245 2173/2394/2246 2161/2395/2247 2158/2396/2248
f 2181/2397/1750 2191/2398/1750 2189/2372/1750 2184/1731/1750
f 2182/1763/1743 2188/1764/1743 2197/1765/1774 2201/1766/1775
f 2201/2155/1775 2197/2399/2249 2168/2400/1776 2163/1770/2250
f 2190/2384/1767 2195/2383/1767 2174/2401/2251 2169/2402/2251
f 2202/2367/1750 2200/2366/1750 2191/2398/1750 2181/2397/1750
f 2273/1773/1781 2214/2403/1782 2244/2404/1783 1117/1776/1802
f 2226/2405/1785 2276/2406/1785 1118/1779/1786 2253/2407/1787
f 2264/2408/1164 1134/1782/1164 2284/1783/1164 2220/2409/1164
f 1133/1785/1788 2266/2410/1789 2210/2411/1790 2288/2412/1791
f 2267/1789/1094 2263/1790/1094 2222/1791/1792 2217/1792/1793
f 2212/2171/1794 2215/2413/1795 2274/2173/1796 2271/1796/1860
f 2218/2414/1798 2221/2415/1799 2283/2416/1800 2280/1800/2252
f 2246/1801/1094 2260/1802/1094 2263/1790/1094 2267/1789/1094
f 1117/1776/1802 2244/2417/1783 2241/2418/1803 1119/1804/1804
f 1119/1804/1804 2241/2419/1803 2239/2420/1805 1121/1806/1806
f 2270/1807/1807 2275/1808/1808 2228/2421/1809 2223/2422/1810
f 2253/2423/1786 1118/1779/1786 1120/1812/1786 2255/2424/1786
f 2251/2425/1811 2254/2426/1811 2256/2427/1812 2250/2428/1813
f 1131/1818/1814 2245/2429/1814 2268/2430/1750 1135/1821/1750
f 2269/1822/1815 2225/2431/1815 2252/2432/1816 1125/1825/1816
f 1125/1825/1816 2252/2432/1816 2249/2433/1816 1127/1827/1816
f 1127/1827/1816 2249/2433/1816 2247/2434/1750 1129/1829/1750
f 2250/1830/1813 2256/1831/1813 2258/1832/1094 2248/1833/1094
f 1123/1834/1817 2237/2435/1817 2266/2436/1789 1133/1785/1788
f 2235/2437/1818 1132/1837/1818 1136/1754/1750 2262/2391/1750
f 2233/2438/1750 1130/1839/1750 1132/1837/1818 2235/2437/1818
f 2231/2439/1819 1128/1841/1820 1130/1839/1750 2233/2438/1750
f 2277/2440/1821 2286/2441/1822 2209/2442/1823 2206/2443/1824
f 1121/1806/1806 2239/2420/1805 2237/2435/1817 1123/1834/1817
f 2248/1833/1094 2258/1832/1094 2260/1802/1094 2246/1801/1094
f 1129/1829/1750 2247/2434/1750 2245/2429/1814 1131/1818/1814
f 2261/1846/1096 2265/1847/1096 2238/1848/1096 2236/1849/1096
f 1144/1850/1818 1131/1818/1814 1135/1821/1750 1146/1851/1750
f 2290/2191/1825 2269/1822/1815 1125/1825/1816 1141/1853/1826
f 1140/1854/1817 1123/1834/1817 1133/1785/1788 1145/1855/1164
f 2236/1849/1096 2238/1848/1096 2240/1856/1827 2234/1857/1827
f 1143/1858/1750 1129/1829/1750 1131/1818/1814 1144/1850/1818
f 2234/1859/1827 2240/1860/1827 2242/1861/1828 2232/2194/1829
f 1142/1863/1819 1127/1827/1816 1129/1829/1750 1143/1858/1750
f 2232/2194/1828 2242/1861/1829 2243/2195/1830 2230/1865/1830
f 1141/1853/1861 1125/1825/1816 1127/1827/1816 1142/1863/1837
f 2230/1866/1830 2243/1867/1830 2216/1868/1096 2211/1869/1096
f 2289/1870/1831 2291/1871/1832 2275/1808/1808 2270/1807/1807
f 2259/2444/1833 1124/1873/1833 1134/1782/1164 2264/2408/1164
f 1139/1874/1164 1121/1806/1806 1123/1834/1817 1140/1854/1817
f 2257/2445/1164 1122/1876/1164 1124/1873/1833 2259/2444/1833
f 1138/1877/1834 1119/1804/1804 1121/1806/1806 1139/1874/1164
f 2255/2446/1786 1120/1812/1786 1122/1876/1164 2257/2445/1164
f 1137/1878/1835 1117/1776/1784 1119/1804/1804 1138/1877/1834
f 2229/2447/1816 1126/1880/1816 1128/1841/1820 2231/2439/1819
f 2276/2448/1785 2292/1881/1838 1137/1878/1835 1118/1779/1786
f 2224/2449/2253 2227/2450/2253 2254/2426/1811 2251/2451/1811
f 2336/1884/1841 1188/1885/1842 2395/2452/1971 2299/1887/1844
f 2207/1888/1845 2208/2203/1846 2265/1847/1096 2261/1846/1096
f 1134/1782/1164 1145/1855/1164 2298/1890/1847 2284/1783/1164
f 1135/1821/1750 2268/2430/1750 2219/2453/1750 2282/1892/1750
f 2281/2454/1848 2285/2455/1849 2297/1900/1850 2293/2209/1851
f 2213/2456/1852 2272/1898/1853 1126/1880/1816 2229/2447/1816
f 2272/1898/1853 2290/2191/1825 1141/1853/1826 1126/1880/1816
f 2292/1881/1838 2273/1773/1781 1117/1776/1784 1137/1878/1835
f 1146/1851/1750 1135/1821/1750 2282/1892/1750 2295/1899/1855
f 2294/2209/1856 2296/1895/1857 2287/1894/1858 2279/1893/1859
f 1145/1855/1164 1133/1785/1788 2288/2412/1791 2298/1890/1847
f 1136/1754/1750 1146/1851/1750 2295/1899/1855 2278/1755/1768
f 1118/1779/1786 1137/1878/1835 1138/1877/1834 1120/1812/1786
f 1120/1812/1786 1138/1877/1834 1139/1874/1164 1122/1876/1164
f 1122/1876/1164 1139/1874/1164 1140/1854/1817 1124/1873/1833
f 2271/1796/1797 2274/2173/1796 2291/1871/1832 2289/1870/1831
f 1126/1880/1816 1141/1853/1861 1142/1863/1837 1128/1841/1836
f 1128/1841/1820 1142/1863/1819 1143/1858/1750 1130/1839/1750
f 1130/1839/1750 1143/1858/1750 1144/1850/1818 1132/1837/1818
f 1124/1873/1833 1140/1854/1817 1145/1855/1164 1134/1782/1164
f 1132/1837/1818 1144/1850/1818 1146/1851/1750 1136/1754/1750
f 2387/2457/2254 2308/2458/1863 2350/2459/1864 1147/1906/1865
f 2320/2460/1866 2394/2461/1867 1149/1909/1868 2365/2462/1869
f 2378/2463/1870 1167/1912/1871 2401/2464/1872 2314/2465/1873
f 1165/1915/1874 2337/2220/1875 2304/2466/1876 2406/2467/1877
f 2352/1919/1094 2377/1920/1094 2316/2468/1094 2311/1922/1094
f 2306/2469/1878 2309/2470/2255 2388/2471/1880 2385/2472/1881
f 2312/2473/1882 2315/2474/1883 2402/1929/1884 2399/1930/1885
f 2354/1931/1886 2376/1932/1886 2377/1920/1094 2352/1919/1094
f 1147/1906/1865 2350/2459/1887 2347/2475/1888 1150/1934/1889
f 1150/1934/1889 2347/2475/1888 2345/2476/1890 1153/1936/1891
f 1153/1936/1891 2345/2476/1890 2343/2477/1892 1156/1938/1893
f 1156/1938/1893 2343/2477/1892 2341/2478/1894 1159/1940/1895
f 1159/1940/1895 2341/2478/1894 2339/2479/1896 1162/1942/1897
f 2379/2480/1898 2392/2481/1899 2322/2482/1900 2317/2483/1901
f 2365/2462/1869 1149/1909/1868 1152/1947/1902 2367/2484/1903
f 2363/2485/1904 2366/2242/1904 2368/1951/1905 2362/1952/1905
f 2362/1952/1905 2368/1951/1905 2370/1953/1906 2360/2486/1906
f 2360/2486/1906 2370/1953/1906 2372/2487/1907 2358/2244/1907
f 2358/2244/1907 2372/2487/1907 2374/2245/1908 2356/2488/2256
f 2356/2488/1908 2374/2245/1908 2376/2247/1886 2354/2489/1886
f 2380/1961/1909 2319/2490/1910 2364/2491/1911 1168/1964/1912
f 1168/1964/1912 2364/2491/1911 2361/2251/1750 1171/1966/1750
f 1171/1966/1750 2361/2251/1750 2359/2492/1750 1174/1968/1750
f 1174/1968/1750 2359/2492/1750 2357/2493/1750 1177/1970/1750
f 1177/1970/1750 2357/2493/1750 2355/2494/1750 1180/1972/1750
f 1180/1972/1750 2355/2494/1750 2353/2495/1750 1183/1974/1750
f 1183/1974/1750 2353/2495/1750 2351/2496/1913 1186/1976/1914
f 2396/1977/1915 2405/1978/1884 2303/2497/1916 2300/2498/2257
f 1162/1942/1897 2339/2479/1896 2337/2220/1918 1165/1915/1919
f 2333/2499/1750 1185/1982/1750 1188/1885/1842 2336/1884/1841
f 2331/2500/1750 1182/1984/1750 1185/1982/1750 2333/2499/1750
f 2329/2501/1750 1179/1986/1750 1182/1984/1750 2331/2500/1750
f 2327/2502/1750 1176/1988/1750 1179/1986/1750 2329/2501/1750
f 2325/2503/1750 1173/1990/1750 1176/1988/1750 2327/2502/1750
f 2335/2263/1920 2338/2264/1921 2340/2265/1922 2334/1994/1922
f 1185/1982/1750 1184/1995/1750 1187/1996/1923 1188/1885/1842
f 1184/1995/1750 1183/1974/1750 1186/1976/1914 1187/1996/1923
f 2334/1997/1922 2340/1998/1922 2342/2266/1924 2332/2504/1924
f 1182/1984/1750 1181/2001/1750 1184/1995/1750 1185/1982/1750
f 1181/2001/1750 1180/1972/1750 1183/1974/1750 1184/1995/1750
f 2332/2504/1924 2342/2266/1925 2344/2002/1926 2330/2267/1926
f 1179/1986/1750 1178/2004/1750 1181/2001/1750 1182/1984/1750
f 1178/2004/1750 1177/1970/1750 1180/1972/1750 1181/2001/1750
f 2330/2505/1926 2344/2506/1926 2346/2507/1928 2328/2008/1928
f 1176/1988/1750 1175/2009/1750 1178/2004/1750 1179/1986/1750
f 1175/2009/1750 1174/1968/1750 1177/1970/1750 1178/2004/1750
f 2328/2508/1928 2346/2509/1928 2348/2012/1930 2326/2510/1930
f 1173/1990/1750 1172/2014/1750 1175/2009/1750 1176/1988/1750
f 1172/2014/1750 1171/1966/1750 1174/1968/1750 1175/2009/1750
f 2326/2273/1930 2348/2016/1930 2349/2017/1931 2324/2018/1932
f 1170/2019/1750 1169/2020/1750 1172/2014/1750 1173/1990/1750
f 1169/2020/1750 1168/1964/1912 1171/1966/1750 1172/2014/1750
f 2324/2021/1932 2349/2022/1932 2310/2023/1096 2305/2024/1096
f 2390/2025/1933 2387/2511/1934 1147/1906/1935 1148/2026/1936
f 2385/2472/1881 2388/2471/1880 2389/2512/1937 2384/2513/1938
f 2382/2514/1939 2391/2515/1940 2393/2516/1941 2381/2517/1942
f 1164/2033/1943 1163/2034/1944 1166/2035/1945 1167/1912/1946
f 1163/2034/1947 1162/1942/1897 1165/1915/1919 1166/2035/1945
f 2375/2518/1948 1164/2033/1952 1167/1912/1871 2378/2463/1870
f 1161/2037/1950 1160/2038/1951 1163/2034/1944 1164/2033/1952
f 1160/2038/1951 1159/1940/1895 1162/1942/1897 1163/2034/1944
f 2373/2519/1953 1161/2037/1950 1164/2033/1943 2375/2518/1948
f 1158/2040/1954 1157/2041/1955 1160/2038/1951 1161/2037/2258
f 1157/2041/1955 1156/1938/1893 1159/1940/1895 1160/2038/1951
f 2371/2042/1956 1158/2040/1954 1161/2037/1950 2373/2519/1953
f 1155/2043/1957 1154/2044/1958 1157/2041/1955 1158/2040/1954
f 1154/2044/1958 1153/1936/1891 1156/1938/1893 1157/2041/1955
f 2369/2520/1959 1155/2043/1957 1158/2040/1954 2371/2042/1956
f 1152/1947/2259 1151/2046/1960 1154/2044/1958 1155/2043/1957
f 1151/2046/1960 1150/1934/1889 1153/1936/1891 1154/2044/1958
f 2367/2484/1903 1152/1947/1902 1155/2043/1957 2369/2520/1959
f 1149/1909/1868 1148/2026/1936 1151/2046/1960 1152/1947/1902
f 1148/2026/1936 1147/1906/1865 1150/1934/1889 1151/2046/1960
f 2323/2521/1750 1170/2019/1750 1173/1990/1750 2325/2503/1750
f 2398/2048/1915 2404/2049/1884 2405/1978/1884 2396/1977/1915
f 2394/2461/1867 2390/2025/1933 1148/2026/1936 1149/1909/1868
f 2318/2522/2260 2321/2523/2260 2366/2242/1962 2363/2485/1962
f 1166/2035/1945 1165/1915/1919 2406/2467/1877 2403/2289/1963
f 2409/2053/1964 2410/2054/1964 2433/2055/1964 2431/2056/1964
f 2301/2524/1965 2302/2525/1965 2338/2059/1920 2335/2060/1920
f 2399/1930/1885 2402/1929/1884 2404/2049/1884 2398/2048/1915
f 1167/1912/1949 1166/2035/1945 2403/2289/1963 2401/2464/1966
f 1186/1976/1967 2351/2496/1913 2313/2526/1968 2400/2527/1969
f 1187/1996/1923 1186/1976/1914 2400/2527/1969 2397/2528/1970
f 1188/1885/1842 1187/1996/1923 2397/2528/1970 2395/2452/1843
f 2307/2529/1750 2386/2065/1750 1170/2019/1750 2323/2521/1750
f 2386/2065/1750 2383/2066/1750 1169/2020/1750 1170/2019/1750
f 2383/2066/1750 2380/1961/1972 1168/1964/1912 1169/2020/1750
f 2428/2530/1973 2416/2531/1973 2434/2532/1974 2438/2303/1974
f 2415/2533/1975 2425/2530/1975 2436/2534/1976 2432/2535/2261
f 2427/1637/1094 2429/2070/1094 2437/1639/1094 2435/1640/1094
f 2432/2535/1976 2436/2534/1976 2421/2071/1976 2407/2536/1976
f 2438/2303/1974 2434/2532/1974 2412/2537/1974 2422/1644/1974
f 2414/2538/1977 2417/2539/1978 2430/2307/1978 2426/1648/1977
f 2435/1640/1094 2437/1639/1094 2424/1649/1094 2419/1650/1094
f 2431/2056/1964 2433/2055/1979 2418/2076/1980 2413/2077/1980
f 2441/1655/1096 2442/2078/1096 2472/2079/1096 2469/1658/1096
f 2420/2540/1981 2423/2541/1982 2411/2313/1983 2408/2083/1984
f 2460/2542/1731 2448/2543/1731 2478/2317/1731 2487/2318/1731
f 2447/2544/1730 2457/2545/1730 2486/2321/1730 2463/2322/1730
f 2459/1671/1094 2461/2091/1094 2488/1673/1094 2485/1674/1094
f 2470/2325/2262 2479/2326/2262 2453/2094/2263 2439/2327/2263
f 2494/2546/2264 2471/2547/2265 2444/2548/2266 2454/2549/2266
f 2446/2332/1993 2449/2333/1978 2462/2334/1978 2458/2335/1993
f 2480/1687/1994 2493/2550/1994 2456/2103/1995 2451/2104/1995
f 2482/2551/1996 2492/2552/2008 2493/2550/1994 2480/1687/1994
f 2487/2318/1731 2478/2317/1731 2475/2341/2267 2489/2342/2267
f 2489/2342/2267 2475/2341/2267 2473/2553/2267 2491/2554/2267
f 2464/1697/1096 2477/1698/1096 2450/2111/1096 2445/1700/1096
f 2468/1701/1096 2474/1702/1096 2476/1703/1096 2466/1704/1096
f 2469/1658/1096 2472/2079/1096 2474/1702/1096 2468/1701/1096
f 2491/2554/2267 2473/2553/2267 2471/2547/2264 2494/2546/2264
f 2466/1704/1096 2476/1703/1096 2477/1698/1096 2464/1697/1096
f 2497/2555/2005 2498/2556/2005 2524/2557/2006 2521/2558/2007
f 2485/1674/1094 2488/1673/1094 2490/1709/2008 2484/1710/1996
f 2484/1710/1996 2490/1709/1996 2492/2552/1996 2482/2551/1996
f 2452/2559/2268 2455/2560/2269 2443/2561/2270 2440/2562/2271
f 2467/2357/1164 2481/2358/1164 2479/2326/2013 2470/2325/2013
f 2465/2359/1164 2483/2360/1164 2481/2358/1164 2467/2357/1164
f 2463/2322/1730 2486/2321/1730 2483/2360/1164 2465/2359/1164
f 2516/2563/2016 2504/2124/2016 2536/1721/2017 2542/2125/2017
f 2503/2364/1164 2513/2365/1164 2538/2366/1164 2540/2367/1164
f 2515/2564/2272 2517/2565/2273 2541/2566/2020 2537/2371/2021
f 2522/1731/1164 2527/2372/1164 2509/2567/2022 2495/2568/2022
f 2534/2569/2023 2523/1736/2024 2500/2570/2025 2510/2571/2025
f 2502/2379/2026 2505/1740/2027 2518/1741/2028 2514/2380/2029
f 2530/1743/2030 2532/2382/2030 2533/2383/2030 2528/2384/2030
f 2542/2125/2017 2536/1721/2017 2525/2572/2023 2531/2386/2023
f 2521/2573/2006 2524/2574/2006 2526/2389/2006 2520/2575/2006
f 2531/2386/2023 2525/2572/2023 2523/1736/2023 2534/2569/2023
f 2600/2391/1164 1208/1754/1164 2616/1755/2031 2543/2392/2032
f 2537/2371/2021 2541/2566/2020 2532/2382/2030 2530/1743/2030
f 2508/2151/2274 2511/2152/2275 2499/2576/2035 2496/2577/2036
f 2519/2397/1164 2529/2398/1164 2527/2372/1164 2522/1731/1164
f 2520/1763/2006 2526/1764/2006 2535/1765/2037 2539/1766/2038
f 2539/2578/2038 2535/2399/2276 2506/2156/2039 2501/2579/2277
f 2528/2384/2030 2533/2383/2030 2512/2580/2278 2507/2581/2278
f 2540/2367/1164 2538/2366/1164 2529/2398/1164 2519/2397/1164
f 2611/1773/2042 2552/2403/1852 2582/2404/2043 1189/1776/2044
f 2564/2582/2045 2614/2583/2045 1190/1779/2046 2591/2584/2047
f 2602/2408/1750 1206/1782/1750 2622/1783/1750 2558/2409/1750
f 1205/1785/2048 2604/2585/2049 2548/2586/2050 2626/2587/2051
f 2605/2588/1094 2601/2169/1094 2560/1791/2052 2555/2589/2053
f 2550/2590/2279 2553/2591/2280 2612/2592/2281 2609/2593/2282
f 2556/2414/2058 2559/2415/2059 2621/2416/2060 2618/1800/2061
f 2584/2594/1094 2598/1802/1094 2601/2169/1094 2605/2588/1094
f 1189/1776/2044 2582/2595/2043 2579/2596/2063 1191/1804/2283
f 1191/1804/2064 2579/2419/2063 2577/2420/2065 1193/1806/2066
f 2608/2597/2284 2613/2598/2285 2566/2599/2286 2561/2600/2287
f 2591/2601/2046 1190/1779/2046 1192/1812/2046 2593/2602/2046
f 2589/2603/2097 2592/2604/2097 2594/1816/2072 2588/2605/2073
f 1203/1818/1833 2583/2429/1833 2606/2430/1164 1207/1821/1164
f 2607/2606/2288 2563/2607/2288 2590/2432/2075 1197/1825/2075
f 1197/1825/2075 2590/2432/2075 2587/2433/2075 1199/1827/2075
f 1199/1827/2075 2587/2433/2075 2585/2434/1164 1201/1829/1164
f 2588/2608/2073 2594/1831/2073 2596/1832/1094 2586/2609/1094
f 1195/1834/1818 2575/2435/1818 2604/2436/2049 1205/1785/2048
f 2573/2437/1817 1204/1837/1817 1208/1754/1164 2600/2391/1164
f 2571/2438/1164 1202/1839/1164 1204/1837/1817 2573/2437/1817
f 2569/2610/2076 1200/1841/2077 1202/1839/1164 2571/2438/1164
f 2615/2611/2078 2624/2612/2079 2547/2613/2080 2544/2614/2081
f 1193/1806/2066 2577/2420/2065 2575/2435/1818 1195/1834/1818
f 2586/2609/1094 2596/1832/1094 2598/1802/1094 2584/2594/1094
f 1201/1829/1164 2585/2434/1164 2583/2429/1833 1203/1818/1833
f 2599/1846/1096 2603/1847/1096 2576/1848/1096 2574/2615/1096
f 1216/1850/1817 1203/1818/1833 1207/1821/1164 1218/1851/1164
f 2628/2616/2289 2607/2606/2288 1197/1825/2075 1213/1853/2290
f 1212/1854/1818 1195/1834/1818 1205/1785/2048 1217/1855/1750
f 2574/2615/1096 2576/1848/1096 2578/1856/2084 2572/2617/2084
f 1215/1858/1164 1201/1829/1164 1203/1818/1833 1216/1850/1817
f 2572/2618/2084 2578/1860/2084 2580/1861/2085 2570/2619/2086
f 1214/1863/2076 1199/1827/2075 1201/1829/1164 1215/1858/1164
f 2570/2619/2086 2580/1861/2086 2581/2195/2087 2568/2620/2087
f 1213/1853/2290 1197/1825/2075 1199/1827/2075 1214/1863/2089
f 2568/2621/2087 2581/2622/2087 2554/2623/2291 2549/2624/2291
f 2627/2625/2292 2629/2626/2293 2613/2598/2285 2608/2597/2294
f 2597/2444/1814 1196/1873/1814 1206/1782/1750 2602/2408/1750
f 1211/1874/1750 1193/1806/2066 1195/1834/1818 1212/1854/1818
f 2595/2445/1750 1194/1876/1750 1196/1873/1814 2597/2444/1814
f 1210/1877/2092 1191/1804/2064 1193/1806/2066 1211/1874/1750
f 2593/2446/2046 1192/1812/2046 1194/1876/1750 2595/2445/1750
f 1209/1878/2093 1189/1776/2062 1191/1804/2064 1210/1877/2092
f 2567/2627/2075 1198/1880/2075 1200/1841/2094 2569/2610/2076
f 2614/2628/2045 2630/2629/2095 1209/1878/2093 1190/1779/2046
f 2562/2630/2295 2565/2631/2295 2592/2604/2071 2589/2632/2071
f 2674/2633/2098 1260/1885/2099 2733/2634/2100 2637/2635/2101
f 2545/2636/2102 2546/2203/2103 2603/1847/1096 2599/1846/1096
f 1206/1782/1750 1217/1855/1750 2636/1890/2104 2622/1783/1750
f 1207/1821/1164 2606/2430/1164 2557/2453/1164 2620/1892/1164
f 2619/1893/2105 2623/1894/2106 2635/1900/2107 2631/2637/2108
f 2551/2638/2296 2610/2639/2297 1198/1880/2075 2567/2627/2075
f 2610/2639/2298 2628/2616/2289 1213/1853/2290 1198/1880/2075
f 2630/2629/2095 2611/1773/2042 1189/1776/2062 1209/1878/2093
f 1218/1851/1164 1207/1821/1164 2620/1892/1164 2633/1899/2111
f 2632/1896/2112 2634/1895/2113 2625/1894/2114 2617/2640/2115
f 1217/1855/1750 1205/1785/2048 2626/2587/2051 2636/1890/2299
f 1208/1754/1164 1218/1851/1164 2633/1899/2111 2616/1755/2031
f 1190/1779/2046 1209/1878/2093 1210/1877/2092 1192/1812/2046
f 1192/1812/2046 1210/1877/2092 1211/1874/1750 1194/1876/1750
f 1194/1876/1750 1211/1874/1750 1212/1854/1818 1196/1873/1814
f 2609/2593/2282 2612/2592/2281 2629/2626/2300 2627/2625/2292
f 1198/1880/2075 1213/1853/2290 1214/1863/2089 1200/1841/2077
f 1200/1841/2077 1214/1863/2076 1215/1858/1164 1202/1839/1164
f 1202/1839/1164 1215/1858/1164 1216/1850/1817 1204/1837/1817
f 1196/1873/1814 1212/1854/1818 1217/1855/1750 1206/1782/1750
f 1204/1837/1817 1216/1850/1817 1218/1851/1164 1208/1754/1164
f 2725/1903/2116 2646/2641/2117 2688/2642/2118 1219/1906/2141
f 2658/2643/2120 2732/2644/2121 1221/1909/2122 2703/2462/2123
f 2716/2645/2124 1239/1912/2125 2739/2646/2126 2652/2647/2127
f 1237/1915/2128 2675/2648/2129 2642/2649/2130 2744/2650/2131
f 2690/1919/1094 2715/1920/1094 2654/2223/1094 2649/1922/1094
f 2644/2469/2132 2647/2651/2301 2726/2652/2134 2723/2653/2135
f 2650/2654/2136 2653/2655/2302 2740/1929/2138 2737/1930/2139
f 2692/2229/2140 2714/2230/2140 2715/1920/1094 2690/1919/1094
f 1219/1906/2141 2688/2642/2142 2685/2656/2143 1222/1934/2144
f 1222/1934/2144 2685/2656/2143 2683/2657/2145 1225/1936/2146
f 1225/1936/2146 2683/2657/2145 2681/1937/2147 1228/1938/2148
f 1228/1938/2148 2681/1937/2147 2679/2658/2149 1231/1940/2150
f 1231/1940/2150 2679/2658/2149 2677/2659/2151 1234/1942/2152
f 2717/2660/2153 2730/1944/2154 2660/2661/2155 2655/2662/2156
f 2703/2462/2123 1221/1909/2122 1224/1947/2157 2705/2663/2158
f 2701/2485/2159 2704/2242/2159 2706/2664/2160 2700/2665/2160
f 2700/2665/2160 2706/2664/2160 2708/2666/2303 2698/1954/2161
f 2698/1954/2161 2708/2666/2303 2710/1955/2162 2696/2244/2162
f 2696/2244/2162 2710/1955/2162 2712/2245/2163 2694/2667/2164
f 2694/2667/2163 2712/2245/2163 2714/2247/2140 2692/2489/2140
f 2718/1961/2165 2657/2668/2166 2702/2669/2167 1240/1964/2168
f 1240/1964/2168 2702/2669/2167 2699/2251/1164 1243/1966/1164
f 1243/1966/1164 2699/2251/1164 2697/2492/1164 1246/1968/1164
f 1246/1968/1164 2697/2492/1164 2695/2493/1164 1249/1970/1164
f 1249/1970/1164 2695/2493/1164 2693/2494/1164 1252/1972/1164
f 1252/1972/1164 2693/2494/1164 2691/2495/1164 1255/1974/1164
f 1255/1974/1164 2691/2495/1164 2689/2496/2169 1258/1976/2170
f 2734/2256/2171 2743/1978/2138 2641/2670/2172 2638/2671/2173
f 1234/1942/2152 2677/2659/2151 2675/2648/2174 1237/1915/2175
f 2671/2499/1164 1257/1982/1164 1260/1885/2099 2674/2633/2098
f 2669/2500/1164 1254/1984/1164 1257/1982/1164 2671/2499/1164
f 2667/2501/1164 1251/1986/1164 1254/1984/1164 2669/2500/1164
f 2665/2502/1164 1248/1988/1164 1251/1986/1164 2667/2501/1164
f 2663/2503/1164 1245/1990/1164 1248/1988/1164 2665/2502/1164
f 2673/2263/2176 2676/2264/2177 2678/2672/2178 2672/1994/2178
f 1257/1982/1164 1256/1995/1164 1259/1996/2179 1260/1885/2099
f 1256/1995/1164 1255/1974/1164 1258/1976/2170 1259/1996/2179
f 2672/2673/2178 2678/1998/2178 2680/2266/2181 2670/2504/2180
f 1254/1984/1164 1253/2001/1164 1256/1995/1164 1257/1982/1164
f 1253/2001/1164 1252/1972/1164 1255/1974/1164 1256/1995/1164
f 2670/2504/2180 2680/2266/2181 2682/2002/2182 2668/2003/2182
f 1251/1986/1164 1250/2004/1164 1253/2001/1164 1254/1984/1164
f 1250/2004/1164 1249/1970/1164 1252/1972/1164 1253/2001/1164
f 2668/2674/2182 2682/2506/2182 2684/2675/2184 2666/2676/2184
f 1248/1988/1164 1247/2009/1164 1250/2004/1164 1251/1986/1164
f 1247/2009/1164 1246/1968/1164 1249/1970/1164 1250/2004/1164
f 2666/2677/2184 2684/2678/2184 2686/2679/2185 2664/2272/2185
f 1245/1990/1164 1244/2014/1164 1247/2009/1164 1248/1988/1164
f 1244/2014/1164 1243/1966/1164 1246/1968/1164 1247/2009/1164
f 2664/2273/2185 2686/2680/2185 2687/2017/2186 2662/2274/2186
f 1242/2019/1164 1241/2020/1164 1244/2014/1164 1245/1990/1164
f 1241/2020/1164 1240/1964/2168 1243/1966/1164 1244/2014/1164
f 2662/2021/2187 2687/2022/2187 2648/2023/1096 2643/2024/1096
f 2728/2025/2188 2725/1903/2304 1219/1906/2119 1220/2026/2190
f 2723/2653/2135 2726/2652/2134 2727/2681/2305 2722/2277/2192
f 2720/2682/2306 2729/2683/2194 2731/2684/2195 2719/2685/2196
f 1236/2033/2197 1235/2034/2198 1238/2035/2199 1239/1912/2200
f 1235/2034/2201 1234/1942/2152 1237/1915/2175 1238/2035/2199
f 2713/2686/2202 1236/2033/2197 1239/1912/2203 2716/2645/2124
f 1233/2037/2204 1232/2038/2205 1235/2034/2198 1236/2033/2206
f 1232/2038/2205 1231/1940/2150 1234/1942/2152 1235/2034/2198
f 2711/2519/2207 1233/2037/2204 1236/2033/2197 2713/2686/2202
f 1230/2040/2208 1229/2041/2209 1232/2038/2205 1233/2037/2307
f 1229/2041/2209 1228/1938/2148 1231/1940/2150 1232/2038/2205
f 2709/2283/2210 1230/2040/2208 1233/2037/2204 2711/2519/2207
f 1227/2043/2211 1226/2044/2212 1229/2041/2209 1230/2040/2208
f 1226/2044/2212 1225/1936/2146 1228/1938/2148 1229/2041/2209
f 2707/2687/2213 1227/2043/2211 1230/2040/2208 2709/2283/2210
f 1224/1947/2214 1223/2046/2215 1226/2044/2212 1227/2043/2211
f 1223/2046/2215 1222/1934/2144 1225/1936/2146 1226/2044/2212
f 2705/2663/2158 1224/1947/2157 1227/2043/2211 2707/2687/2213
f 1221/1909/2122 1220/2026/2190 1223/2046/2215 1224/1947/2157
f 1220/2026/2190 1219/1906/2141 1222/1934/2144 1223/2046/2215
f 2661/2521/1164 1242/2019/1164 1245/1990/1164 2663/2503/1164
f 2736/2286/2171 2742/2049/2138 2743/1978/2138 2734/2256/2171
f 2732/2644/2121 2728/2025/2188 1220/2026/2190 1221/1909/2308
f 2656/2688/2309 2659/2689/2309 2704/2242/2218 2701/2485/2218
f 1238/2035/2199 1237/1915/2175 2744/2650/2131 2741/2690/2221
f 2802/2391/1750 1280/1754/1750 2818/2691/2310 2745/2692/2311
f 2639/2524/2222 2640/2525/2222 2676/2059/2176 2673/2060/2176
f 2737/1930/2139 2740/1929/2138 2742/2049/2138 2736/2286/2171
f 1239/1912/2203 1238/2035/2199 2741/2693/2221 2739/2646/2223
f 1258/1976/2224 2689/2496/2169 2651/2694/2225 2738/2695/2312
f 1259/1996/2179 1258/1976/2170 2738/2695/2226 2735/2696/2227
f 1260/1885/2228 1259/1996/2179 2735/2696/2227 2733/2634/2100
f 2645/2529/1164 2724/2065/1164 1242/2019/1164 2661/2521/1164
f 2724/2065/1164 2721/2066/1164 1241/2020/1164 1242/2019/1164
f 2721/2066/1164 2718/1961/2165 1240/1964/2168 1241/2020/1164
f 2813/1773/2313 2754/2697/2314 2784/2698/2315 1261/1776/2316
f 2766/2699/2317 2816/2700/2317 1262/1779/2318 2793/2407/2319
f 2804/2701/1164 1278/1782/1164 2824/2702/1164 2760/2703/1164
f 1277/1785/2320 2806/2704/2321 2750/2705/2322 2828/2587/2323
f 2807/1789/2324 2803/1790/2324 2762/2706/2325 2757/2707/2326
f 2752/2708/2327 2755/2709/2328 2814/2173/2329 2811/1796/2330
f 2758/1797/2331 2761/2710/2332 2823/2711/2333 2820/2712/2334
f 2786/1801/2324 2800/1802/2324 2803/1790/2324 2807/1789/2324
f 1261/1776/2316 2784/2698/2315 2781/2713/2335 1263/1804/2336
f 1263/1804/2337 2781/2714/2335 2779/2715/2338 1265/1806/2339
f 2810/1807/2340 2815/1808/2341 2768/2716/2342 2763/2717/2343
f 2793/2718/2318 1262/1779/2318 1264/1812/2318 2795/2719/2318
f 2791/2720/2344 2794/2721/2344 2796/2427/2345 2790/2428/2346
f 1275/1818/2347 2785/2722/2347 2808/2723/1750 1279/1821/1750
f 2809/1822/2348 2765/2724/2348 2792/2725/2349 1269/1825/2349
f 1269/1825/2349 2792/2726/2349 2789/2727/2349 1271/1827/2349
f 1271/1827/2349 2789/2727/2349 2787/2728/1750 1273/1829/1750
f 2790/1830/2346 2796/2729/2346 2798/1832/2324 2788/1833/2324
f 1267/1834/2350 2777/2730/2350 2806/2704/2351 1277/1785/2320
f 2775/2437/2352 1276/1837/2352 1280/1754/1750 2802/2391/1750
f 2773/2731/1750 1274/1839/1750 1276/1837/2352 2775/2437/2352
f 2771/2732/2353 1272/1841/2354 1274/1839/1750 2773/2731/1750
f 2817/1842/2355 2826/2733/2356 2749/2734/2357 2746/2735/2358
f 1265/1806/2339 2779/2715/2338 2777/2736/2350 1267/1834/2350
f 2788/1833/2324 2798/1832/2324 2800/1802/2324 2786/1801/2324
f 1273/1829/1750 2787/2737/1750 2785/2738/2347 1275/1818/2347
f 2801/1846/2359 2805/1847/2359 2778/1848/2359 2776/1849/2359
f 1288/1850/2352 1275/1818/2347 1279/1821/1750 1290/1851/1750
f 2830/1852/2360 2809/1822/2348 1269/1825/2349 1285/1853/2361
f 1284/1854/2350 1267/1834/2350 1277/1785/2362 1289/1855/1164
f 2776/1849/2359 2778/1848/2359 2780/1856/2363 2774/1857/2363
f 1287/1858/1750 1273/1829/1750 1275/1818/2347 1288/1850/2352
f 2774/2739/2363 2780/1860/2363 2782/2193/2364 2772/1862/2365
f 1286/1863/2353 1271/1827/2349 1273/1829/1750 1287/1858/1750
f 2772/1862/2365 2782/2193/2365 2783/1864/2366 2770/1865/2366
f 1285/1853/2361 1269/1825/2349 1271/1827/2349 1286/1863/2353
f 2770/1866/2366 2783/1867/2366 2756/2740/2359 2751/2741/2359
f 2829/2742/2367 2831/1871/2368 2815/1808/2341 2810/1807/2340
f 2799/2743/2369 1268/1873/2369 1278/1782/1164 2804/2701/1164
f 1283/1874/1164 1265/1806/2339 1267/1834/2350 1284/1854/2350
f 2797/2744/1164 1266/1876/1164 1268/1873/2369 2799/2743/2369
f 1282/1877/2370 1263/1804/2337 1265/1806/2339 1283/1874/1164
f 2795/2745/2318 1264/1812/2318 1266/1876/1164 2797/2746/1164
f 1281/1878/2371 1261/1776/2316 1263/1804/2337 1282/1877/2372
f 2769/2747/2349 1270/1880/2349 1272/1841/2373 2771/2732/2353
f 2816/2700/2317 2832/2748/2374 1281/1878/2371 1262/1779/2318
f 2764/2749/2375 2767/2199/2375 2794/2721/2344 2791/2720/2344
f 2841/2750/2376 2842/2350/2376 2868/1707/2377 2865/2558/2377
f 2747/1888/2378 2748/2203/2379 2805/1847/2359 2801/1846/2359
f 1278/1782/1164 1289/1855/1164 2838/2751/2111 2824/2702/1164
f 1279/1821/1750 2808/2723/1750 2759/2752/1750 2822/2753/1750
f 2821/2640/2380 2825/1901/2381 2837/2754/2382 2833/1896/2383
f 2753/2755/2384 2812/1898/2385 1270/1880/2349 2769/2747/2349
f 2812/1898/2386 2830/1852/2360 1285/1853/2387 1270/1880/2349
f 2832/2748/2374 2813/1773/2313 1261/1776/2316 1281/1878/2371
f 1290/1851/1750 1279/1821/1750 2822/2753/1750 2835/2756/2104
f 2834/2637/2388 2836/2757/2389 2827/2210/2390 2819/2211/2391
f 1289/1855/1164 1277/1785/2320 2828/2587/2323 2838/2751/2111
f 1280/1754/1750 1290/1851/1750 2835/2756/2104 2818/2691/2310
f 1262/1779/2318 1281/1878/2371 1282/1877/2372 1264/1812/2319
f 1264/1812/2318 1282/1877/2370 1283/1874/1164 1266/1876/1164
f 1266/1876/1164 1283/1874/1164 1284/1854/2350 1268/1873/2369
f 2811/1796/2392 2814/2173/2329 2831/1871/2368 2829/2742/2367
f 1270/1880/2349 1285/1853/2361 1286/1863/2353 1272/1841/2373
f 1272/1841/2354 1286/1863/2393 1287/1858/1750 1274/1839/1750
f 1274/1839/1750 1287/1858/1750 1288/1850/2352 1276/1837/2352
f 1268/1873/2369 1284/1854/2350 1289/1855/1164 1278/1782/1164
f 1276/1837/2352 1288/1850/2352 1290/1851/1750 1280/1754/1750
f 3293/2758/2394 2848/2759/2394 2880/1721/2395 3320/2760/2396
f 3287/2761/2397 2857/2762/2397 2882/2366/2397 3317/2763/2397
f 2859/2764/2398 2861/1728/2399 2885/2370/2400 2881/2765/2401
f 3313/2766/2402 2871/2134/2403 2853/2767/2404 3301/2768/2404
f 3316/2769/2405 2867/2770/2406 2844/2771/2407 3307/2772/2407
f 3292/2773/2408 3296/2774/2409 2862/2775/2410 2858/2776/2411
f 2874/1743/2412 2876/2382/2412 2877/1745/2412 2872/2777/2412
f 3320/2760/2413 2880/1721/2413 2869/2778/2414 3328/2779/2415
f 2865/2780/2377 2868/2574/2377 2870/1751/2377 2864/2390/2377
f 3328/2779/2416 2869/2778/2416 2867/2770/2416 3316/2769/2416
f 2924/2781/2098 1332/1885/2099 2983/2782/2417 2887/2783/2101
f 2881/2765/2418 2885/2370/2419 2876/2382/2420 2874/1743/2421
f 3304/2784/2422 3308/2785/2423 2843/1759/2424 2840/2786/2425
f 3323/2787/1164 2873/2788/1164 2871/2134/1164 3313/2766/1164
f 2864/1763/2426 2870/1764/2427 2879/1765/2428 2883/1766/2429
f 2883/2155/2430 2879/2789/2431 2850/2790/2432 2845/2791/2433
f 2872/2777/2412 2877/1745/2412 2856/2401/2434 2851/2792/2434
f 3317/2763/2435 2882/2366/2435 2873/2788/2435 3323/2787/2435
f 2975/2212/2436 2896/2793/2117 2938/2794/2118 1291/1906/2141
f 2908/2795/2120 2982/2796/2121 1293/1909/2122 2953/2797/2123
f 2966/2798/2124 1311/1912/2125 2989/2799/2126 2902/2219/2127
f 1309/1915/2128 2925/2800/2129 2892/2466/2130 2994/2801/2131
f 2940/1919/1094 2965/1920/1094 2904/2223/1094 2899/1922/1094
f 2894/2469/2132 2897/2802/2301 2976/2803/2134 2973/2804/2135
f 2900/2805/2136 2903/2806/2137 2990/1929/2138 2987/2807/2139
f 2942/2229/2140 2964/2230/2140 2965/1920/1094 2940/1919/1094
f 1291/1906/2141 2938/2794/2142 2935/2808/2143 1294/1934/2144
f 1294/1934/2144 2935/2808/2143 2933/2809/2145 1297/1936/2146
f 1297/1936/2146 2933/2809/2145 2931/2810/2147 1300/1938/2148
f 1300/1938/2148 2931/2810/2147 2929/2811/2149 1303/1940/2150
f 1303/1940/2150 2929/2811/2149 2927/2812/2151 1306/1942/2152
f 2967/2813/2153 2980/2814/2154 2910/2815/2155 2905/2816/2156
f 2953/2797/2123 1293/1909/2122 1296/1947/2157 2955/2817/2158
f 2951/2818/2159 2954/2819/2159 2956/1951/2160 2950/1952/2160
f 2950/1952/2160 2956/1951/2160 2958/2243/2161 2948/1954/2161
f 2948/1954/2161 2958/2243/2161 2960/2487/2162 2946/2244/2162
f 2946/2244/2162 2960/2487/2162 2962/2820/2163 2944/1958/2163
f 2944/1958/2163 2962/2820/2163 2964/2821/2140 2942/2248/2140
f 2968/2822/2165 2907/2823/2166 2952/2824/2167 1312/1964/2168
f 1312/1964/2168 2952/2824/2167 2949/2825/1164 1315/1966/1164
f 1315/1966/1164 2949/2825/1164 2947/2252/1164 1318/1968/1164
f 1318/1968/1164 2947/2252/1164 2945/2493/1164 1321/1970/1164
f 1321/1970/1164 2945/2493/1164 2943/2494/1164 1324/1972/1164
f 1324/1972/1164 2943/2494/1164 2941/2826/1164 1327/1974/1164
f 1327/1974/1164 2941/2826/1164 2939/2827/2169 1330/1976/2170
f 2984/2256/2171 2993/1978/2138 2891/2828/2172 2888/2829/2173
f 1306/1942/2152 2927/2812/2151 2925/2800/2174 1309/1915/2219
f 2921/2259/1164 1329/1982/1164 1332/1885/2099 2924/2781/2098
f 2919/1983/1164 1326/1984/1164 1329/1982/1164 2921/2259/1164
f 2917/1985/1164 1323/1986/1164 1326/1984/1164 2919/1983/1164
f 2915/1987/1164 1320/1988/1164 1323/1986/1164 2917/1985/1164
f 2913/2262/1164 1317/1990/1164 1320/1988/1164 2915/1987/1164
f 2923/2263/2176 2926/2264/2177 2928/1993/2178 2922/2830/2178
f 1329/1982/1164 1328/1995/1164 1331/1996/2179 1332/1885/2099
f 1328/1995/1164 1327/1974/1164 1330/1976/2437 1331/1996/2179
f 2922/1997/2178 2928/1998/2178 2930/1999/2180 2920/2504/2180
f 1326/1984/1164 1325/2001/1164 1328/1995/1164 1329/1982/1164
f 1325/2001/1164 1324/1972/1164 1327/1974/1164 1328/1995/1164
f 2920/2504/2180 2930/1999/2181 2932/2002/2182 2918/2267/2182
f 1323/1986/1164 1322/2004/1164 1325/2001/1164 1326/1984/1164
f 1322/2004/1164 1321/1970/1164 1324/1972/1164 1325/2001/1164
f 2918/2674/2182 2932/2831/2183 2934/2832/2184 2916/2008/2184
f 1320/1988/1164 1319/2009/1164 1322/2004/1164 1323/1986/1164
f 1319/2009/1164 1318/1968/1164 1321/1970/1164 1322/2004/1164
f 2916/2833/2184 2934/2834/2438 2936/2012/2185 2914/2510/2185
f 1317/1990/1164 1316/2014/1164 1319/2009/1164 1320/1988/1164
f 1316/2014/1164 1315/1966/1164 1318/1968/1164 1319/2009/1164
f 2914/2835/2185 2936/2836/2185 2937/2017/2186 2912/2274/2186
f 1314/2019/1164 1313/2020/1164 1316/2014/1164 1317/1990/1164
f 1313/2020/1164 1312/1964/2168 1315/1966/1164 1316/2014/1164
f 2912/2021/2187 2937/2022/2187 2898/2023/1096 2893/2024/1096
f 2978/2025/2188 2975/2212/2189 1291/1906/2119 1292/2026/2190
f 2973/2804/2135 2976/2803/2134 2977/2837/2305 2972/2838/2192
f 2970/2514/2306 2979/2839/2194 2981/2840/2195 2969/2841/2196
f 1308/2033/2197 1307/2034/2198 1310/2035/2199 1311/1912/2200
f 1307/2034/2198 1306/1942/2152 1309/1915/2175 1310/2035/2199
f 2963/2842/2202 1308/2033/2197 1311/1912/2203 2966/2798/2124
f 1305/2037/2204 1304/2038/2205 1307/2034/2198 1308/2033/2206
f 1304/2038/2205 1303/1940/2150 1306/1942/2152 1307/2034/2198
f 2961/2843/2207 1305/2037/2204 1308/2033/2197 2963/2842/2202
f 1302/2040/2208 1301/2041/2209 1304/2038/2205 1305/2037/2204
f 1301/2041/2209 1300/1938/2148 1303/1940/2150 1304/2038/2205
f 2959/2844/2210 1302/2040/2208 1305/2037/2204 2961/2843/2207
f 1299/2043/2211 1298/2044/2212 1301/2041/2209 1302/2040/2208
f 1298/2044/2212 1297/1936/2146 1300/1938/2148 1301/2041/2209
f 2957/2045/2213 1299/2043/2211 1302/2040/2208 2959/2844/2210
f 1296/1947/2214 1295/2046/2215 1298/2044/2212 1299/2043/2211
f 1295/2046/2215 1294/1934/2144 1297/1936/2146 1298/2044/2212
f 2955/2817/2158 1296/1947/2157 1299/2043/2211 2957/2045/2213
f 1293/1909/2122 1292/2026/2190 1295/2046/2215 1296/1947/2157
f 1292/2026/2190 1291/1906/2141 1294/1934/2144 1295/2046/2215
f 2911/2845/1164 1314/2019/1164 1317/1990/1164 2913/2262/1164
f 2986/2286/2171 2992/2049/2138 2993/1978/2138 2984/2256/2171
f 2982/2796/2121 2978/2025/2188 1292/2026/2190 1293/1909/2122
f 2906/2846/2217 2909/2689/2217 2954/2819/2218 2951/2818/2159
f 1310/2035/2199 1309/1915/2175 2994/2801/2131 2991/2847/2221
f 2889/2291/2222 2890/2292/2222 2926/2293/2176 2923/2060/2176
f 2987/2807/2139 2990/1929/2138 2992/2049/2138 2986/2286/2171
f 1311/1912/2203 1310/2035/2199 2991/2847/2221 2989/2799/2223
f 1330/1976/2224 2939/2827/2169 2901/2848/2225 2988/2849/2226
f 1331/1996/2179 1330/1976/2170 2988/2849/2226 2985/2528/2439
f 1332/1885/2228 1331/1996/2179 2985/2528/2227 2983/2782/2100
f 2895/2850/1164 2974/2065/1164 1314/2019/1164 2911/2845/1164
f 2974/2065/1164 2971/2066/1164 1313/2020/1164 1314/2019/1164
f 2971/2066/1164 2968/2822/2165 1312/1964/2168 1313/2020/1164
f 3052/2851/1750 1352/1754/1750 3068/1755/1768 2995/2852/1769
f 3063/2853/1781 3004/2854/1782 3034/1775/1783 1333/1776/1784
f 3016/2855/1785 3066/2162/1785 1334/1779/1786 3043/2856/1787
f 3054/2857/1164 1350/1782/1164 3074/1783/1164 3010/2858/1164
f 1349/1785/1788 3056/2410/1789 3000/2859/1790 3078/2860/1791
f 3057/1789/1094 3053/1790/1094 3012/1791/1792 3007/1792/1793
f 3002/2861/1794 3005/2862/1795 3064/2173/1796 3061/1796/1860
f 3008/2863/2440 3011/2864/1799 3073/1799/1800 3070/2865/2252
f 3036/1801/1094 3050/1802/1094 3053/1790/1094 3057/1789/1094
f 1333/1776/1802 3034/1775/1783 3031/2866/1803 1335/1804/1804
f 1335/1804/1804 3031/2867/1803 3029/2868/1805 1337/1806/1806
f 3060/1807/1807 3065/1808/1808 3018/2869/1809 3013/2870/1810
f 3043/2871/1786 1334/1779/1786 1336/1812/1786 3045/2719/1786
f 3041/2872/1811 3044/2873/1811 3046/2181/1812 3040/1817/1813
f 1347/1818/1814 3035/2874/1814 3058/2875/1750 1351/1821/1750
f 3059/1822/1815 3015/2876/1815 3042/2877/1816 1341/1825/1816
f 1341/1825/1816 3042/2877/1816 3039/2878/1816 1343/1827/1816
f 1343/1827/1816 3039/2878/1816 3037/2879/1750 1345/1829/1750
f 3040/1830/1813 3046/1831/1813 3048/1832/1094 3038/1833/1094
f 1339/1834/1817 3027/2435/1817 3056/2410/1789 1349/1785/1788
f 3025/2437/1818 1348/1837/1818 1352/1754/1750 3052/2851/1750
f 3023/2731/1750 1346/1839/1750 1348/1837/1818 3025/2437/1818
f 3021/2732/1819 1344/1841/1820 1346/1839/1750 3023/2731/1750
f 3067/1842/1821 3076/2880/1822 2999/1844/2441 2996/2881/1824
f 1337/1806/1806 3029/2868/1805 3027/2435/1817 1339/1834/1817
f 3038/1833/1094 3048/1832/1094 3050/1802/1094 3036/1801/1094
f 1345/1829/1750 3037/2879/1750 3035/2874/1814 1347/1818/1814
f 3051/1846/1096 3055/1847/1096 3028/1848/1096 3026/1849/1096
f 1360/1850/1818 1347/1818/1814 1351/1821/1750 1362/1851/1750
f 3080/2191/1825 3059/1822/1815 1341/1825/1816 1357/1853/1826
f 1356/1854/1817 1339/1834/1817 1349/1785/1788 1361/1855/1164
f 3026/1849/1096 3028/1848/1096 3030/1856/1827 3024/1857/1827
f 1359/1858/1750 1345/1829/1750 1347/1818/1814 1360/1850/1818
f 3024/2739/1827 3030/1860/1827 3032/2193/1828 3022/1862/1829
f 1358/1863/1819 1343/1827/1816 1345/1829/1750 1359/1858/1750
f 3022/1862/1828 3032/2193/1829 3033/1864/1830 3020/1865/1830
f 1357/1853/1861 1341/1825/1816 1343/1827/1816 1358/1863/1837
f 3020/1866/1830 3033/1867/1830 3006/1868/1096 3001/1869/1096
f 3079/1870/1831 3081/1871/1832 3065/1808/1808 3060/1807/1807
f 3049/2882/1833 1340/1873/1833 1350/1782/1164 3054/2857/1164
f 1355/1874/1164 1337/1806/1806 1339/1834/1817 1356/1854/1817
f 3047/2744/1164 1338/1876/1164 1340/1873/1833 3049/2882/1833
f 1354/1877/1834 1335/1804/1804 1337/1806/1806 1355/1874/1164
f 3045/2719/1786 1336/1812/1786 1338/1876/1164 3047/2744/1164
f 1353/1878/2442 1333/1776/1784 1335/1804/1804 1354/1877/1834
f 3019/2447/1816 1342/1880/1816 1344/1841/1836 3021/2732/1819
f 3066/2162/1785 3082/1881/1838 1353/1878/1835 1334/1779/1786
f 3014/2883/1839 3017/2199/1839 3044/2873/1811 3041/2872/1811
f 3091/1655/1096 3092/2078/1096 3122/2079/1096 3119/1658/1096
f 2997/1888/1845 2998/2203/1846 3055/1847/1096 3051/1846/1096
f 1350/1782/1164 1361/1855/1164 3088/1890/1847 3074/1783/1164
f 1351/1821/1750 3058/2875/1750 3009/2884/1750 3072/1892/1750
f 3071/2204/1848 3075/2885/1849 3087/1900/1850 3083/2209/1851
f 3003/2886/1852 3062/1898/1853 1342/1880/1816 3019/2447/1816
f 3062/1898/1853 3080/2191/1825 1357/1853/1826 1342/1880/1816
f 3082/1881/1838 3063/2853/1854 1333/1776/1784 1353/1878/1835
f 1362/1851/1750 1351/1821/1750 3072/1892/1750 3085/1899/1855
f 3084/2637/1856 3086/1895/1857 3077/2887/1858 3069/2211/1859
f 1361/1855/1164 1349/1785/1788 3078/2860/1791 3088/1890/1847
f 1352/1754/1750 1362/1851/1750 3085/1899/1855 3068/1755/1768
f 1334/1779/1786 1353/1878/1835 1354/1877/1834 1336/1812/1786
f 1336/1812/1786 1354/1877/1834 1355/1874/1164 1338/1876/1164
f 1338/1876/1164 1355/1874/1164 1356/1854/1817 1340/1873/1833
f 3061/1796/1797 3064/2173/1796 3081/1871/1832 3079/1870/1831
f 1342/1880/1816 1357/1853/1861 1358/1863/1837 1344/1841/1836
f 1344/1841/1820 1358/1863/1819 1359/1858/1750 1346/1839/1750
f 1346/1839/1750 1359/1858/1750 1360/1850/1818 1348/1837/1818
f 1340/1873/1833 1356/1854/1817 1361/1855/1164 1350/1782/1164
f 1348/1837/1818 1360/1850/1818 1362/1851/1750 1352/1754/1750
f 3110/2888/1731 3098/2889/1731 3128/2890/1731 3137/2891/1731
f 3097/2892/1730 3107/2893/1730 3136/2894/1730 3113/2895/1730
f 3109/1671/1094 3111/2091/1094 3138/1673/1094 3135/1674/1094
f 3120/1675/2262 3129/2093/2262 3103/2896/2263 3089/2897/2263
f 3144/2898/2264 3121/2547/2265 3094/2899/2266 3104/2900/2266
f 3096/2901/1993 3099/2902/1978 3112/2903/1978 3108/2904/1993
f 3130/1687/1994 3143/1688/1994 3106/2905/1995 3101/2906/1995
f 3132/2907/1996 3142/2908/1996 3143/1688/1994 3130/1687/1994
f 3137/2891/1731 3128/2890/1731 3125/2909/2267 3139/2342/2267
f 3139/2342/2267 3125/2909/2267 3123/2910/2267 3141/1696/2267
f 3114/1697/1096 3127/1698/1096 3100/2111/1096 3095/1700/1096
f 3118/1701/1096 3124/1702/1096 3126/1703/1096 3116/1704/1096
f 3119/1658/1096 3122/2079/1096 3124/1702/1096 3118/1701/1096
f 3141/1696/2267 3123/2910/2267 3121/2547/2264 3144/2898/2264
f 3116/1704/1096 3126/1703/1096 3127/1698/1096 3114/1697/1096
f 3147/2911/2005 3148/2912/2005 3174/1707/2006 3171/2351/2006
f 3135/1674/1094 3138/1673/1094 3140/1709/1996 3134/1710/1996
f 3134/1710/1996 3140/1709/1996 3142/2908/1996 3132/2907/1996
f 3102/2913/2268 3105/2914/2269 3093/2915/2270 3090/1714/2271
f 3117/2916/1164 3131/1716/1164 3129/2093/2013 3120/1675/2013
f 3115/2917/1164 3133/1718/1164 3131/1716/1164 3117/2916/1164
f 3113/2895/1730 3136/2894/1730 3133/1718/1164 3115/2917/1164
f 3166/2918/2016 3154/2919/2016 3186/2920/2017 3192/1722/2017
f 3153/2921/1164 3163/2126/1164 3188/2127/1164 3190/2922/1164
f 3165/2129/2018 3167/2565/2273 3191/2131/2020 3187/2765/2021
f 3172/2923/1164 3177/2134/1164 3159/2924/2022 3145/2925/2022
f 3184/2926/2023 3173/2376/2024 3150/2927/2025 3160/2140/2025
f 3152/2141/2026 3155/2928/2027 3168/2929/2028 3164/2144/2029
f 3180/1743/2030 3182/2382/2030 3183/2383/2030 3178/1746/2030
f 3192/1722/2017 3186/2920/2017 3175/2930/2023 3181/2931/2023
f 3171/2780/2006 3174/2932/2006 3176/2389/2006 3170/2933/2006
f 3181/2931/2023 3175/2930/2023 3173/2376/2023 3184/2926/2023
f 3250/2851/1164 1382/1754/1164 3266/1755/2031 3193/2852/2032
f 3187/2765/2021 3191/2131/2020 3182/2382/2030 3180/1743/2030
f 3158/2934/2033 3161/2935/2034 3149/2936/2035 3146/2937/2036
f 3169/2938/1164 3179/2154/1164 3177/2134/1164 3172/2923/1164
f 3170/1763/2006 3176/1764/2006 3185/1765/2037 3189/1766/2038
f 3189/2939/2038 3185/2399/2037 3156/2940/2039 3151/2941/2040
f 3178/1746/2030 3183/2383/2030 3162/1771/2278 3157/1772/2278
f 3190/2922/1164 3188/2127/1164 3179/2154/1164 3169/2938/1164
f 3261/2942/2443 3202/2943/2444 3232/1775/2445 1363/1776/2446
f 3214/2944/2447 3264/2945/2447 1364/1779/2046 3241/2946/2046
f 3252/2857/1750 1380/1782/1750 3272/1783/1750 3208/2858/1750
f 1379/1785/2048 3254/2947/2049 3198/2948/2050 3276/2949/2051
f 3255/2950/1094 3251/2951/1094 3210/2952/2448 3205/2953/2449
f 3200/2954/2450 3203/2955/2451 3262/2956/2452 3259/2957/2453
f 3206/2863/2058 3209/2864/2059 3271/1799/2060 3268/2865/2061
f 3234/2958/1094 3248/2959/1094 3251/2951/1094 3255/2950/1094
f 1363/1776/2446 3232/1775/2445 3229/2960/2063 1365/1804/2283
f 1365/1804/2064 3229/2961/2063 3227/2962/2065 1367/1806/2066
f 3258/2963/2454 3263/2964/2455 3216/2965/2456 3211/2966/2457
f 3241/2946/2046 1364/1779/2046 1366/1812/2046 3243/2967/2046
f 3239/2968/2071 3242/2969/2071 3244/2970/2073 3238/2971/2073
f 1377/1818/1833 3233/2874/1833 3256/2875/1164 1381/1821/1164
f 3257/2972/2458 3213/2973/2458 3240/2877/2075 1371/1825/2075
f 1371/1825/2075 3240/2877/2075 3237/2878/2075 1373/1827/2075
f 1373/1827/2075 3237/2878/2075 3235/2879/1164 1375/1829/1164
f 3238/2974/2073 3244/2975/2072 3246/2976/1094 3236/2977/1094
f 1369/1834/1818 3225/2435/1818 3254/2947/2049 1379/1785/2048
f 3223/2437/1817 1378/1837/1817 1382/1754/1164 3250/2851/1164
f 3221/2731/1164 1376/1839/1164 1378/1837/1817 3223/2437/1817
f 3219/2732/2076 1374/1841/2077 1376/1839/1164 3221/2731/1164
f 3265/2440/2078 3274/2188/2079 3197/2978/2080 3194/2979/2081
f 1367/1806/2066 3227/2962/2065 3225/2435/1818 1369/1834/1818
f 3236/2977/1094 3246/2976/1094 3248/2959/1094 3234/2958/1094
f 1375/1829/1164 3235/2879/1164 3233/2874/1833 1377/1818/1833
f 3249/1846/1096 3253/1847/1096 3226/2980/1096 3224/1849/1096
f 1390/1850/1817 1377/1818/1833 1381/1821/1164 1392/1851/1164
f 3278/1852/2459 3257/2972/2458 1371/1825/2075 1387/1853/2460
f 1386/1854/1818 1369/1834/1818 1379/1785/2048 1391/1855/1750
f 3224/1849/1096 3226/2980/1096 3228/2981/2084 3222/2982/2084
f 1389/1858/1164 1375/1829/1164 1377/1818/1833 1390/1850/1817
f 3222/2983/2084 3228/1860/2084 3230/1861/2086 3220/1862/2086
f 1388/1863/2076 1373/1827/2075 1375/1829/1164 1389/1858/1164
f 3220/1862/2085 3230/1861/2085 3231/2984/2087 3218/1865/2087
f 1387/1853/2460 1371/1825/2075 1373/1827/2075 1388/1863/2089
f 3218/1866/2087 3231/2622/2087 3204/1868/1096 3199/2985/1096
f 3277/2986/2461 3279/2987/2462 3263/2964/2455 3258/2963/2454
f 3247/2882/1814 1370/1873/1814 1380/1782/1750 3252/2857/1750
f 1385/1874/1750 1367/1806/2066 1369/1834/1818 1386/1854/1818
f 3245/2988/1750 1368/1876/1750 1370/1873/1814 3247/2882/1814
f 1384/1877/2092 1365/1804/2064 1367/1806/2066 1385/1874/1750
f 3243/2967/2046 1366/1812/2046 1368/1876/1750 3245/2988/1750
f 1383/1878/2463 1363/1776/2464 1365/1804/2064 1384/1877/2092
f 3217/2447/2075 1372/1880/2075 1374/1841/2094 3219/2732/2076
f 3264/2945/2447 3280/2989/2465 1383/1878/2463 1364/1779/2046
f 3212/2990/2466 3215/2991/2466 3242/2969/2071 3239/2968/2071
f 3195/1888/2102 3196/2203/2103 3253/1847/1096 3249/1846/1096
f 1380/1782/1750 1391/1855/1750 3286/1890/2104 3272/1783/1750
f 1381/1821/1164 3256/2875/1164 3207/2884/1164 3270/1892/1164
f 3269/2204/2105 3273/2885/2106 3285/1895/2107 3281/1896/2108
f 3201/2992/2467 3260/1898/2468 1372/1880/2469 3217/2447/2469
f 3260/1898/2468 3278/1852/2459 1387/1853/2470 1372/1880/2075
f 3280/2989/2471 3261/2942/2443 1363/1776/2446 1383/1878/2463
f 1392/1851/1164 1381/1821/1164 3270/1892/1164 3283/1899/2111
f 3282/2209/2112 3284/1895/2113 3275/2210/2114 3267/2211/2115
f 1391/1855/1750 1379/1785/2048 3276/2949/2051 3286/1890/2299
f 1382/1754/1164 1392/1851/1164 3283/1899/2111 3266/1755/2031
f 1364/1779/2046 1383/1878/2463 1384/1877/2092 1366/1812/2046
f 1366/1812/2046 1384/1877/2092 1385/1874/1750 1368/1876/1750
f 1368/1876/1750 1385/1874/1750 1386/1854/1818 1370/1873/1814
f 3259/2957/2472 3262/2956/2473 3279/2987/2462 3277/2986/2461
f 1372/1880/2075 1387/1853/2474 1388/1863/2089 1374/1841/2094
f 1374/1841/2077 1388/1863/2076 1389/1858/1164 1376/1839/1164
f 1376/1839/1164 1389/1858/1164 1390/1850/1817 1378/1837/1817
f 1370/1873/1814 1386/1854/1818 1391/1855/1750 1380/1782/1750
f 1378/1837/1817 1390/1850/1817 1392/1851/1164 1382/1754/1164
f 1393/2993/2475 1394/1662/1729 1395/2994/1723
f 1396/2995/2476 1397/1661/1728 1398/2996/2477
f 1399/2997/2478 1400/1645/1737 1401/2998/1719
f 1402/1631/2479 1403/2999/1722 1404/3000/1725
f 1405/1650/1126 1406/3001/1726 1407/3002/2475
f 1408/3003/2480 1409/1660/2481 1410/3004/2482
f 1411/1634/2483 1412/3005/1721 1413/3006/1094
f 1414/3007/2484 1415/1638/1120 1416/3008/2485
f 1425/3009/2486 1426/1714/2487 1427/3010/2488
f 1428/1656/1106 1429/3011/2489 1430/3012/2490
f 1431/1700/1096 1432/3013/1721 1433/3014/1731
f 1434/3015/1730 1435/1684/1722 1436/3016/1096
f 1437/3017/2491 1438/1711/2492 1439/3018/2493
f 1440/3019/2494 1441/1712/2495 1442/3020/2496
f 1443/3021/2497 1444/1686/1721 1445/3022/2482
f 1446/3023/1730 1447/1672/1094 1448/3024/1722
f 1481/3025/2498 1482/1760/2248 1483/3026/2499
f 1484/3027/1742 1485/1759/2500 1486/3028/2501
f 1487/1770/2250 1488/3029/2502 1489/3030/1750
f 1490/3031/2503 1491/1740/2504 1492/3032/2505
f 1493/1772/2506 1494/3033/2245 1495/3034/2242
f 1496/3035/2244 1497/1758/2246 1498/3036/2251
f 1499/3037/2507 1500/1742/1766 1501/3038/2508
f 1502/3039/1751 1503/1728/1754 1504/3040/1765
f 1529/1756/2509 1530/3041/2510 1531/3042/2511
f 1532/3043/2512 1533/1844/2441 1534/3044/1790
f 1535/1869/1096 1536/3045/2513 1537/3046/2514
f 1538/3047/1782 1539/1794/2515 1540/3048/1096
f 1541/1792/2516 1542/3049/2440 1543/3050/1750
f 1544/1784/2517 1545/3051/2518 1546/3052/1792
f 1547/1810/1810 1548/3053/2519 1549/3054/2520
f 1550/1777/2521 1551/3055/2253 1552/3056/2522
f 1601/3057/1821 1602/1755/2523 1603/3058/2524
f 1604/1800/2525 1605/3059/2526 1606/3060/2507
f 1607/3061/2527 1608/1783/2528 1609/3062/2529
f 1610/1843/2530 1611/3063/2531 1612/3064/2532
f 1617/3065/2533 1618/3066/2534 1619/1899/2535
f 1620/3067/1857 1621/3068/1850 1622/1890/2536
f 1623/3069/1844 1624/1980/2257 1625/3070/1965
f 1626/3071/2537 1627/1979/2538 1628/3072/2539
f 1629/2024/1132 1630/3073/2540 1631/3074/2541
f 1632/3075/2542 1633/1924/2543 1634/3076/2544
f 1635/1922/2545 1636/3077/2546 1637/3078/2547
f 1638/3079/2548 1639/1928/1883 1640/3080/1094
f 1641/1946/2549 1642/3081/2260 1643/3082/2550
f 1644/1907/2551 1645/3083/1961 1646/3084/1900
f 1703/1943/2552 1704/3085/1972 1705/3086/1942
f 1706/2029/2553 1707/3087/2554 1708/3088/1938
f 1713/2027/1937 1714/3089/2555 1715/3090/2556
f 1716/1944/2557 1717/3091/1941 1718/3092/1867
f 1731/3093/2261 1732/2083/1984 1733/3094/1979
f 1734/2054/1964 1735/3095/2558 1736/3096/1974
f 1737/2077/2559 1738/3097/1993 1739/3098/2560
f 1740/3099/1973 1741/2074/1978 1742/3100/1980
f 1743/1650/1094 1744/3001/2561 1745/3002/1976
f 1746/3101/2562 1747/2081/1982 1748/3102/1094
f 1749/3103/2563 1750/2075/1993 1751/3104/1126
f 1752/3007/2564 1753/2070/1126 1754/3008/2565
f 1763/3105/2566 1764/2118/2567 1765/3106/1107
f 1766/2078/1096 1767/3011/2270 1768/3107/2266
f 1769/1700/1096 1770/3013/1977 1771/3014/1730
f 1772/3108/2568 1773/3109/2565 1774/3016/1096
f 1775/2104/2569 1776/3110/2570 1777/3111/2566
f 1778/3112/2571 1779/3113/2572 1780/3020/2573
f 1781/3114/2574 1782/2102/2575 1783/3022/1120
f 1784/3023/1731 1785/2091/2545 1786/3024/1978
f 1819/3115/2576 1820/1760/2577 1821/3116/2005
f 1822/3027/2578 1823/1759/2579 1824/3028/2580
f 1825/2157/2581 1826/3117/2582 1827/3118/2583
f 1828/3031/2584 1829/2142/2585 1830/3119/2586
f 1831/2159/2587 1832/3120/2033 1833/3121/2588
f 1834/3122/2589 1835/2152/2034 1836/3123/2041
f 1837/3124/2590 1838/2144/2591 1839/3125/2592
f 1840/3126/2593 1841/2130/2594 1842/3127/2028
f 1867/2150/2032 1868/3041/2595 1869/3042/2596
f 1870/3043/2597 1871/2189/2598 1872/3128/2050
f 1873/1869/1096 1874/3045/2599 1875/3046/2600
f 1876/3129/2601 1877/2172/2602 1878/3048/1096
f 1879/2170/2603 1880/3049/2604 1881/3050/2517
f 1882/2165/1750 1883/3051/2605 1884/3052/2448
f 1885/2177/2070 1886/3053/2606 1887/3130/2607
f 1888/2161/2045 1889/3131/2608 1890/3132/2609
f 1939/3057/2610 1940/1755/2611 1941/3058/2612
f 1942/1800/2613 1943/3059/2105 1944/3060/2614
f 1945/3061/2615 1946/1783/1750 1947/3062/2106
f 1948/2188/2616 1949/3063/2617 1950/3064/2618
f 1955/3133/2619 1956/3134/2112 1957/1899/2620
f 1958/3135/2621 1959/3136/2622 1960/1890/2623
f 1961/3137/2101 1962/2258/2173 1963/3070/2222
f 1964/3071/2222 1965/2257/2624 1966/3138/2625
f 1967/2024/1096 1968/3073/2132 1969/3074/1164
f 1970/3075/2626 1971/2225/2627 1972/3139/1106
f 1973/1922/1094 1974/3077/2628 1975/3140/2225
f 1976/3079/2127 1977/2228/2302 1978/3141/1120
f 1979/2239/2629 1980/3142/2630 1981/3143/2631
f 1982/2215/2632 1983/3144/2217 1984/3145/2633
f 2041/2236/2634 2042/3146/2165 2043/3147/2635
f 2044/2278/2636 2045/3148/2637 2046/3149/2638
f 2051/2276/2191 2052/3089/2188 2053/3150/2639
f 2054/3151/2640 2055/2279/2195 2056/3152/2641
f 2069/3153/1720 2070/2314/1729 2071/2994/1723
f 2072/2290/1723 2073/3095/2642 2074/3096/2643
f 2075/1654/2644 2076/3154/2645 2077/3098/2646
f 2078/3155/1717 2079/2074/1722 2080/3156/1725
f 2081/1650/1126 2082/3001/2647 2083/3002/2648
f 2084/3157/2649 2085/2312/2481 2086/3158/1126
f 2087/3103/1719 2088/1648/2650 2089/3104/1123
f 2090/3007/2484 2091/1638/1094 2092/3008/2485
f 2101/3159/2651 2102/2356/2652 2103/3160/1106
f 2104/2309/2653 2105/3161/2654 2106/3162/2655
f 2107/1700/1096 2108/3013/2656 2109/3014/1731
f 2110/3163/1730 2111/2333/2657 2112/3164/1096
f 2113/3165/2658 2114/2353/2659 2115/3166/2493
f 2116/3167/2660 2117/2354/2661 2118/3168/2662
f 2119/3169/1731 2120/2335/2650 2121/3022/1126
f 2122/3023/1730 2123/2323/2663 2124/3024/2664
f 2157/3170/2665 2158/2396/2666 2159/3171/2499
f 2160/3172/2667 2161/2395/2668 2162/3173/2669
f 2163/1770/1777 2164/3174/2502 2165/3175/2554
f 2166/3176/2670 2167/1740/2671 2168/3177/2672
f 2169/2402/2506 2170/3120/2673 2171/3178/2674
f 2172/3179/2675 2173/2394/2676 2174/3180/2677
f 2175/3181/2507 2176/2380/2678 2177/3182/1753
f 2178/3183/2679 2179/2369/2680 2180/3184/2681
f 2205/3185/2682 2206/2443/2683 2207/3186/2684
f 2208/3043/2685 2209/2442/2686 2210/3044/2687
f 2211/1869/2688 2212/3045/2689 2213/3046/2690
f 2214/3187/2691 2215/2413/2692 2216/3048/2693
f 2217/1792/2694 2218/3049/2695 2219/3050/2507
f 2220/2409/2696 2221/3188/2697 2222/3052/2698
f 2223/2422/2699 2224/3053/2700 2225/3189/1815
f 2226/2405/2521 2227/3190/1839 2228/3191/1809
f 2277/2440/2701 2278/3192/2702 2279/3193/1859
f 2280/1800/2703 2281/3059/2704 2282/3060/2705
f 2283/3194/2706 2284/1783/1501 2285/3062/2707
f 2286/2441/2708 2287/3195/1858 2288/3196/2709
f 2293/3197/2533 2294/3134/2534 2295/1899/2535
f 2296/3198/2710 2297/3199/2711 2298/1890/2712
f 2299/3200/2713 2300/2498/2714 2301/3070/2537
f 2302/3071/2715 2303/2497/2716 2304/3201/2717
f 2305/2024/1096 2306/3073/1878 2307/3074/1750
f 2308/3202/2718 2309/2470/2719 2310/3203/1106
f 2311/1922/2663 2312/3077/2720 2313/3204/2721
f 2314/3079/2722 2315/2474/2723 2316/3205/1094
f 2317/2483/2724 2318/3206/2725 2319/3207/2726
f 2320/2460/2727 2321/3208/2260 2322/3209/1900
f 2379/2480/2728 2380/3210/2729 2381/3211/2730
f 2382/2514/2731 2383/3212/2507 2384/3088/2732
f 2389/2512/2733 2390/3089/2734 2391/3090/1940
f 2392/2481/1899 2393/3213/1941 2394/3092/1867
f 2407/3214/2735 2408/2083/2736 2409/2994/1964
f 2410/2054/2737 2411/3095/2738 2412/3096/2739
f 2413/2077/2740 2414/3097/2741 2415/3098/2742
f 2416/3155/2743 2417/2539/2744 2418/3215/2745
f 2419/1650/2746 2420/3001/2747 2421/3002/2748
f 2422/3003/2562 2423/2541/2749 2424/3158/1117
f 2425/3103/1975 2426/1648/2750 2427/3104/1126
f 2428/3007/1973 2429/2070/1126 2430/3008/2751
f 2439/3216/2566 2440/2562/2752 2441/3217/1106
f 2442/2078/2753 2443/3011/2754 2444/3107/2755
f 2445/1700/1107 2446/3013/2756 2447/3014/2757
f 2448/3218/2758 2449/2333/2759 2450/3016/1107
f 2451/2104/2760 2452/3110/2761 2453/3111/2263
f 2454/3219/2571 2455/2560/2269 2456/3020/1995
f 2457/3169/2757 2458/2335/2762 2459/3022/1123
f 2460/3023/1731 2461/2091/1094 2462/3024/1978
f 2495/3220/2763 2496/2577/2764 2497/3221/2765
f 2498/3222/2578 2499/2576/2766 2500/3223/2589
f 2501/2579/2581 2502/3224/2582 2503/3225/1164
f 2504/3226/2593 2505/1740/2767 2506/3177/2768
f 2507/2581/2041 2508/3227/2769 2509/3228/2022
f 2510/3229/2770 2511/2152/2771 2512/3230/2772
f 2513/3181/1500 2514/2380/2773 2515/3231/2592
f 2516/3039/2774 2517/2565/2775 2518/3232/2776
f 2543/3233/2777 2544/2614/2778 2545/3186/2779
f 2546/3043/2780 2547/2613/2781 2548/3128/2782
f 2549/2624/2783 2550/3234/2784 2551/3235/2785
f 2552/3047/2786 2553/2591/2787 2554/3236/2788
f 2555/2589/2449 2556/3049/2789 2557/3050/1500
f 2558/2409/2541 2559/3188/2790 2560/3052/2791
f 2561/2600/2287 2562/3237/2792 2563/3238/2793
f 2564/2582/2794 2565/3239/2795 2566/3240/2796
f 2615/2611/2797 2616/3192/2798 2617/3241/2799
f 2618/1800/2800 2619/3059/2801 2620/3060/2802
f 2621/3194/2803 2622/1783/2804 2623/3062/2805
f 2624/2612/2806 2625/3242/2114 2626/3243/2807
f 2631/3197/2108 2632/3134/2808 2633/1899/2620
f 2634/3198/2809 2635/3199/2810 2636/1890/2623
f 2637/3244/2811 2638/2671/2812 2639/3245/2813
f 2640/3071/2814 2641/2670/2815 2642/3246/2130
f 2643/2024/1106 2644/3073/2132 2645/3074/2637
f 2646/3247/2816 2647/2651/2817 2648/3248/1133
f 2649/1922/1117 2650/3077/2818 2651/3249/2819
f 2652/3250/2820 2653/2655/2821 2654/3205/1126
f 2655/2662/2822 2656/3206/2823 2657/3207/2166
f 2658/2643/2632 2659/3251/2217 2660/3252/2155
f 2717/2660/2824 2718/3085/2825 2719/3211/2826
f 2720/2682/2827 2721/3212/2828 2722/3253/2829
f 2727/2681/2305 2728/3089/2830 2729/3254/2194
f 2730/3255/2640 2731/2684/2195 2732/3256/2641
f 2745/3185/2831 2746/2735/2832 2747/3186/2833
f 2748/3257/2834 2749/2734/2835 2750/3258/2836
f 2751/2741/2359 2752/3045/2327 2753/3259/2384
f 2754/3260/2314 2755/2709/2837 2756/3261/2359
f 2757/2707/2838 2758/3049/2839 2759/3050/1750
f 2760/2703/1164 2761/3262/2840 2762/3263/2841
f 2763/2717/2842 2764/3264/2843 2765/3189/2844
f 2766/2699/2845 2767/3131/2846 2768/3265/2847
f 2817/1842/2848 2818/3192/2849 2819/3193/2391
f 2820/2712/2850 2821/3059/2851 2822/3060/2804
f 2823/3266/2852 2824/2702/1164 2825/3267/2381
f 2826/2733/2356 2827/3195/2853 2828/3268/2854
f 2833/3269/2855 2834/3270/2856 2835/2756/2857
f 2836/3271/2858 2837/3272/2859 2838/2751/2860
f 2839/3025/2861 2840/2786/2862 2841/3273/2376
f 2842/3274/2863 2843/1759/2864 2844/3275/2865
f 2845/2791/2866 2846/3276/2867 2847/3277/1164
f 2848/3278/2868 2849/3279/2869 2850/3280/2870
f 2851/2792/2871 2852/3281/2872 2853/3282/2873
f 2854/3283/2874 2855/3284/2875 2856/3285/2876
f 2857/3181/2517 2858/2776/2877 2859/3286/2878
f 2860/3183/2879 2861/1728/2880 2862/3287/2881
f 2887/3200/2101 2888/2829/2882 2889/3070/2883
f 2890/3071/2813 2891/2828/2884 2892/3201/2625
f 2893/2024/1107 2894/3073/2885 2895/3288/2583
f 2896/3075/2886 2897/2802/2887 2898/3289/2544
f 2899/1922/1094 2900/3077/2888 2901/3140/2889
f 2902/3290/2820 2903/2806/2821 2904/3205/1094
f 2905/2816/2890 2906/3291/2891 2907/3292/2892
f 2908/2795/2632 2909/3083/2891 2910/3293/2893
f 2967/2813/2153 2968/3294/2165 2969/3295/2196
f 2970/2514/2193 2971/3087/2894 2972/3149/2895
f 2977/2837/2896 2978/3089/2188 2979/3254/2897
f 2980/3296/2898 2981/2840/2899 2982/3297/2900
f 2995/3298/2901 2996/2881/2902 2997/3186/2903
f 2998/3043/2904 2999/1844/2905 3000/3299/1790
f 3001/1869/2693 3002/3045/2906 3003/3046/2907
f 3004/3260/2908 3005/2862/2909 3006/3048/1107
f 3007/1792/2910 3008/3049/2911 3009/3050/1750
f 3010/2858/2912 3011/3300/2913 3012/3052/2914
f 3013/2870/1810 3014/3301/2915 3015/3302/2520
f 3016/2855/1785 3017/3190/2916 3018/3303/2917
f 3067/1842/2918 3068/3192/2919 3069/3193/2920
f 3070/2865/2921 3071/3059/2922 3072/3060/2923
f 3073/3304/2924 3074/1783/2614 3075/3062/2707
f 3076/2880/2925 3077/3063/2926 3078/3064/2927
f 3083/3133/2533 3084/3134/2534 3085/1899/1855
f 3086/3135/1857 3087/3199/1850 3088/1890/2536
f 3089/3009/2263 3090/1714/2271 3091/3106/2928
f 3092/2078/1133 3093/3011/2929 3094/3107/2571
f 3095/1700/1096 3096/3013/2930 3097/3014/2574
f 3098/3305/1731 3099/2902/2931 3100/3016/1133
f 3101/2906/2932 3102/3110/2933 3103/3306/2566
f 3104/3307/2266 3105/2914/2269 3106/3020/2934
f 3107/3308/1730 3108/2904/1977 3109/3022/1117
f 3110/3023/2935 3111/2091/2663 3112/3024/2931
f 3145/3309/2936 3146/2937/2937 3147/3310/2938
f 3148/3274/2938 3149/2936/2035 3150/3311/2025
f 3151/2941/2277 3152/3312/2026 3153/3313/1164
f 3154/3314/2939 3155/2928/2940 3156/3315/2941
f 3157/1772/2278 3158/3316/2942 3159/3317/2873
f 3160/3035/2580 3161/2935/2943 3162/3285/2944
f 3163/3124/2517 3164/2144/2945 3165/3125/2946
f 3166/3039/2947 3167/2565/2019 3168/3318/2028
f 3193/3319/2777 3194/2979/2778 3195/3320/2779
f 3196/3257/2597 3197/2978/2948 3198/3299/2050
f 3199/2985/2544 3200/3321/2949 3201/3259/2950
f 3202/3322/2951 3203/2955/2952 3204/3323/1106
f 3205/2953/2449 3206/3049/2604 3207/3050/1164
f 3208/2858/2554 3209/3300/2605 3210/3052/2448
f 3211/2966/2953 3212/3324/2466 3213/3325/2954
f 3214/2944/2955 3215/3326/2956 3216/3327/2957
f 3265/2440/2958 3266/3328/2959 3267/3329/2960
f 3268/2865/2061 3269/3059/2105 3270/3060/2637
f 3271/3304/2060 3272/1783/2554 3273/3062/2805
f 3274/2188/2616 3275/3330/2961 3276/3196/2962
f 3281/3133/2963 3282/3134/2964 3283/1899/2111
f 3284/3135/2809 3285/3199/2107 3286/1890/2623
f 1418/1636/1720 1393/1642/2475 1395/3331/1723 1417/3332/1723
f 1394/1662/2965 1397/1661/2966 1396/2995/1723 1395/2994/1723
f 1420/1632/2967 1402/1631/1717 1404/3000/1725 1419/3333/1723
f 1403/1646/1722 1400/1645/1737 1399/3334/1725 1404/3335/1725
f 1411/1634/2968 1401/1631/2968 1400/3336/1721 1412/3005/1721
f 1402/1631/2479 1414/1630/2484 1416/3005/1722 1403/3336/1722
f 1415/1638/1094 1413/1637/2969 1412/3337/1721 1416/3008/1722
f 1422/3338/1720 1411/3339/2483 1413/1637/1094 1421/1640/2482
f 1424/3340/1718 1408/3341/2970 1410/1649/1094 1423/1639/1094
f 1409/3342/2971 1406/3343/1726 1405/1650/1094 1410/1649/1094
f 1393/3344/1720 1407/3345/1720 1406/1659/1726 1394/1662/1729
f 1408/3003/1718 1398/2996/1718 1397/1661/2972 1409/1660/1727
f 1401/1631/1719 1418/1636/2475 1417/3346/1723 1399/3347/2478
f 1398/1643/1718 1420/1632/1718 1419/3333/1723 1396/3348/1723
f 1407/3002/2475 1422/3349/2475 1421/1640/1126 1405/1650/1094
f 1414/3007/1717 1424/3350/2973 1423/1639/1094 1415/1638/1120
f 1456/3351/1732 1425/3352/2974 1427/1655/1096 1455/1658/1096
f 1426/3353/1749 1429/3354/1748 1428/1656/1096 1427/1655/1096
f 1464/3355/2574 1434/3356/1730 1436/1699/1096 1463/1698/1096
f 1435/3357/1722 1432/3013/1737 1431/1700/1096 1436/1699/1096
f 1443/3021/1731 1433/3358/1731 1432/1683/1721 1444/1686/1721
f 1434/3359/1730 1446/3360/2975 1448/1685/1722 1435/1684/1722
f 1447/3361/1094 1445/3022/1094 1444/1686/1721 1448/1685/2976
f 1472/3362/1731 1443/3363/1731 1445/1671/1094 1471/1674/1094
f 1480/3364/1734 1440/3365/2977 1442/1689/2978 1479/1688/1738
f 1441/1712/2979 1438/1711/2980 1437/1690/1739 1442/1689/1739
f 1425/3366/2493 1439/3367/1733 1438/1711/1746 1426/1714/2981
f 1440/3019/2982 1430/3368/2982 1429/1713/2983 1441/1712/2979
f 1433/3014/1731 1449/3369/1731 1450/1697/1096 1431/1700/1107
f 1449/3369/2497 1451/3370/1750 1452/1704/1096 1450/1697/1096
f 1451/3370/1750 1453/3371/1750 1454/1701/1096 1452/1704/1096
f 1453/3371/1750 1456/3351/2240 1455/1658/1096 1454/1701/1096
f 1430/3372/2977 1457/3373/1735 1458/1657/1096 1428/1656/1133
f 1457/3373/1735 1459/3374/1741 1460/1702/1096 1458/1657/1096
f 1459/3375/2984 1461/3376/2985 1462/1703/1096 1460/1702/1096
f 1461/3376/1741 1464/3355/1730 1463/1698/1096 1462/1703/1107
f 1439/3377/2493 1465/3378/2240 1466/1687/1738 1437/1690/2978
f 1465/3379/1732 1467/3380/1750 1468/1691/1745 1466/1687/1738
f 1467/3380/1750 1469/3381/2507 1470/1710/1745 1468/1691/1745
f 1469/3381/1750 1472/3362/1731 1471/1674/1094 1470/1710/2986
f 1446/3023/1730 1473/3382/1730 1474/1673/1094 1447/1672/1094
f 1473/3382/1730 1475/3383/1741 1476/1709/1745 1474/1673/1094
f 1475/3384/2984 1477/3385/1741 1478/1692/1740 1476/1709/1740
f 1477/3386/1741 1480/3387/1734 1479/1688/1738 1478/1692/1740
f 1508/1731/1750 1481/1734/2987 1483/3388/1742 1507/3389/1744
f 1482/1760/2248 1485/1759/2988 1484/3390/2989 1483/3391/2989
f 1522/3392/1752 1490/3393/2503 1492/1769/1776 1521/1768/2990
f 1491/3394/2991 1488/3029/1763 1487/1770/2250 1492/1769/1776
f 1499/3037/1750 1489/3395/1750 1488/1739/2992 1500/1742/1766
f 1490/3396/1751 1502/3397/1751 1504/1741/1765 1491/1740/2991
f 1503/3398/1754 1501/3399/1753 1500/1742/1766 1504/1741/2993
f 1524/3400/1750 1499/3401/1750 1501/1727/2508 1523/1730/1756
f 1520/3402/2994 1496/3403/2995 1498/1771/2996 1519/1745/2997
f 1497/3404/2246 1494/3033/2998 1493/1772/2999 1498/1771/2999
f 1481/3405/3000 1495/3406/3001 1494/1757/3002 1482/1760/3003
f 1496/3035/3004 1486/3028/3005 1485/1759/3006 1497/1758/3007
f 1526/1726/1750 1505/1761/3008 1506/3407/1743 1525/3408/3009
f 1505/1761/1750 1508/1731/1750 1507/3409/1743 1506/3407/3010
f 1486/1737/2244 1509/1736/3011 1510/3410/1743 1484/3411/2989
f 1509/1736/1761 1511/1747/2243 1512/3412/1744 1510/3413/1743
f 1495/3414/3012 1513/3415/3013 1514/1746/3014 1493/1772/3015
f 1513/3415/1750 1515/3416/2507 1516/1743/1767 1514/1746/1767
f 1528/3417/1752 1517/3418/1761 1518/1744/1767 1527/1729/1755
f 1517/3419/3016 1520/3420/3016 1519/1745/1767 1518/1744/3017
f 1511/1747/1761 1522/1721/3018 1521/3421/3019 1512/3422/1743
f 1515/3416/1750 1524/3400/3020 1523/1730/1756 1516/1743/1767
f 1489/3423/1750 1526/3424/1750 1525/1767/1775 1487/1770/1777
f 1502/3039/1751 1528/3425/3021 1527/1729/1755 1503/1728/1754
f 1586/1753/1750 1529/1756/1769 1531/3042/3022 1585/3426/1107
f 1530/1845/3023 1533/1844/2905 1532/3043/1846 1531/3186/3024
f 1568/3427/1783 1538/3428/3025 1540/1868/1133 1567/1867/3026
f 1539/3429/1795 1536/3045/2513 1535/1869/1096 1540/1868/1096
f 1596/1898/1853 1537/1897/3027 1536/3430/3028 1595/3431/1860
f 1600/3432/2521 1550/3433/1785 1552/1809/2917 1599/1808/1808
f 1551/3434/3029 1548/3053/2916 1547/1810/1810 1552/1809/2917
f 1576/1824/1816 1549/1823/1815 1548/3435/1839 1575/3436/1811
f 1588/3437/1164 1544/3438/1164 1546/1791/3030 1587/1790/1094
f 1545/3439/3031 1542/3049/1798 1541/1792/1793 1546/1791/1792
f 1606/1892/3032 1543/1891/1750 1542/3440/2440 1604/3441/3033
f 1612/3064/3034 1534/3044/3035 1533/1844/3036 1610/1843/3037
f 1537/1897/1852 1553/1879/1816 1554/3442/1830 1535/3443/1096
f 1553/1879/1816 1555/1840/1819 1556/3444/1828 1554/3442/1830
f 1555/1840/1819 1557/1838/1750 1558/3445/3038 1556/3446/1829
f 1557/1838/1750 1559/1836/1818 1560/3447/1096 1558/3448/1827
f 1590/1786/3039 1561/1835/1817 1562/3449/1096 1589/3450/1096
f 1561/1835/1817 1563/1805/1805 1564/3451/1827 1562/3452/1096
f 1563/1805/3040 1565/1803/3041 1566/3453/1829 1564/3451/1827
f 1565/1803/1803 1568/1775/3042 1567/3454/3043 1566/3455/1829
f 1592/1820/1750 1569/1819/1814 1570/3456/1094 1591/3457/1094
f 1569/1819/1814 1571/1828/3044 1572/3458/1094 1570/3456/1094
f 1571/1828/1750 1573/1826/1816 1574/3459/1812 1572/3460/1094
f 1573/1826/1816 1576/1824/3045 1575/3461/1840 1574/3462/3046
f 1550/1777/1785 1577/1780/1787 1578/3463/1811 1551/3055/1839
f 1577/1811/1786 1579/1813/1786 1580/3464/3046 1578/3465/1840
f 1579/3466/1786 1581/3467/1164 1582/1832/1094 1580/1831/1813
f 1581/3467/1164 1583/3468/1833 1584/1802/1094 1582/1832/1094
f 1559/1836/3047 1586/1753/2507 1585/3426/1107 1560/3447/1096
f 1583/3468/1833 1588/3437/1500 1587/1790/1094 1584/1802/1094
f 1534/1787/1790 1590/1786/3039 1589/3469/1096 1532/3470/2512
f 1543/1891/1750 1592/1820/1750 1591/3457/1094 1541/3471/3048
f 1549/1823/1815 1593/1822/2520 1594/3472/1807 1547/3473/1810
f 1614/1852/3049 1596/1898/1853 1595/3474/1797 1613/3475/3050
f 1538/3047/1782 1597/3476/1781 1598/1795/3051 1539/1794/1795
f 1616/3477/1838 1600/3478/1785 1599/1808/1808 1615/1871/1832
f 1529/1756/1769 1602/1755/3052 1601/3057/3053 1530/3041/1824
f 1619/1899/2535 1606/1892/1750 1605/3479/1848 1617/3065/1851
f 1544/1784/2517 1608/1783/2517 1607/3061/2706 1545/3051/2518
f 1622/1890/3054 1612/1788/2532 1611/3480/2531 1620/3067/3055
f 1609/3481/1849 1605/3059/1848 1604/1800/1801 1607/1799/1800
f 1610/1843/1822 1601/1842/1821 1603/3482/1859 1611/3483/2531
f 1593/1822/1815 1614/1852/3049 1613/3475/3050 1594/3472/3056
f 1597/3476/1854 1616/3477/1838 1615/1871/1832 1598/1795/3051
f 1602/1755/1768 1619/1899/2535 1618/3484/1856 1603/3485/1859
f 1608/1783/2828 1622/1890/1847 1621/3486/1850 1609/3487/1849
f 1620/1900/1857 1618/1896/1856 1617/1896/1851 1621/1895/3057
f 1660/1884/3058 1623/1887/1844 1625/3488/1965 1659/3489/1921
f 1624/1980/3059 1627/1979/3060 1626/3071/2537 1625/3070/2537
f 1674/3490/1887 1632/3491/1863 1634/2023/1096 1673/2022/1931
f 1633/3492/1879 1630/3493/1878 1629/2024/1096 1634/2023/1096
f 1710/3494/1750 1631/3495/3032 1630/1923/1878 1709/1926/1881
f 1718/3092/1867 1644/3496/1866 1646/1945/1900 1716/1944/3061
f 1645/3497/1961 1642/3498/2260 1641/1946/1901 1646/1945/3062
f 1688/1963/1911 1643/1962/1910 1642/3499/2260 1687/3500/1904
f 1702/3501/3063 1638/3502/2548 1640/1921/1094 1701/1920/1094
f 1639/3503/3064 1636/3504/3065 1635/1922/1094 1640/1921/1117
f 1724/3505/1969 1637/3506/3066 1636/1927/3065 1723/1930/3067
f 1730/3507/3068 1628/3508/3069 1627/1979/3070 1729/1978/3071
f 1631/3074/1750 1647/3509/2507 1648/2021/3072 1629/2024/1133
f 1647/2047/1750 1649/1989/1750 1650/3510/1930 1648/3511/1931
f 1649/1989/1750 1651/1987/1750 1652/3512/3073 1650/3513/1930
f 1651/1987/1750 1653/1985/1750 1654/3514/1927 1652/3515/3074
f 1653/1985/1750 1655/1983/3044 1656/3516/3075 1654/3517/1927
f 1655/1983/1750 1657/1981/3044 1658/3518/1922 1656/3519/1924
f 1657/1981/1750 1660/1884/3076 1659/3520/1920 1658/3521/1922
f 1628/1917/1876 1661/1916/3077 1662/3522/1921 1626/3523/1965
f 1661/1916/1875 1663/1941/1896 1664/3524/3078 1662/3525/1921
f 1663/1941/1896 1665/1939/3079 1666/3526/1924 1664/3527/1922
f 1665/1939/1894 1667/1937/1892 1668/3528/1927 1666/3529/1925
f 1667/1937/1892 1669/1935/1890 1670/3530/3073 1668/3531/1927
f 1669/1935/3080 1671/1933/1888 1672/3532/3081 1670/3533/1928
f 1671/1933/1888 1674/1905/3082 1673/3534/1931 1672/3535/1930
f 1637/3536/1968 1675/3537/1913 1676/1919/1094 1635/1922/1094
f 1675/3537/1913 1677/3538/1750 1678/1931/1886 1676/1919/1120
f 1677/1973/1750 1679/1971/1750 1680/3539/3083 1678/3540/1886
f 1679/1971/1750 1681/1969/3084 1682/3541/3085 1680/3542/3086
f 1681/1969/1750 1683/1967/1750 1684/3543/1906 1682/3541/3085
f 1683/1967/2554 1685/1965/3087 1686/3544/3088 1684/3545/3089
f 1685/1965/1750 1688/1963/1911 1687/3546/3090 1686/3544/3088
f 1644/1907/1866 1689/1910/3091 1690/3547/3092 1645/3083/2260
f 1689/1910/1869 1691/1948/1903 1692/3548/3088 1690/3549/1904
f 1691/1948/1903 1693/2045/3093 1694/3550/1906 1692/3551/3094
f 1693/2045/3095 1695/2042/3096 1696/3552/1907 1694/3550/3097
f 1695/2042/3096 1697/2039/3098 1698/3553/1908 1696/3554/1907
f 1697/2039/3099 1699/2036/1948 1700/3555/1886 1698/3556/3086
f 1699/3557/1952 1702/3501/3100 1701/1920/1094 1700/1932/1886
f 1643/3558/1910 1704/3559/3101 1703/1943/1898 1641/1946/1901
f 1704/3560/1972 1707/3561/3032 1706/2029/3102 1705/2032/3103
f 1707/3561/1750 1710/3562/3032 1709/1926/1881 1708/2028/1938
f 1632/3075/1863 1711/3563/1862 1712/1925/3104 1633/1924/2255
f 1711/3564/1934 1714/3089/1933 1713/2027/1937 1712/1925/3105
f 1714/3089/1933 1718/3152/1867 1717/2031/3106 1715/2030/1940
f 1623/3069/3107 1719/3565/1843 1720/1977/1885 1624/1980/1917
f 1719/3566/1843 1721/3567/1970 1722/2048/1885 1720/1977/1885
f 1721/3568/3108 1724/3569/1969 1723/1930/3109 1722/2048/1885
f 1638/3570/2722 1725/3571/3110 1726/1929/3071 1639/1928/3111
f 1725/3572/1966 1727/3573/3112 1728/2049/1884 1726/1929/3113
f 1727/3574/3112 1730/3575/3068 1729/1978/3071 1728/2049/3071
f 1715/2030/3114 1706/2029/3115 1708/2028/3116 1713/2027/1937
f 1716/1944/1899 1703/1943/1898 1705/2032/1942 1717/2031/1941
f 1756/3576/1976 1731/3577/3117 1733/2053/1964 1755/2056/1964
f 1732/3578/1984 1735/3095/1983 1734/2054/1964 1733/2053/1964
f 1758/3579/2739 1740/3580/1973 1742/2076/1980 1757/2055/1964
f 1741/3581/1978 1738/3582/1993 1737/2077/3118 1742/2076/3118
f 1749/3103/3119 1739/2998/2563 1738/2073/1993 1750/2075/1993
f 1740/3583/2743 1752/3584/3120 1754/1647/1978 1741/2074/1978
f 1753/3585/1094 1751/3104/1094 1750/2075/2750 1754/1647/2751
f 1760/3338/1976 1749/3339/2560 1751/1637/1094 1759/1640/1094
f 1762/3340/2739 1746/3341/3121 1748/1649/1094 1761/1639/1094
f 1747/3342/3122 1744/3343/1981 1743/1650/1094 1748/1649/1094
f 1731/3344/1976 1745/3345/1976 1744/2080/1981 1732/2083/1984
f 1746/3101/1974 1736/2996/1974 1735/2082/3123 1747/2081/2749
f 1739/3098/3119 1756/3586/3117 1755/2056/1964 1737/2077/3118
f 1736/3096/2739 1758/3587/1974 1757/2055/1964 1734/2054/1964
f 1745/3002/3117 1760/3349/3117 1759/1640/1094 1743/1650/1094
f 1752/3007/3120 1762/3350/2739 1761/1639/1094 1753/2070/1126
f 1794/3351/2262 1763/3588/3124 1765/1655/1096 1793/1658/1096
f 1764/3353/2271 1767/3354/2270 1766/2078/1096 1765/1655/1096
f 1802/3355/2497 1772/3356/1731 1774/2111/1096 1801/1698/1096
f 1773/3357/1978 1770/3013/1993 1769/1700/1096 1774/2111/1096
f 3453/3589/3125 1771/3590/3126 1770/3591/3127 3454/3592/3128
f 3461/3593/1731 1784/3594/3129 1786/2101/1978 3462/2100/3130
f 1785/3595/1120 1783/3022/1120 1782/2102/1977 1786/2101/3131
f 1810/3362/1730 1781/3363/1730 1783/1671/1120 1809/1674/1094
f 1818/3364/2264 1778/3596/3132 1780/2103/2573 1817/1688/1994
f 1779/3113/3133 1776/3597/2933 1775/2104/1995 1780/2103/1995
f 3469/3598/3134 1777/3599/3135 1776/3597/3136 3470/3600/3137
f 3477/3601/3138 1768/3602/3139 1767/2117/3140 3478/2116/3141
f 1771/3014/1730 1787/3369/2574 1788/1697/1107 1769/1700/1096
f 1787/3369/2574 1789/3370/2828 1790/1704/1096 1788/1697/1107
f 1789/3370/1164 1791/3371/1164 1792/1701/1096 1790/1704/1107
f 1791/3371/1164 1794/3351/3142 1793/1658/1096 1792/1701/1096
f 1768/3372/3132 1795/3373/2265 1796/2079/1096 1766/2078/1107
f 1795/3373/2265 1797/3374/2267 1798/1702/1096 1796/2079/1096
f 1797/3375/3143 1799/3376/3144 1800/1703/1096 1798/1702/1096
f 1799/3376/3143 1802/3355/1731 1801/1698/1107 1800/1703/1096
f 1777/3603/2566 1803/3378/3142 1804/1687/1994 1775/2104/2573
f 1803/3379/2262 1805/3380/1164 1806/2105/2008 1804/1687/1994
f 1805/3380/1164 1807/3381/2517 1808/1710/2008 1806/2105/2008
f 1807/3381/1164 1810/3362/1730 1809/1674/1094 1808/1710/2008
f 1784/3023/1731 1811/3382/2497 1812/1673/1094 1785/2091/1094
f 1811/3382/1731 1813/3383/2267 1814/1709/2008 1812/1673/1094
f 1813/3384/2267 1815/3604/2267 1816/2106/1996 1814/1709/2008
f 1815/3386/2267 1818/3605/2264 1817/1688/1994 1816/2106/1996
f 1846/2133/1164 1819/2136/2936 1821/3388/2578 1845/3606/2007
f 1820/1760/3145 1823/1759/2035 1822/3607/2005 1821/3608/2005
f 1860/3609/2017 1828/3610/2016 1830/2156/3146 1859/1768/3147
f 1829/3611/2027 1826/3117/3148 1825/2157/3149 1830/2156/2941
f 1837/3124/1164 1827/3612/1164 1826/2141/3150 1838/2144/2945
f 1828/3613/2016 1840/3614/2016 1842/2143/2028 1829/2142/2767
f 1841/3615/2019 1839/3616/2272 1838/2144/3151 1842/2143/3152
f 1862/3400/2828 1837/3401/1164 1839/2129/2592 1861/2132/2021
f 1858/3402/2023 1834/3403/2025 1836/2158/2587 1857/2145/3153
f 1835/3617/2034 1832/3120/2274 1831/2159/2587 1836/2158/2587
f 1819/3618/2022 1833/3619/2022 1832/2151/2274 1820/1760/2036
f 1834/3122/2025 1824/3028/2025 1823/1759/2766 1835/2152/2275
f 1864/2128/2517 1843/2153/1164 1844/3407/2006 1863/3408/2038
f 1843/2153/1164 1846/2133/1164 1845/3409/2006 1844/3407/2006
f 1824/2139/2025 1847/2138/2023 1848/3410/2006 1822/3411/2765
f 1847/2138/3154 1849/1747/2024 1850/3412/2007 1848/3620/2006
f 1833/3414/2022 1851/3415/1164 1852/2146/3153 1831/2159/2041
f 1851/3415/1164 1853/3416/2517 1854/1743/2030 1852/2146/2030
f 1866/3417/2017 1855/3418/2023 1856/1744/2030 1865/2131/2020
f 1855/3419/3155 1858/3420/2023 1857/2145/2030 1856/1744/3153
f 1849/1747/2023 1860/1721/3156 1859/3421/3157 1850/3422/2006
f 1853/3416/1164 1862/3400/2828 1861/2132/2021 1854/1743/2030
f 1827/3423/1164 1864/3424/2517 1863/2155/3158 1825/2157/2277
f 1840/3126/2016 1866/3425/2017 1865/2131/2020 1841/2130/2019
f 1924/2149/1164 1867/2150/2032 1869/3042/2102 1923/3426/1096
f 1868/2190/2081 1871/2189/2598 1870/3043/3159 1869/3186/3160
f 1906/3427/2043 1876/3428/1852 1878/2196/1107 1905/1867/3161
f 1877/3429/2055 1874/3045/2599 1873/1869/1096 1878/2196/1096
f 1934/2208/2109 1875/2207/3162 1874/3621/2450 1933/3431/2057
f 1938/3432/3163 1888/3622/3163 1890/2176/3164 1937/1808/3165
f 1889/3623/3166 1886/3053/3167 1885/2177/3168 1890/2176/3169
f 1914/1824/2075 1887/1823/2074 1886/3435/2096 1913/3436/3170
f 1926/3437/1750 1882/3438/1750 1884/1791/3171 1925/2169/1094
f 1883/3439/2605 1880/3049/2058 1879/2170/2449 1884/1791/2448
f 1944/1892/2583 1881/1891/3172 1880/3440/3173 1942/3441/3174
f 1950/3064/3175 1872/3128/2050 1871/2189/2948 1948/2188/2079
f 1875/2207/1782 1891/2197/2075 1892/3442/2087 1873/3624/1096
f 1891/2197/2075 1893/2186/2076 1894/3444/2085 1892/3442/2087
f 1893/2186/2089 1895/2185/1164 1896/3625/3176 1894/3626/2086
f 1895/2185/1164 1897/2184/1817 1898/3447/1096 1896/3627/2084
f 1928/2166/3177 1899/2183/1818 1900/3449/1096 1927/3450/1096
f 1899/2183/3178 1901/2175/3179 1902/3451/2084 1900/3628/1106
f 1901/2175/3180 1903/2174/3181 1904/3453/2086 1902/3451/2084
f 1903/2174/3181 1906/1775/2043 1905/3454/2087 1904/3455/2086
f 1930/1820/1164 1907/1819/1833 1908/3456/1094 1929/3457/1094
f 1907/1819/1833 1909/1828/2828 1910/3458/1094 1908/3456/1094
f 1909/1828/1164 1911/1826/2075 1912/3459/2073 1910/3460/1094
f 1911/1826/2075 1914/1824/3182 1913/3461/2071 1912/3462/3183
f 1888/2161/2045 1915/2163/2047 1916/3463/2097 1889/3131/2608
f 1915/2163/2046 1917/2178/2046 1918/3464/3183 1916/3465/2071
f 1917/3466/2046 1919/3467/1750 1920/1832/1094 1918/1831/2073
f 1919/3467/1750 1921/3468/1814 1922/1802/1094 1920/1832/1094
f 1897/2184/3184 1924/2149/1164 1923/3426/1096 1898/3447/1096
f 1921/3468/1814 1926/3437/1750 1925/2169/1094 1922/1802/1094
f 1872/2167/2050 1928/2166/3177 1927/3469/1096 1870/3629/2103
f 1881/1891/1164 1930/1820/1164 1929/3457/1094 1879/3471/2053
f 1887/1823/3185 1931/2182/3186 1932/3472/2067 1885/3630/2070
f 1952/2191/3187 1934/2208/3188 1933/3631/3189 1951/3475/3190
f 1876/3129/1852 1935/3476/2042 1936/2173/3191 1877/2172/2055
f 1954/3477/3192 1938/3478/3163 1937/1808/2068 1953/1871/3193
f 1867/2150/2777 1940/1755/2611 1939/3057/2078 1868/3041/2595
f 1957/1899/3194 1944/1892/1164 1943/3479/2105 1955/3133/2108
f 1882/2165/1750 1946/1783/1750 1945/3061/3195 1883/3051/2059
f 1960/1890/2623 1950/2168/3196 1949/3632/3197 1958/3135/2113
f 1947/3481/2106 1943/3059/2105 1942/1800/2061 1945/1799/2060
f 1948/2188/2079 1939/2187/2078 1941/3482/2115 1949/3483/3197
f 1931/2182/2074 1952/2191/3187 1951/3475/3198 1932/3472/3199
f 1935/3476/2110 1954/3477/2095 1953/1871/2091 1936/2173/3200
f 1940/1755/2031 1957/1899/3194 1956/3633/2112 1941/3634/2115
f 1946/1783/1750 1960/1890/2299 1959/3486/2107 1947/3635/2805
f 1958/1895/2621 1956/2209/3201 1955/2206/2619 1959/1900/2622
f 1998/2200/3202 1961/2202/2101 1963/3636/2222 1997/3637/2177
f 1962/2258/2173 1965/2257/3203 1964/3071/2883 1963/3070/2883
f 2012/3490/2142 1970/3638/2117 1972/2023/1096 2011/2022/2186
f 1971/3492/2133 1968/3493/2132 1967/2024/1096 1972/2023/1096
f 2048/3494/1164 1969/3639/1164 1968/2224/2132 2047/1926/2135
f 2056/3092/2641 1982/3640/3204 1984/2238/2155 2054/2237/2154
f 1983/3641/3205 1980/3642/3206 1979/2239/3207 1984/2238/3208
f 2026/2250/2167 1981/2249/2166 1980/3643/2309 2025/3500/2218
f 2040/3501/2124 1976/3644/2127 1978/2223/1094 2039/1920/1117
f 1977/3645/3209 1974/3504/3210 1973/1922/1126 1978/2223/1126
f 2062/3505/2226 1975/3646/2225 1974/2227/2136 2061/1930/3211
f 2068/3507/2131 1966/3647/3212 1965/2257/2624 2067/1978/2138
f 1969/3074/1164 1985/3509/2517 1986/2021/3213 1967/2024/1107
f 1985/2285/1164 1987/2262/1164 1988/3510/2185 1986/3511/3213
f 1987/2262/1164 1989/1987/1164 1990/3512/3214 1988/3513/2185
f 1989/1987/1164 1991/2261/2583 1992/3648/2183 1990/3515/3215
f 1991/2261/1164 1993/2260/1164 1994/3516/3216 1992/3517/2183
f 1993/2260/1164 1995/2259/2828 1996/3518/2178 1994/3519/2180
f 1995/2259/1164 1998/2200/3217 1997/3520/2177 1996/3521/2178
f 1966/2221/2130 1999/2220/2174 2000/3522/3218 1964/3649/2222
f 1999/2220/2129 2001/2235/2151 2002/3524/3219 2000/3650/3218
f 2001/2235/3220 2003/2234/3221 2004/3526/2180 2002/3651/2178
f 2003/2234/2149 2005/2233/2147 2006/3652/2182 2004/3653/2180
f 2005/2233/2147 2007/2232/3222 2008/3654/3214 2006/3531/2182
f 2007/2232/2145 2009/2231/2143 2010/3532/3223 2008/3533/2184
f 2009/2231/2143 2012/2214/3224 2011/3534/2187 2010/3655/2185
f 1975/3536/2225 2013/3537/3225 2014/1919/1094 1973/1922/1094
f 2013/3537/2169 2015/3538/3226 2016/2229/2140 2014/1919/1094
f 2015/2254/1164 2017/2253/1164 2018/3539/3227 2016/3540/2140
f 2017/2253/1164 2019/1969/1164 2020/3541/3228 2018/3542/2163
f 2019/1969/2583 2021/2252/2583 2022/3543/2161 2020/3541/3228
f 2021/2252/1164 2023/2251/3229 2024/3544/3230 2022/3545/2161
f 2023/2251/2517 2026/2250/2167 2025/3546/2159 2024/3544/2160
f 1982/2215/2120 2027/2216/3231 2028/3656/2218 1983/3144/2309
f 2027/2216/3231 2029/2240/2158 2030/3548/3232 2028/3549/2159
f 2029/2240/2158 2031/2284/3233 2032/3550/2161 2030/3657/3232
f 2031/2284/3234 2033/2283/3235 2034/3658/2162 2032/3550/3236
f 2033/2283/2210 2035/2282/3237 2036/3659/2163 2034/3660/2162
f 2035/2282/3237 2037/2281/2202 2038/3555/2140 2036/3556/3227
f 2037/3557/2202 2040/3501/2124 2039/1920/1094 2038/2230/2140
f 1981/3661/2166 2042/3559/3238 2041/2236/2153 1979/2239/2156
f 2042/3560/3238 2045/3561/2583 2044/2278/2306 2043/2280/2826
f 2045/3561/1164 2048/3662/2583 2047/1926/2135 2046/2277/2192
f 1970/3075/2117 2049/3563/2189 2050/2226/3239 1971/2225/2301
f 2049/3663/2116 2052/3089/2830 2051/2276/2191 2050/2226/2134
f 2052/3089/2188 2056/3152/2641 2055/2279/3240 2053/2030/2194
f 1961/3137/3241 2057/3664/2100 2058/2256/2139 1962/2258/2173
f 2057/3566/2100 2059/3567/2227 2060/2286/2139 2058/2256/2139
f 2059/3568/2227 2062/3569/2312 2061/1930/3211 2060/2286/2139
f 1976/3665/2127 2063/3571/2126 2064/1929/2138 1977/2228/2137
f 2063/3666/2126 2065/3573/2221 2066/2049/2138 2064/1929/2138
f 2065/3667/3242 2068/3575/2131 2067/1978/2138 2066/2049/2138
f 2053/2030/2639 2044/2278/3243 2046/2277/2829 2051/2276/2305
f 2054/2237/2154 2041/2236/3244 2043/2280/3245 2055/2279/3240
f 2094/3576/1720 2069/3577/3246 2071/2053/1723 2093/2056/1723
f 2070/3668/3247 2073/3095/1728 2072/2290/3248 2071/2053/2476
f 2096/3579/2973 2078/3669/2479 2080/1653/3249 2095/2055/1723
f 2079/3581/3250 2076/3582/2650 2075/1654/3251 2080/1653/1725
f 2087/3103/2483 2077/3670/1719 2076/2306/1721 2088/1648/1721
f 2078/3671/2479 2090/3672/1717 2092/2307/1722 2079/2074/1722
f 2091/3585/1094 2089/3104/1094 2088/1648/1721 2092/2307/1722
f 2098/3338/3246 2087/3339/1719 2089/1637/1094 2097/1640/1094
f 2100/3340/3252 2084/3341/2973 2086/1649/1120 2099/1639/1094
f 2085/3673/1727 2082/3674/3253 2081/1650/1126 2086/1649/1126
f 2069/3675/2475 2083/3676/3254 2082/2311/1726 2070/2314/3255
f 2084/3157/2970 2074/3677/2973 2073/2313/1728 2085/2312/2971
f 2077/3098/1719 2094/3586/3254 2093/2056/1724 2075/1654/3256
f 2074/3096/1718 2096/3587/1718 2095/2055/1723 2072/2290/1723
f 2083/3002/2475 2098/3349/2475 2097/1640/1094 2081/1650/1120
f 2090/3007/2479 2100/3350/1718 2099/1639/1094 2091/1638/1120
f 2132/3351/1732 2101/3352/3257 2103/2308/1096 2131/1658/1096
f 2102/3678/3258 2105/3679/3259 2104/2309/1133 2103/2308/1133
f 2140/3355/1730 2110/3356/1730 2112/2346/1096 2139/2345/1096
f 2111/3357/1722 2108/3013/1737 2107/1700/1133 2112/2346/1133
f 2119/3169/1731 2109/3680/1731 2108/2332/1737 2120/2335/1737
f 2110/3681/1730 2122/3682/3260 2124/2334/1722 2111/2333/1722
f 2123/3683/1126 2121/3022/1126 2120/2335/2650 2124/2334/3250
f 2148/3362/1731 2119/3363/1731 2121/1671/1094 2147/1674/1094
f 2156/3684/2232 2116/3685/3261 2118/2337/3262 2155/2336/3263
f 2117/2354/3264 2114/2353/3265 2113/2338/2662 2118/2337/2658
f 2101/3686/2974 2115/3687/1733 2114/2353/2236 2102/2356/3266
f 2116/3167/3261 2106/3688/3261 2105/2355/3267 2117/2354/3268
f 2109/3014/1731 2125/3369/1731 2126/1697/1096 2107/1700/1096
f 2125/3369/2497 2127/3370/1750 2128/1704/1096 2126/1697/1096
f 2127/3370/1750 2129/3371/1750 2130/1701/1096 2128/1704/1096
f 2129/3371/1750 2132/3351/2240 2131/1658/1096 2130/1701/1107
f 2106/3689/3261 2133/3373/2231 2134/2310/1096 2104/2309/1096
f 2133/3373/2231 2135/3374/2984 2136/2347/1096 2134/2310/1096
f 2135/3375/1741 2137/3376/1741 2138/2348/1096 2136/2347/1096
f 2137/3376/1741 2140/3355/1730 2139/2345/1096 2138/2348/1096
f 2115/3377/2974 2141/3378/3269 2142/1687/3270 2113/2338/2235
f 2141/3379/3271 2143/3380/2507 2144/2339/1745 2142/1687/2234
f 2143/3380/1750 2145/3381/2507 2146/1710/3272 2144/2339/1745
f 2145/3381/1750 2148/3362/1731 2147/1674/1094 2146/1710/1745
f 2122/3023/1730 2149/3382/2574 2150/2324/1094 2123/2323/1094
f 2149/3382/1730 2151/3383/1741 2152/2352/1745 2150/2324/1094
f 2151/3384/2984 2153/3604/1741 2154/2340/1745 2152/2352/1745
f 2153/3386/1741 2156/3690/2231 2155/2336/2234 2154/2340/1740
f 2184/1731/1750 2157/2374/2987 2159/3691/2989 2183/3606/1744
f 2158/2396/3273 2161/2395/3274 2160/3692/3275 2159/3693/3275
f 2198/3694/1752 2166/3610/1751 2168/2400/1776 2197/2399/3019
f 2167/3695/2991 2164/3174/1763 2163/1770/2250 2168/2400/1776
f 2175/3181/1750 2165/3612/1750 2164/2379/1763 2176/2380/3276
f 2166/3613/1751 2178/3696/1751 2180/2143/1765 2167/1740/2991
f 2179/3398/2680 2177/3697/3277 2176/2380/3278 2180/2143/3279
f 2200/3400/1750 2175/3698/1750 2177/2368/3280 2199/2371/3281
f 2196/3699/1761 2172/3403/2244 2174/2401/2251 2195/2383/1767
f 2173/3700/2246 2170/3120/2998 2169/2402/2251 2174/2401/2251
f 2157/3701/3282 2171/3702/2242 2170/2393/2998 2158/2396/2248
f 2172/3179/2244 2162/3173/2244 2161/2395/2247 2173/2394/3283
f 2202/2367/1750 2181/2397/1750 2182/3407/1743 2201/3408/1775
f 2181/2397/2507 2184/1731/1750 2183/3409/1743 2182/3407/3010
f 2162/2377/1762 2185/2376/1761 2186/3410/3010 2160/3411/3284
f 2185/2376/1761 2187/2385/2243 2188/3412/1744 2186/3413/3010
f 2171/3414/2242 2189/3415/1750 2190/2384/3285 2169/2402/2251
f 2189/3415/2507 2191/3416/2507 2192/2381/3286 2190/2384/1767
f 2204/3417/1752 2193/3418/1761 2194/2382/1767 2203/2370/1755
f 2193/3419/3016 2196/3420/1761 2195/2383/1767 2194/2382/3287
f 2187/2385/1761 2198/2363/3018 2197/3421/3019 2188/3703/1743
f 2191/3416/1750 2200/3400/3288 2199/2371/3281 2192/2381/3286
f 2165/3423/1750 2202/3424/3044 2201/2155/3009 2163/1770/3289
f 2178/3183/2503 2204/3704/1752 2203/2370/1755 2179/2369/3290
f 2262/2391/1750 2205/2392/1769 2207/3042/3022 2261/3426/1107
f 2206/2443/1824 2209/2442/2441 2208/3043/2512 2207/3186/3022
f 2244/3427/1783 2214/3428/3025 2216/1868/1133 2243/1867/1830
f 2215/3429/1795 2212/3045/2513 2211/1869/1096 2216/1868/1096
f 2272/3705/1853 2213/3706/3291 2212/2171/3028 2271/1796/1860
f 2276/3432/1785 2226/3707/1785 2228/2421/2917 2275/1808/1808
f 2227/3708/2700 2224/3053/3292 2223/2422/3293 2228/2421/3294
f 2252/2432/1816 2225/2431/1815 2224/3435/2253 2251/3436/1840
f 2264/3437/2828 2220/3438/2583 2222/1791/1792 2263/1790/3295
f 2221/3439/3031 2218/3049/1798 2217/1792/1793 2222/1791/1792
f 2282/1892/1750 2219/2453/1750 2218/3709/2440 2280/3710/3296
f 2288/3196/1791 2210/3044/3297 2209/2442/1823 2286/2441/1822
f 2213/3046/1852 2229/3711/1816 2230/1866/1830 2211/1869/2928
f 2229/2447/1816 2231/2439/1819 2232/3444/1829 2230/3442/1830
f 2231/2439/1837 2233/2438/1750 2234/3445/3038 2232/3446/1829
f 2233/2438/1750 2235/2437/1818 2236/3447/1106 2234/3448/1827
f 2266/2436/3039 2237/2435/1817 2238/3449/1096 2265/3450/1107
f 2237/2435/1817 2239/2420/1805 2240/3451/1827 2238/3452/1096
f 2239/2420/3298 2241/2419/3299 2242/3453/1828 2240/3451/1827
f 2241/2418/1803 2244/2417/1783 2243/3712/1830 2242/3713/1829
f 2268/3714/1750 2245/3715/1814 2246/1801/1094 2267/1789/1094
f 2245/3715/3300 2247/3716/1750 2248/1833/1094 2246/1801/1094
f 2247/3716/1750 2249/3717/1816 2250/1830/1813 2248/1833/1094
f 2249/2433/1816 2252/2432/3045 2251/3461/1811 2250/3462/1813
f 2226/2405/1785 2253/2407/1787 2254/3718/1811 2227/3190/1839
f 2253/2423/1786 2255/2424/3301 2256/3464/3046 2254/3465/1840
f 2255/3466/1786 2257/3467/1164 2258/1832/1094 2256/1831/1813
f 2257/3467/2517 2259/3468/3302 2260/1802/1094 2258/1832/1094
f 2235/2437/1818 2262/2391/1750 2261/3426/1096 2236/3447/1133
f 2259/3468/1833 2264/3437/1164 2263/1790/1094 2260/1802/1094
f 2210/2411/3297 2266/2410/3303 2265/3719/1096 2208/3720/3304
f 2219/3050/1750 2268/3714/1750 2267/1789/1094 2217/1792/3048
f 2225/3238/1815 2269/3721/2520 2270/1807/1807 2223/2422/1810
f 2290/3722/3049 2272/3723/1853 2271/1796/1797 2289/1870/3050
f 2214/3187/1782 2273/3476/1781 2274/2173/3051 2215/2413/1795
f 2292/3477/1838 2276/3724/1785 2275/1808/1808 2291/1871/1832
f 2205/3185/1769 2278/3192/3052 2277/2440/1821 2206/2443/1824
f 2295/1899/2535 2282/1892/1750 2281/3725/1848 2293/3197/1851
f 2220/2409/1164 2284/1783/1164 2283/3194/2924 2221/3188/1799
f 2298/1890/3305 2288/2412/1791 2287/3726/1858 2296/3198/1857
f 2285/3481/1849 2281/3059/1848 2280/1800/1801 2283/2416/1800
f 2286/2441/2925 2277/2440/3053 2279/3482/3306 2287/3483/1858
f 2269/3721/1815 2290/3722/1825 2289/1870/3050 2270/1807/3056
f 2273/3476/1854 2292/3477/1838 2291/1871/1832 2274/2173/3051
f 2278/1755/1768 2295/1899/1855 2294/3727/3307 2279/3728/1859
f 2284/1783/1164 2298/1890/2536 2297/3729/3057 2285/3730/2707
f 2296/1895/1857 2294/2209/1856 2293/2209/1851 2297/1900/3057
f 2336/1884/1841 2299/1887/3308 2301/3731/1965 2335/3732/1920
f 2300/2498/3059 2303/2497/3309 2302/3071/3310 2301/3070/3310
f 2350/3490/1887 2308/3733/1863 2310/2023/1096 2349/2022/1931
f 2309/3492/3311 2306/3493/3312 2305/2024/3313 2310/2023/3313
f 2386/3494/1750 2307/3734/1750 2306/2469/1878 2385/2472/3314
f 2394/3092/3315 2320/3735/3316 2322/2482/1900 2392/2481/1899
f 2321/3736/3317 2318/3737/3317 2317/2483/3318 2322/2482/3319
f 2364/2491/1911 2319/2490/1910 2318/3738/2725 2363/3500/3320
f 2378/3501/1870 2314/3502/1873 2316/2468/1094 2377/1920/1094
f 2315/3739/3064 2312/3504/3321 2311/1922/1094 2316/2468/1117
f 2400/3505/3322 2313/3740/3323 2312/2473/3324 2399/1930/3325
f 2406/3741/3326 2304/3742/3327 2303/2497/1916 2405/1978/1884
f 2307/3074/1750 2323/3509/2507 2324/2021/3072 2305/2024/1133
f 2323/2521/1750 2325/2503/2554 2326/3510/3328 2324/3511/1932
f 2325/2503/1750 2327/2502/1750 2328/3512/3074 2326/3513/1930
f 2327/2502/2507 2329/2501/1750 2330/3514/1927 2328/3515/1928
f 2329/2501/1750 2331/2500/3044 2332/3516/1924 2330/3517/1927
f 2331/2500/1750 2333/2499/1750 2334/3518/1922 2332/3519/1924
f 2333/2499/1750 2336/1884/3076 2335/3520/3329 2334/3521/1922
f 2304/2466/1876 2337/2220/3077 2338/3522/3330 2302/3743/1965
f 2337/2220/1875 2339/2479/1896 2340/3524/3078 2338/3744/3330
f 2339/2479/3331 2341/2478/3332 2342/3526/1924 2340/3745/1922
f 2341/2478/3332 2343/2477/3333 2344/3746/1926 2342/3529/1924
f 2343/2477/1892 2345/2476/1890 2346/3747/3074 2344/3531/3334
f 2345/2476/1890 2347/2475/3335 2348/3532/3081 2346/3533/1928
f 2347/2475/1888 2350/2459/3336 2349/3748/1931 2348/3749/1930
f 2313/3536/3337 2351/3537/1913 2352/1919/1126 2311/1922/1123
f 2351/3537/3338 2353/3538/3044 2354/1931/1886 2352/1919/1094
f 2353/2495/1750 2355/2494/1750 2356/3539/3086 2354/3540/1886
f 2355/2494/1750 2357/2493/3044 2358/3541/3085 2356/3542/3086
f 2357/2493/1750 2359/2492/1750 2360/3543/1906 2358/3541/3085
f 2359/2492/1750 2361/2251/3020 2362/3544/3094 2360/3545/1906
f 2361/2251/2507 2364/2491/1911 2363/3750/3090 2362/3544/3094
f 2320/2460/1866 2365/2462/1869 2366/3751/1962 2321/3208/2260
f 2365/2462/1869 2367/2484/1903 2368/3548/3088 2366/3752/1962
f 2367/2484/3339 2369/2520/3340 2370/3550/3089 2368/3753/3088
f 2369/2520/3095 2371/2042/1956 2372/3552/1907 2370/3550/3341
f 2371/2042/1956 2373/2519/3342 2374/3754/1908 2372/3755/1907
f 2373/2519/3098 2375/2518/1948 2376/3555/1886 2374/3556/3086
f 2375/3557/1948 2378/3501/1870 2377/1920/1094 2376/1932/1886
f 2319/3756/1910 2380/3559/1909 2379/2480/2552 2317/2483/1901
f 2380/3757/3101 2383/3561/2507 2382/2514/3343 2381/2517/1942
f 2383/3561/1750 2386/3758/3032 2385/2472/1881 2384/2513/1938
f 2308/3202/1863 2387/3563/1862 2388/2471/1880 2309/2470/1879
f 2387/3759/1862 2390/3089/2555 2389/2512/1937 2388/2471/3104
f 2390/3089/1933 2394/3152/3315 2393/2516/1941 2391/2515/1940
f 2299/3200/1844 2395/3760/1843 2396/1977/1885 2300/2498/1917
f 2395/3566/1843 2397/3761/1970 2398/2048/1885 2396/1977/1885
f 2397/3568/3108 2400/3762/3322 2399/1930/3109 2398/2048/1885
f 2314/3763/2548 2401/3571/1872 2402/1929/1884 2315/2474/1883
f 2401/3764/3344 2403/3573/3345 2404/2049/3346 2402/1929/3347
f 2403/3765/1963 2406/3575/1877 2405/1978/1884 2404/2049/1884
f 2391/2515/3114 2382/2514/3115 2384/2513/3348 2389/2512/1937
f 2392/2481/1899 2379/2480/2552 2381/2517/1942 2393/2516/1941
f 2432/3576/1976 2407/3577/3349 2409/2053/1964 2431/2056/1964
f 2408/3766/1984 2411/3095/3123 2410/2054/1964 2409/2053/3350
f 2434/3579/3121 2416/3580/1973 2418/2076/1980 2433/2055/1964
f 2417/3581/1978 2414/3582/1993 2413/2077/1980 2418/2076/1980
f 2425/3103/3351 2415/2998/3352 2414/2538/3353 2426/1648/3354
f 2416/3767/1973 2428/3672/1973 2430/2307/1978 2417/2539/3355
f 2429/3585/1094 2427/3104/1094 2426/1648/1977 2430/2307/1978
f 2436/3338/2261 2425/3339/3352 2427/1637/1094 2435/1640/1094
f 2438/3340/2562 2422/3341/2739 2424/1649/1094 2437/1639/1094
f 2423/3673/3356 2420/3674/1981 2419/1650/1094 2424/1649/1094
f 2407/3768/1976 2421/3769/2261 2420/2540/1981 2408/2083/3357
f 2422/3003/3358 2412/3770/1974 2411/2313/3123 2423/2541/1982
f 2415/3098/3352 2432/3586/3117 2431/2056/1964 2413/2077/3118
f 2412/3096/2739 2434/3587/2739 2433/2055/1964 2410/2054/1964
f 2421/3002/3117 2436/3349/3117 2435/1640/1120 2419/1650/1094
f 2428/3007/1973 2438/3350/1974 2437/1639/1094 2429/2070/2746
f 2470/3351/2262 2439/3588/2263 2441/1655/1096 2469/1658/1096
f 2440/3353/3359 2443/3354/2929 2442/2078/1133 2441/1655/1132
f 2478/3355/2497 2448/3356/1731 2450/2111/1096 2477/1698/1096
f 2449/3357/1978 2446/3013/1993 2445/1700/1096 2450/2111/1096
f 2457/3169/2574 2447/3680/2574 2446/2332/1993 2458/2335/1993
f 2448/3681/2497 2460/3682/2497 2462/2334/3131 2449/2333/3131
f 2461/3595/1120 2459/3022/3295 2458/2335/2575 2462/2334/3355
f 2486/3362/2574 2457/3363/3360 2459/1671/1120 2485/1674/2482
f 2494/3364/3361 2454/3596/3132 2456/2103/1995 2493/2550/1994
f 2455/2560/2572 2452/2559/2268 2451/2104/3362 2456/2103/2573
f 2439/3771/3124 2453/3687/3124 2452/2559/2933 2440/2562/2271
f 2454/3219/2571 2444/3772/3363 2443/2561/2270 2455/2560/2269
f 2447/3014/1730 2463/3369/1730 2464/1697/1096 2445/1700/1096
f 2463/3369/1730 2465/3370/1164 2466/1704/1096 2464/1697/1107
f 2465/3370/1164 2467/3371/1164 2468/1701/1096 2466/1704/1096
f 2467/3371/1164 2470/3351/2013 2469/1658/1096 2468/1701/1096
f 2444/3372/2266 2471/3373/2264 2472/2079/1096 2442/2078/1107
f 2471/3373/2265 2473/3374/2267 2474/1702/1096 2472/2079/1106
f 2473/3375/3143 2475/3376/3364 2476/1703/1107 2474/1702/1096
f 2475/3376/3143 2478/3355/1731 2477/1698/1096 2476/1703/1133
f 2453/3603/2263 2479/3378/2013 2480/1687/1994 2451/2104/2573
f 2479/3379/2262 2481/3380/1164 2482/2551/2008 2480/1687/1994
f 2481/3380/1164 2483/3381/2517 2484/1710/2008 2482/2551/2008
f 2483/3381/1164 2486/3362/1730 2485/1674/1094 2484/1710/2008
f 2460/3023/1731 2487/3382/1731 2488/1673/1094 2461/2091/1094
f 2487/3382/1731 2489/3383/3143 2490/1709/2008 2488/1673/1094
f 2489/3384/2267 2491/3604/3365 2492/2552/1996 2490/1709/1996
f 2491/3386/3143 2494/3690/2264 2493/2550/1994 2492/2552/1996
f 2522/1731/1164 2495/2568/2936 2497/3691/2938 2521/3389/2006
f 2496/2577/3145 2499/2576/2766 2498/3773/3366 2497/3774/3366
f 2536/3775/2017 2504/3610/3367 2506/2156/2039 2535/2399/3147
f 2505/3776/2767 2502/3224/2026 2501/2579/2277 2506/2156/2768
f 2513/3181/1164 2503/3612/1164 2502/2379/2026 2514/2380/2945
f 2504/3613/3368 2516/3696/2016 2518/1741/2028 2505/1740/2767
f 2517/3398/3369 2515/3777/2272 2514/2380/2029 2518/1741/3370
f 2538/3400/2828 2513/3698/1164 2515/2564/2946 2537/2371/3371
f 2534/3402/2023 2510/3403/3372 2512/2580/2041 2533/2383/2030
f 2511/3778/2034 2508/3227/2769 2507/2581/2278 2512/2580/2278
f 2495/3779/2588 2509/3780/2022 2508/2151/2274 2496/2577/2036
f 2510/3229/2025 2500/3223/2025 2499/2576/2579 2511/2152/2275
f 2540/2367/1164 2519/2397/3373 2520/3407/2006 2539/3408/2038
f 2519/2397/2517 2522/1731/1164 2521/3409/2006 2520/3407/3374
f 2500/2570/2025 2523/1736/3154 2524/3410/2006 2498/3781/2765
f 2523/1736/3154 2525/2572/3154 2526/3412/2007 2524/3413/2006
f 2509/3414/2022 2527/3415/1164 2528/2384/3153 2507/2581/2278
f 2527/3415/2517 2529/3416/2517 2530/1743/3153 2528/2384/2030
f 2542/3417/3375 2531/3418/3154 2532/2382/3376 2541/2566/2020
f 2531/3419/2024 2534/3420/2023 2533/2383/2030 2532/2382/2030
f 2525/2572/2023 2536/1721/3156 2535/3421/3147 2526/3422/2006
f 2529/3416/1164 2538/3400/2696 2537/2371/3377 2530/1743/2030
f 2503/3423/1164 2540/3424/1500 2539/2578/3378 2501/2579/2581
f 2516/3039/3367 2542/3782/3379 2541/2566/3380 2517/2565/3381
f 2600/2391/2583 2543/2392/2777 2545/3042/2102 2599/3426/2544
f 2544/2614/3382 2547/2613/3383 2546/3043/3384 2545/3186/3385
f 2582/3427/3386 2552/3783/2373 2554/2623/3387 2581/2622/3388
f 2553/3784/3389 2550/3234/3390 2549/2624/3391 2554/2623/3391
f 2610/3705/2297 2551/3785/3392 2550/2590/2279 2609/2593/3393
f 2614/3432/2045 2564/3786/2045 2566/2599/2286 2613/2598/3394
f 2565/3787/2295 2562/3788/2795 2561/2600/3395 2566/2599/3396
f 2590/2432/3182 2563/2607/2288 2562/3789/3397 2589/3436/3398
f 2602/3437/1750 2558/3438/1750 2560/1791/2448 2601/2169/1117
f 2559/3439/2605 2556/3049/2604 2555/2589/2603 2560/1791/2448
f 2620/1892/1164 2557/2453/1164 2556/3709/2058 2618/3710/2061
f 2626/3243/2051 2548/3128/3399 2547/2613/2598 2624/2612/2079
f 2551/3235/3400 2567/3790/3401 2568/2621/2087 2549/2624/3402
f 2567/2627/2075 2569/2610/2076 2570/3444/2085 2568/3442/2087
f 2569/2610/2076 2571/2438/2517 2572/3625/2084 2570/3626/2086
f 2571/2438/1164 2573/2437/3184 2574/3447/1096 2572/3448/2084
f 2604/2436/3403 2575/2435/3404 2576/3449/2544 2603/3450/1096
f 2575/2435/1818 2577/2420/2065 2578/3451/2084 2576/3452/1096
f 2577/2420/3180 2579/2419/3181 2580/3453/2086 2578/3451/2084
f 2579/2596/3181 2582/2595/2043 2581/3712/2087 2580/3791/2086
f 2606/3714/1164 2583/3715/1833 2584/2594/1094 2605/2588/1094
f 2583/3715/3302 2585/3716/1164 2586/2609/1094 2584/2594/1094
f 2585/3716/1164 2587/3717/2075 2588/2608/2073 2586/2609/1094
f 2587/2433/3405 2590/2432/3182 2589/3792/3170 2588/3793/3406
f 2564/2582/2045 2591/2584/3407 2592/3463/3170 2565/3239/3408
f 2591/2601/3409 2593/2602/2046 2594/3464/3183 2592/3465/3410
f 2593/3466/3411 2595/3467/3412 2596/1832/1117 2594/1831/2072
f 2595/3467/1750 2597/3468/1814 2598/1802/1094 2596/1832/1094
f 2573/2437/3184 2600/2391/1164 2599/3426/1096 2574/3447/1107
f 2597/3468/3413 2602/3437/2804 2601/2169/3295 2598/1802/2482
f 2548/2586/3414 2604/2585/3403 2603/3794/2544 2546/3795/3159
f 2557/3050/1164 2606/3714/1164 2605/2588/1094 2555/2589/2053
f 2563/3238/2288 2607/3721/3415 2608/2597/2294 2561/2600/2287
f 2628/3796/3416 2610/3705/3417 2609/2593/3418 2627/2625/3419
f 2552/3047/2373 2611/3476/2042 2612/2592/2281 2553/2591/2280
f 2630/3477/3420 2614/3724/3421 2613/2598/2285 2629/2626/3422
f 2543/3233/2032 2616/3192/2611 2615/2611/2078 2544/2614/2081
f 2633/1899/3423 2620/1892/2912 2619/3725/3424 2631/3197/3425
f 2558/2409/1750 2622/1783/1750 2621/3194/3195 2559/3188/2059
f 2636/1890/3426 2626/2587/2807 2625/3726/3427 2634/3198/3428
f 2623/3481/3429 2619/3059/3430 2618/1800/3431 2621/2416/3432
f 2624/2612/3433 2615/2611/3434 2617/3482/3435 2625/3483/3436
f 2607/3721/2288 2628/3722/3437 2627/2625/3438 2608/2597/2284
f 2611/3476/3439 2630/3477/3440 2629/2626/2293 2612/2592/3441
f 2616/1755/3442 2633/1899/3443 2632/3727/3444 2617/3728/3445
f 2622/1783/2554 2636/1890/3446 2635/3729/3447 2623/3730/3448
f 2634/1895/2113 2632/1896/2112 2631/2637/2108 2635/1900/2107
f 2674/2633/2098 2637/2635/2101 2639/3797/2222 2673/3798/2176
f 2638/2671/3449 2641/2670/3203 2640/3071/3450 2639/3245/3450
f 2688/3490/3451 2646/3638/2626 2648/2023/1106 2687/2022/2187
f 2647/3492/2133 2644/3493/3452 2643/2024/1133 2648/2023/1096
f 2724/3494/3453 2645/3799/2517 2644/2469/3454 2723/2653/3455
f 2732/3092/2121 2658/3735/2120 2660/2661/2155 2730/1944/2898
f 2659/3800/2309 2656/3737/2309 2655/2662/2156 2660/2661/3456
f 2702/2669/3457 2657/2668/2892 2656/3801/2217 2701/3500/2159
f 2716/3501/2124 2652/3644/3458 2654/2223/1117 2715/1920/1117
f 2653/3739/3459 2650/3504/2818 2649/1922/1120 2654/2223/3295
f 2738/3505/2226 2651/3802/2225 2650/2654/2136 2737/1930/2139
f 2744/3803/2131 2642/3804/2130 2641/2670/2172 2743/1978/2138
f 2645/3074/1164 2661/3509/2517 2662/2021/3460 2643/2024/1107
f 2661/2521/2828 2663/2503/1164 2664/3510/3223 2662/3511/2186
f 2663/2503/2583 2665/2502/2583 2666/3512/3215 2664/3513/3461
f 2665/2502/1164 2667/2501/2583 2668/3648/3462 2666/3515/3215
f 2667/2501/1164 2669/2500/2828 2670/3516/3216 2668/3517/2182
f 2669/2500/1164 2671/2499/2828 2672/3518/2178 2670/3519/2181
f 2671/2499/1164 2674/2633/3463 2673/3520/2176 2672/3521/3464
f 2642/2649/2130 2675/2648/3465 2676/3522/3218 2640/3805/2222
f 2675/2648/3465 2677/2659/2151 2678/3524/3219 2676/3806/2176
f 2677/2659/3220 2679/2658/3466 2680/3526/3216 2678/3807/2178
f 2679/2658/3221 2681/1937/2147 2682/3808/2182 2680/3809/2180
f 2681/1937/3467 2683/2657/3222 2684/3810/3214 2682/3531/2182
f 2683/2657/3222 2685/2656/2143 2686/3532/3468 2684/3533/2184
f 2685/2656/3469 2688/2642/3470 2687/3748/2187 2686/3535/3223
f 2651/3536/2225 2689/3537/3471 2690/1919/1094 2649/1922/1094
f 2689/3537/3225 2691/3538/2517 2692/2229/2140 2690/1919/1094
f 2691/2495/2583 2693/2494/1164 2694/3539/3472 2692/3540/3473
f 2693/2494/1164 2695/2493/2583 2696/3541/3474 2694/3542/3475
f 2695/2493/2894 2697/2492/2894 2698/3543/3476 2696/3541/3474
f 2697/2492/1164 2699/2251/3477 2700/3544/3230 2698/3545/3236
f 2699/2251/2614 2702/2669/2167 2701/3750/3478 2700/3544/2160
f 2658/2643/2120 2703/2462/2123 2704/3811/2159 2659/3251/2309
f 2703/2462/2123 2705/2663/2158 2706/3548/3230 2704/3812/2218
f 2705/2663/3479 2707/2687/3234 2708/3550/2161 2706/3753/3480
f 2707/2687/2213 2709/2283/3235 2710/3552/2162 2708/3550/3236
f 2709/2283/3481 2711/2519/3237 2712/3553/2163 2710/3813/2162
f 2711/2519/3237 2713/2686/2202 2714/3555/2140 2712/3556/3227
f 2713/3557/2202 2716/3501/2124 2715/1920/1094 2714/2230/2140
f 2657/3756/3482 2718/3559/2230 2717/2660/3483 2655/2662/2156
f 2718/3814/2165 2721/3561/2517 2720/2682/3484 2719/2685/2196
f 2721/3561/2517 2724/3815/3453 2723/2653/3485 2722/2277/3486
f 2646/3247/2816 2725/3563/2436 2726/2652/3487 2647/2651/2133
f 2725/3816/2189 2728/3089/3488 2727/2681/2191 2726/2652/3239
f 2728/3089/3489 2732/3256/2641 2731/2684/3490 2729/2683/2639
f 2637/3244/3241 2733/3817/2100 2734/2256/2171 2638/2671/3449
f 2733/3566/2100 2735/3761/2227 2736/2286/2139 2734/2256/2139
f 2735/3568/2227 2738/3762/2312 2737/1930/2139 2736/2286/2139
f 2652/3818/2820 2739/3571/2126 2740/1929/3491 2653/2655/2302
f 2739/3764/3492 2741/3573/3493 2742/2049/3494 2740/1929/2138
f 2741/3765/3495 2744/3575/2131 2743/1978/2138 2742/2049/3494
f 2729/2683/2639 2720/2682/3484 2722/2277/3496 2727/2681/2191
f 2730/1944/2898 2717/2660/3483 2719/2685/3497 2731/2684/3240
f 2802/2391/1750 2745/2692/3498 2747/3042/2833 2801/3426/3499
f 2746/2735/2358 2749/2734/2357 2748/3257/3500 2747/3186/3501
f 2784/3427/2315 2754/3783/3502 2756/2740/2359 2783/1867/2366
f 2755/3429/3503 2752/3045/3504 2751/2741/3505 2756/2740/2359
f 2812/3705/3506 2753/3706/3507 2752/2708/3504 2811/1796/3508
f 2816/3432/2317 2766/3433/2317 2768/2716/2342 2815/1808/2341
f 2767/3708/3509 2764/3264/2846 2763/2717/3510 2768/2716/3511
f 2792/2725/3512 2765/2724/2348 2764/3819/3513 2791/3436/3514
f 2804/3437/1164 2760/3820/2583 2762/2706/2325 2803/1790/3515
f 2761/3439/2332 2758/3049/2331 2757/2707/2326 2762/2706/2325
f 2822/2753/1750 2759/2752/1750 2758/3821/2331 2820/3710/3516
f 2828/3268/2323 2750/3258/2836 2749/2734/2357 2826/2733/2356
f 2753/3259/2384 2769/3711/2349 2770/1866/2366 2751/2741/2359
f 2769/2747/3517 2771/2732/2353 2772/3444/2364 2770/3442/2366
f 2771/2732/2353 2773/2731/3044 2774/3445/3518 2772/3446/3519
f 2773/2731/2507 2775/2437/3520 2776/3447/3505 2774/3448/3521
f 2806/2704/3522 2777/2730/2350 2778/3449/2359 2805/3450/3523
f 2777/2736/2350 2779/2715/2338 2780/3451/3524 2778/3822/2359
f 2779/2715/3525 2781/2714/3526 2782/3453/2365 2780/3451/3524
f 2781/2713/3526 2784/2698/3527 2783/3454/2366 2782/3823/2365
f 2808/3714/1750 2785/3715/3528 2786/1801/3515 2807/1789/2324
f 2785/3715/2347 2787/3716/1750 2788/1833/2324 2786/1801/2324
f 2787/3716/1750 2789/3717/3517 2790/1830/2346 2788/1833/2324
f 2789/2727/2349 2792/2726/3529 2791/3461/2344 2790/3462/3530
f 2766/2699/3531 2793/2407/2318 2794/3718/3532 2767/3131/3509
f 2793/2718/2318 2795/2719/2318 2796/3464/2346 2794/3465/2344
f 2795/3466/2319 2797/3467/1164 2798/1832/2324 2796/2729/3530
f 2797/3467/2828 2799/3468/2369 2800/1802/2324 2798/1832/2324
f 2775/2437/2352 2802/2391/1750 2801/3426/2359 2776/3447/2359
f 2799/3468/3533 2804/3437/2583 2803/1790/3534 2800/1802/3535
f 2750/2705/3536 2806/2704/3537 2805/3824/2359 2748/3825/2379
f 2759/3050/1750 2808/3714/1750 2807/1789/3515 2757/2707/2326
f 2765/3826/2348 2809/3721/3538 2810/1807/3539 2763/2717/3540
f 2830/3722/2360 2812/3723/2385 2811/1796/3508 2829/2742/2367
f 2754/3260/2314 2813/3476/3541 2814/2173/3542 2755/2709/2328
f 2832/3477/3543 2816/3827/3531 2815/1808/3544 2831/1871/3545
f 2745/3185/3546 2818/3192/3547 2817/1842/3548 2746/2735/2358
f 2835/2756/2299 2822/2753/2554 2821/3828/3549 2833/3269/3550
f 2760/2703/1164 2824/2702/1164 2823/3266/2333 2761/3262/2332
f 2838/2751/2620 2828/2587/3551 2827/3829/3552 2836/3271/3553
f 2825/3481/3554 2821/3059/2380 2820/2712/2334 2823/2711/2333
f 2826/2733/2356 2817/1842/3548 2819/3482/3555 2827/3483/3556
f 2809/3721/2844 2830/3722/3557 2829/2742/3558 2810/1807/3559
f 2813/3476/3560 2832/3477/3561 2831/1871/2368 2814/2173/2329
f 2818/2691/3562 2835/2756/2299 2834/3633/3563 2819/3830/3564
f 2824/2702/2614 2838/2751/3194 2837/3831/2382 2825/3832/3565
f 2836/2757/2389 2834/2637/2388 2833/1896/3566 2837/2754/3567
f 2866/2923/1164 2839/2925/3568 2841/3833/3569 2865/3834/2377
f 2840/2786/3570 2843/1759/3571 2842/3835/2376 2841/3836/2863
f 2880/3837/3572 2848/3393/3573 2850/2790/3574 2879/2789/3575
f 2849/3838/3576 2846/3276/3577 2845/2791/2866 2850/2790/3578
f 3289/3839/3579 2847/3612/3580 2846/3840/3581 3290/3841/3582
f 3295/3842/3583 2860/3843/3584 2862/2775/3585 3296/2774/3586
f 2861/3844/2880 2859/3845/3587 2858/2776/3588 2862/2775/2881
f 2882/3400/3589 2857/3401/3590 2859/2764/3591 2881/2765/3592
f 2878/3402/3593 2854/3846/3594 2856/2401/3595 2877/1745/2412
f 2855/3847/3596 2852/3281/3597 2851/2792/3595 2856/2401/3595
f 3301/3848/3598 2853/3849/3599 2852/3850/3600 3302/3851/3601
f 3307/3852/3602 2844/3275/3603 2843/1759/3604 3308/2785/3605
f 2884/2128/3606 2863/2153/3607 2864/3407/3608 2883/3408/3609
f 2863/2153/1164 2866/2923/1164 2865/3409/2377 2864/3407/3610
f 2844/2771/2874 2867/2770/3593 2868/3410/3610 2842/3853/3611
f 2867/2770/3612 2869/2778/3613 2870/3412/2377 2868/3413/3610
f 2853/3854/2861 2871/3415/1164 2872/2777/3614 2851/2792/3615
f 2871/3415/1164 2873/3416/3226 2874/1743/3614 2872/2777/2412
f 2886/3417/3616 2875/3855/3617 2876/2382/3618 2885/2370/3619
f 2875/3419/3612 2878/3420/3613 2877/1745/2412 2876/2382/3620
f 2869/2778/3621 2880/1721/3622 2879/3421/3623 2870/3856/3624
f 2873/3416/3625 2882/3400/3626 2881/2765/3627 2874/1743/3628
f 2847/3423/3629 2884/3424/3630 2883/2155/3631 2845/2791/3632
f 2860/3183/3633 2886/3782/3634 2885/2370/3635 2861/1728/3636
f 2924/2781/2098 2887/2783/3637 2889/3857/2222 2923/3489/2177
f 2888/2829/2173 2891/2828/2172 2890/3071/2883 2889/3070/2222
f 2938/3490/2142 2896/3638/2117 2898/2023/1107 2937/2022/2187
f 2897/3492/2133 2894/3493/2132 2893/2024/1096 2898/2023/1096
f 2974/3494/2828 2895/3799/2828 2894/2469/3452 2973/2804/3638
f 2982/3092/2641 2908/3858/2120 2910/2815/2155 2980/2814/2154
f 2909/3859/2217 2906/3860/2309 2905/2816/2156 2910/2815/2155
f 2952/2824/2167 2907/2823/2166 2906/3801/2309 2951/3500/2159
f 2966/3501/3639 2902/3644/2820 2904/2223/2482 2965/1920/1094
f 2903/3645/3459 2900/3504/3640 2899/1922/1120 2904/2223/3295
f 2988/3505/2226 2901/3861/2225 2900/2805/2136 2987/2807/2139
f 2994/3507/2131 2892/3862/2625 2891/2828/2172 2993/1978/2138
f 2895/3288/1164 2911/3509/1164 2912/2021/3460 2893/2024/1107
f 2911/2845/1164 2913/2262/1164 2914/3510/2185 2912/3511/2186
f 2913/2262/1164 2915/1987/2583 2916/3512/3215 2914/3513/2185
f 2915/1987/2517 2917/1985/1164 2918/3648/2182 2916/3515/2184
f 2917/1985/1164 2919/1983/2614 2920/3516/2180 2918/3517/2182
f 2919/1983/1164 2921/2259/2828 2922/3518/2178 2920/3519/2180
f 2921/2259/1164 2924/2781/3217 2923/3520/2177 2922/3521/2178
f 2892/2466/2130 2925/2800/2174 2926/3522/3218 2890/3863/2814
f 2925/2800/3641 2927/2812/2151 2928/3524/2178 2926/3650/3218
f 2927/2812/2151 2929/2811/3466 2930/3526/3216 2928/3864/2178
f 2929/2811/2149 2931/2810/2147 2932/3528/2183 2930/3529/2180
f 2931/2810/2147 2933/2809/2145 2934/3747/3214 2932/3531/2182
f 2933/2809/3222 2935/2808/2143 2936/3532/3468 2934/3533/2184
f 2935/2808/2143 2938/2794/3642 2937/3865/2187 2936/3866/3223
f 2901/3536/2225 2939/3537/3471 2940/1919/1094 2899/1922/1094
f 2939/3537/2169 2941/3538/1500 2942/2229/2140 2940/1919/1094
f 2941/2826/2828 2943/2494/1164 2944/3539/3227 2942/3540/2140
f 2943/2494/1164 2945/2493/3229 2946/3541/3228 2944/3542/3227
f 2945/2493/1164 2947/2252/1164 2948/3543/2161 2946/3541/3643
f 2947/2252/1164 2949/2825/1500 2950/3544/3232 2948/3545/2303
f 2949/2825/2517 2952/2824/2167 2951/3546/2159 2950/3544/2160
f 2908/2795/2120 2953/2797/2123 2954/3867/2159 2909/3083/2309
f 2953/2797/2123 2955/2817/2158 2956/3548/3232 2954/3868/2159
f 2955/2817/2158 2957/2045/3233 2958/3550/2161 2956/3869/3232
f 2957/2045/2213 2959/2844/2210 2960/3552/2162 2958/3550/3236
f 2959/2844/2210 2961/2843/3644 2962/3553/2163 2960/3870/2162
f 2961/2843/3237 2963/2842/2202 2964/3555/2140 2962/3556/3227
f 2963/3557/3645 2966/3501/3639 2965/1920/2482 2964/2230/3473
f 2907/3871/2166 2968/3559/3238 2967/2813/2153 2905/2816/3207
f 2968/3872/2165 2971/3561/2517 2970/2514/3484 2969/2841/2826
f 2971/3561/1164 2974/3562/1164 2973/2804/2135 2972/2838/3646
f 2896/3075/3647 2975/3563/2189 2976/2803/3239 2897/2802/2301
f 2975/3873/2116 2978/3089/2830 2977/2837/2191 2976/2803/2134
f 2978/3089/2188 2982/3297/2641 2981/2840/2195 2979/2839/2194
f 2887/3200/2101 2983/3664/2100 2984/2256/2139 2888/2829/2173
f 2983/3566/2100 2985/3874/2227 2986/2286/2139 2984/2256/2139
f 2985/3568/3648 2988/3569/2226 2987/2807/3211 2986/2286/2139
f 2902/3875/2127 2989/3571/3492 2990/1929/2138 2903/2806/2137
f 2989/3764/3492 2991/3573/2221 2992/2049/2138 2990/1929/2138
f 2991/3876/3242 2994/3575/2131 2993/1978/2138 2992/2049/2138
f 2979/2839/2639 2970/2514/3243 2972/2838/2192 2977/2837/2305
f 2980/2814/2154 2967/2813/2153 2969/2841/2196 2981/2840/2195
f 3052/2851/2507 2995/2852/1769 2997/3042/1845 3051/3426/1107
f 2996/2881/3649 2999/1844/2905 2998/3043/2512 2997/3186/3024
f 3034/3427/1783 3004/3428/3025 3006/1868/1133 3033/1867/3026
f 3005/3429/3650 3002/3045/3028 3001/1869/1107 3006/1868/1107
f 3062/3705/1853 3003/3706/2514 3002/2861/2513 3061/1796/1860
f 3066/3432/2521 3016/3433/1785 3018/2869/2917 3065/1808/1808
f 3017/3708/2253 3014/3301/2916 3013/2870/1810 3018/2869/2917
f 3042/2877/3045 3015/2876/2520 3014/3435/2916 3041/3436/1840
f 3054/3437/1164 3010/3438/1164 3012/1791/1792 3053/1790/1094
f 3011/3439/3651 3008/3049/3652 3007/1792/3653 3012/1791/3654
f 3072/1892/2554 3009/2884/1750 3008/3877/2440 3070/3878/3033
f 3078/3064/3034 3000/3299/1790 2999/1844/2905 3076/2880/1822
f 3003/3046/1852 3019/3711/1816 3020/1866/1830 3001/1869/1096
f 3019/2447/3045 3021/2732/1837 3022/3444/3655 3020/3442/1830
f 3021/2732/1837 3023/2731/1750 3024/3445/1827 3022/3446/1829
f 3023/2731/1750 3025/2437/3047 3026/3447/1106 3024/3448/1827
f 3056/2410/3039 3027/2435/3656 3028/3449/1096 3055/3450/1096
f 3027/2435/3656 3029/2868/3657 3030/3451/1827 3028/3452/1096
f 3029/2868/3040 3031/2867/1803 3032/3453/1829 3030/3451/3038
f 3031/2866/1803 3034/1775/1783 3033/3454/1830 3032/3823/1829
f 3058/3714/3032 3035/3715/3658 3036/1801/1117 3057/1789/1117
f 3035/3715/1814 3037/3716/3032 3038/1833/1117 3036/1801/1094
f 3037/3716/3032 3039/3717/3659 3040/1830/1813 3038/1833/1094
f 3039/2878/1816 3042/2877/3045 3041/3461/1840 3040/3793/3046
f 3016/2855/1785 3043/2856/1787 3044/3879/1840 3017/3190/3660
f 3043/2871/1786 3045/2719/1786 3046/3464/3046 3044/3465/1840
f 3045/3466/1786 3047/3467/1164 3048/1832/1094 3046/1831/1813
f 3047/3467/1164 3049/3468/1833 3050/1802/1094 3048/1832/2482
f 3025/2437/3047 3052/2851/2507 3051/3426/1107 3026/3447/1096
f 3049/3468/3661 3054/3437/2583 3053/1790/2482 3050/1802/2482
f 3000/2859/3662 3056/2410/3039 3055/3880/2544 2998/3881/2512
f 3009/3050/1750 3058/3714/1750 3057/1789/1094 3007/1792/1793
f 3015/3882/2520 3059/3721/2520 3060/1807/1807 3013/2870/1810
f 3080/3722/3049 3062/3723/1853 3061/1796/1797 3079/1870/3050
f 3004/3260/2908 3063/3476/1781 3064/2173/3051 3005/2862/1795
f 3082/3477/1838 3066/3724/2521 3065/1808/1808 3081/1871/1832
f 2995/3298/2509 3068/3192/3052 3067/1842/2701 2996/2881/1824
f 3085/1899/2535 3072/1892/3032 3071/3479/3663 3083/3133/1851
f 3010/2858/1164 3074/1783/1164 3073/3304/2924 3011/3300/3031
f 3088/1890/3054 3078/2860/3664 3077/3632/2926 3086/3135/1857
f 3075/3481/3665 3071/3059/3666 3070/2865/3033 3073/1799/2924
f 3076/2880/1822 3067/1842/3053 3069/3482/1859 3077/3483/2531
f 3059/3721/1815 3080/3722/3049 3079/1870/3050 3060/1807/3667
f 3063/3476/1854 3082/3477/1838 3081/1871/1832 3064/2173/3051
f 3068/1755/1768 3085/1899/2535 3084/3883/1856 3069/3634/1859
f 3074/1783/2828 3088/1890/3054 3087/3486/3057 3075/3635/2707
f 3086/1895/1857 3084/2637/1856 3083/2209/1851 3087/1900/3057
f 3120/3351/3668 3089/3588/2263 3091/1655/1096 3119/1658/1096
f 3090/3353/2752 3093/3354/3669 3092/2078/1096 3091/1655/1096
f 3128/3355/2497 3098/3356/1731 3100/2111/1096 3127/1698/1096
f 3099/3357/2751 3096/3013/2930 3095/1700/1133 3100/2111/1133
f 3107/3308/1730 3097/3884/1730 3096/2901/1977 3108/2904/1977
f 3098/3885/1731 3110/3594/2568 3112/2903/1978 3099/2902/1978
f 3111/3595/1094 3109/3022/1094 3108/2904/1977 3112/2903/1978
f 3136/3362/3670 3107/3363/3671 3109/1671/1117 3135/1674/1117
f 3144/3364/2264 3104/3365/2266 3106/2905/1995 3143/1688/3672
f 3105/2914/3133 3102/2913/2933 3101/2906/3673 3106/2905/1995
f 3089/3886/2263 3103/3887/2263 3102/2913/2933 3090/1714/3359
f 3104/3307/2571 3094/3888/2571 3093/2915/2270 3105/2914/2269
f 3097/3014/1730 3113/3369/3671 3114/1697/1106 3095/1700/1096
f 3113/3369/1730 3115/3370/1164 3116/1704/1096 3114/1697/1107
f 3115/3370/2583 3117/3371/2583 3118/1701/2544 3116/1704/2544
f 3117/3371/1164 3120/3351/2013 3119/1658/1096 3118/1701/1096
f 3094/3372/2266 3121/3373/2265 3122/2079/1096 3092/2078/1107
f 3121/3373/2265 3123/3374/2267 3124/1702/1106 3122/2079/1106
f 3123/3375/2267 3125/3376/3144 3126/1703/1096 3124/1702/1132
f 3125/3376/3143 3128/3355/1731 3127/1698/1107 3126/1703/1096
f 3103/3377/3674 3129/3378/3142 3130/1687/1994 3101/2906/2573
f 3129/3379/2262 3131/3380/1164 3132/2907/2008 3130/1687/1994
f 3131/3380/1164 3133/3381/2517 3134/1710/2008 3132/2907/2008
f 3133/3381/1164 3136/3362/1730 3135/1674/1094 3134/1710/2008
f 3110/3023/1731 3137/3382/2497 3138/1673/1094 3111/2091/1126
f 3137/3382/1731 3139/3383/3143 3140/1709/2008 3138/1673/1094
f 3139/3384/2267 3141/3604/2267 3142/2908/1996 3140/1709/1996
f 3141/3386/2267 3144/3605/2264 3143/1688/1994 3142/2908/1996
f 3172/2923/1164 3145/2925/2936 3147/3833/2005 3171/3389/2007
f 3146/2937/2036 3149/2936/2035 3148/3889/2005 3147/3836/2005
f 3186/3890/2017 3154/3610/2016 3156/2940/2039 3185/2399/3147
f 3155/3891/2767 3152/3312/3148 3151/2941/2277 3156/2940/2039
f 3163/3124/1164 3153/3892/2614 3152/2141/3150 3164/2144/2945
f 3154/3396/2947 3166/3397/2016 3168/2929/2028 3155/2928/2767
f 3167/3893/2019 3165/3616/2272 3164/2144/2029 3168/2929/3152
f 3188/3400/1164 3163/3401/1164 3165/2129/2018 3187/2765/2021
f 3184/3699/2023 3160/3403/2025 3162/1771/3675 3183/2383/3153
f 3161/3700/2034 3158/3316/2274 3157/1772/2587 3162/1771/2278
f 3145/3779/2022 3159/3894/2588 3158/2934/2274 3146/2937/2036
f 3160/3035/2025 3150/3311/2025 3149/2936/2766 3161/2935/2275
f 3190/2922/3453 3169/2938/2583 3170/3407/2006 3189/3408/3676
f 3169/2938/1164 3172/2923/2828 3171/3409/2007 3170/3407/2006
f 3150/2927/2025 3173/2376/2023 3174/3410/2006 3148/3895/2765
f 3173/2376/2023 3175/2930/2024 3176/3896/2007 3174/3413/2006
f 3159/3414/2588 3177/3415/1164 3178/1746/3153 3157/1772/2278
f 3177/3415/1164 3179/3416/2517 3180/1743/2030 3178/1746/2030
f 3192/3417/2017 3181/3418/2023 3182/2382/2030 3191/2131/3677
f 3181/3419/2024 3184/3420/2023 3183/2383/2030 3182/2382/3678
f 3175/2930/2023 3186/2920/3156 3185/3421/3147 3176/3422/2006
f 3179/3416/2583 3188/3400/3679 3187/2765/3377 3180/1743/3680
f 3153/3897/1164 3190/3424/2828 3189/2939/2038 3151/2941/2277
f 3166/3039/2947 3192/3898/2017 3191/2131/2020 3167/2565/2273
f 3250/2851/1164 3193/2852/2032 3195/3042/2102 3249/3426/1096
f 3194/2979/3681 3197/2978/2948 3196/3257/3159 3195/3320/2779
f 3232/3427/2445 3202/3899/3682 3204/1868/1096 3231/2622/2087
f 3203/3900/2451 3200/3321/2450 3199/2985/1133 3204/1868/1133
f 3260/3705/2468 3201/3706/3683 3200/2954/2599 3259/2957/3684
f 3264/3432/3685 3214/3901/2447 3216/2965/2456 3263/2964/2455
f 3215/3902/3686 3212/3903/3686 3211/2966/3687 3216/2965/3688
f 3240/2877/2469 3213/2973/2458 3212/3904/2466 3239/3436/2071
f 3252/3437/1750 3208/3438/3032 3210/2952/3171 3251/2951/3689
f 3209/3439/3690 3206/3049/3173 3205/2953/3691 3210/2952/3692
f 3270/1892/2614 3207/2884/1164 3206/3877/3173 3268/3878/3693
f 3276/3196/3694 3198/3299/2050 3197/2978/2948 3274/2188/2079
f 3201/3259/2467 3217/3711/3182 3218/1866/3161 3199/2985/1096
f 3217/2447/2075 3219/2732/2076 3220/3444/2085 3218/3442/2087
f 3219/2732/3695 3221/2731/1164 3222/3625/2084 3220/3626/2086
f 3221/2731/1164 3223/2437/1817 3224/3447/1096 3222/3448/3176
f 3254/2947/3177 3225/2435/3178 3226/3449/1096 3253/3450/3696
f 3225/2435/3178 3227/2962/2065 3228/3451/3176 3226/3822/1096
f 3227/2962/3697 3229/2961/2063 3230/3453/2086 3228/3451/2084
f 3229/2960/3181 3232/1775/2445 3231/3905/2087 3230/3823/2086
f 3256/3714/1164 3233/3715/3661 3234/2958/1094 3255/2950/3698
f 3233/3715/1833 3235/3716/1164 3236/2977/1094 3234/2958/1094
f 3235/3716/2583 3237/3717/2075 3238/2974/2073 3236/2977/2482
f 3237/2878/2075 3240/2877/3182 3239/3461/2097 3238/3793/3183
f 3214/2944/2447 3241/2946/2047 3242/3906/2071 3215/3326/2466
f 3241/2946/2046 3243/2967/2046 3244/3464/3183 3242/3465/2071
f 3243/3466/2046 3245/3467/1750 3246/2976/1117 3244/2975/2072
f 3245/3467/2541 3247/3468/3658 3248/2959/1117 3246/2976/1117
f 3223/2437/3184 3250/2851/3373 3249/3426/1096 3224/3447/3699
f 3247/3468/3658 3252/3437/3032 3251/2951/1117 3248/2959/1117
f 3198/2948/3700 3254/2947/3177 3253/3907/1106 3196/3908/2597
f 3207/3050/1164 3256/3714/1164 3255/2950/1094 3205/2953/2603
f 3213/3325/2458 3257/3721/2458 3258/2963/2454 3211/2966/3701
f 3278/3909/2459 3260/3705/2468 3259/2957/2453 3277/2986/2461
f 3202/3260/2444 3261/3476/2443 3262/2956/2473 3203/2955/3702
f 3280/3477/2465 3264/3910/2447 3263/2964/2455 3279/2987/2462
f 3193/3319/2777 3266/3328/2611 3265/2440/2610 3194/2979/2081
f 3283/1899/3194 3270/1892/2583 3269/3479/2105 3281/3133/2108
f 3208/2858/1750 3272/1783/1750 3271/3304/3195 3209/3300/2605
f 3286/1890/2623 3276/2949/3196 3275/3632/3703 3284/3135/2113
f 3273/3481/2106 3269/3059/2105 3268/2865/2061 3271/1799/3195
f 3274/2188/2079 3265/2440/2078 3267/3482/2115 3275/3483/3197
f 3257/3721/2458 3278/3722/2459 3277/2986/2461 3258/2963/3704
f 3261/3911/2443 3280/3477/3705 3279/2987/3706 3262/2956/2473
f 3266/1755/2031 3283/1899/3194 3282/3883/2112 3267/3634/2115
f 3272/1783/3044 3286/1890/2299 3285/3486/2810 3273/3635/2805
f 3284/1895/2113 3282/2209/2112 3281/1896/2108 3285/1895/2810
f 1395/2053/1723 1396/2290/1723 1419/1652/1723 1417/1651/1723
f 2854/3283/3707 3305/3912/3708 3310/3913/3709 2855/3284/3710
f 3305/3912/3711 3306/3914/3712 3309/3915/3713 3310/3913/3714
f 3306/3914/3715 3307/3852/3716 3308/2785/3717 3309/3915/3718
f 2839/3916/3719 3299/3917/3720 3304/2784/3721 2840/2786/3722
f 3299/3917/3723 3300/3918/3724 3303/3919/3725 3304/2784/3726
f 3300/3918/3727 3301/3848/3728 3302/3851/3729 3303/3919/3730
f 2848/3920/3731 3293/3921/3732 3298/3922/3733 2849/3279/3734
f 3293/3921/3735 3294/3923/3736 3297/3924/3737 3298/3922/3738
f 3294/3923/3739 3295/3842/3740 3296/2774/3741 3297/3924/3742
f 2857/3181/3743 3287/3925/3744 3292/2773/3745 2858/2776/3746
f 3287/3925/3747 3288/3926/3748 3291/3927/3749 3292/2773/3750
f 3288/3926/3751 3289/3839/3752 3290/3841/3753 3291/3927/3754
f 2884/2128/3755 3319/3928/3755 3325/3929/3755 2863/2153/3755
f 3319/3928/3756 3318/3930/3756 3324/3931/3756 3325/3929/3756
f 3318/3930/3757 3317/2763/3757 3323/2787/3757 3324/3931/3757
f 2863/2153/1164 3325/3929/1164 3311/3932/1164 2866/2923/1164
f 3325/3929/1164 3324/3931/1164 3312/3933/1164 3311/3932/1164
f 3324/3931/1164 3323/2787/1164 3313/2766/1164 3312/3933/1164
f 2852/3850/3758 2855/3284/3759 3310/3913/3760 3302/3851/3761
f 3302/3851/3762 3310/3913/3763 3309/3915/3764 3303/3919/3765
f 3303/3919/3766 3309/3915/3767 3308/2785/3768 3304/2784/3769
f 2875/2931/3770 3326/3934/3770 3314/3935/3770 2878/3936/3770
f 3326/3934/3771 3327/3937/3771 3315/3938/3771 3314/3935/3771
f 3327/3937/3772 3328/2779/3772 3316/2769/3772 3315/3938/3772
f 2886/1722/3773 3322/3939/3773 3326/3934/3774 2875/2931/3775
f 3322/3939/3776 3321/3940/3776 3327/3937/3777 3326/3934/3778
f 3321/3940/3779 3320/2760/3779 3328/2779/3780 3327/3937/3781
f 2846/3840/3782 2849/3279/3783 3298/3922/3784 3290/3841/3785
f 3290/3841/3786 3298/3922/3787 3297/3924/3788 3291/3927/3789
f 3291/3927/3790 3297/3924/3791 3296/2774/3792 3292/2773/3793
f 2878/3936/3794 3314/3935/3795 3305/3941/3796 2854/1738/3796
f 3314/3935/3797 3315/3938/3798 3306/3942/3799 3305/3941/3799
f 3315/3938/3800 3316/2769/3801 3307/2772/3802 3306/3942/3802
f 2866/2923/3803 3311/3932/3804 3299/3943/3805 2839/2925/3805
f 3311/3932/3806 3312/3933/3807 3300/3944/3808 3299/3943/3808
f 3312/3933/3809 3313/2766/3810 3301/2768/3811 3300/3944/3811
f 2847/2921/3812 3289/3945/3812 3319/3928/3812 2884/2128/3812
f 3289/3945/3813 3288/3946/3813 3318/3930/3813 3319/3928/3813
f 3288/3946/3814 3287/2761/3814 3317/2763/3814 3318/3930/3814
f 2860/3947/3815 3295/3948/3815 3322/3939/3816 2886/1722/3817
f 3295/3948/3818 3294/3949/3818 3321/3940/3819 3322/3939/3820
f 3294/3949/3821 3293/2758/3821 3320/2760/3822 3321/3940/3823
f 3410/3950/1164 3348/3951/1164 3426/3952/2031 3359/3953/2032
f 3378/3954/3824 3391/3955/3824 3448/3956/3825
f 3374/3957/2045 3424/3958/2045 3330/3959/2046 3401/3960/2047
f 3412/3961/1750 3346/3962/1750 3432/3963/1750 3368/3964/1750
f 3345/3965/2048 3414/3966/2049 3364/3967/2050 3436/3968/2051
f 3415/3969/1094 3411/3970/1094 3370/3971/2052 3365/3972/2053
f 3366/3973/2058 3369/3974/2059 3431/3975/2060 3428/3976/2061
f 3394/3977/1094 3408/3978/1094 3411/3970/1094 3415/3969/1094
f 3329/3979/2062 3392/3980/2043 3389/3981/2063 3331/3982/2064
f 3331/3982/2064 3389/3981/2063 3387/3983/2065 3333/3984/2066
f 3418/3985/2067 3423/3986/2068 3376/3987/2069 3371/3988/2070
f 3401/3960/2046 3330/3959/2046 3332/3989/2046 3403/3990/2046
f 3399/3991/2071 3402/3992/2071 3404/3993/2072 3398/3994/2073
f 3343/3995/1833 3393/3996/1833 3416/3997/1164 3347/3998/1164
f 3417/3999/2074 3373/4000/2074 3400/4001/2075 3337/4002/2075
f 3337/4002/2075 3400/4001/2075 3397/4003/2075 3339/4004/2075
f 3339/4004/2075 3397/4003/2075 3395/4005/1164 3341/4006/1164
f 3398/3994/2073 3404/3993/2072 3406/4007/1094 3396/4008/1094
f 3335/4009/1818 3385/4010/1818 3414/3966/2049 3345/3965/2048
f 3383/4011/1817 3344/4012/1817 3348/3951/1164 3410/3950/1164
f 3381/4013/1164 3342/4014/1164 3344/4012/1817 3383/4011/1817
f 3379/4015/2076 3340/4016/2077 3342/4014/1164 3381/4013/1164
f 3425/4017/2078 3434/4018/2079 3363/4019/2080 3360/4020/2081
f 3333/3984/2066 3387/3983/2065 3385/4010/1818 3335/4009/1818
f 3396/4008/1094 3406/4007/1094 3408/3978/1094 3394/3977/1094
f 3341/4006/1164 3395/4005/1164 3393/3996/1833 3343/3995/1833
f 3409/4021/1096 3413/4022/1096 3386/4023/1096 3384/4024/1096
f 3356/4025/1817 3343/3995/1833 3347/3998/1164 3358/4026/1164
f 3438/4027/3826 3417/3999/3827 3337/4002/3828 3353/4028/3829
f 3352/4029/1818 3335/4009/1818 3345/3965/2048 3357/4030/1750
f 3384/4024/1096 3386/4023/1096 3388/4031/2084 3382/4032/2084
f 3355/4033/1164 3341/4006/1164 3343/3995/1833 3356/4025/1817
f 3382/4032/2084 3388/4031/2084 3390/4034/2085 3380/4035/2086
f 3354/4036/2076 3339/4004/2075 3341/4006/1164 3355/4033/1164
f 3380/4035/3830 3390/4034/3831 3391/3955/3832 3378/3954/3832
f 3353/4028/2088 3337/4002/2075 3339/4004/2075 3354/4036/2089
f 3437/4037/3833 3439/4038/3834 3423/4039/3835 3418/4040/3836
f 3407/4041/1814 3336/4042/1814 3346/3962/1750 3412/3961/1750
f 3351/4043/1750 3333/3984/2066 3335/4009/1818 3352/4029/1818
f 3405/4044/1750 3334/4045/1750 3336/4042/1814 3407/4041/1814
f 3350/4046/2092 3331/3982/2064 3333/3984/2066 3351/4043/1750
f 3403/3990/2046 3332/3989/2046 3334/4045/1750 3405/4044/1750
f 3349/4047/2093 3329/3979/2062 3331/3982/2064 3350/4046/2092
f 3377/4048/3837 3338/4049/3837 3340/4016/3838 3379/4015/3839
f 3424/3958/3840 3440/4050/3841 3349/4047/3842 3330/3959/3843
f 3372/4051/2096 3375/4052/2096 3402/3992/2071 3399/3991/2097
f 3361/4053/2102 3362/4054/2103 3413/4022/1096 3409/4021/1096
f 3346/3962/1750 3357/4030/1750 3446/4055/2104 3432/3963/1750
f 3347/3998/1164 3416/3997/1164 3367/4056/1164 3430/4057/1164
f 3429/4058/2105 3433/4059/2106 3445/4060/2107 3441/4061/2108
f 3420/4062/3844 3438/4027/3845 3353/4028/3846 3338/4049/3847 3447/4063/3848
f 3440/4050/3849 3421/4064/3850 3329/3979/3851 3349/4047/3852
f 3358/4026/1164 3347/3998/1164 3430/4057/1164 3443/4065/2111
f 3442/4066/2112 3444/4067/2113 3435/4068/2114 3427/4069/2115
f 3357/4030/1750 3345/3965/2048 3436/3968/2051 3446/4055/2104
f 3348/3951/1164 3358/4026/1164 3443/4065/2111 3426/3952/2031
f 3330/3959/2046 3349/4047/2093 3350/4046/2092 3332/3989/2046
f 3332/3989/2046 3350/4046/2092 3351/4043/1750 3334/4045/1750
f 3334/4045/1750 3351/4043/1750 3352/4029/1818 3336/4042/1814
f 3419/4070/2057 3422/4071/2056 3439/4072/2091 3437/4073/2090
f 3338/4049/2075 3353/4028/2088 3354/4036/2076 3340/4016/2094
f 3340/4016/2077 3354/4036/2076 3355/4033/1164 3342/4014/1164
f 3342/4014/1164 3355/4033/1164 3356/4025/1817 3344/4012/1817
f 3336/4042/1814 3352/4029/1818 3357/4030/1750 3346/3962/1750
f 3344/4012/1817 3356/4025/1817 3358/4026/1164 3348/3951/1164
f 3359/4074/2032 3360/4075/3382 3361/4053/2596
f 3362/4054/3853 3363/4076/3854 3364/4077/3855
f 3365/4078/3856 3366/4079/3857 3367/4056/2828
f 3368/4080/3032 3369/3974/2059 3370/4081/3171
f 3371/3988/3168 3372/4082/3858 3373/4083/2607
f 3374/3957/3163 3375/4084/3859 3376/4085/2069
f 3425/4017/2078 3426/4086/3860 3427/4087/3445
f 3428/3976/3861 3429/4088/2105 3430/4089/2637
f 3431/3975/2615 3432/4090/3044 3433/4091/2106
f 3434/4018/3862 3435/4092/3863 3436/4093/2051
f 3441/4094/2619 3442/4095/2112 3443/4096/2111
f 3444/4097/3864 3445/4098/3865 3446/4099/2623
f 3410/4100/1164 3359/4074/2777 3361/4053/2102 3409/4021/1096
f 3360/4075/3382 3363/4076/2948 3362/4054/2597 3361/4053/2596
f 3424/3958/2045 3374/3957/2045 3376/4085/2069 3423/4101/2068
f 3375/4052/3166 3372/4051/2608 3371/4102/3866 3376/4103/2069
f 3400/4104/3405 3373/4105/2074 3372/4051/3166 3399/3991/3170
f 3412/4106/1750 3368/4107/1750 3370/3971/3171 3411/3970/1094
f 3369/4108/2605 3366/4109/3173 3365/3972/2449 3370/3971/2448
f 3430/4057/2583 3367/4056/3172 3366/4079/3173 3428/4110/3174
f 3436/4093/3694 3364/4111/2050 3363/4019/2948 3434/4018/2079
f 3377/4112/3867 3379/4113/3868 3380/4035/3869 3378/3954/3870
f 3379/4113/3695 3381/4114/1164 3382/4032/2084 3380/4035/2086
f 3381/4114/2828 3383/4115/3871 3384/4024/1133 3382/4032/3872
f 3414/4116/3403 3385/4117/1818 3386/4023/1096 3413/4022/2544
f 3385/4117/3047 3387/4118/2065 3388/4031/2084 3386/4023/1096
f 3387/3983/3697 3389/3981/2063 3390/4119/2086 3388/4120/2084
f 3389/3981/3181 3392/3980/3873 3391/4121/2087 3390/4119/2086
f 3416/4122/1164 3393/4123/1833 3394/3977/1094 3415/3969/1094
f 3393/4123/1833 3395/4124/2828 3396/4008/1094 3394/3977/2482
f 3395/4124/2583 3397/4125/2075 3398/3994/2073 3396/4008/1094
f 3397/4125/2075 3400/4104/2075 3399/3991/2097 3398/3994/3183
f 3374/3957/2045 3401/3960/3407 3402/4126/3170 3375/4084/2096
f 3401/3960/2046 3403/3990/2046 3404/4127/3183 3402/4126/2071
f 3403/4128/2046 3405/4129/1750 3406/4007/1094 3404/3993/2073
f 3405/4129/1750 3407/4130/3658 3408/3978/1117 3406/4007/1117
f 3383/4115/3184 3410/4100/1164 3409/4021/1096 3384/4024/3699
f 3407/4130/1814 3412/4106/1750 3411/3970/1117 3408/3978/1094
f 3364/4077/2050 3414/4116/3177 3413/4022/1096 3362/4054/2103
f 3367/4131/1164 3416/4122/1164 3415/3969/1094 3365/3972/2053
f 3373/4083/3185 3417/4132/3186 3418/3985/2067 3371/3988/2070
f 3438/4133/3187 3420/4134/3188 3419/4070/3189 3437/4073/3190
f 3440/4050/3874 3424/3958/3875 3423/4101/3876 3439/4135/3877
f 3359/3953/2777 3426/3952/2611 3425/4136/2958 3360/4137/2595
f 3443/4138/2111 3430/4139/2583 3429/4058/3878 3441/4061/2963
f 3368/4080/1750 3432/4090/1750 3431/3975/3195 3369/3974/2059
f 3446/4140/2623 3436/4141/3196 3435/4068/3703 3444/4067/2113
f 3433/4091/2106 3429/4088/2105 3428/3976/2061 3431/3975/2060
f 3434/4018/3879 3425/4017/2610 3427/4087/2115 3435/4092/3703
f 3417/4142/3880 3438/4143/3881 3437/4037/3882 3418/4040/3883
f 3421/4064/3884 3440/4050/3885 3439/4135/3886 3422/4144/3887
f 3426/4145/2031 3443/4146/3194 3442/4066/2112 3427/4069/2115
f 3432/4147/3412 3446/4148/2104 3445/4060/2107 3433/4059/2106
f 3444/4149/2621 3442/4150/3201 3441/4151/2619 3445/4152/2622
f 3378/4153/3888 3448/4154/3889 3447/4063/3890 3377/4048/3891
f 3391/4121/3892 3392/3980/3893 3329/3979/3894 3421/4064/3895 3422/4144/3896
f 3377/4048/3897 3447/4063/3898 3338/4049/3899
f 3448/3956/3900 3391/3955/3901 3422/4155/3902 3419/4156/3903 3449/4157/3901
f 3449/4157/3904 3419/4156/3905 3448/3956/3906
f 3447/4063/3907 3448/4154/3908 3419/4158/3909 3420/4062/3910
f 1778/3112/2755 3474/4159/3911 3481/4160/3912 1779/3113/3913
f 3474/4159/3914 3475/4161/3915 3480/4162/3916 3481/4160/3917
f 3475/4161/3918 3476/4163/3919 3479/4164/3920 3480/4162/3921
f 3476/4163/3922 3477/3601/3923 3478/2116/3924 3479/4164/3925
f 1763/4165/3926 3466/4166/3927 3473/2115/3928 1764/2118/3929
f 3466/4166/3930 3467/4167/3931 3472/4168/3932 3473/2115/3933
f 3467/4167/3934 3468/4169/3935 3471/4170/3936 3472/4168/3937
f 3468/4169/3938 3469/3598/3939 3470/3600/3940 3471/4170/3941
f 1772/4171/3942 3458/4172/3943 3465/4173/3944 1773/3109/3945
f 3458/4172/3946 3459/4174/3947 3464/4175/3948 3465/4173/3949
f 3459/4174/3950 3460/4176/3951 3463/4177/3952 3464/4175/3953
f 3460/4176/3954 3461/3593/3955 3462/2100/3956 3463/4177/3957
f 1781/3114/1730 3450/4178/3958 3457/2099/1993 1782/2102/1993
f 3450/4178/3959 3451/4179/3960 3456/4180/3961 3457/2099/3962
f 3451/4179/3963 3452/4181/3964 3455/4182/3965 3456/4180/3966
f 3452/4181/3967 3453/3589/3968 3454/3592/3969 3455/4182/3970
f 1787/4183/3971 3493/4184/3972 3501/4185/3172 1789/4186/3172
f 3493/4184/3973 3492/4187/3974 3500/4188/2802 3501/4185/3975
f 3492/4187/3976 3491/4189/3977 3499/4190/1472 3500/4188/3978
f 3491/4189/3979 3490/2090/3980 3498/2121/1371 3499/4190/3981
f 1789/4186/3982 3501/4185/3982 3505/4191/3982 1791/4192/3982
f 3501/4185/3983 3500/4188/3983 3504/4193/3983 3505/4191/3983
f 3500/4188/3984 3499/4190/3984 3503/4194/3984 3504/4193/3984
f 3499/4190/3985 3498/2121/3985 3502/2119/3985 3503/4194/3985
f 1791/4192/3986 3505/4191/3987 3482/4195/3988 1794/1675/3989
f 3505/4191/3990 3504/4193/3991 3483/4196/3992 3482/4195/3993
f 3504/4193/3994 3503/4194/3995 3484/4197/3996 3483/4196/3997
f 3503/4194/3998 3502/2119/3999 3485/2092/4000 3484/4197/4001
f 1776/3597/2268 1779/3113/2269 3481/4160/4002 3470/3600/2271
f 3470/3600/4003 3481/4160/4004 3480/4162/4005 3471/4170/4006
f 3471/4170/4007 3480/4162/4008 3479/4164/4009 3472/4168/4010
f 3472/4168/4011 3479/4164/4012 3478/2116/4013 3473/2115/4014
f 1815/4198/4015 3506/4199/4016 3486/4200/4017 1818/1679/4018
f 3506/4199/4019 3507/4201/4020 3487/4202/4021 3486/4200/4022
f 3507/4201/4023 3508/4203/4024 3488/4204/4025 3487/4202/4026
f 3508/4203/4027 3509/2110/4028 3489/2096/4029 3488/4204/4030
f 1813/4205/4031 3510/4206/4031 3506/4199/4031 1815/4198/4031
f 3510/4206/4032 3511/4207/4032 3507/4201/4032 3506/4199/4032
f 3511/4207/4033 3512/4208/4033 3508/4203/4033 3507/4201/4033
f 3512/4208/4034 3513/2108/4034 3509/2110/4034 3508/4203/4034
f 1811/4209/1731 3497/4210/4035 3510/4206/2267 1813/4205/2267
f 3497/4210/4036 3496/4211/4037 3511/4207/4038 3510/4206/4039
f 3496/4211/4040 3495/4212/4041 3512/4208/4042 3511/4207/4043
f 3495/4212/4044 3494/2086/4045 3513/2108/4046 3512/4208/4047
f 1770/3591/4048 1773/3109/4049 3465/4173/4050 3454/3592/4048
f 3454/3592/4051 3465/4173/4052 3464/4175/4053 3455/4182/4054
f 3455/4182/4055 3464/4175/4056 3463/4177/4057 3456/4180/4058
f 3456/4180/4059 3463/4177/4060 3462/2100/4061 3457/2099/4062
f 1818/1679/4063 3486/4200/4064 3474/4213/4065 1778/1682/4065
f 3486/4200/4066 3487/4202/4067 3475/4214/4068 3474/4213/4068
f 3487/4202/4069 3488/4204/4070 3476/4215/4071 3475/4214/4071
f 3488/4204/4072 3489/2096/4073 3477/2098/4074 3476/4215/4074
f 1794/1675/4075 3482/4195/4076 3466/4216/4077 1763/4217/4077
f 3482/4195/4078 3483/4196/4079 3467/4218/4080 3466/4216/4080
f 3483/4196/4081 3484/4197/4082 3468/4219/4083 3467/4218/4083
f 3484/4197/4084 3485/2092/4085 3469/2095/4086 3468/4219/4086
f 1771/2892/4087 3453/4220/4087 3493/4184/4087 1787/4183/4087
f 3453/4220/4088 3452/4221/4088 3492/4187/4088 3493/4184/4088
f 3452/4221/4089 3451/4222/4089 3491/4189/4089 3492/4187/4089
f 3451/4222/4090 3450/2087/4090 3490/2090/4090 3491/4189/4090
f 1784/2888/1731 3461/4223/1731 3497/4210/1731 1811/4209/1731
f 3461/4223/4091 3460/4224/4091 3496/4211/4091 3497/4210/4091
f 3460/4224/4092 3459/4225/4092 3495/4212/4092 3496/4211/4092
f 3459/4225/4093 3458/2084/4093 3494/2086/4093 3495/4212/4093
