# Blender 5.2.0 LTS
# www.blender.org
mtllib gashow-verden.mtl
o Cylinder
v -1.013189 0.922446 0.176813
v -3.723032 3.632288 0.176813
v -1.001518 0.934117 0.181236
v -3.711361 3.643959 0.181236
v -0.992974 0.942661 0.193319
v -3.702817 3.652503 0.193319
v -0.989847 0.945788 0.209824
v -3.699690 3.655630 0.209824
v -0.992974 0.942661 0.226330
v -3.702817 3.652503 0.226330
v -1.001518 0.934117 0.238412
v -3.711361 3.643959 0.238412
v -1.013189 0.922446 0.242835
v -3.723032 3.632288 0.242835
v -1.024861 0.910774 0.238412
v -3.734703 3.620616 0.238412
v -1.033404 0.902231 0.226330
v -3.743247 3.612073 0.226330
v -1.036532 0.899103 0.209824
v -3.746374 3.608945 0.209824
v -1.033404 0.902231 0.193319
v -3.743247 3.612072 0.193319
v -1.024861 0.910774 0.181236
v -3.734703 3.620616 0.181236
v -1.010088 0.918729 0.176813
v -0.996993 0.928777 0.181236
v -0.987407 0.936132 0.193319
v -0.983899 0.938825 0.209824
v -0.987407 0.936132 0.226330
v -0.996993 0.928777 0.238413
v -1.010088 0.918729 0.242835
v -1.023183 0.908681 0.238413
v -1.032769 0.901325 0.226330
v -1.036277 0.898633 0.209824
v -1.032769 0.901325 0.193319
v -1.023183 0.908681 0.181236
v -1.007498 0.914639 0.176813
v -0.993204 0.922892 0.181236
v -0.982740 0.928933 0.193319
v -0.978910 0.931145 0.209824
v -0.982740 0.928933 0.226330
v -0.993204 0.922892 0.238413
v -1.007498 0.914639 0.242835
v -1.021792 0.906386 0.238413
v -1.032257 0.900345 0.226330
v -1.036087 0.898134 0.209824
v -1.032257 0.900345 0.193319
v -1.021792 0.906386 0.181236
v -1.005465 0.910246 0.176813
v -0.990216 0.916563 0.181236
v -0.979052 0.921187 0.193319
v -0.974967 0.922879 0.209824
v -0.979052 0.921187 0.226330
v -0.990216 0.916563 0.238413
v -1.005465 0.910246 0.242835
v -1.020714 0.903930 0.238413
v -1.031877 0.899306 0.226330
v -1.035963 0.897614 0.209824
v -1.031877 0.899306 0.193319
v -1.020714 0.903930 0.181236
v -1.004022 0.905626 0.176813
v -0.988079 0.909898 0.181236
v -0.976408 0.913025 0.193319
v -0.972136 0.914170 0.209824
v -0.976408 0.913025 0.226330
v -0.988079 0.909898 0.238413
v -1.004022 0.905626 0.242835
v -1.019965 0.901354 0.238413
v -1.031636 0.898226 0.226330
v -1.035908 0.897082 0.209824
v -1.031636 0.898226 0.193319
v -1.019965 0.901354 0.181236
v -1.003194 0.900856 0.176813
v -0.986830 0.903011 0.181236
v -0.974851 0.904588 0.193319
v -0.970466 0.905165 0.209824
v -0.974851 0.904588 0.226330
v -0.986830 0.903011 0.238413
v -1.003194 0.900856 0.242835
v -1.019559 0.898702 0.238413
v -1.031538 0.897125 0.226330
v -1.035923 0.896547 0.209824
v -1.031538 0.897125 0.193319
v -1.019559 0.898702 0.181236
v -1.002996 0.896020 0.176813
v -0.986491 0.896020 0.181236
v -0.974408 0.896020 0.193319
v -0.969986 0.896020 0.209824
v -0.974408 0.896020 0.226330
v -0.986491 0.896020 0.238413
v -1.002996 0.896020 0.242835
v -1.019502 0.896020 0.238413
v -1.031585 0.896020 0.226330
v -1.036007 0.896020 0.209824
v -1.031585 0.896020 0.193319
v -1.019502 0.896020 0.181236
v -1.002996 0.106524 0.176813
v -0.986491 0.106524 0.181236
v -0.974408 0.106524 0.193319
v -0.969985 0.106524 0.209824
v -0.974408 0.106524 0.226330
v -0.986491 0.106524 0.238413
v -1.002996 0.106524 0.242835
v -1.019502 0.106524 0.238413
v -1.031585 0.106524 0.226330
v -1.036007 0.106524 0.209824
v -1.031585 0.106524 0.193319
v -1.019502 0.106524 0.181236
v -3.734255 3.639860 0.176813
v -3.726633 3.654500 0.181236
v -3.721054 3.665218 0.193319
v -3.719012 3.669141 0.209824
v -3.721054 3.665218 0.226330
v -3.726633 3.654500 0.238412
v -3.734255 3.639860 0.242835
v -3.741876 3.625219 0.238412
v -3.747455 3.614502 0.226330
v -3.749497 3.610579 0.209824
v -3.747455 3.614501 0.193319
v -3.741876 3.625219 0.181236
v -3.747235 3.643707 0.176813
v -3.744369 3.659961 0.181236
v -3.742270 3.671861 0.193319
v -3.741503 3.676216 0.209824
v -3.742270 3.671861 0.226330
v -3.744369 3.659961 0.238412
v -3.747235 3.643707 0.242835
v -3.750101 3.627452 0.238412
v -3.752199 3.615553 0.226330
v -3.752967 3.611197 0.209824
v -3.752199 3.615553 0.193319
v -3.750101 3.627452 0.181236
v -3.760771 3.643473 0.176813
v -3.762925 3.659837 0.181236
v -3.764502 3.671816 0.193319
v -3.765079 3.676201 0.209824
v -3.764502 3.671816 0.226330
v -3.762925 3.659837 0.238412
v -3.760771 3.643473 0.242835
v -3.758616 3.627108 0.238412
v -3.757039 3.615129 0.226330
v -3.756462 3.610744 0.209824
v -3.757040 3.615129 0.193319
v -3.758616 3.627108 0.181236
v -3.773610 3.639179 0.176813
v -3.780586 3.654138 0.181236
v -3.785692 3.665088 0.193319
v -3.787561 3.669097 0.209824
v -3.785692 3.665088 0.226330
v -3.780586 3.654138 0.238412
v -3.773610 3.639179 0.242835
v -3.766635 3.624220 0.238412
v -3.761528 3.613269 0.226330
v -3.759660 3.609261 0.209824
v -3.761528 3.613269 0.193319
v -3.766635 3.624220 0.181236
v -3.784564 3.631223 0.176813
v -3.795715 3.643392 0.181236
v -3.803878 3.652300 0.193319
v -3.806866 3.655561 0.209824
v -3.803878 3.652300 0.226330
v -3.795715 3.643392 0.238413
v -3.784564 3.631223 0.242835
v -3.773413 3.619054 0.238413
v -3.765250 3.610145 0.226330
v -3.762262 3.606884 0.209824
v -3.765250 3.610145 0.193319
v -3.773413 3.619054 0.181236
v -3.792619 3.620342 0.176813
v -3.806913 3.628594 0.181236
v -3.817377 3.634635 0.193319
v -3.821207 3.636847 0.209824
v -3.817377 3.634635 0.226330
v -3.806913 3.628594 0.238413
v -3.792619 3.620342 0.242835
v -3.778324 3.612089 0.238413
v -3.767860 3.606047 0.226330
v -3.764030 3.603836 0.209824
v -3.767860 3.606047 0.193319
v -3.778324 3.612089 0.181236
v -3.797028 3.607541 0.176813
v -3.813143 3.611114 0.181236
v -3.824939 3.613729 0.193319
v -3.829256 3.614686 0.209824
v -3.824939 3.613729 0.226330
v -3.813143 3.611114 0.238413
v -3.797028 3.607541 0.242835
v -3.780914 3.603969 0.238413
v -3.769117 3.601354 0.226330
v -3.764799 3.600396 0.209824
v -3.769117 3.601354 0.193319
v -3.780914 3.603969 0.181236
v -3.797385 2.665259 0.176813
v -3.813827 2.665259 0.181236
v -3.825864 2.665258 0.193319
v -3.830269 2.665259 0.209824
v -3.825864 2.665258 0.226330
v -3.813827 2.665259 0.238413
v -3.797385 2.665259 0.242835
v -3.780941 2.665259 0.238413
v -3.768905 2.665259 0.226330
v -3.764499 2.665259 0.209824
v -3.768905 2.665259 0.193319
v -3.780941 2.665259 0.181236
v -3.796094 2.654564 0.176814
v -3.812064 2.650652 0.181236
v -3.823755 2.647789 0.193319
v -3.828035 2.646741 0.209825
v -3.823755 2.647789 0.226330
v -3.812064 2.650652 0.238413
v -3.796094 2.654564 0.242835
v -3.780123 2.658477 0.238413
v -3.768432 2.661340 0.226330
v -3.764152 2.662388 0.209825
v -3.768432 2.661340 0.193319
v -3.780123 2.658477 0.181236
v -3.792296 2.644484 0.176814
v -3.806877 2.636885 0.181236
v -3.817551 2.631322 0.193319
v -3.821458 2.629286 0.209825
v -3.817551 2.631322 0.226330
v -3.806877 2.636885 0.238413
v -3.792296 2.644484 0.242836
v -3.777714 2.652084 0.238413
v -3.767040 2.657646 0.226330
v -3.763133 2.659683 0.209825
v -3.767040 2.657646 0.193319
v -3.777714 2.652084 0.181236
v -3.786208 2.635597 0.176814
v -3.798563 2.624747 0.181237
v -3.807607 2.616804 0.193319
v -3.810917 2.613897 0.209825
v -3.807607 2.616804 0.226330
v -3.798563 2.624747 0.238413
v -3.786208 2.635597 0.242836
v -3.773853 2.646447 0.238413
v -3.764809 2.654390 0.226330
v -3.761499 2.657297 0.209825
v -3.764809 2.654390 0.193319
v -3.773853 2.646447 0.181237
v -3.778182 2.628413 0.176814
v -3.789842 2.616821 0.181237
v -3.798379 2.608335 0.193319
v -3.801503 2.605228 0.209825
v -3.798379 2.608335 0.226330
v -3.789842 2.616821 0.238413
v -3.778182 2.628413 0.242836
v -3.766520 2.640006 0.238413
v -3.757983 2.648492 0.226330
v -3.754859 2.651598 0.209825
v -3.757983 2.648492 0.193319
v -3.766520 2.640006 0.181237
v -1.012469 0.085055 0.176813
v -0.997913 0.077274 0.181236
v -0.987257 0.071578 0.193319
v -0.983356 0.069493 0.209824
v -0.987257 0.071578 0.226330
v -0.997913 0.077274 0.238413
v -1.012469 0.085055 0.242835
v -1.027025 0.092836 0.238413
v -1.037681 0.098532 0.226330
v -1.041581 0.100617 0.209824
v -1.037681 0.098532 0.193319
v -1.027025 0.092836 0.181236
v -1.030944 0.070587 0.176813
v -1.021775 0.056862 0.181236
v -1.015063 0.046816 0.193319
v -1.012606 0.043138 0.209824
v -1.015063 0.046816 0.226330
v -1.021775 0.056862 0.238413
v -1.030944 0.070587 0.242835
v -1.040113 0.084312 0.238413
v -1.046825 0.094358 0.226330
v -1.049282 0.098036 0.209824
v -1.046825 0.094358 0.193319
v -1.040113 0.084312 0.181236
v -1.054058 0.066537 0.176814
v -1.052442 0.050111 0.181236
v -1.051259 0.038086 0.193319
v -1.050826 0.033685 0.209825
v -1.051259 0.038086 0.226330
v -1.052442 0.050111 0.238413
v -1.054058 0.066537 0.242835
v -1.055674 0.082963 0.238413
v -1.056857 0.094988 0.226330
v -1.057290 0.099389 0.209825
v -1.056857 0.094988 0.193319
v -1.055674 0.082963 0.181236
v -1.077125 0.074594 0.176814
v -1.084897 0.060033 0.181236
v -1.090586 0.049373 0.193319
v -1.092669 0.045472 0.209825
v -1.090586 0.049373 0.226330
v -1.084897 0.060033 0.238413
v -1.077125 0.074594 0.242836
v -1.069353 0.089155 0.238413
v -1.063664 0.099814 0.226330
v -1.061581 0.103716 0.209825
v -1.063664 0.099814 0.193319
v -1.069353 0.089155 0.181236
v -1.339514 0.218540 0.177461
v -1.339514 1.248069 0.177462
v -1.323031 0.218540 0.181878
v -1.323031 1.248069 0.181878
v -1.310964 0.218540 0.193945
v -1.310964 1.248069 0.193945
v -1.306547 0.218540 0.210428
v -1.306547 1.248069 0.210428
v -1.310964 0.218540 0.226912
v -1.310964 1.248069 0.226912
v -1.323031 0.218540 0.238978
v -1.323031 1.248069 0.238978
v -1.339514 0.218540 0.243395
v -1.339514 1.248069 0.243395
v -1.355998 0.218540 0.238978
v -1.355998 1.253234 0.238978
v -1.368064 0.218540 0.226912
v -1.368064 1.253234 0.226912
v -1.372481 0.218540 0.210428
v -1.372481 1.253234 0.210428
v -1.368064 0.218540 0.193945
v -1.368064 1.253234 0.193945
v -1.355998 0.218540 0.181878
v -1.355998 1.253234 0.181878
v -1.695555 0.572405 0.177461
v -1.695555 1.601935 0.177461
v -1.679072 0.572405 0.181878
v -1.679072 1.601935 0.181878
v -1.667005 0.572405 0.193945
v -1.667005 1.601934 0.193945
v -1.662588 0.572405 0.210428
v -1.662588 1.601935 0.210428
v -1.667005 0.572405 0.226912
v -1.667005 1.601934 0.226912
v -1.679072 0.572405 0.238978
v -1.679072 1.601935 0.238978
v -1.695555 0.572405 0.243395
v -1.695555 1.601935 0.243395
v -1.712039 0.572405 0.238978
v -1.712039 1.607099 0.238978
v -1.724105 0.572405 0.226912
v -1.724105 1.607099 0.226912
v -1.728522 0.572405 0.210428
v -1.728522 1.607099 0.210428
v -1.724105 0.572405 0.193945
v -1.724105 1.607099 0.193945
v -1.712039 0.572405 0.181878
v -1.712039 1.607099 0.181878
v -2.051596 0.926270 0.177461
v -2.051596 1.955800 0.177461
v -2.035113 0.926270 0.181878
v -2.035113 1.955800 0.181878
v -2.023046 0.926270 0.193945
v -2.023046 1.955800 0.193945
v -2.018629 0.926270 0.210428
v -2.018629 1.955800 0.210428
v -2.023046 0.926270 0.226912
v -2.023046 1.955800 0.226912
v -2.035113 0.926270 0.238978
v -2.035113 1.955800 0.238978
v -2.051596 0.926270 0.243395
v -2.051596 1.955800 0.243395
v -2.068079 0.926270 0.238978
v -2.068079 1.960964 0.238978
v -2.080146 0.926270 0.226912
v -2.080146 1.960964 0.226912
v -2.084563 0.926270 0.210428
v -2.084563 1.960964 0.210428
v -2.080146 0.926270 0.193945
v -2.080146 1.960964 0.193945
v -2.068079 0.926270 0.181878
v -2.068079 1.960964 0.181878
v -2.407637 1.280136 0.177461
v -2.407637 2.309665 0.177461
v -2.391154 1.280136 0.181878
v -2.391154 2.309665 0.181878
v -2.379087 1.280136 0.193945
v -2.379087 2.309665 0.193945
v -2.374671 1.280136 0.210428
v -2.374671 2.309665 0.210428
v -2.379087 1.280136 0.226911
v -2.379087 2.309665 0.226912
v -2.391154 1.280136 0.238978
v -2.391154 2.309665 0.238978
v -2.407637 1.280136 0.243395
v -2.407637 2.309665 0.243395
v -2.424120 1.280136 0.238978
v -2.424121 2.314829 0.238978
v -2.436187 1.280136 0.226911
v -2.436187 2.314830 0.226912
v -2.440604 1.280136 0.210428
v -2.440604 2.314830 0.210428
v -2.436187 1.280136 0.193945
v -2.436187 2.314830 0.193945
v -2.424120 1.280136 0.181878
v -2.424121 2.314829 0.181878
v -2.763678 1.634001 0.177461
v -2.763678 2.663530 0.177461
v -2.747195 1.634001 0.181878
v -2.747195 2.663531 0.181878
v -2.735128 1.634001 0.193945
v -2.735128 2.663530 0.193945
v -2.730711 1.634001 0.210428
v -2.730711 2.663531 0.210428
v -2.735128 1.634001 0.226911
v -2.735128 2.663530 0.226912
v -2.747195 1.634001 0.238978
v -2.747195 2.663531 0.238978
v -2.763678 1.634001 0.243395
v -2.763678 2.663530 0.243395
v -2.780162 1.634001 0.238978
v -2.780161 2.668695 0.238978
v -2.792228 1.634001 0.226911
v -2.792228 2.668695 0.226912
v -2.796645 1.634001 0.210428
v -2.796645 2.668695 0.210428
v -2.792228 1.634001 0.193945
v -2.792228 2.668695 0.193945
v -2.780162 1.634001 0.181878
v -2.780161 2.668695 0.181878
v -3.119719 1.987866 0.177461
v -3.119719 3.017395 0.177462
v -3.103236 1.987866 0.181878
v -3.103236 3.017396 0.181878
v -3.091169 1.987866 0.193945
v -3.091169 3.017395 0.193945
v -3.086752 1.987866 0.210428
v -3.086752 3.017396 0.210428
v -3.091169 1.987866 0.226911
v -3.091169 3.017395 0.226912
v -3.103236 1.987866 0.238978
v -3.103236 3.017396 0.238978
v -3.119719 1.987866 0.243395
v -3.119719 3.017395 0.243395
v -3.136202 1.987866 0.238978
v -3.136202 3.022560 0.238978
v -3.148269 1.987866 0.226912
v -3.148269 3.022560 0.226912
v -3.152686 1.987866 0.210428
v -3.152686 3.022560 0.210428
v -3.148269 1.987866 0.193945
v -3.148269 3.022560 0.193945
v -3.136202 1.987866 0.181878
v -3.136202 3.022560 0.181878
v -3.475760 2.341731 0.177461
v -3.475760 3.371261 0.177462
v -3.459277 2.341732 0.181878
v -3.459277 3.371261 0.181878
v -3.447210 2.341732 0.193945
v -3.447210 3.371261 0.193945
v -3.442793 2.341731 0.210428
v -3.442793 3.371261 0.210428
v -3.447210 2.341732 0.226912
v -3.447210 3.371261 0.226912
v -3.459277 2.341732 0.238978
v -3.459277 3.371261 0.238978
v -3.475760 2.341731 0.243395
v -3.475760 3.371261 0.243395
v -3.492244 2.341732 0.238978
v -3.492244 3.376425 0.238978
v -3.504310 2.341731 0.226912
v -3.504310 3.376425 0.226912
v -3.508727 2.341731 0.210428
v -3.508727 3.376425 0.210428
v -3.504310 2.341731 0.193945
v -3.504310 3.376425 0.193945
v -3.492244 2.341732 0.181878
v -3.492244 3.376425 0.181878
v -1.002996 -0.096093 0.176813
v -0.986491 -0.096093 0.181236
v -0.974408 -0.096093 0.193319
v -0.969985 -0.096093 0.209824
v -0.974408 -0.096093 0.226330
v -0.986491 -0.096093 0.238413
v -1.002996 -0.096093 0.242835
v -1.019502 -0.096093 0.238413
v -1.031585 -0.096093 0.226330
v -1.036007 -0.096093 0.209824
v -1.031585 -0.096093 0.193319
v -1.019502 -0.096093 0.181236
v -1.013189 0.922446 -1.008347
v -3.723032 3.632288 -1.008347
v -1.001518 0.934117 -1.003924
v -3.711361 3.643959 -1.003924
v -0.992974 0.942661 -0.991841
v -3.702817 3.652503 -0.991841
v -0.989847 0.945788 -0.975336
v -3.699690 3.655630 -0.975336
v -0.992974 0.942661 -0.958830
v -3.702817 3.652503 -0.958830
v -1.001518 0.934117 -0.946747
v -3.711361 3.643959 -0.946748
v -1.013189 0.922446 -0.942325
v -3.723032 3.632288 -0.942325
v -1.024860 0.910774 -0.946747
v -3.734703 3.620616 -0.946748
v -1.033404 0.902231 -0.958830
v -3.743247 3.612073 -0.958830
v -1.036531 0.899103 -0.975336
v -3.746374 3.608945 -0.975336
v -1.033404 0.902231 -0.991841
v -3.743247 3.612073 -0.991841
v -1.024860 0.910774 -1.003924
v -3.734703 3.620616 -1.003924
v -1.010088 0.918729 -1.008347
v -0.996993 0.928777 -1.003924
v -0.987407 0.936132 -0.991841
v -0.983899 0.938825 -0.975336
v -0.987407 0.936132 -0.958830
v -0.996993 0.928777 -0.946747
v -1.010088 0.918729 -0.942325
v -1.023183 0.908681 -0.946747
v -1.032768 0.901325 -0.958830
v -1.036277 0.898633 -0.975336
v -1.032768 0.901325 -0.991841
v -1.023183 0.908681 -1.003924
v -1.007498 0.914639 -1.008347
v -0.993204 0.922892 -1.003924
v -0.982740 0.928933 -0.991841
v -0.978910 0.931145 -0.975336
v -0.982740 0.928933 -0.958830
v -0.993204 0.922892 -0.946747
v -1.007498 0.914639 -0.942325
v -1.021792 0.906386 -0.946747
v -1.032256 0.900345 -0.958830
v -1.036087 0.898134 -0.975336
v -1.032256 0.900345 -0.991841
v -1.021792 0.906386 -1.003924
v -1.005465 0.910246 -1.008347
v -0.990216 0.916563 -1.003924
v -0.979052 0.921187 -0.991841
v -0.974966 0.922879 -0.975336
v -0.979052 0.921187 -0.958830
v -0.990216 0.916563 -0.946747
v -1.005465 0.910246 -0.942325
v -1.020714 0.903930 -0.946747
v -1.031877 0.899306 -0.958830
v -1.035963 0.897614 -0.975336
v -1.031877 0.899306 -0.991841
v -1.020714 0.903930 -1.003924
v -1.004022 0.905626 -1.008347
v -0.988079 0.909898 -1.003924
v -0.976407 0.913025 -0.991841
v -0.972136 0.914170 -0.975336
v -0.976407 0.913025 -0.958830
v -0.988079 0.909898 -0.946747
v -1.004022 0.905626 -0.942325
v -1.019965 0.901354 -0.946747
v -1.031636 0.898226 -0.958830
v -1.035908 0.897082 -0.975336
v -1.031636 0.898226 -0.991841
v -1.019965 0.901354 -1.003924
v -1.003194 0.900856 -1.008347
v -0.986830 0.903011 -1.003924
v -0.974850 0.904588 -0.991841
v -0.970466 0.905165 -0.975336
v -0.974850 0.904588 -0.958830
v -0.986830 0.903011 -0.946747
v -1.003194 0.900856 -0.942325
v -1.019558 0.898702 -0.946747
v -1.031538 0.897125 -0.958830
v -1.035923 0.896547 -0.975336
v -1.031538 0.897125 -0.991841
v -1.019558 0.898702 -1.003924
v -1.002996 0.896020 -1.008347
v -0.986491 0.896020 -1.003924
v -0.974408 0.896020 -0.991841
v -0.969985 0.896020 -0.975336
v -0.974408 0.896020 -0.958830
v -0.986491 0.896020 -0.946747
v -1.002996 0.896020 -0.942325
v -1.019502 0.896020 -0.946747
v -1.031585 0.896020 -0.958830
v -1.036007 0.896020 -0.975336
v -1.031585 0.896020 -0.991841
v -1.019502 0.896020 -1.003924
v -1.002996 0.106524 -1.008347
v -0.986491 0.106524 -1.003924
v -0.974408 0.106524 -0.991841
v -0.969985 0.106524 -0.975336
v -0.974408 0.106524 -0.958830
v -0.986491 0.106524 -0.946747
v -1.002996 0.106524 -0.942325
v -1.019502 0.106524 -0.946747
v -1.031585 0.106524 -0.958830
v -1.036007 0.106524 -0.975336
v -1.031585 0.106524 -0.991841
v -1.019502 0.106524 -1.003924
v -3.734255 3.639860 -1.008347
v -3.726633 3.654500 -1.003924
v -3.721054 3.665218 -0.991841
v -3.719012 3.669141 -0.975336
v -3.721054 3.665218 -0.958830
v -3.726633 3.654500 -0.946748
v -3.734255 3.639860 -0.942325
v -3.741876 3.625219 -0.946748
v -3.747455 3.614502 -0.958830
v -3.749497 3.610579 -0.975336
v -3.747455 3.614502 -0.991841
v -3.741876 3.625219 -1.003924
v -3.747235 3.643707 -1.008347
v -3.744369 3.659961 -1.003924
v -3.742270 3.671861 -0.991841
v -3.741503 3.676216 -0.975336
v -3.742270 3.671861 -0.958830
v -3.744369 3.659961 -0.946747
v -3.747235 3.643707 -0.942325
v -3.750101 3.627452 -0.946747
v -3.752199 3.615553 -0.958830
v -3.752967 3.611197 -0.975336
v -3.752199 3.615553 -0.991841
v -3.750101 3.627452 -1.003924
v -3.760771 3.643473 -1.008347
v -3.762925 3.659837 -1.003924
v -3.764502 3.671816 -0.991841
v -3.765079 3.676201 -0.975336
v -3.764502 3.671816 -0.958830
v -3.762925 3.659837 -0.946747
v -3.760771 3.643473 -0.942325
v -3.758616 3.627108 -0.946747
v -3.757039 3.615129 -0.958830
v -3.756462 3.610744 -0.975336
v -3.757039 3.615129 -0.991841
v -3.758616 3.627108 -1.003924
v -3.773610 3.639179 -1.008347
v -3.780586 3.654138 -1.003924
v -3.785692 3.665088 -0.991841
v -3.787561 3.669097 -0.975336
v -3.785692 3.665088 -0.958830
v -3.780586 3.654138 -0.946747
v -3.773610 3.639179 -0.942325
v -3.766635 3.624220 -0.946747
v -3.761528 3.613269 -0.958830
v -3.759659 3.609261 -0.975336
v -3.761528 3.613269 -0.991841
v -3.766635 3.624220 -1.003924
v -3.784564 3.631223 -1.008347
v -3.795715 3.643392 -1.003924
v -3.803878 3.652301 -0.991841
v -3.806866 3.655561 -0.975336
v -3.803878 3.652301 -0.958830
v -3.795715 3.643392 -0.946747
v -3.784564 3.631223 -0.942325
v -3.773413 3.619054 -0.946747
v -3.765250 3.610145 -0.958830
v -3.762262 3.606884 -0.975336
v -3.765250 3.610145 -0.991841
v -3.773413 3.619054 -1.003924
v -3.792619 3.620342 -1.008347
v -3.806913 3.628594 -1.003924
v -3.817376 3.634635 -0.991841
v -3.821207 3.636847 -0.975336
v -3.817376 3.634635 -0.958830
v -3.806913 3.628594 -0.946747
v -3.792619 3.620342 -0.942325
v -3.778324 3.612089 -0.946747
v -3.767860 3.606047 -0.958830
v -3.764030 3.603836 -0.975336
v -3.767860 3.606047 -0.991841
v -3.778324 3.612089 -1.003924
v -3.797028 3.607541 -1.008346
v -3.813142 3.611114 -1.003924
v -3.824939 3.613729 -0.991841
v -3.829256 3.614686 -0.975336
v -3.824939 3.613729 -0.958830
v -3.813142 3.611114 -0.946747
v -3.797028 3.607541 -0.942325
v -3.780913 3.603969 -0.946747
v -3.769117 3.601354 -0.958830
v -3.764799 3.600396 -0.975336
v -3.769117 3.601354 -0.991841
v -3.780913 3.603969 -1.003924
v -3.797385 2.665259 -1.008346
v -3.813827 2.665259 -1.003924
v -3.825863 2.665259 -0.991841
v -3.830269 2.665259 -0.975335
v -3.825863 2.665259 -0.958830
v -3.813827 2.665259 -0.946747
v -3.797385 2.665259 -0.942325
v -3.780941 2.665259 -0.946747
v -3.768904 2.665259 -0.958830
v -3.764499 2.665259 -0.975335
v -3.768905 2.665259 -0.991841
v -3.780941 2.665259 -1.003924
v -3.796094 2.654564 -1.008346
v -3.812064 2.650652 -1.003924
v -3.823755 2.647789 -0.991841
v -3.828034 2.646741 -0.975335
v -3.823755 2.647789 -0.958830
v -3.812064 2.650652 -0.946747
v -3.796094 2.654564 -0.942324
v -3.780123 2.658477 -0.946747
v -3.768432 2.661340 -0.958830
v -3.764152 2.662388 -0.975335
v -3.768432 2.661340 -0.991841
v -3.780123 2.658477 -1.003924
v -3.792295 2.644484 -1.008346
v -3.806877 2.636885 -1.003924
v -3.817551 2.631322 -0.991841
v -3.821458 2.629286 -0.975335
v -3.817551 2.631322 -0.958830
v -3.806877 2.636885 -0.946747
v -3.792295 2.644484 -0.942324
v -3.777714 2.652084 -0.946747
v -3.767040 2.657646 -0.958830
v -3.763133 2.659683 -0.975335
v -3.767040 2.657646 -0.991841
v -3.777714 2.652084 -1.003924
v -3.786208 2.635597 -1.008346
v -3.798563 2.624747 -1.003923
v -3.807607 2.616804 -0.991840
v -3.810917 2.613897 -0.975335
v -3.807607 2.616804 -0.958830
v -3.798563 2.624747 -0.946747
v -3.786208 2.635597 -0.942324
v -3.773853 2.646447 -0.946747
v -3.764809 2.654390 -0.958830
v -3.761498 2.657297 -0.975335
v -3.764809 2.654390 -0.991840
v -3.773853 2.646447 -1.003923
v -3.778182 2.628413 -1.008346
v -3.789842 2.616821 -1.003923
v -3.798378 2.608335 -0.991840
v -3.801503 2.605229 -0.975335
v -3.798378 2.608335 -0.958829
v -3.789842 2.616821 -0.946747
v -3.778182 2.628413 -0.942324
v -3.766520 2.640006 -0.946747
v -3.757983 2.648492 -0.958829
v -3.754859 2.651598 -0.975335
v -3.757983 2.648492 -0.991840
v -3.766520 2.640006 -1.003923
v -1.012469 0.085055 -1.008347
v -0.997913 0.077274 -1.003924
v -0.987257 0.071578 -0.991841
v -0.983356 0.069493 -0.975336
v -0.987257 0.071578 -0.958830
v -0.997913 0.077274 -0.946747
v -1.012469 0.085055 -0.942325
v -1.027025 0.092837 -0.946747
v -1.037681 0.098532 -0.958830
v -1.041581 0.100617 -0.975336
v -1.037681 0.098532 -0.991841
v -1.027025 0.092837 -1.003924
v -1.030944 0.070587 -1.008346
v -1.021775 0.056862 -1.003924
v -1.015063 0.046816 -0.991841
v -1.012606 0.043138 -0.975335
v -1.015063 0.046816 -0.958830
v -1.021775 0.056862 -0.946747
v -1.030944 0.070587 -0.942325
v -1.040113 0.084312 -0.946747
v -1.046825 0.094358 -0.958830
v -1.049282 0.098036 -0.975335
v -1.046825 0.094358 -0.991841
v -1.040113 0.084312 -1.003924
v -1.054058 0.066537 -1.008346
v -1.052442 0.050111 -1.003924
v -1.051258 0.038086 -0.991841
v -1.050826 0.033685 -0.975335
v -1.051258 0.038086 -0.958830
v -1.052442 0.050111 -0.946747
v -1.054058 0.066537 -0.942324
v -1.055674 0.082963 -0.946747
v -1.056857 0.094988 -0.958830
v -1.057290 0.099389 -0.975335
v -1.056857 0.094988 -0.991841
v -1.055674 0.082963 -1.003924
v -1.077125 0.074594 -1.008346
v -1.084897 0.060033 -1.003923
v -1.090586 0.049373 -0.991841
v -1.092668 0.045472 -0.975335
v -1.090586 0.049373 -0.958830
v -1.084897 0.060033 -0.946747
v -1.077125 0.074594 -0.942324
v -1.069353 0.089155 -0.946747
v -1.063664 0.099814 -0.958830
v -1.061581 0.103716 -0.975335
v -1.063664 0.099814 -0.991841
v -1.069353 0.089155 -1.003923
v -1.339514 0.218540 -1.007698
v -1.339514 1.248069 -1.007698
v -1.323031 0.218540 -1.003282
v -1.323031 1.248069 -1.003282
v -1.310964 0.218540 -0.991215
v -1.310964 1.248069 -0.991215
v -1.306547 0.218540 -0.974732
v -1.306547 1.248069 -0.974732
v -1.310964 0.218540 -0.958248
v -1.310964 1.248069 -0.958248
v -1.323031 0.218540 -0.946182
v -1.323031 1.248069 -0.946182
v -1.339514 0.218540 -0.941765
v -1.339514 1.248069 -0.941765
v -1.355997 0.218540 -0.946182
v -1.355997 1.253234 -0.946182
v -1.368064 0.218540 -0.958248
v -1.368064 1.253234 -0.958248
v -1.372481 0.218540 -0.974732
v -1.372481 1.253234 -0.974732
v -1.368064 0.218540 -0.991215
v -1.368064 1.253234 -0.991215
v -1.355997 0.218540 -1.003282
v -1.355998 1.253234 -1.003282
v -1.695555 0.572405 -1.007698
v -1.695555 1.601935 -1.007698
v -1.679072 0.572405 -1.003282
v -1.679072 1.601935 -1.003282
v -1.667005 0.572405 -0.991215
v -1.667005 1.601935 -0.991215
v -1.662588 0.572405 -0.974732
v -1.662588 1.601935 -0.974732
v -1.667005 0.572405 -0.958248
v -1.667005 1.601935 -0.958248
v -1.679072 0.572405 -0.946182
v -1.679072 1.601935 -0.946182
v -1.695555 0.572405 -0.941765
v -1.695555 1.601935 -0.941765
v -1.712038 0.572405 -0.946182
v -1.712038 1.607099 -0.946182
v -1.724105 0.572405 -0.958248
v -1.724105 1.607099 -0.958248
v -1.728522 0.572405 -0.974732
v -1.728522 1.607099 -0.974732
v -1.724105 0.572405 -0.991215
v -1.724105 1.607099 -0.991215
v -1.712039 0.572405 -1.003282
v -1.712039 1.607099 -1.003282
v -2.051596 0.926270 -1.007698
v -2.051596 1.955800 -1.007698
v -2.035113 0.926270 -1.003282
v -2.035113 1.955800 -1.003282
v -2.023046 0.926270 -0.991215
v -2.023046 1.955800 -0.991215
v -2.018629 0.926270 -0.974732
v -2.018629 1.955800 -0.974732
v -2.023046 0.926270 -0.958248
v -2.023046 1.955800 -0.958248
v -2.035113 0.926270 -0.946182
v -2.035113 1.955800 -0.946182
v -2.051596 0.926270 -0.941765
v -2.051596 1.955800 -0.941765
v -2.068079 0.926270 -0.946182
v -2.068079 1.960964 -0.946182
v -2.080146 0.926270 -0.958248
v -2.080146 1.960964 -0.958248
v -2.084563 0.926270 -0.974732
v -2.084563 1.960964 -0.974732
v -2.080146 0.926270 -0.991215
v -2.080146 1.960964 -0.991215
v -2.068079 0.926270 -1.003282
v -2.068079 1.960964 -1.003282
v -2.407637 1.280136 -1.007698
v -2.407637 2.309665 -1.007698
v -2.391154 1.280136 -1.003282
v -2.391154 2.309665 -1.003282
v -2.379087 1.280136 -0.991215
v -2.379087 2.309665 -0.991215
v -2.374671 1.280136 -0.974732
v -2.374671 2.309665 -0.974732
v -2.379087 1.280136 -0.958248
v -2.379087 2.309665 -0.958248
v -2.391154 1.280136 -0.946182
v -2.391154 2.309665 -0.946182
v -2.407637 1.280136 -0.941765
v -2.407637 2.309665 -0.941765
v -2.424120 1.280136 -0.946182
v -2.424120 2.314830 -0.946182
v -2.436187 1.280136 -0.958248
v -2.436187 2.314830 -0.958248
v -2.440604 1.280136 -0.974732
v -2.440604 2.314830 -0.974732
v -2.436187 1.280136 -0.991215
v -2.436187 2.314830 -0.991215
v -2.424120 1.280136 -1.003282
v -2.424120 2.314830 -1.003282
v -2.763678 1.634001 -1.007698
v -2.763678 2.663531 -1.007698
v -2.747195 1.634001 -1.003282
v -2.747195 2.663531 -1.003282
v -2.735128 1.634001 -0.991215
v -2.735128 2.663531 -0.991215
v -2.730711 1.634001 -0.974732
v -2.730711 2.663531 -0.974732
v -2.735128 1.634001 -0.958248
v -2.735128 2.663531 -0.958248
v -2.747195 1.634001 -0.946182
v -2.747195 2.663531 -0.946182
v -2.763678 1.634001 -0.941765
v -2.763678 2.663531 -0.941765
v -2.780161 1.634001 -0.946182
v -2.780161 2.668695 -0.946182
v -2.792228 1.634001 -0.958248
v -2.792228 2.668695 -0.958248
v -2.796645 1.634001 -0.974732
v -2.796645 2.668695 -0.974732
v -2.792228 1.634001 -0.991215
v -2.792228 2.668695 -0.991215
v -2.780161 1.634001 -1.003282
v -2.780161 2.668695 -1.003282
v -3.119719 1.987866 -1.007698
v -3.119719 3.017396 -1.007698
v -3.103236 1.987866 -1.003282
v -3.103236 3.017396 -1.003282
v -3.091169 1.987866 -0.991215
v -3.091169 3.017395 -0.991215
v -3.086752 1.987866 -0.974732
v -3.086752 3.017396 -0.974732
v -3.091169 1.987866 -0.958248
v -3.091169 3.017395 -0.958248
v -3.103236 1.987866 -0.946182
v -3.103236 3.017396 -0.946182
v -3.119719 1.987866 -0.941765
v -3.119719 3.017396 -0.941765
v -3.136202 1.987866 -0.946182
v -3.136202 3.022560 -0.946182
v -3.148269 1.987866 -0.958248
v -3.148269 3.022560 -0.958248
v -3.152686 1.987866 -0.974732
v -3.152686 3.022560 -0.974732
v -3.148269 1.987866 -0.991215
v -3.148269 3.022560 -0.991215
v -3.136202 1.987866 -1.003282
v -3.136202 3.022560 -1.003282
v -3.475760 2.341731 -1.007698
v -3.475760 3.371261 -1.007698
v -3.459277 2.341732 -1.003282
v -3.459277 3.371261 -1.003282
v -3.447210 2.341732 -0.991215
v -3.447210 3.371261 -0.991215
v -3.442793 2.341731 -0.974732
v -3.442793 3.371261 -0.974732
v -3.447210 2.341732 -0.958248
v -3.447210 3.371261 -0.958248
v -3.459277 2.341732 -0.946182
v -3.459277 3.371261 -0.946182
v -3.475760 2.341731 -0.941765
v -3.475760 3.371261 -0.941765
v -3.492244 2.341732 -0.946182
v -3.492244 3.376425 -0.946182
v -3.504310 2.341731 -0.958248
v -3.504310 3.376425 -0.958248
v -3.508727 2.341732 -0.974732
v -3.508727 3.376425 -0.974732
v -3.504310 2.341731 -0.991215
v -3.504310 3.376425 -0.991215
v -3.492244 2.341732 -1.003282
v -3.492244 3.376425 -1.003282
v -1.002996 -0.096093 -1.008347
v -0.986491 -0.096093 -1.003924
v -0.974408 -0.096093 -0.991841
v -0.969985 -0.096093 -0.975336
v -0.974408 -0.096093 -0.958830
v -0.986491 -0.096093 -0.946747
v -1.002996 -0.096093 -0.942325
v -1.019502 -0.096093 -0.946747
v -1.031584 -0.096093 -0.958830
v -1.036007 -0.096093 -0.975336
v -1.031584 -0.096093 -0.991841
v -1.019502 -0.096093 -1.003924
v -1.013189 0.922446 -2.193506
v -3.723032 3.632288 -2.193507
v -1.001518 0.934117 -2.189084
v -3.711361 3.643959 -2.189084
v -0.992974 0.942661 -2.177001
v -3.702817 3.652503 -2.177001
v -0.989847 0.945788 -2.160496
v -3.699690 3.655630 -2.160496
v -0.992974 0.942661 -2.143990
v -3.702817 3.652503 -2.143990
v -1.001518 0.934117 -2.131907
v -3.711361 3.643959 -2.131907
v -1.013189 0.922446 -2.127485
v -3.723032 3.632288 -2.127485
v -1.024860 0.910774 -2.131907
v -3.734703 3.620617 -2.131907
v -1.033404 0.902231 -2.143990
v -3.743247 3.612073 -2.143990
v -1.036531 0.899103 -2.160496
v -3.746374 3.608945 -2.160496
v -1.033404 0.902231 -2.177001
v -3.743247 3.612073 -2.177001
v -1.024860 0.910774 -2.189084
v -3.734703 3.620616 -2.189084
v -1.010088 0.918729 -2.193506
v -0.996993 0.928777 -2.189084
v -0.987407 0.936132 -2.177001
v -0.983898 0.938825 -2.160496
v -0.987407 0.936132 -2.143990
v -0.996993 0.928777 -2.131907
v -1.010088 0.918729 -2.127485
v -1.023182 0.908681 -2.131907
v -1.032768 0.901325 -2.143990
v -1.036277 0.898633 -2.160496
v -1.032768 0.901325 -2.177001
v -1.023183 0.908681 -2.189084
v -1.007498 0.914639 -2.193506
v -0.993204 0.922892 -2.189084
v -0.982740 0.928933 -2.177001
v -0.978910 0.931145 -2.160496
v -0.982740 0.928933 -2.143990
v -0.993204 0.922892 -2.131907
v -1.007498 0.914639 -2.127485
v -1.021792 0.906386 -2.131907
v -1.032256 0.900345 -2.143990
v -1.036086 0.898134 -2.160496
v -1.032256 0.900345 -2.177001
v -1.021792 0.906386 -2.189084
v -1.005464 0.910246 -2.193506
v -0.990215 0.916563 -2.189084
v -0.979052 0.921187 -2.177001
v -0.974966 0.922879 -2.160496
v -0.979052 0.921187 -2.143990
v -0.990215 0.916563 -2.131907
v -1.005464 0.910246 -2.127485
v -1.020714 0.903930 -2.131907
v -1.031877 0.899306 -2.143990
v -1.035963 0.897614 -2.160496
v -1.031877 0.899306 -2.177001
v -1.020714 0.903930 -2.189084
v -1.004022 0.905626 -2.193506
v -0.988078 0.909898 -2.189084
v -0.976407 0.913025 -2.177001
v -0.972135 0.914170 -2.160496
v -0.976407 0.913025 -2.143990
v -0.988078 0.909898 -2.131907
v -1.004022 0.905626 -2.127485
v -1.019965 0.901354 -2.131907
v -1.031636 0.898226 -2.143990
v -1.035908 0.897082 -2.160496
v -1.031636 0.898226 -2.177001
v -1.019965 0.901354 -2.189084
v -1.003194 0.900856 -2.193506
v -0.986830 0.903011 -2.189084
v -0.974850 0.904588 -2.177001
v -0.970466 0.905165 -2.160496
v -0.974850 0.904588 -2.143990
v -0.986830 0.903011 -2.131907
v -1.003194 0.900856 -2.127485
v -1.019558 0.898702 -2.131907
v -1.031538 0.897125 -2.143990
v -1.035923 0.896548 -2.160496
v -1.031538 0.897125 -2.177001
v -1.019558 0.898702 -2.189084
v -1.002996 0.896020 -2.193506
v -0.986491 0.896020 -2.189084
v -0.974408 0.896020 -2.177001
v -0.969985 0.896020 -2.160496
v -0.974408 0.896020 -2.143990
v -0.986491 0.896020 -2.131907
v -1.002996 0.896020 -2.127485
v -1.019502 0.896020 -2.131907
v -1.031585 0.896020 -2.143990
v -1.036007 0.896020 -2.160496
v -1.031585 0.896020 -2.177001
v -1.019502 0.896020 -2.189084
v -1.002996 0.106524 -2.193506
v -0.986491 0.106524 -2.189084
v -0.974408 0.106524 -2.177001
v -0.969985 0.106524 -2.160496
v -0.974408 0.106524 -2.143990
v -0.986491 0.106524 -2.131907
v -1.002996 0.106524 -2.127485
v -1.019502 0.106524 -2.131907
v -1.031585 0.106524 -2.143990
v -1.036007 0.106524 -2.160496
v -1.031585 0.106524 -2.177001
v -1.019502 0.106524 -2.189084
v -3.734254 3.639860 -2.193507
v -3.726633 3.654500 -2.189084
v -3.721053 3.665218 -2.177001
v -3.719012 3.669141 -2.160496
v -3.721053 3.665218 -2.143990
v -3.726633 3.654500 -2.131907
v -3.734254 3.639860 -2.127485
v -3.741876 3.625219 -2.131907
v -3.747455 3.614502 -2.143990
v -3.749497 3.610579 -2.160496
v -3.747455 3.614502 -2.177001
v -3.741876 3.625219 -2.189084
v -3.747235 3.643707 -2.193507
v -3.744368 3.659961 -2.189084
v -3.742270 3.671861 -2.177001
v -3.741502 3.676216 -2.160496
v -3.742270 3.671861 -2.143990
v -3.744368 3.659961 -2.131907
v -3.747235 3.643707 -2.127485
v -3.750101 3.627452 -2.131907
v -3.752199 3.615553 -2.143990
v -3.752967 3.611197 -2.160496
v -3.752199 3.615553 -2.177001
v -3.750101 3.627452 -2.189084
v -3.760771 3.643473 -2.193506
v -3.762925 3.659837 -2.189084
v -3.764502 3.671816 -2.177001
v -3.765079 3.676201 -2.160496
v -3.764502 3.671816 -2.143990
v -3.762925 3.659837 -2.131907
v -3.760771 3.643473 -2.127485
v -3.758616 3.627108 -2.131907
v -3.757039 3.615129 -2.143990
v -3.756462 3.610744 -2.160496
v -3.757039 3.615129 -2.177001
v -3.758616 3.627108 -2.189084
v -3.773610 3.639179 -2.193506
v -3.780586 3.654138 -2.189084
v -3.785691 3.665088 -2.177001
v -3.787561 3.669097 -2.160496
v -3.785691 3.665088 -2.143990
v -3.780586 3.654138 -2.131907
v -3.773610 3.639179 -2.127485
v -3.766635 3.624220 -2.131907
v -3.761528 3.613269 -2.143990
v -3.759659 3.609261 -2.160496
v -3.761528 3.613269 -2.177001
v -3.766635 3.624220 -2.189084
v -3.784564 3.631223 -2.193506
v -3.795715 3.643392 -2.189084
v -3.803878 3.652301 -2.177001
v -3.806866 3.655561 -2.160496
v -3.803878 3.652301 -2.143990
v -3.795715 3.643392 -2.131907
v -3.784564 3.631223 -2.127485
v -3.773413 3.619054 -2.131907
v -3.765249 3.610145 -2.143990
v -3.762262 3.606885 -2.160496
v -3.765250 3.610145 -2.177001
v -3.773413 3.619054 -2.189084
v -3.792619 3.620342 -2.193506
v -3.806912 3.628594 -2.189084
v -3.817376 3.634635 -2.177001
v -3.821207 3.636847 -2.160496
v -3.817376 3.634635 -2.143990
v -3.806912 3.628594 -2.131907
v -3.792619 3.620342 -2.127485
v -3.778324 3.612089 -2.131907
v -3.767860 3.606047 -2.143990
v -3.764030 3.603836 -2.160496
v -3.767860 3.606047 -2.177001
v -3.778324 3.612089 -2.189084
v -3.797028 3.607541 -2.193506
v -3.813142 3.611114 -2.189084
v -3.824938 3.613729 -2.177001
v -3.829256 3.614686 -2.160496
v -3.824938 3.613729 -2.143990
v -3.813142 3.611114 -2.131907
v -3.797028 3.607541 -2.127485
v -3.780913 3.603969 -2.131907
v -3.769117 3.601354 -2.143990
v -3.764799 3.600396 -2.160495
v -3.769117 3.601354 -2.177001
v -3.780913 3.603969 -2.189084
v -3.797385 2.665259 -2.193506
v -3.813827 2.665259 -2.189084
v -3.825863 2.665259 -2.177001
v -3.830269 2.665259 -2.160495
v -3.825863 2.665259 -2.143990
v -3.813827 2.665259 -2.131907
v -3.797384 2.665259 -2.127484
v -3.780941 2.665259 -2.131907
v -3.768904 2.665259 -2.143990
v -3.764498 2.665259 -2.160495
v -3.768904 2.665259 -2.177001
v -3.780941 2.665259 -2.189084
v -3.796094 2.654564 -2.193506
v -3.812064 2.650652 -2.189083
v -3.823755 2.647789 -2.177001
v -3.828034 2.646741 -2.160495
v -3.823755 2.647789 -2.143990
v -3.812064 2.650652 -2.131907
v -3.796093 2.654565 -2.127484
v -3.780123 2.658477 -2.131907
v -3.768431 2.661340 -2.143990
v -3.764152 2.662388 -2.160495
v -3.768431 2.661340 -2.177001
v -3.780123 2.658477 -2.189083
v -3.792295 2.644484 -2.193506
v -3.806876 2.636885 -2.189083
v -3.817551 2.631322 -2.177000
v -3.821458 2.629286 -2.160495
v -3.817551 2.631322 -2.143990
v -3.806876 2.636885 -2.131907
v -3.792295 2.644484 -2.127484
v -3.777714 2.652084 -2.131907
v -3.767040 2.657646 -2.143990
v -3.763133 2.659683 -2.160495
v -3.767040 2.657646 -2.177000
v -3.777714 2.652084 -2.189083
v -3.786208 2.635597 -2.193506
v -3.798563 2.624747 -2.189083
v -3.807607 2.616804 -2.177000
v -3.810917 2.613897 -2.160495
v -3.807607 2.616804 -2.143989
v -3.798563 2.624747 -2.131907
v -3.786208 2.635597 -2.127484
v -3.773853 2.646447 -2.131907
v -3.764809 2.654390 -2.143989
v -3.761498 2.657297 -2.160495
v -3.764809 2.654390 -2.177000
v -3.773853 2.646447 -2.189083
v -3.778182 2.628413 -2.193506
v -3.789842 2.616821 -2.189083
v -3.798378 2.608335 -2.177000
v -3.801503 2.605229 -2.160495
v -3.798378 2.608335 -2.143989
v -3.789842 2.616821 -2.131906
v -3.778181 2.628413 -2.127484
v -3.766520 2.640006 -2.131906
v -3.757983 2.648492 -2.143989
v -3.754859 2.651598 -2.160495
v -3.757983 2.648492 -2.177000
v -3.766520 2.640006 -2.189083
v -1.012469 0.085055 -2.193506
v -0.997913 0.077274 -2.189084
v -0.987257 0.071578 -2.177001
v -0.983356 0.069493 -2.160496
v -0.987257 0.071578 -2.143990
v -0.997913 0.077274 -2.131907
v -1.012469 0.085055 -2.127485
v -1.027025 0.092837 -2.131907
v -1.037681 0.098532 -2.143990
v -1.041581 0.100617 -2.160496
v -1.037681 0.098532 -2.177001
v -1.027025 0.092837 -2.189084
v -1.030944 0.070587 -2.193506
v -1.021775 0.056863 -2.189084
v -1.015063 0.046816 -2.177001
v -1.012606 0.043138 -2.160495
v -1.015063 0.046816 -2.143990
v -1.021775 0.056863 -2.131907
v -1.030944 0.070587 -2.127484
v -1.040112 0.084312 -2.131907
v -1.046825 0.094358 -2.143990
v -1.049281 0.098036 -2.160495
v -1.046825 0.094358 -2.177001
v -1.040112 0.084312 -2.189084
v -1.054058 0.066537 -2.193506
v -1.052442 0.050111 -2.189083
v -1.051258 0.038086 -2.177001
v -1.050826 0.033685 -2.160495
v -1.051258 0.038086 -2.143990
v -1.052442 0.050111 -2.131907
v -1.054058 0.066537 -2.127484
v -1.055673 0.082963 -2.131907
v -1.056857 0.094988 -2.143990
v -1.057289 0.099389 -2.160495
v -1.056857 0.094988 -2.177001
v -1.055673 0.082963 -2.189083
v -1.077125 0.074594 -2.193506
v -1.084897 0.060033 -2.189083
v -1.090586 0.049374 -2.177001
v -1.092668 0.045472 -2.160495
v -1.090586 0.049374 -2.143990
v -1.084897 0.060033 -2.131907
v -1.077125 0.074594 -2.127484
v -1.069353 0.089155 -2.131907
v -1.063664 0.099814 -2.143990
v -1.061581 0.103716 -2.160495
v -1.063664 0.099814 -2.177001
v -1.069353 0.089155 -2.189083
v -1.339514 0.218540 -2.192858
v -1.339514 1.248069 -2.192858
v -1.323031 0.218540 -2.188442
v -1.323030 1.248069 -2.188442
v -1.310964 0.218540 -2.176375
v -1.310964 1.248069 -2.176375
v -1.306547 0.218540 -2.159891
v -1.306547 1.248069 -2.159891
v -1.310964 0.218540 -2.143408
v -1.310964 1.248069 -2.143408
v -1.323031 0.218540 -2.131341
v -1.323030 1.248069 -2.131341
v -1.339514 0.218540 -2.126925
v -1.339514 1.248069 -2.126925
v -1.355997 0.218540 -2.131341
v -1.355997 1.253234 -2.131341
v -1.368064 0.218540 -2.143408
v -1.368064 1.253234 -2.143408
v -1.372481 0.218540 -2.159891
v -1.372481 1.253234 -2.159891
v -1.368064 0.218540 -2.176375
v -1.368064 1.253234 -2.176375
v -1.355997 0.218540 -2.188442
v -1.355997 1.253234 -2.188442
v -1.695555 0.572405 -2.192858
v -1.695555 1.601935 -2.192858
v -1.679072 0.572405 -2.188442
v -1.679072 1.601935 -2.188442
v -1.667005 0.572405 -2.176375
v -1.667005 1.601935 -2.176375
v -1.662588 0.572405 -2.159891
v -1.662588 1.601935 -2.159891
v -1.667005 0.572405 -2.143408
v -1.667005 1.601935 -2.143408
v -1.679072 0.572405 -2.131341
v -1.679072 1.601935 -2.131341
v -1.695555 0.572405 -2.126925
v -1.695555 1.601935 -2.126925
v -1.712038 0.572405 -2.131341
v -1.712038 1.607099 -2.131341
v -1.724105 0.572405 -2.143408
v -1.724105 1.607099 -2.143408
v -1.728522 0.572405 -2.159891
v -1.728522 1.607099 -2.159891
v -1.724105 0.572405 -2.176375
v -1.724105 1.607099 -2.176375
v -1.712038 0.572405 -2.188442
v -1.712038 1.607099 -2.188442
v -2.051596 0.926270 -2.192858
v -2.051596 1.955800 -2.192858
v -2.035112 0.926270 -2.188442
v -2.035113 1.955800 -2.188442
v -2.023046 0.926271 -2.176375
v -2.023046 1.955800 -2.176375
v -2.018629 0.926270 -2.159891
v -2.018629 1.955800 -2.159891
v -2.023046 0.926271 -2.143408
v -2.023046 1.955800 -2.143408
v -2.035112 0.926270 -2.131341
v -2.035113 1.955800 -2.131341
v -2.051596 0.926270 -2.126925
v -2.051596 1.955800 -2.126925
v -2.068079 0.926271 -2.131341
v -2.068079 1.960964 -2.131341
v -2.080146 0.926270 -2.143408
v -2.080146 1.960964 -2.143408
v -2.084563 0.926270 -2.159891
v -2.084563 1.960964 -2.159891
v -2.080146 0.926270 -2.176375
v -2.080146 1.960964 -2.176375
v -2.068079 0.926271 -2.188442
v -2.068079 1.960964 -2.188442
v -2.407637 1.280136 -2.192858
v -2.407637 2.309665 -2.192858
v -2.391153 1.280136 -2.188442
v -2.391154 2.309665 -2.188442
v -2.379087 1.280136 -2.176375
v -2.379087 2.309665 -2.176375
v -2.374670 1.280136 -2.159891
v -2.374670 2.309665 -2.159891
v -2.379087 1.280136 -2.143408
v -2.379087 2.309665 -2.143408
v -2.391153 1.280136 -2.131341
v -2.391154 2.309665 -2.131341
v -2.407637 1.280136 -2.126925
v -2.407637 2.309665 -2.126925
v -2.424120 1.280136 -2.131341
v -2.424120 2.314830 -2.131341
v -2.436187 1.280136 -2.143408
v -2.436187 2.314830 -2.143408
v -2.440604 1.280136 -2.159891
v -2.440604 2.314830 -2.159891
v -2.436187 1.280136 -2.176375
v -2.436187 2.314830 -2.176375
v -2.424120 1.280136 -2.188442
v -2.424120 2.314830 -2.188442
v -2.763678 1.634001 -2.192858
v -2.763678 2.663531 -2.192858
v -2.747195 1.634001 -2.188442
v -2.747195 2.663531 -2.188442
v -2.735128 1.634001 -2.176375
v -2.735128 2.663531 -2.176375
v -2.730711 1.634001 -2.159891
v -2.730711 2.663531 -2.159891
v -2.735128 1.634001 -2.143408
v -2.735128 2.663531 -2.143408
v -2.747195 1.634001 -2.131341
v -2.747195 2.663531 -2.131341
v -2.763678 1.634001 -2.126925
v -2.763678 2.663531 -2.126925
v -2.780161 1.634001 -2.131341
v -2.780161 2.668695 -2.131341
v -2.792228 1.634001 -2.143408
v -2.792228 2.668695 -2.143408
v -2.796645 1.634001 -2.159891
v -2.796644 2.668695 -2.159891
v -2.792228 1.634001 -2.176375
v -2.792228 2.668695 -2.176375
v -2.780161 1.634001 -2.188442
v -2.780161 2.668695 -2.188442
v -3.119719 1.987866 -2.192858
v -3.119719 3.017396 -2.192858
v -3.103235 1.987866 -2.188442
v -3.103235 3.017396 -2.188442
v -3.091169 1.987866 -2.176375
v -3.091169 3.017396 -2.176375
v -3.086752 1.987866 -2.159891
v -3.086752 3.017396 -2.159891
v -3.091169 1.987866 -2.143408
v -3.091169 3.017396 -2.143408
v -3.103235 1.987866 -2.131341
v -3.103235 3.017396 -2.131341
v -3.119719 1.987866 -2.126925
v -3.119719 3.017396 -2.126925
v -3.136202 1.987866 -2.131341
v -3.136202 3.022560 -2.131341
v -3.148269 1.987866 -2.143408
v -3.148269 3.022560 -2.143408
v -3.152686 1.987866 -2.159891
v -3.152686 3.022560 -2.159891
v -3.148269 1.987866 -2.176375
v -3.148269 3.022560 -2.176375
v -3.136202 1.987866 -2.188442
v -3.136202 3.022560 -2.188442
v -3.475760 2.341731 -2.192858
v -3.475760 3.371261 -2.192858
v -3.459277 2.341732 -2.188442
v -3.459277 3.371261 -2.188442
v -3.447210 2.341732 -2.176375
v -3.447210 3.371261 -2.176375
v -3.442793 2.341732 -2.159891
v -3.442793 3.371261 -2.159891
v -3.447210 2.341732 -2.143408
v -3.447210 3.371261 -2.143408
v -3.459277 2.341732 -2.131341
v -3.459277 3.371261 -2.131341
v -3.475760 2.341731 -2.126925
v -3.475760 3.371261 -2.126925
v -3.492244 2.341732 -2.131341
v -3.492243 3.376425 -2.131341
v -3.504310 2.341731 -2.143408
v -3.504310 3.376426 -2.143408
v -3.508727 2.341732 -2.159891
v -3.508727 3.376425 -2.159891
v -3.504310 2.341731 -2.176375
v -3.504310 3.376426 -2.176375
v -3.492244 2.341732 -2.188442
v -3.492243 3.376425 -2.188442
v -1.002996 -0.096093 -2.193506
v -0.986491 -0.096093 -2.189084
v -0.974408 -0.096093 -2.177001
v -0.969985 -0.096093 -2.160496
v -0.974408 -0.096093 -2.143990
v -0.986491 -0.096093 -2.131907
v -1.002996 -0.096093 -2.127485
v -1.019502 -0.096093 -2.131907
v -1.031584 -0.096093 -2.143990
v -1.036007 -0.096093 -2.160496
v -1.031584 -0.096093 -2.177001
v -1.019502 -0.096093 -2.189084
v -0.743439 0.000000 -2.220520
v -0.743439 0.100000 -2.220520
v -0.743438 0.000000 0.279480
v -0.743438 0.100000 0.279480
v -1.343439 0.000000 -2.220519
v -1.343439 0.100000 -2.220519
v -1.343438 0.000000 0.279481
v -1.343439 0.100000 0.279481
v -1.223439 0.450000 -2.220519
v -1.223439 0.550000 -2.220519
v -1.223439 0.450000 0.279481
v -1.223439 0.550000 0.279481
v -1.823439 0.450000 -2.220519
v -1.823439 0.550000 -2.220519
v -1.823439 0.450000 0.279481
v -1.823439 0.550000 0.279481
v -1.703439 0.899999 -2.220519
v -1.703439 1.000000 -2.220519
v -1.703439 0.899999 0.279481
v -1.703439 1.000000 0.279481
v -2.303439 0.899999 -2.220519
v -2.303439 1.000000 -2.220519
v -2.303439 0.900000 0.279481
v -2.303439 1.000000 0.279481
v -2.183439 1.349999 -2.220519
v -2.183439 1.449999 -2.220519
v -2.183439 1.349999 0.279481
v -2.183439 1.449999 0.279481
v -2.783439 1.349999 -2.220519
v -2.783440 1.449999 -2.220519
v -2.783439 1.349999 0.279481
v -2.783439 1.449999 0.279481
v -2.663439 1.799999 -2.220519
v -2.663440 1.899999 -2.220519
v -2.663439 1.799999 0.279481
v -2.663439 1.899999 0.279481
v -3.263439 1.799999 -2.220519
v -3.263439 1.899999 -2.220519
v -3.263438 1.799999 0.279481
v -3.263439 1.899999 0.279481
v -3.143439 2.249999 -2.220519
v -3.143440 2.349999 -2.220519
v -3.143439 2.249999 0.279481
v -3.143439 2.349998 0.279481
v -3.743439 2.249999 -2.220519
v -3.743439 2.349999 -2.220519
v -3.743439 2.249999 0.279481
v -3.743438 2.349998 0.279481
vn 0.0052 0.0053 -1.0000
vn 0.0097 0.0127 -0.9999
vn 0.3271 0.3935 -0.8592
vn 0.3716 0.3422 -0.8630
vn 0.5588 0.6667 -0.4932
vn 0.6374 0.5887 -0.4971
vn 0.6432 0.7657 -0.0000
vn 0.7343 0.6789 -0.0000
vn 0.5588 0.6667 0.4932
vn 0.6374 0.5887 0.4971
vn 0.3271 0.3935 0.8592
vn 0.3716 0.3422 0.8630
vn 0.0097 0.0127 0.9999
vn 0.0052 0.0053 1.0000
vn -0.3045 -0.3797 0.8735
vn -0.3687 -0.3275 0.8700
vn -0.5240 -0.6825 0.5095
vn -0.6608 -0.5539 0.5065
vn -0.5990 -0.8008 -0.0000
vn -0.7792 -0.6267 -0.0000
vn -0.5240 -0.6825 -0.5095
vn -0.6608 -0.5539 -0.5065
vn -0.1927 -0.4412 0.8765
vn -0.3134 -0.8012 0.5097
vn -0.3045 -0.3797 -0.8735
vn -0.3687 -0.3275 -0.8700
vn 0.0079 0.0074 0.9999
vn 0.4081 0.3025 0.8613
vn 0.6966 0.5191 0.4954
vn 0.4441 0.2467 0.8613
vn 0.7583 0.4237 0.4954
vn 0.8014 0.5982 -0.0000
vn 0.0079 0.0074 -0.9999
vn -0.4060 -0.2783 -0.8704
vn 0.4082 0.3025 -0.8613
vn 0.6966 0.5191 -0.4954
vn -0.7393 -0.4472 -0.5034
vn -0.8745 -0.4851 -0.0000
vn -0.7393 -0.4472 0.5034
vn -0.4061 -0.2783 0.8704
vn -0.4389 -0.2229 0.8704
vn -0.7914 -0.3468 0.5034
vn -0.8299 -0.2406 0.5034
vn -0.4642 -0.1638 0.8704
vn 0.0088 0.0063 -0.9999
vn -0.4389 -0.2230 -0.8704
vn 0.7584 0.4237 -0.4954
vn 0.4442 0.2466 -0.8613
vn -0.9303 -0.3668 -0.0000
vn 0.0088 0.0063 0.9999
vn 0.8726 0.4885 -0.0000
vn -0.7914 -0.3469 -0.5034
vn 0.0096 0.0050 -0.9999
vn 0.4725 0.1866 -0.8613
vn 0.4929 0.1233 -0.8613
vn 0.0101 0.0038 -0.9999
vn 0.4725 0.1866 0.8613
vn 0.8072 0.3211 0.4954
vn -0.4642 -0.1638 -0.8704
vn 0.8072 0.3211 -0.4954
vn -0.9702 -0.2422 -0.0000
vn 0.0096 0.0051 0.9999
vn 0.9289 0.3704 -0.0000
vn -0.8299 -0.2406 -0.5034
vn -0.8542 -0.1302 -0.5034
vn -0.4816 -0.1018 -0.8704
vn -0.4908 -0.0380 -0.8704
vn -0.8639 -0.0176 -0.5034
vn -0.8542 -0.1302 0.5034
vn -0.4816 -0.1018 0.8704
vn 0.4929 0.1233 0.8613
vn 0.8422 0.2130 0.4954
vn 0.8422 0.2130 -0.4954
vn -0.9935 -0.1135 -0.0000
vn 0.0102 0.0038 0.9999
vn 0.9693 0.2460 -0.0000
vn 0.9931 0.1174 -0.0000
vn 0.8628 0.1012 0.4954
vn 0.8669 0.0222 0.4979
vn 0.9997 0.0259 -0.0000
vn 0.5047 0.0579 -0.8613
vn 0.0105 0.0024 -0.9999
vn -0.8639 -0.0176 0.5034
vn -0.4908 -0.0380 0.8704
vn 0.5047 0.0579 0.8613
vn 0.8628 0.1012 -0.4954
vn -0.9999 0.0172 -0.0000
vn 0.0105 0.0024 0.9999
vn 0.8660 -0.0000 0.5000
vn 1.0000 -0.0000 -0.0000
vn -0.4993 -0.0028 -0.8665
vn -0.8672 0.0198 -0.4976
vn 0.5031 0.0124 -0.8641
vn 0.0033 0.0009 -1.0000
vn -0.8672 0.0198 0.4976
vn -0.4993 -0.0028 0.8664
vn 0.5031 0.0124 0.8641
vn 0.8669 0.0222 -0.4979
vn -0.9992 0.0396 -0.0000
vn 0.0033 0.0009 1.0000
vn -0.6968 0.5050 -0.5094
vn -0.3997 0.2281 -0.8878
vn -0.3486 0.3315 -0.8767
vn -0.5468 0.6749 -0.4956
vn -0.5000 -0.0000 -0.8660
vn -0.8660 -0.0000 -0.5000
vn 0.5000 -0.0000 -0.8660
vn -0.0000 -0.0000 -1.0000
vn -0.8660 -0.0000 0.5000
vn -0.5000 -0.0000 0.8660
vn 0.5000 -0.0000 0.8660
vn 0.8660 -0.0000 -0.5000
vn -1.0000 -0.0000 -0.0000
vn -0.0000 -0.0000 1.0000
vn 0.0116 0.0223 0.9997
vn 0.0044 0.0247 0.9997
vn -0.0511 -0.4787 0.8765
vn 0.2263 0.4665 0.8551
vn 0.3841 0.7830 0.4893
vn 0.4416 0.8972 -0.0000
vn -0.1927 -0.4412 -0.8765
vn 0.0116 0.0223 -0.9997
vn 0.2263 0.4665 -0.8551
vn 0.3841 0.7830 -0.4893
vn -0.3134 -0.8012 -0.5097
vn -0.3425 -0.9395 -0.0000
vn -0.0580 -0.8584 -0.5097
vn -0.0442 -0.9990 -0.0000
vn 0.2583 -0.9661 -0.0000
vn 0.2028 -0.8361 -0.5097
vn 0.1514 0.9885 -0.0000
vn 0.1309 0.8622 0.4893
vn -0.0511 -0.4787 -0.8765
vn 0.0044 0.0247 -0.9997
vn 0.0755 0.5130 -0.8551
vn -0.0580 -0.8584 0.5097
vn 0.0755 0.5130 0.8551
vn 0.1309 0.8622 -0.4893
vn -0.1528 0.9883 -0.0000
vn -0.1345 0.8617 -0.4893
vn -0.3873 0.7814 -0.4893
vn -0.4429 0.8966 -0.0000
vn -0.0033 0.0249 0.9997
vn 0.0952 -0.4719 0.8765
vn -0.1345 0.8617 0.4893
vn 0.0952 -0.4719 -0.8765
vn -0.0033 0.0249 -0.9997
vn -0.0822 0.5120 -0.8551
vn 0.2028 -0.8361 0.5097
vn -0.0822 0.5120 0.8551
vn -0.6044 0.6287 -0.4893
vn -0.6920 0.7219 -0.0000
vn 0.5369 -0.8437 -0.0000
vn 0.4449 -0.7364 -0.5097
vn -0.0106 0.0228 0.9997
vn 0.2327 -0.4214 0.8765
vn -0.3873 0.7814 0.4893
vn 0.2327 -0.4214 -0.8765
vn -0.0106 0.0228 -0.9997
vn -0.2324 0.4635 -0.8551
vn 0.4449 -0.7364 0.5097
vn -0.2324 0.4635 0.8551
vn -0.0170 0.0185 0.9997
vn -0.3610 0.3722 0.8551
vn -0.4562 0.2464 0.8551
vn -0.0217 0.0126 0.9997
vn 0.7657 -0.6432 -0.0000
vn 0.6457 -0.5686 -0.5097
vn 0.3487 -0.3319 0.8765
vn -0.6044 0.6287 0.4893
vn 0.3487 -0.3319 -0.8765
vn -0.0170 0.0185 -0.9997
vn -0.3610 0.3722 -0.8551
vn 0.6457 -0.5686 0.5097
vn -0.5124 0.0883 0.8542
vn -0.0268 0.0041 0.9996
vn -0.7655 0.4179 -0.4893
vn -0.8771 0.4803 -0.0000
vn 0.9237 -0.3832 -0.0000
vn 0.7868 -0.3481 -0.5097
vn 0.4324 -0.2117 0.8765
vn -0.7655 0.4179 0.4893
vn 0.4324 -0.2117 -0.8765
vn -0.0217 0.0126 -0.9997
vn -0.4562 0.2464 -0.8551
vn 0.7868 -0.3481 0.5097
vn 0.9928 -0.1196 -0.0000
vn 0.8542 -0.1127 0.5075
vn 0.8640 0.0523 0.5008
vn 0.9982 0.0607 -0.0000
vn -0.8592 0.1515 -0.4888
vn -0.9846 0.1747 -0.0000
vn 0.8542 -0.1127 -0.5075
vn 0.4758 -0.0728 0.8765
vn -0.8592 0.1515 0.4888
vn 0.4758 -0.0728 -0.8765
vn -0.0268 0.0041 -0.9996
vn -0.5124 0.0883 -0.8542
vn -0.8689 -0.0515 -0.4923
vn -0.5099 -0.0307 -0.8597
vn -0.5010 -0.1227 -0.8567
vn -0.8465 -0.2073 -0.4904
vn -0.5099 -0.0307 0.8597
vn -0.0100 -0.0012 0.9999
vn -0.9983 -0.0589 -0.0000
vn 0.8640 0.0523 -0.5008
vn 0.4951 0.0295 0.8683
vn -0.8689 -0.0515 0.4923
vn 0.4951 0.0295 -0.8683
vn -0.0100 -0.0012 -0.9999
vn -0.0193 -0.0047 -0.9998
vn 0.4722 0.1156 -0.8739
vn 0.4311 0.2247 -0.8739
vn -0.0176 -0.0092 -0.9998
vn 0.8369 0.2050 0.5075
vn 0.9713 0.2379 -0.0000
vn -0.5010 -0.1227 0.8567
vn -0.0193 -0.0047 0.9998
vn -0.9713 -0.2379 -0.0000
vn 0.8369 0.2050 -0.5075
vn 0.4722 0.1157 0.8739
vn -0.8465 -0.2073 0.4904
vn -0.4574 -0.2384 0.8567
vn -0.7728 -0.4028 0.4904
vn -0.6579 -0.5708 0.4912
vn -0.3884 -0.3380 0.8572
vn -0.4574 -0.2384 -0.8567
vn -0.7728 -0.4028 -0.4904
vn 0.7641 0.3983 0.5075
vn 0.8868 0.4622 -0.0000
vn -0.0176 -0.0092 0.9998
vn -0.8868 -0.4622 -0.0000
vn 0.7641 0.3982 -0.5075
vn 0.4311 0.2247 0.8739
vn -0.5916 -0.6356 0.4961
vn -0.3423 -0.3689 0.8641
vn 0.3628 0.3219 -0.8745
vn -0.0153 -0.0127 -0.9998
vn -0.3884 -0.3380 -0.8572
vn -0.6579 -0.5708 -0.4912
vn 0.6421 0.5735 0.5087
vn 0.7449 0.6672 -0.0000
vn -0.0153 -0.0127 0.9998
vn -0.7557 -0.6549 -0.0000
vn 0.6422 0.5735 -0.5087
vn 0.3628 0.3219 0.8745
vn -0.4335 -0.7613 -0.4821
vn -0.4932 -0.8699 -0.0000
vn -0.6818 -0.7315 -0.0000
vn -0.5916 -0.6356 -0.4961
vn 0.3412 0.3750 -0.8620
vn 0.0011 0.0021 -1.0000
vn -0.3423 -0.3689 -0.8641
vn 0.5836 0.6448 0.4936
vn 0.6703 0.7421 -0.0000
vn 0.0010 0.0021 1.0000
vn 0.5836 0.6448 -0.4936
vn 0.3412 0.3750 0.8620
vn 0.7250 -0.4926 0.4814
vn 0.4333 -0.3081 0.8470
vn 0.2368 -0.4760 0.8470
vn 0.4071 -0.7762 0.4814
vn 0.0673 -0.0210 -0.9975
vn 0.5219 -0.2008 -0.8290
vn 0.4333 -0.3081 -0.8470
vn 0.0318 -0.0237 -0.9992
vn -0.3997 0.2281 0.8878
vn -0.6968 0.5050 0.5094
vn -0.5468 0.6749 0.4956
vn -0.3486 0.3315 0.8767
vn 0.8319 -0.3073 0.4621
vn 0.5219 -0.2008 0.8290
vn 0.8319 -0.3073 -0.4621
vn 0.7250 -0.4926 -0.4814
vn -0.7658 0.6430 -0.0000
vn -0.5711 0.8209 -0.0000
vn 0.0673 -0.0210 0.9975
vn 0.0318 -0.0237 0.9992
vn 0.9396 -0.3423 -0.0000
vn 0.8306 -0.5568 -0.0000
vn -0.0225 -0.5332 0.8457
vn -0.0177 -0.8771 0.4800
vn 0.0168 -0.0359 -0.9992
vn -0.1512 0.4567 -0.8767
vn 0.4071 -0.7762 -0.4814
vn 0.2368 -0.4760 -0.8470
vn -0.1167 0.9932 -0.0000
vn -0.1641 0.8529 0.4956
vn 0.0168 -0.0359 0.9992
vn 0.4700 -0.8827 -0.0000
vn -0.1641 0.8529 -0.4956
vn -0.1512 0.4567 0.8767
vn 0.0875 0.4718 0.8774
vn 0.2823 0.8199 0.4981
vn 0.5525 0.6774 0.4856
vn 0.2784 0.4043 0.8712
vn -0.0036 -0.0413 -0.9991
vn 0.0875 0.4718 -0.8774
vn -0.0177 -0.8771 -0.4800
vn -0.0225 -0.5332 -0.8457
vn 0.4118 0.9113 -0.0000
vn -0.0036 -0.0413 0.9991
vn -0.0137 -0.9999 -0.0000
vn 0.2822 0.8199 -0.4981
vn -0.2653 -0.4585 -0.8482
vn -0.2653 -0.4585 0.8482
vn -0.4335 -0.7613 0.4821
vn -0.0159 -0.0298 -0.9994
vn 0.2784 0.4043 -0.8712
vn 0.6632 0.7485 -0.0000
vn -0.0159 -0.0298 0.9994
vn 0.5525 0.6774 -0.4856
vn -0.0000 -0.6532 -0.7572
vn 0.0409 0.6067 -0.7939
vn 0.4317 0.6351 -0.6405
vn 0.3786 -0.6532 -0.6557
vn 0.6909 0.6247 -0.3638
vn 0.6557 -0.6532 -0.3786
vn 0.7838 0.6210 -0.0000
vn 0.7572 -0.6532 -0.0000
vn 0.6909 0.6247 0.3638
vn 0.6557 -0.6532 0.3786
vn 0.4317 0.6351 0.6405
vn 0.3786 -0.6532 0.6557
vn 0.0409 0.6067 0.7939
vn -0.0000 -0.6532 0.7572
vn -0.3268 0.6940 0.6415
vn -0.3786 -0.6532 0.6557
vn -0.6186 0.6790 0.3954
vn -0.6557 -0.6532 0.3786
vn -0.7297 0.6838 -0.0000
vn -0.7572 -0.6532 -0.0000
vn -0.6186 0.6790 -0.3954
vn -0.6557 -0.6532 -0.3786
vn -0.3268 0.6940 -0.6415
vn -0.3786 -0.6532 -0.6557
vn -0.0000 0.6532 -0.7572
vn 0.3786 0.6532 -0.6557
vn -0.7572 0.6532 -0.0000
vn -0.6557 0.6532 -0.3786
vn -0.7071 -0.0000 -0.7071
vn -0.0000 0.6532 0.7572
vn -0.3786 0.6532 0.6557
vn 0.6557 0.6532 -0.3786
vn -0.3786 0.6532 -0.6557
vn 0.2588 -0.0000 0.9659
vn 0.1332 0.8575 0.4970
vn -0.6557 0.6532 0.3786
vn 0.7572 0.6532 -0.0000
vn 0.9659 -0.0000 0.2588
vn 0.4970 0.8575 0.1332
vn 0.4082 0.3025 0.8613
vn 0.7584 0.4237 0.4954
vn -0.4060 -0.2783 0.8704
vn -0.4389 -0.2230 0.8704
vn 0.0088 0.0062 -0.9999
vn -0.7913 -0.3469 -0.5034
vn 0.0101 0.0037 -0.9999
vn 0.0101 0.0038 0.9999
vn 0.0106 0.0024 0.9999
vn -0.4993 -0.0028 0.8665
vn -0.8465 -0.2074 -0.4904
vn 0.4951 0.0294 -0.8683
vn -0.3423 -0.3690 -0.8641
vn 0.0011 0.0021 1.0000
vn 0.4332 -0.3081 -0.8470
vn 0.2784 0.4044 -0.8712
vn 0.0098 0.0127 0.9999
vn 0.7583 0.4237 -0.4954
vn 0.4441 0.2467 -0.8613
vn -0.0268 0.0040 -0.9996
vn 0.4951 0.0295 -0.8684
vn 0.4311 0.2246 -0.8739
vn 0.4721 0.1157 0.8739
vn -0.0000 -1.0000 -0.0000
vn -0.0000 1.0000 -0.0000
vt 1.000000 0.500000
vt 1.000000 1.000000
vt 0.916667 1.000000
vt 0.916667 0.500000
vt 0.833333 1.000000
vt 0.833333 0.500000
vt 0.750000 1.000000
vt 0.750000 0.500000
vt 0.666667 1.000000
vt 0.666667 0.500000
vt 0.583333 1.000000
vt 0.583333 0.500000
vt 0.500000 1.000000
vt 0.500000 0.500000
vt 0.416667 1.000000
vt 0.416667 0.500000
vt 0.333333 1.000000
vt 0.333333 0.500000
vt 0.250000 1.000000
vt 0.250000 0.500000
vt 0.166667 1.000000
vt 0.166667 0.500000
vt 0.083333 1.000000
vt 0.083333 0.500000
vt 0.000000 1.000000
vt 0.000000 0.500000
vt 0.833333 0.500143
vt 0.750000 0.500071
vt 0.333333 0.500143
vt 0.416667 0.500143
vt 0.916667 0.500143
vt 0.583333 0.500143
vt 0.666667 0.500143
vt 0.000000 0.500143
vt 0.083333 0.500143
vt 0.250000 0.500143
vt 0.500000 0.500143
vt 0.166667 0.500143
vt 1.000000 0.500143
vt 0.370000 0.457846
vt 0.250000 0.490000
vt 0.130000 0.457846
vt 0.042154 0.370000
vt 0.010000 0.250000
vt 0.042154 0.130000
vt 0.130000 0.042154
vt 0.250000 0.010000
vt 0.370000 0.042154
vt 0.457846 0.130000
vt 0.490000 0.250000
vt 0.457846 0.370000
vt 0.750000 0.490000
vt 0.870000 0.457846
vt 0.957846 0.370000
vt 0.990000 0.250000
vt 0.957846 0.130000
vt 0.870000 0.042154
vt 0.750000 0.010000
vt 0.630000 0.042154
vt 0.542154 0.130000
vt 0.510000 0.250000
vt 0.542154 0.370000
vt 0.630000 0.457846
vt 0.375000 0.000000
vt 0.625000 0.000000
vt 0.625000 0.250000
vt 0.375000 0.250000
vt 0.625000 0.500000
vt 0.375000 0.500000
vt 0.625000 0.750000
vt 0.375000 0.750000
vt 0.625000 1.000000
vt 0.375000 1.000000
vt 0.125000 0.500000
vt 0.125000 0.750000
vt 0.875000 0.500000
vt 0.875000 0.750000
s 1
f 1/1/1 2/2/2 4/3/3 3/4/4
f 3/4/4 4/3/3 6/5/5 5/6/6
f 5/6/6 6/5/5 8/7/7 7/8/8
f 7/8/8 8/7/7 10/9/9 9/10/10
f 9/10/10 10/9/9 12/11/11 11/12/12
f 11/12/12 12/11/11 14/13/13 13/14/14
f 13/14/14 14/13/13 16/15/15 15/16/16
f 15/16/16 16/15/15 18/17/17 17/18/18
f 17/18/18 18/17/17 20/19/19 19/20/20
f 19/20/20 20/19/19 22/21/21 21/22/22
f 18/17/17 16/15/15 116/15/23 117/17/24
f 21/22/22 22/21/21 24/23/25 23/24/26
f 23/24/26 24/23/25 2/25/2 1/26/1
f 11/12/12 13/14/14 31/14/27 30/12/28
f 29/10/29 30/12/28 42/12/30 41/10/31
f 9/10/10 11/12/12 30/12/28 29/10/29
f 7/8/8 9/10/10 29/10/29 28/8/32
f 23/24/26 1/26/1 25/26/33 36/24/34
f 1/1/1 3/4/4 26/4/35 25/1/33
f 5/6/6 7/8/8 28/8/32 27/6/36
f 21/22/22 23/24/26 36/24/34 35/22/37
f 3/4/4 5/6/6 27/6/36 26/4/35
f 19/20/20 21/22/22 35/22/37 34/20/38
f 17/18/18 19/20/20 34/20/38 33/18/39
f 15/16/16 17/18/18 33/18/39 32/16/40
f 13/14/14 15/16/16 32/16/40 31/14/27
f 44/16/41 45/18/42 57/18/43 56/16/44
f 36/24/34 25/26/33 37/26/45 48/24/46
f 26/4/35 27/6/36 39/6/47 38/4/48
f 33/18/39 34/20/38 46/20/49 45/18/42
f 30/12/28 31/14/27 43/14/50 42/12/30
f 27/6/36 28/8/32 40/8/51 39/6/47
f 34/20/38 35/22/37 47/22/52 46/20/49
f 31/14/27 32/16/40 44/16/41 43/14/50
f 28/8/32 29/10/29 41/10/31 40/8/51
f 35/22/37 36/24/34 48/24/46 47/22/52
f 25/1/33 26/4/35 38/4/48 37/1/45
f 32/16/40 33/18/39 45/18/42 44/16/41
f 49/1/53 50/4/54 62/4/55 61/1/56
f 41/10/31 42/12/30 54/12/57 53/10/58
f 48/24/46 37/26/45 49/26/53 60/24/59
f 38/4/48 39/6/47 51/6/60 50/4/54
f 45/18/42 46/20/49 58/20/61 57/18/43
f 42/12/30 43/14/50 55/14/62 54/12/57
f 39/6/47 40/8/51 52/8/63 51/6/60
f 46/20/49 47/22/52 59/22/64 58/20/61
f 43/14/50 44/16/41 56/16/44 55/14/62
f 40/8/51 41/10/31 53/10/58 52/8/63
f 47/22/52 48/24/46 60/24/59 59/22/64
f 37/1/45 38/4/48 50/4/54 49/1/53
f 71/22/65 72/24/66 84/24/67 83/22/68
f 56/16/44 57/18/43 69/18/69 68/16/70
f 53/10/58 54/12/57 66/12/71 65/10/72
f 60/24/59 49/26/53 61/26/56 72/24/66
f 50/4/54 51/6/60 63/6/73 62/4/55
f 57/18/43 58/20/61 70/20/74 69/18/69
f 54/12/57 55/14/62 67/14/75 66/12/71
f 51/6/60 52/8/63 64/8/76 63/6/73
f 58/20/61 59/22/64 71/22/65 70/20/74
f 55/14/62 56/16/44 68/16/70 67/14/75
f 52/8/63 53/10/58 65/10/72 64/8/76
f 59/22/64 60/24/59 72/24/66 71/22/65
f 76/8/77 77/10/78 89/10/79 88/8/80
f 61/1/56 62/4/55 74/4/81 73/1/82
f 68/16/70 69/18/69 81/18/83 80/16/84
f 65/10/72 66/12/71 78/12/85 77/10/78
f 72/24/66 61/26/56 73/26/82 84/24/67
f 62/4/55 63/6/73 75/6/86 74/4/81
f 69/18/69 70/20/74 82/20/87 81/18/83
f 66/12/71 67/14/75 79/14/88 78/12/85
f 63/6/73 64/8/76 76/8/77 75/6/86
f 70/20/74 71/22/65 83/22/68 82/20/87
f 67/14/75 68/16/70 80/16/84 79/14/88
f 64/8/76 65/10/72 77/10/78 76/8/77
f 88/8/80 89/10/79 101/10/89 100/8/90
f 83/22/68 84/24/67 96/24/91 95/22/92
f 73/1/82 74/4/81 86/4/93 85/1/94
f 80/16/84 81/18/83 93/18/95 92/16/96
f 77/10/78 78/12/85 90/12/97 89/10/79
f 84/24/67 73/26/82 85/26/94 96/24/91
f 74/4/81 75/6/86 87/6/98 86/4/93
f 81/18/83 82/20/87 94/20/99 93/18/95
f 78/12/85 79/14/88 91/14/100 90/12/97
f 75/6/86 76/8/77 88/8/80 87/6/98
f 82/20/87 83/22/68 95/22/92 94/20/99
f 79/14/88 80/16/84 92/16/96 91/14/100
f 107/22/101 108/24/102 264/24/103 263/22/104
f 95/22/92 96/24/91 108/24/105 107/22/106
f 85/1/94 86/4/93 98/4/107 97/1/108
f 92/16/96 93/18/95 105/18/109 104/16/110
f 89/10/79 90/12/97 102/12/111 101/10/89
f 96/24/91 85/26/94 97/26/108 108/24/105
f 86/4/93 87/6/98 99/6/112 98/4/107
f 93/18/95 94/20/99 106/20/113 105/18/109
f 90/12/97 91/14/100 103/14/114 102/12/111
f 87/6/98 88/8/80 100/8/90 99/6/112
f 94/20/99 95/22/92 107/22/106 106/20/113
f 91/14/100 92/16/96 104/16/110 103/14/114
f 116/15/23 115/13/115 127/13/116 128/15/117
f 16/15/15 14/13/13 115/13/115 116/15/23
f 14/13/13 12/11/11 114/11/118 115/13/115
f 12/11/11 10/9/9 113/9/119 114/11/118
f 10/9/9 8/7/7 112/7/120 113/9/119
f 2/25/2 24/23/25 120/23/121 109/25/122
f 4/3/3 2/2/2 109/2/122 110/3/123
f 8/7/7 6/5/5 111/5/124 112/7/120
f 24/23/25 22/21/21 119/21/125 120/23/121
f 6/5/5 4/3/3 110/3/123 111/5/124
f 22/21/21 20/19/19 118/19/126 119/21/125
f 20/19/19 18/17/17 117/17/24 118/19/126
f 131/21/127 130/19/128 142/19/129 143/21/130
f 113/9/119 112/7/120 124/7/131 125/9/132
f 120/23/121 119/21/125 131/21/127 132/23/133
f 110/3/123 109/2/122 121/2/134 122/3/135
f 117/17/24 116/15/23 128/15/117 129/17/136
f 114/11/118 113/9/119 125/9/132 126/11/137
f 109/25/122 120/23/121 132/23/133 121/25/134
f 111/5/124 110/3/123 122/3/135 123/5/138
f 118/19/126 117/17/24 129/17/136 130/19/128
f 115/13/115 114/11/118 126/11/137 127/13/116
f 112/7/120 111/5/124 123/5/138 124/7/131
f 119/21/125 118/19/126 130/19/128 131/21/127
f 136/7/139 135/5/140 147/5/141 148/7/142
f 128/15/117 127/13/116 139/13/143 140/15/144
f 125/9/132 124/7/131 136/7/139 137/9/145
f 132/23/133 131/21/127 143/21/130 144/23/146
f 122/3/135 121/2/134 133/2/147 134/3/148
f 129/17/136 128/15/117 140/15/144 141/17/149
f 126/11/137 125/9/132 137/9/145 138/11/150
f 121/25/134 132/23/133 144/23/146 133/25/147
f 123/5/138 122/3/135 134/3/148 135/5/140
f 130/19/128 129/17/136 141/17/149 142/19/129
f 127/13/116 126/11/137 138/11/150 139/13/143
f 124/7/131 123/5/138 135/5/140 136/7/139
f 148/7/142 147/5/141 159/5/151 160/7/152
f 143/21/130 142/19/129 154/19/153 155/21/154
f 140/15/144 139/13/143 151/13/155 152/15/156
f 137/9/145 136/7/139 148/7/142 149/9/157
f 144/23/146 143/21/130 155/21/154 156/23/158
f 134/3/148 133/2/147 145/2/159 146/3/160
f 141/17/149 140/15/144 152/15/156 153/17/161
f 138/11/150 137/9/145 149/9/157 150/11/162
f 133/25/147 144/23/146 156/23/158 145/25/159
f 135/5/140 134/3/148 146/3/160 147/5/141
f 142/19/129 141/17/149 153/17/161 154/19/153
f 139/13/143 138/11/150 150/11/162 151/13/155
f 163/13/163 162/11/164 174/11/165 175/13/166
f 155/21/154 154/19/153 166/19/167 167/21/168
f 152/15/156 151/13/155 163/13/163 164/15/169
f 149/9/157 148/7/142 160/7/152 161/9/170
f 156/23/158 155/21/154 167/21/168 168/23/171
f 146/3/160 145/2/159 157/2/172 158/3/173
f 153/17/161 152/15/156 164/15/169 165/17/174
f 150/11/162 149/9/157 161/9/170 162/11/164
f 145/25/159 156/23/158 168/23/171 157/25/172
f 147/5/141 146/3/160 158/3/173 159/5/151
f 154/19/153 153/17/161 165/17/174 166/19/167
f 151/13/155 150/11/162 162/11/164 163/13/163
f 175/13/166 174/11/165 186/11/175 187/13/176
f 160/7/152 159/5/151 171/5/177 172/7/178
f 167/21/168 166/19/167 178/19/179 179/21/180
f 164/15/169 163/13/163 175/13/166 176/15/181
f 161/9/170 160/7/152 172/7/178 173/9/182
f 168/23/171 167/21/168 179/21/180 180/23/183
f 158/3/173 157/2/172 169/2/184 170/3/185
f 165/17/174 164/15/169 176/15/181 177/17/186
f 162/11/164 161/9/170 173/9/182 174/11/165
f 157/25/172 168/23/171 180/23/183 169/25/184
f 159/5/151 158/3/173 170/3/185 171/5/177
f 166/19/167 165/17/174 177/17/186 178/19/179
f 190/19/187 189/17/188 201/17/189 202/19/190
f 172/7/178 171/5/177 183/5/191 184/7/192
f 179/21/180 178/19/179 190/19/187 191/21/193
f 176/15/181 175/13/166 187/13/176 188/15/194
f 173/9/182 172/7/178 184/7/192 185/9/195
f 180/23/183 179/21/180 191/21/193 192/23/196
f 170/3/185 169/2/184 181/2/197 182/3/198
f 177/17/186 176/15/181 188/15/194 189/17/188
f 174/11/165 173/9/182 185/9/195 186/11/175
f 169/25/184 180/23/183 192/23/196 181/25/197
f 171/5/177 170/3/185 182/3/198 183/5/191
f 178/19/179 177/17/186 189/17/188 190/19/187
f 195/5/199 194/3/200 206/3/201 207/5/202
f 187/13/176 186/11/175 198/11/203 199/13/204
f 184/7/192 183/5/191 195/5/199 196/7/205
f 191/21/193 190/19/187 202/19/190 203/21/206
f 188/15/194 187/13/176 199/13/204 200/15/207
f 185/9/195 184/7/192 196/7/205 197/9/208
f 192/23/196 191/21/193 203/21/206 204/23/209
f 182/3/198 181/2/197 193/2/210 194/3/200
f 189/17/188 188/15/194 200/15/207 201/17/189
f 186/11/175 185/9/195 197/9/208 198/11/203
f 181/25/197 192/23/196 204/23/209 193/25/210
f 183/5/191 182/3/198 194/3/200 195/5/199
f 205/25/211 216/23/212 228/23/213 217/25/214
f 202/19/190 201/17/189 213/17/215 214/19/216
f 199/13/204 198/11/203 210/11/217 211/13/218
f 196/7/205 195/5/199 207/5/202 208/7/219
f 203/21/206 202/19/190 214/19/216 215/21/220
f 200/15/207 199/13/204 211/13/218 212/15/221
f 197/9/208 196/7/205 208/7/219 209/9/222
f 204/23/209 203/21/206 215/21/220 216/23/212
f 194/3/200 193/2/210 205/2/211 206/3/201
f 201/17/189 200/15/207 212/15/221 213/17/215
f 198/11/203 197/9/208 209/9/222 210/11/217
f 193/25/210 204/23/209 216/23/212 205/25/211
f 222/11/223 221/9/224 233/9/225 234/11/226
f 207/5/202 206/3/201 218/3/227 219/5/228
f 214/19/216 213/17/215 225/17/229 226/19/230
f 211/13/218 210/11/217 222/11/223 223/13/231
f 208/7/219 207/5/202 219/5/228 220/7/232
f 215/21/220 214/19/216 226/19/230 227/21/233
f 212/15/221 211/13/218 223/13/231 224/15/234
f 209/9/222 208/7/219 220/7/232 221/9/224
f 216/23/212 215/21/220 227/21/233 228/23/213
f 206/3/201 205/2/211 217/2/214 218/3/227
f 213/17/215 212/15/221 224/15/234 225/17/229
f 210/11/217 209/9/222 221/9/224 222/11/223
f 234/11/226 233/9/225 245/9/235 246/11/236
f 217/25/214 228/23/213 240/23/237 229/25/238
f 219/5/228 218/3/227 230/3/239 231/5/240
f 226/19/230 225/17/229 237/17/241 238/19/242
f 223/13/231 222/11/223 234/11/226 235/13/243
f 220/7/232 219/5/228 231/5/240 232/7/244
f 227/21/233 226/19/230 238/19/242 239/21/245
f 224/15/234 223/13/231 235/13/243 236/15/246
f 221/9/224 220/7/232 232/7/244 233/9/225
f 228/23/213 227/21/233 239/21/245 240/23/237
f 218/3/227 217/2/214 229/2/238 230/3/239
f 225/17/229 224/15/234 236/15/246 237/17/241
f 291/27/247 292/28/248 244/7/249 243/5/250
f 229/25/238 240/23/237 252/23/251 241/25/252
f 231/5/240 230/3/239 242/3/253 243/5/250
f 238/19/242 237/17/241 249/17/254 250/19/255
f 235/13/243 234/11/226 246/11/236 247/13/256
f 232/7/244 231/5/240 243/5/250 244/7/249
f 239/21/245 238/19/242 250/19/255 251/21/257
f 236/15/246 235/13/243 247/13/256 248/15/258
f 233/9/225 232/7/244 244/7/249 245/9/235
f 240/23/237 239/21/245 251/21/257 252/23/251
f 230/3/239 229/2/238 241/2/252 242/3/253
f 237/17/241 236/15/246 248/15/258 249/17/254
f 257/10/259 258/12/260 270/12/261 269/10/262
f 97/1/263 98/4/264 254/4/265 253/1/266
f 104/16/267 105/18/268 261/18/269 260/16/270
f 101/10/271 102/12/272 258/12/260 257/10/259
f 108/24/102 97/26/263 253/26/266 264/24/103
f 98/4/264 99/6/273 255/6/274 254/4/265
f 105/18/268 106/20/275 262/20/276 261/18/269
f 102/12/272 103/14/277 259/14/278 258/12/260
f 99/6/273 100/8/279 256/8/280 255/6/274
f 106/20/275 107/22/101 263/22/104 262/20/276
f 103/14/277 104/16/267 260/16/270 259/14/278
f 100/8/279 101/10/271 257/10/259 256/8/280
f 269/10/262 270/12/261 282/12/281 281/10/282
f 264/24/103 253/26/266 265/26/283 276/24/284
f 254/4/265 255/6/274 267/6/285 266/4/286
f 261/18/269 262/20/276 274/20/287 273/18/288
f 258/12/260 259/14/278 271/14/289 270/12/261
f 255/6/274 256/8/280 268/8/290 267/6/285
f 262/20/276 263/22/104 275/22/291 274/20/287
f 259/14/278 260/16/270 272/16/292 271/14/289
f 256/8/280 257/10/259 269/10/262 268/8/290
f 263/22/104 264/24/103 276/24/284 275/22/291
f 253/1/266 254/4/265 266/4/286 265/1/283
f 260/16/270 261/18/269 273/18/288 272/16/292
f 284/16/293 285/18/294 297/29/295 296/30/296
f 276/24/284 265/26/283 277/26/297 288/24/298
f 266/4/286 267/6/285 279/6/299 278/4/300
f 273/18/288 274/20/287 286/20/301 285/18/294
f 270/12/261 271/14/289 283/14/302 282/12/281
f 267/6/285 268/8/290 280/8/303 279/6/299
f 274/20/287 275/22/291 287/22/304 286/20/301
f 271/14/289 272/16/292 284/16/293 283/14/302
f 268/8/290 269/10/262 281/10/282 280/8/303
f 275/22/291 276/24/284 288/24/298 287/22/304
f 265/1/283 266/4/286 278/4/300 277/1/297
f 272/16/292 273/18/288 285/18/294 284/16/293
f 290/31/305 291/27/247 243/5/250 242/3/253
f 281/10/282 282/12/281 294/32/306 293/33/307
f 288/24/298 277/26/297 289/34/308 300/35/309
f 278/4/300 279/6/299 291/27/247 290/31/305
f 285/18/294 286/20/301 298/36/310 297/29/295
f 282/12/281 283/14/302 295/37/311 294/32/306
f 279/6/299 280/8/303 292/28/248 291/27/247
f 286/20/301 287/22/304 299/38/312 298/36/310
f 283/14/302 284/16/293 296/30/296 295/37/311
f 280/8/303 281/10/282 293/33/307 292/28/248
f 287/22/304 288/24/298 300/35/309 299/38/312
f 277/1/297 278/4/300 290/31/305 289/39/308
f 292/28/248 293/33/307 245/9/235 244/7/249
f 293/33/307 294/32/306 246/11/236 245/9/235
f 294/32/306 295/37/311 247/13/256 246/11/236
f 295/37/311 296/30/296 248/15/258 247/13/256
f 296/30/296 297/29/295 249/17/254 248/15/258
f 297/29/295 298/36/310 250/19/255 249/17/254
f 298/36/310 299/38/312 251/21/257 250/19/255
f 299/38/312 300/35/309 252/23/251 251/21/257
f 300/35/309 289/34/308 241/25/252 252/23/251
f 289/39/308 290/31/305 242/3/253 241/2/252
f 301/1/313 302/2/314 304/3/315 303/4/316
f 303/4/316 304/3/315 306/5/317 305/6/318
f 305/6/318 306/5/317 308/7/319 307/8/320
f 307/8/320 308/7/319 310/9/321 309/10/322
f 309/10/322 310/9/321 312/11/323 311/12/324
f 311/12/324 312/11/323 314/13/325 313/14/326
f 313/14/326 314/13/325 316/15/327 315/16/328
f 315/16/328 316/15/327 318/17/329 317/18/330
f 317/18/330 318/17/329 320/19/331 319/20/332
f 319/20/332 320/19/331 322/21/333 321/22/334
f 304/40/315 302/41/314 324/42/335 322/43/333 320/44/331 318/45/329 316/46/327 314/47/325 312/48/323 310/49/321 308/50/319 306/51/317
f 321/22/334 322/21/333 324/23/335 323/24/336
f 323/24/336 324/23/335 302/25/314 301/26/313
f 301/52/313 303/53/316 305/54/318 307/55/320 309/56/322 311/57/324 313/58/326 315/59/328 317/60/330 319/61/332 321/62/334 323/63/336
f 325/1/313 326/2/314 328/3/315 327/4/316
f 327/4/316 328/3/315 330/5/317 329/6/318
f 329/6/318 330/5/317 332/7/319 331/8/320
f 331/8/320 332/7/319 334/9/321 333/10/322
f 333/10/322 334/9/321 336/11/323 335/12/324
f 335/12/324 336/11/323 338/13/325 337/14/326
f 337/14/326 338/13/325 340/15/327 339/16/328
f 339/16/328 340/15/327 342/17/329 341/18/330
f 341/18/330 342/17/329 344/19/331 343/20/332
f 343/20/332 344/19/331 346/21/333 345/22/334
f 328/40/315 326/41/314 348/42/335 346/43/333 344/44/331 342/45/329 340/46/327 338/47/325 336/48/323 334/49/321 332/50/319 330/51/317
f 345/22/334 346/21/333 348/23/335 347/24/336
f 347/24/336 348/23/335 326/25/314 325/26/313
f 325/52/313 327/53/316 329/54/318 331/55/320 333/56/322 335/57/324 337/58/326 339/59/328 341/60/330 343/61/332 345/62/334 347/63/336
f 349/1/313 350/2/314 352/3/315 351/4/316
f 351/4/316 352/3/315 354/5/317 353/6/318
f 353/6/318 354/5/317 356/7/319 355/8/320
f 355/8/320 356/7/319 358/9/321 357/10/322
f 357/10/322 358/9/321 360/11/323 359/12/324
f 359/12/324 360/11/323 362/13/325 361/14/326
f 361/14/326 362/13/325 364/15/327 363/16/328
f 363/16/328 364/15/327 366/17/329 365/18/330
f 365/18/330 366/17/329 368/19/331 367/20/332
f 367/20/332 368/19/331 370/21/333 369/22/334
f 352/40/315 350/41/314 372/42/335 370/43/333 368/44/331 366/45/329 364/46/327 362/47/325 360/48/323 358/49/321 356/50/319 354/51/317
f 369/22/334 370/21/333 372/23/335 371/24/336
f 371/24/336 372/23/335 350/25/314 349/26/313
f 349/52/313 351/53/316 353/54/318 355/55/320 357/56/322 359/57/324 361/58/326 363/59/328 365/60/330 367/61/332 369/62/334 371/63/336
f 373/1/313 374/2/314 376/3/315 375/4/316
f 375/4/316 376/3/315 378/5/317 377/6/318
f 377/6/318 378/5/317 380/7/319 379/8/320
f 379/8/320 380/7/319 382/9/321 381/10/322
f 381/10/322 382/9/321 384/11/323 383/12/324
f 383/12/324 384/11/323 386/13/325 385/14/326
f 385/14/326 386/13/325 388/15/327 387/16/328
f 387/16/328 388/15/327 390/17/329 389/18/330
f 389/18/330 390/17/329 392/19/331 391/20/332
f 391/20/332 392/19/331 394/21/333 393/22/334
f 376/40/315 374/41/314 396/42/335 394/43/333 392/44/331 390/45/329 388/46/327 386/47/325 384/48/323 382/49/321 380/50/319 378/51/317
f 393/22/334 394/21/333 396/23/335 395/24/336
f 395/24/336 396/23/335 374/25/314 373/26/313
f 373/52/313 375/53/316 377/54/318 379/55/320 381/56/322 383/57/324 385/58/326 387/59/328 389/60/330 391/61/332 393/62/334 395/63/336
f 397/1/313 398/2/314 400/3/315 399/4/316
f 399/4/316 400/3/315 402/5/317 401/6/318
f 401/6/318 402/5/317 404/7/319 403/8/320
f 403/8/320 404/7/319 406/9/321 405/10/322
f 405/10/322 406/9/321 408/11/323 407/12/324
f 407/12/324 408/11/323 410/13/325 409/14/326
f 409/14/326 410/13/325 412/15/327 411/16/328
f 411/16/328 412/15/327 414/17/329 413/18/330
f 413/18/330 414/17/329 416/19/331 415/20/332
f 415/20/332 416/19/331 418/21/333 417/22/334
f 400/40/315 398/41/314 420/42/335 418/43/333 416/44/331 414/45/329 412/46/327 410/47/325 408/48/323 406/49/321 404/50/319 402/51/317
f 417/22/334 418/21/333 420/23/335 419/24/336
f 419/24/336 420/23/335 398/25/314 397/26/313
f 397/52/313 399/53/316 401/54/318 403/55/320 405/56/322 407/57/324 409/58/326 411/59/328 413/60/330 415/61/332 417/62/334 419/63/336
f 421/1/313 422/2/314 424/3/315 423/4/316
f 423/4/316 424/3/315 426/5/317 425/6/318
f 425/6/318 426/5/317 428/7/319 427/8/320
f 427/8/320 428/7/319 430/9/321 429/10/322
f 429/10/322 430/9/321 432/11/323 431/12/324
f 431/12/324 432/11/323 434/13/325 433/14/326
f 433/14/326 434/13/325 436/15/327 435/16/328
f 435/16/328 436/15/327 438/17/329 437/18/330
f 437/18/330 438/17/329 440/19/331 439/20/332
f 439/20/332 440/19/331 442/21/333 441/22/334
f 424/40/315 422/41/314 444/42/335 442/43/333 440/44/331 438/45/329 436/46/327 434/47/325 432/48/323 430/49/321 428/50/319 426/51/317
f 441/22/334 442/21/333 444/23/335 443/24/336
f 443/24/336 444/23/335 422/25/314 421/26/313
f 421/52/313 423/53/316 425/54/318 427/55/320 429/56/322 431/57/324 433/58/326 435/59/328 437/60/330 439/61/332 441/62/334 443/63/336
f 445/1/313 446/2/314 448/3/315 447/4/316
f 447/4/316 448/3/315 450/5/317 449/6/318
f 449/6/318 450/5/317 452/7/319 451/8/320
f 451/8/320 452/7/319 454/9/321 453/10/322
f 453/10/322 454/9/321 456/11/323 455/12/324
f 455/12/324 456/11/323 458/13/325 457/14/326
f 457/14/326 458/13/325 460/15/327 459/16/328
f 459/16/328 460/15/327 462/17/329 461/18/330
f 461/18/330 462/17/329 464/19/331 463/20/332
f 463/20/332 464/19/331 466/21/333 465/22/334
f 448/40/315 446/41/314 468/42/335 466/43/333 464/44/331 462/45/329 460/46/327 458/47/325 456/48/323 454/49/321 452/50/319 450/51/317
f 465/22/334 466/21/333 468/23/335 467/24/336
f 467/24/336 468/23/335 446/25/314 445/26/313
f 445/52/313 447/53/316 449/54/318 451/55/320 453/56/322 455/57/324 457/58/326 459/59/328 461/60/330 463/61/332 465/62/334 467/63/336
f 104/16/107 103/14/108 475/14/337 476/16/338
f 101/10/106 100/8/113 472/8/339 473/10/340
f 107/22/341 108/24/341 480/24/341 479/22/341
f 98/4/110 97/1/114 469/1/342 470/4/343
f 105/18/112 104/16/107 476/16/338 477/18/344
f 102/12/105 101/10/106 473/10/340 474/12/345
f 97/26/114 108/24/346 480/24/347 469/26/342
f 99/6/109 98/4/110 470/4/343 471/6/348
f 106/20/90 105/18/112 477/18/344 478/20/349
f 103/14/108 102/12/105 474/12/345 475/14/337
f 100/8/113 99/6/109 471/6/348 472/8/339
f 107/22/350 106/20/90 478/20/349 479/22/351
f 469/26/342 480/24/347 479/22/351 478/20/349 477/18/344 476/16/338 475/14/337 474/12/345 473/10/340 472/8/339 471/6/348 470/4/343
f 481/1/1 482/2/2 484/3/3 483/4/4
f 483/4/4 484/3/3 486/5/5 485/6/6
f 485/6/6 486/5/5 488/7/7 487/8/8
f 487/8/8 488/7/7 490/9/9 489/10/10
f 489/10/10 490/9/9 492/11/11 491/12/12
f 491/12/12 492/11/11 494/13/13 493/14/14
f 493/14/14 494/13/13 496/15/15 495/16/16
f 495/16/16 496/15/15 498/17/17 497/18/18
f 497/18/18 498/17/17 500/19/19 499/20/20
f 499/20/20 500/19/19 502/21/21 501/22/22
f 498/17/17 496/15/15 596/15/23 597/17/24
f 501/22/22 502/21/21 504/23/25 503/24/26
f 503/24/26 504/23/25 482/25/2 481/26/1
f 491/12/12 493/14/14 511/14/27 510/12/352
f 509/10/29 510/12/352 522/12/30 521/10/353
f 489/10/10 491/12/12 510/12/352 509/10/29
f 487/8/8 489/10/10 509/10/29 508/8/32
f 503/24/26 481/26/1 505/26/33 516/24/34
f 481/1/1 483/4/4 506/4/35 505/1/33
f 485/6/6 487/8/8 508/8/32 507/6/36
f 501/22/22 503/24/26 516/24/34 515/22/37
f 483/4/4 485/6/6 507/6/36 506/4/35
f 499/20/20 501/22/22 515/22/37 514/20/38
f 497/18/18 499/20/20 514/20/38 513/18/39
f 495/16/16 497/18/18 513/18/39 512/16/354
f 493/14/14 495/16/16 512/16/354 511/14/27
f 524/16/355 525/18/42 537/18/43 536/16/44
f 516/24/34 505/26/33 517/26/356 528/24/46
f 506/4/35 507/6/36 519/6/47 518/4/48
f 513/18/39 514/20/38 526/20/49 525/18/42
f 510/12/352 511/14/27 523/14/50 522/12/30
f 507/6/36 508/8/32 520/8/51 519/6/47
f 514/20/38 515/22/37 527/22/357 526/20/49
f 511/14/27 512/16/354 524/16/355 523/14/50
f 508/8/32 509/10/29 521/10/353 520/8/51
f 515/22/37 516/24/34 528/24/46 527/22/357
f 505/1/33 506/4/35 518/4/48 517/1/356
f 512/16/354 513/18/39 525/18/42 524/16/355
f 529/1/53 530/4/54 542/4/55 541/1/358
f 521/10/353 522/12/30 534/12/57 533/10/58
f 528/24/46 517/26/356 529/26/53 540/24/59
f 518/4/48 519/6/47 531/6/60 530/4/54
f 525/18/42 526/20/49 538/20/61 537/18/43
f 522/12/30 523/14/50 535/14/62 534/12/57
f 519/6/47 520/8/51 532/8/63 531/6/60
f 526/20/49 527/22/357 539/22/64 538/20/61
f 523/14/50 524/16/355 536/16/44 535/14/62
f 520/8/51 521/10/353 533/10/58 532/8/63
f 527/22/357 528/24/46 540/24/59 539/22/64
f 517/1/356 518/4/48 530/4/54 529/1/53
f 551/22/65 552/24/66 564/24/67 563/22/68
f 536/16/44 537/18/43 549/18/69 548/16/70
f 533/10/58 534/12/57 546/12/71 545/10/72
f 540/24/59 529/26/53 541/26/358 552/24/66
f 530/4/54 531/6/60 543/6/73 542/4/55
f 537/18/43 538/20/61 550/20/74 549/18/69
f 534/12/57 535/14/62 547/14/359 546/12/71
f 531/6/60 532/8/63 544/8/76 543/6/73
f 538/20/61 539/22/64 551/22/65 550/20/74
f 535/14/62 536/16/44 548/16/70 547/14/359
f 532/8/63 533/10/58 545/10/72 544/8/76
f 539/22/64 540/24/59 552/24/66 551/22/65
f 556/8/77 557/10/78 569/10/79 568/8/80
f 541/1/358 542/4/55 554/4/81 553/1/82
f 548/16/70 549/18/69 561/18/83 560/16/84
f 545/10/72 546/12/71 558/12/85 557/10/78
f 552/24/66 541/26/358 553/26/82 564/24/67
f 542/4/55 543/6/73 555/6/86 554/4/81
f 549/18/69 550/20/74 562/20/87 561/18/83
f 546/12/71 547/14/359 559/14/360 558/12/85
f 543/6/73 544/8/76 556/8/77 555/6/86
f 550/20/74 551/22/65 563/22/68 562/20/87
f 547/14/359 548/16/70 560/16/84 559/14/360
f 544/8/76 545/10/72 557/10/78 556/8/77
f 568/8/80 569/10/79 581/10/89 580/8/90
f 563/22/68 564/24/67 576/24/91 575/22/92
f 553/1/82 554/4/81 566/4/93 565/1/94
f 560/16/84 561/18/83 573/18/95 572/16/361
f 557/10/78 558/12/85 570/12/97 569/10/79
f 564/24/67 553/26/82 565/26/94 576/24/91
f 554/4/81 555/6/86 567/6/98 566/4/93
f 561/18/83 562/20/87 574/20/99 573/18/95
f 558/12/85 559/14/360 571/14/100 570/12/97
f 555/6/86 556/8/77 568/8/80 567/6/98
f 562/20/87 563/22/68 575/22/92 574/20/99
f 559/14/360 560/16/84 572/16/361 571/14/100
f 587/22/101 588/24/102 744/24/103 743/22/104
f 575/22/92 576/24/91 588/24/105 587/22/106
f 565/1/94 566/4/93 578/4/107 577/1/108
f 572/16/361 573/18/95 585/18/109 584/16/110
f 569/10/79 570/12/97 582/12/111 581/10/89
f 576/24/91 565/26/94 577/26/108 588/24/105
f 566/4/93 567/6/98 579/6/112 578/4/107
f 573/18/95 574/20/99 586/20/113 585/18/109
f 570/12/97 571/14/100 583/14/114 582/12/111
f 567/6/98 568/8/80 580/8/90 579/6/112
f 574/20/99 575/22/92 587/22/106 586/20/113
f 571/14/100 572/16/361 584/16/110 583/14/114
f 596/15/23 595/13/115 607/13/116 608/15/117
f 496/15/15 494/13/13 595/13/115 596/15/23
f 494/13/13 492/11/11 594/11/118 595/13/115
f 492/11/11 490/9/9 593/9/119 594/11/118
f 490/9/9 488/7/7 592/7/120 593/9/119
f 482/25/2 504/23/25 600/23/121 589/25/122
f 484/3/3 482/2/2 589/2/122 590/3/123
f 488/7/7 486/5/5 591/5/124 592/7/120
f 504/23/25 502/21/21 599/21/125 600/23/121
f 486/5/5 484/3/3 590/3/123 591/5/124
f 502/21/21 500/19/19 598/19/126 599/21/125
f 500/19/19 498/17/17 597/17/24 598/19/126
f 611/21/127 610/19/128 622/19/129 623/21/130
f 593/9/119 592/7/120 604/7/131 605/9/132
f 600/23/121 599/21/125 611/21/127 612/23/133
f 590/3/123 589/2/122 601/2/134 602/3/135
f 597/17/24 596/15/23 608/15/117 609/17/136
f 594/11/118 593/9/119 605/9/132 606/11/137
f 589/25/122 600/23/121 612/23/133 601/25/134
f 591/5/124 590/3/123 602/3/135 603/5/138
f 598/19/126 597/17/24 609/17/136 610/19/128
f 595/13/115 594/11/118 606/11/137 607/13/116
f 592/7/120 591/5/124 603/5/138 604/7/131
f 599/21/125 598/19/126 610/19/128 611/21/127
f 616/7/139 615/5/140 627/5/141 628/7/142
f 608/15/117 607/13/116 619/13/143 620/15/144
f 605/9/132 604/7/131 616/7/139 617/9/145
f 612/23/133 611/21/127 623/21/130 624/23/146
f 602/3/135 601/2/134 613/2/147 614/3/148
f 609/17/136 608/15/117 620/15/144 621/17/149
f 606/11/137 605/9/132 617/9/145 618/11/150
f 601/25/134 612/23/133 624/23/146 613/25/147
f 603/5/138 602/3/135 614/3/148 615/5/140
f 610/19/128 609/17/136 621/17/149 622/19/129
f 607/13/116 606/11/137 618/11/150 619/13/143
f 604/7/131 603/5/138 615/5/140 616/7/139
f 628/7/142 627/5/141 639/5/151 640/7/152
f 623/21/130 622/19/129 634/19/153 635/21/154
f 620/15/144 619/13/143 631/13/155 632/15/156
f 617/9/145 616/7/139 628/7/142 629/9/157
f 624/23/146 623/21/130 635/21/154 636/23/158
f 614/3/148 613/2/147 625/2/159 626/3/160
f 621/17/149 620/15/144 632/15/156 633/17/161
f 618/11/150 617/9/145 629/9/157 630/11/162
f 613/25/147 624/23/146 636/23/158 625/25/159
f 615/5/140 614/3/148 626/3/160 627/5/141
f 622/19/129 621/17/149 633/17/161 634/19/153
f 619/13/143 618/11/150 630/11/162 631/13/155
f 643/13/163 642/11/164 654/11/165 655/13/166
f 635/21/154 634/19/153 646/19/167 647/21/168
f 632/15/156 631/13/155 643/13/163 644/15/169
f 629/9/157 628/7/142 640/7/152 641/9/170
f 636/23/158 635/21/154 647/21/168 648/23/171
f 626/3/160 625/2/159 637/2/172 638/3/173
f 633/17/161 632/15/156 644/15/169 645/17/174
f 630/11/162 629/9/157 641/9/170 642/11/164
f 625/25/159 636/23/158 648/23/171 637/25/172
f 627/5/141 626/3/160 638/3/173 639/5/151
f 634/19/153 633/17/161 645/17/174 646/19/167
f 631/13/155 630/11/162 642/11/164 643/13/163
f 655/13/166 654/11/165 666/11/175 667/13/176
f 640/7/152 639/5/151 651/5/177 652/7/178
f 647/21/168 646/19/167 658/19/179 659/21/180
f 644/15/169 643/13/163 655/13/166 656/15/181
f 641/9/170 640/7/152 652/7/178 653/9/182
f 648/23/171 647/21/168 659/21/180 660/23/183
f 638/3/173 637/2/172 649/2/184 650/3/185
f 645/17/174 644/15/169 656/15/181 657/17/186
f 642/11/164 641/9/170 653/9/182 654/11/165
f 637/25/172 648/23/171 660/23/183 649/25/184
f 639/5/151 638/3/173 650/3/185 651/5/177
f 646/19/167 645/17/174 657/17/186 658/19/179
f 670/19/187 669/17/188 681/17/189 682/19/190
f 652/7/178 651/5/177 663/5/191 664/7/192
f 659/21/180 658/19/179 670/19/187 671/21/193
f 656/15/181 655/13/166 667/13/176 668/15/194
f 653/9/182 652/7/178 664/7/192 665/9/195
f 660/23/183 659/21/180 671/21/193 672/23/196
f 650/3/185 649/2/184 661/2/197 662/3/198
f 657/17/186 656/15/181 668/15/194 669/17/188
f 654/11/165 653/9/182 665/9/195 666/11/175
f 649/25/184 660/23/183 672/23/196 661/25/197
f 651/5/177 650/3/185 662/3/198 663/5/191
f 658/19/179 657/17/186 669/17/188 670/19/187
f 675/5/199 674/3/200 686/3/201 687/5/362
f 667/13/176 666/11/175 678/11/203 679/13/204
f 664/7/192 663/5/191 675/5/199 676/7/205
f 671/21/193 670/19/187 682/19/190 683/21/206
f 668/15/194 667/13/176 679/13/204 680/15/207
f 665/9/195 664/7/192 676/7/205 677/9/208
f 672/23/196 671/21/193 683/21/206 684/23/363
f 662/3/198 661/2/197 673/2/210 674/3/200
f 669/17/188 668/15/194 680/15/207 681/17/189
f 666/11/175 665/9/195 677/9/208 678/11/203
f 661/25/197 672/23/196 684/23/363 673/25/210
f 663/5/191 662/3/198 674/3/200 675/5/199
f 685/25/211 696/23/212 708/23/213 697/25/214
f 682/19/190 681/17/189 693/17/215 694/19/216
f 679/13/204 678/11/203 690/11/217 691/13/218
f 676/7/205 675/5/199 687/5/362 688/7/219
f 683/21/206 682/19/190 694/19/216 695/21/220
f 680/15/207 679/13/204 691/13/218 692/15/221
f 677/9/208 676/7/205 688/7/219 689/9/222
f 684/23/363 683/21/206 695/21/220 696/23/212
f 674/3/200 673/2/210 685/2/211 686/3/201
f 681/17/189 680/15/207 692/15/221 693/17/215
f 678/11/203 677/9/208 689/9/222 690/11/217
f 673/25/210 684/23/363 696/23/212 685/25/211
f 702/11/223 701/9/224 713/9/225 714/11/226
f 687/5/362 686/3/201 698/3/227 699/5/228
f 694/19/216 693/17/215 705/17/229 706/19/230
f 691/13/218 690/11/217 702/11/223 703/13/231
f 688/7/219 687/5/362 699/5/228 700/7/232
f 695/21/220 694/19/216 706/19/230 707/21/233
f 692/15/221 691/13/218 703/13/231 704/15/234
f 689/9/222 688/7/219 700/7/232 701/9/224
f 696/23/212 695/21/220 707/21/233 708/23/213
f 686/3/201 685/2/211 697/2/214 698/3/227
f 693/17/215 692/15/221 704/15/234 705/17/229
f 690/11/217 689/9/222 701/9/224 702/11/223
f 714/11/226 713/9/225 725/9/235 726/11/236
f 697/25/214 708/23/213 720/23/237 709/25/238
f 699/5/228 698/3/227 710/3/239 711/5/240
f 706/19/230 705/17/229 717/17/241 718/19/242
f 703/13/231 702/11/223 714/11/226 715/13/243
f 700/7/232 699/5/228 711/5/240 712/7/244
f 707/21/233 706/19/230 718/19/242 719/21/245
f 704/15/234 703/13/231 715/13/243 716/15/246
f 701/9/224 700/7/232 712/7/244 713/9/225
f 708/23/213 707/21/233 719/21/245 720/23/237
f 698/3/227 697/2/214 709/2/238 710/3/239
f 705/17/229 704/15/234 716/15/246 717/17/241
f 771/27/247 772/28/248 724/7/249 723/5/250
f 709/25/238 720/23/237 732/23/251 721/25/252
f 711/5/240 710/3/239 722/3/364 723/5/250
f 718/19/242 717/17/241 729/17/254 730/19/255
f 715/13/243 714/11/226 726/11/236 727/13/365
f 712/7/244 711/5/240 723/5/250 724/7/249
f 719/21/245 718/19/242 730/19/255 731/21/257
f 716/15/246 715/13/243 727/13/365 728/15/258
f 713/9/225 712/7/244 724/7/249 725/9/235
f 720/23/237 719/21/245 731/21/257 732/23/251
f 710/3/239 709/2/238 721/2/252 722/3/364
f 717/17/241 716/15/246 728/15/258 729/17/254
f 737/10/259 738/12/260 750/12/261 749/10/262
f 577/1/263 578/4/264 734/4/366 733/1/266
f 584/16/267 585/18/268 741/18/269 740/16/270
f 581/10/271 582/12/272 738/12/260 737/10/259
f 588/24/102 577/26/263 733/26/266 744/24/103
f 578/4/264 579/6/273 735/6/274 734/4/366
f 585/18/268 586/20/275 742/20/276 741/18/269
f 582/12/272 583/14/277 739/14/278 738/12/260
f 579/6/273 580/8/279 736/8/280 735/6/274
f 586/20/275 587/22/101 743/22/104 742/20/276
f 583/14/277 584/16/267 740/16/270 739/14/278
f 580/8/279 581/10/271 737/10/259 736/8/280
f 749/10/262 750/12/261 762/12/281 761/10/282
f 744/24/103 733/26/266 745/26/283 756/24/284
f 734/4/366 735/6/274 747/6/285 746/4/286
f 741/18/269 742/20/276 754/20/287 753/18/288
f 738/12/260 739/14/278 751/14/289 750/12/261
f 735/6/274 736/8/280 748/8/290 747/6/285
f 742/20/276 743/22/104 755/22/291 754/20/287
f 739/14/278 740/16/270 752/16/292 751/14/289
f 736/8/280 737/10/259 749/10/262 748/8/290
f 743/22/104 744/24/103 756/24/284 755/22/291
f 733/1/266 734/4/366 746/4/286 745/1/283
f 740/16/270 741/18/269 753/18/288 752/16/292
f 764/16/293 765/18/294 777/29/295 776/30/296
f 756/24/284 745/26/283 757/26/297 768/24/298
f 746/4/286 747/6/285 759/6/299 758/4/300
f 753/18/288 754/20/287 766/20/301 765/18/294
f 750/12/261 751/14/289 763/14/302 762/12/281
f 747/6/285 748/8/290 760/8/303 759/6/299
f 754/20/287 755/22/291 767/22/304 766/20/301
f 751/14/289 752/16/292 764/16/293 763/14/302
f 748/8/290 749/10/262 761/10/282 760/8/303
f 755/22/291 756/24/284 768/24/298 767/22/304
f 745/1/283 746/4/286 758/4/300 757/1/297
f 752/16/292 753/18/288 765/18/294 764/16/293
f 770/31/305 771/27/247 723/5/250 722/3/364
f 761/10/282 762/12/281 774/32/306 773/33/307
f 768/24/298 757/26/297 769/34/308 780/35/367
f 758/4/300 759/6/299 771/27/247 770/31/305
f 765/18/294 766/20/301 778/36/310 777/29/295
f 762/12/281 763/14/302 775/37/311 774/32/306
f 759/6/299 760/8/303 772/28/248 771/27/247
f 766/20/301 767/22/304 779/38/312 778/36/310
f 763/14/302 764/16/293 776/30/296 775/37/311
f 760/8/303 761/10/282 773/33/307 772/28/248
f 767/22/304 768/24/298 780/35/367 779/38/312
f 757/1/297 758/4/300 770/31/305 769/39/308
f 772/28/248 773/33/307 725/9/235 724/7/249
f 773/33/307 774/32/306 726/11/236 725/9/235
f 774/32/306 775/37/311 727/13/365 726/11/236
f 775/37/311 776/30/296 728/15/258 727/13/365
f 776/30/296 777/29/295 729/17/254 728/15/258
f 777/29/295 778/36/310 730/19/255 729/17/254
f 778/36/310 779/38/312 731/21/257 730/19/255
f 779/38/312 780/35/367 732/23/251 731/21/257
f 780/35/367 769/34/308 721/25/252 732/23/251
f 769/39/308 770/31/305 722/3/364 721/2/252
f 781/1/313 782/2/314 784/3/315 783/4/316
f 783/4/316 784/3/315 786/5/317 785/6/318
f 785/6/318 786/5/317 788/7/319 787/8/320
f 787/8/320 788/7/319 790/9/321 789/10/322
f 789/10/322 790/9/321 792/11/323 791/12/324
f 791/12/324 792/11/323 794/13/325 793/14/326
f 793/14/326 794/13/325 796/15/327 795/16/328
f 795/16/328 796/15/327 798/17/329 797/18/330
f 797/18/330 798/17/329 800/19/331 799/20/332
f 799/20/332 800/19/331 802/21/333 801/22/334
f 784/40/315 782/41/314 804/42/335 802/43/333 800/44/331 798/45/329 796/46/327 794/47/325 792/48/323 790/49/321 788/50/319 786/51/317
f 801/22/334 802/21/333 804/23/335 803/24/336
f 803/24/336 804/23/335 782/25/314 781/26/313
f 781/52/313 783/53/316 785/54/318 787/55/320 789/56/322 791/57/324 793/58/326 795/59/328 797/60/330 799/61/332 801/62/334 803/63/336
f 805/1/313 806/2/314 808/3/315 807/4/316
f 807/4/316 808/3/315 810/5/317 809/6/318
f 809/6/318 810/5/317 812/7/319 811/8/320
f 811/8/320 812/7/319 814/9/321 813/10/322
f 813/10/322 814/9/321 816/11/323 815/12/324
f 815/12/324 816/11/323 818/13/325 817/14/326
f 817/14/326 818/13/325 820/15/327 819/16/328
f 819/16/328 820/15/327 822/17/329 821/18/330
f 821/18/330 822/17/329 824/19/331 823/20/332
f 823/20/332 824/19/331 826/21/333 825/22/334
f 808/40/315 806/41/314 828/42/335 826/43/333 824/44/331 822/45/329 820/46/327 818/47/325 816/48/323 814/49/321 812/50/319 810/51/317
f 825/22/334 826/21/333 828/23/335 827/24/336
f 827/24/336 828/23/335 806/25/314 805/26/313
f 805/52/313 807/53/316 809/54/318 811/55/320 813/56/322 815/57/324 817/58/326 819/59/328 821/60/330 823/61/332 825/62/334 827/63/336
f 829/1/313 830/2/314 832/3/315 831/4/316
f 831/4/316 832/3/315 834/5/317 833/6/318
f 833/6/318 834/5/317 836/7/319 835/8/320
f 835/8/320 836/7/319 838/9/321 837/10/322
f 837/10/322 838/9/321 840/11/323 839/12/324
f 839/12/324 840/11/323 842/13/325 841/14/326
f 841/14/326 842/13/325 844/15/327 843/16/328
f 843/16/328 844/15/327 846/17/329 845/18/330
f 845/18/330 846/17/329 848/19/331 847/20/332
f 847/20/332 848/19/331 850/21/333 849/22/334
f 832/40/315 830/41/314 852/42/335 850/43/333 848/44/331 846/45/329 844/46/327 842/47/325 840/48/323 838/49/321 836/50/319 834/51/317
f 849/22/334 850/21/333 852/23/335 851/24/336
f 851/24/336 852/23/335 830/25/314 829/26/313
f 829/52/313 831/53/316 833/54/318 835/55/320 837/56/322 839/57/324 841/58/326 843/59/328 845/60/330 847/61/332 849/62/334 851/63/336
f 853/1/313 854/2/314 856/3/315 855/4/316
f 855/4/316 856/3/315 858/5/317 857/6/318
f 857/6/318 858/5/317 860/7/319 859/8/320
f 859/8/320 860/7/319 862/9/321 861/10/322
f 861/10/322 862/9/321 864/11/323 863/12/324
f 863/12/324 864/11/323 866/13/325 865/14/326
f 865/14/326 866/13/325 868/15/327 867/16/328
f 867/16/328 868/15/327 870/17/329 869/18/330
f 869/18/330 870/17/329 872/19/331 871/20/332
f 871/20/332 872/19/331 874/21/333 873/22/334
f 856/40/315 854/41/314 876/42/335 874/43/333 872/44/331 870/45/329 868/46/327 866/47/325 864/48/323 862/49/321 860/50/319 858/51/317
f 873/22/334 874/21/333 876/23/335 875/24/336
f 875/24/336 876/23/335 854/25/314 853/26/313
f 853/52/313 855/53/316 857/54/318 859/55/320 861/56/322 863/57/324 865/58/326 867/59/328 869/60/330 871/61/332 873/62/334 875/63/336
f 877/1/313 878/2/314 880/3/315 879/4/316
f 879/4/316 880/3/315 882/5/317 881/6/318
f 881/6/318 882/5/317 884/7/319 883/8/320
f 883/8/320 884/7/319 886/9/321 885/10/322
f 885/10/322 886/9/321 888/11/323 887/12/324
f 887/12/324 888/11/323 890/13/325 889/14/326
f 889/14/326 890/13/325 892/15/327 891/16/328
f 891/16/328 892/15/327 894/17/329 893/18/330
f 893/18/330 894/17/329 896/19/331 895/20/332
f 895/20/332 896/19/331 898/21/333 897/22/334
f 880/40/315 878/41/314 900/42/335 898/43/333 896/44/331 894/45/329 892/46/327 890/47/325 888/48/323 886/49/321 884/50/319 882/51/317
f 897/22/334 898/21/333 900/23/335 899/24/336
f 899/24/336 900/23/335 878/25/314 877/26/313
f 877/52/313 879/53/316 881/54/318 883/55/320 885/56/322 887/57/324 889/58/326 891/59/328 893/60/330 895/61/332 897/62/334 899/63/336
f 901/1/313 902/2/314 904/3/315 903/4/316
f 903/4/316 904/3/315 906/5/317 905/6/318
f 905/6/318 906/5/317 908/7/319 907/8/320
f 907/8/320 908/7/319 910/9/321 909/10/322
f 909/10/322 910/9/321 912/11/323 911/12/324
f 911/12/324 912/11/323 914/13/325 913/14/326
f 913/14/326 914/13/325 916/15/327 915/16/328
f 915/16/328 916/15/327 918/17/329 917/18/330
f 917/18/330 918/17/329 920/19/331 919/20/332
f 919/20/332 920/19/331 922/21/333 921/22/334
f 904/40/315 902/41/314 924/42/335 922/43/333 920/44/331 918/45/329 916/46/327 914/47/325 912/48/323 910/49/321 908/50/319 906/51/317
f 921/22/334 922/21/333 924/23/335 923/24/336
f 923/24/336 924/23/335 902/25/314 901/26/313
f 901/52/313 903/53/316 905/54/318 907/55/320 909/56/322 911/57/324 913/58/326 915/59/328 917/60/330 919/61/332 921/62/334 923/63/336
f 925/1/313 926/2/314 928/3/315 927/4/316
f 927/4/316 928/3/315 930/5/317 929/6/318
f 929/6/318 930/5/317 932/7/319 931/8/320
f 931/8/320 932/7/319 934/9/321 933/10/322
f 933/10/322 934/9/321 936/11/323 935/12/324
f 935/12/324 936/11/323 938/13/325 937/14/326
f 937/14/326 938/13/325 940/15/327 939/16/328
f 939/16/328 940/15/327 942/17/329 941/18/330
f 941/18/330 942/17/329 944/19/331 943/20/332
f 943/20/332 944/19/331 946/21/333 945/22/334
f 928/40/315 926/41/314 948/42/335 946/43/333 944/44/331 942/45/329 940/46/327 938/47/325 936/48/323 934/49/321 932/50/319 930/51/317
f 945/22/334 946/21/333 948/23/335 947/24/336
f 947/24/336 948/23/335 926/25/314 925/26/313
f 925/52/313 927/53/316 929/54/318 931/55/320 933/56/322 935/57/324 937/58/326 939/59/328 941/60/330 943/61/332 945/62/334 947/63/336
f 584/16/107 583/14/108 955/14/337 956/16/338
f 581/10/106 580/8/113 952/8/339 953/10/340
f 587/22/341 588/24/341 960/24/341 959/22/341
f 578/4/110 577/1/114 949/1/342 950/4/343
f 585/18/112 584/16/107 956/16/338 957/18/344
f 582/12/105 581/10/106 953/10/340 954/12/345
f 577/26/114 588/24/346 960/24/347 949/26/342
f 579/6/109 578/4/110 950/4/343 951/6/348
f 586/20/90 585/18/112 957/18/344 958/20/349
f 583/14/108 582/12/105 954/12/345 955/14/337
f 580/8/113 579/6/109 951/6/348 952/8/339
f 587/22/350 586/20/90 958/20/349 959/22/351
f 949/26/342 960/24/347 959/22/351 958/20/349 957/18/344 956/16/338 955/14/337 954/12/345 953/10/340 952/8/339 951/6/348 950/4/343
f 961/1/1 962/2/2 964/3/3 963/4/4
f 963/4/4 964/3/3 966/5/5 965/6/6
f 965/6/6 966/5/5 968/7/7 967/8/8
f 967/8/8 968/7/7 970/9/9 969/10/10
f 969/10/10 970/9/9 972/11/11 971/12/12
f 971/12/12 972/11/11 974/13/368 973/14/14
f 973/14/14 974/13/368 976/15/15 975/16/16
f 975/16/16 976/15/15 978/17/17 977/18/18
f 977/18/18 978/17/17 980/19/19 979/20/20
f 979/20/20 980/19/19 982/21/21 981/22/22
f 978/17/17 976/15/15 1076/15/23 1077/17/24
f 981/22/22 982/21/21 984/23/25 983/24/26
f 983/24/26 984/23/25 962/25/2 961/26/1
f 971/12/12 973/14/14 991/14/27 990/12/28
f 989/10/29 990/12/28 1002/12/30 1001/10/353
f 969/10/10 971/12/12 990/12/28 989/10/29
f 967/8/8 969/10/10 989/10/29 988/8/32
f 983/24/26 961/26/1 985/26/33 996/24/34
f 961/1/1 963/4/4 986/4/35 985/1/33
f 965/6/6 967/8/8 988/8/32 987/6/36
f 981/22/22 983/24/26 996/24/34 995/22/37
f 963/4/4 965/6/6 987/6/36 986/4/35
f 979/20/20 981/22/22 995/22/37 994/20/38
f 977/18/18 979/20/20 994/20/38 993/18/39
f 975/16/16 977/18/18 993/18/39 992/16/354
f 973/14/14 975/16/16 992/16/354 991/14/27
f 1004/16/41 1005/18/42 1017/18/43 1016/16/44
f 996/24/34 985/26/33 997/26/45 1008/24/46
f 986/4/35 987/6/36 999/6/369 998/4/370
f 993/18/39 994/20/38 1006/20/49 1005/18/42
f 990/12/28 991/14/27 1003/14/50 1002/12/30
f 987/6/36 988/8/32 1000/8/51 999/6/369
f 994/20/38 995/22/37 1007/22/52 1006/20/49
f 991/14/27 992/16/354 1004/16/41 1003/14/50
f 988/8/32 989/10/29 1001/10/353 1000/8/51
f 995/22/37 996/24/34 1008/24/46 1007/22/52
f 985/1/33 986/4/35 998/4/370 997/1/45
f 992/16/354 993/18/39 1005/18/42 1004/16/41
f 1009/1/53 1010/4/54 1022/4/55 1021/1/358
f 1001/10/353 1002/12/30 1014/12/57 1013/10/58
f 1008/24/46 997/26/45 1009/26/53 1020/24/59
f 998/4/370 999/6/369 1011/6/60 1010/4/54
f 1005/18/42 1006/20/49 1018/20/61 1017/18/43
f 1002/12/30 1003/14/50 1015/14/62 1014/12/57
f 999/6/369 1000/8/51 1012/8/63 1011/6/60
f 1006/20/49 1007/22/52 1019/22/64 1018/20/61
f 1003/14/50 1004/16/41 1016/16/44 1015/14/62
f 1000/8/51 1001/10/353 1013/10/58 1012/8/63
f 1007/22/52 1008/24/46 1020/24/59 1019/22/64
f 997/1/45 998/4/370 1010/4/54 1009/1/53
f 1031/22/65 1032/24/66 1044/24/67 1043/22/68
f 1016/16/44 1017/18/43 1029/18/69 1028/16/70
f 1013/10/58 1014/12/57 1026/12/71 1025/10/72
f 1020/24/59 1009/26/53 1021/26/358 1032/24/66
f 1010/4/54 1011/6/60 1023/6/73 1022/4/55
f 1017/18/43 1018/20/61 1030/20/74 1029/18/69
f 1014/12/57 1015/14/62 1027/14/359 1026/12/71
f 1011/6/60 1012/8/63 1024/8/76 1023/6/73
f 1018/20/61 1019/22/64 1031/22/65 1030/20/74
f 1015/14/62 1016/16/44 1028/16/70 1027/14/359
f 1012/8/63 1013/10/58 1025/10/72 1024/8/76
f 1019/22/64 1020/24/59 1032/24/66 1031/22/65
f 1036/8/77 1037/10/78 1049/10/79 1048/8/80
f 1021/1/358 1022/4/55 1034/4/81 1033/1/82
f 1028/16/70 1029/18/69 1041/18/83 1040/16/84
f 1025/10/72 1026/12/71 1038/12/85 1037/10/78
f 1032/24/66 1021/26/358 1033/26/82 1044/24/67
f 1022/4/55 1023/6/73 1035/6/86 1034/4/81
f 1029/18/69 1030/20/74 1042/20/87 1041/18/83
f 1026/12/71 1027/14/359 1039/14/360 1038/12/85
f 1023/6/73 1024/8/76 1036/8/77 1035/6/86
f 1030/20/74 1031/22/65 1043/22/68 1042/20/87
f 1027/14/359 1028/16/70 1040/16/84 1039/14/360
f 1024/8/76 1025/10/72 1037/10/78 1036/8/77
f 1048/8/80 1049/10/79 1061/10/89 1060/8/90
f 1043/22/68 1044/24/67 1056/24/91 1055/22/92
f 1033/1/82 1034/4/81 1046/4/93 1045/1/94
f 1040/16/84 1041/18/83 1053/18/95 1052/16/361
f 1037/10/78 1038/12/85 1050/12/97 1049/10/79
f 1044/24/67 1033/26/82 1045/26/94 1056/24/91
f 1034/4/81 1035/6/86 1047/6/98 1046/4/93
f 1041/18/83 1042/20/87 1054/20/99 1053/18/95
f 1038/12/85 1039/14/360 1051/14/100 1050/12/97
f 1035/6/86 1036/8/77 1048/8/80 1047/6/98
f 1042/20/87 1043/22/68 1055/22/92 1054/20/99
f 1039/14/360 1040/16/84 1052/16/361 1051/14/100
f 1067/22/101 1068/24/102 1224/24/103 1223/22/104
f 1055/22/92 1056/24/91 1068/24/105 1067/22/106
f 1045/1/94 1046/4/93 1058/4/107 1057/1/108
f 1052/16/361 1053/18/95 1065/18/109 1064/16/110
f 1049/10/79 1050/12/97 1062/12/111 1061/10/89
f 1056/24/91 1045/26/94 1057/26/108 1068/24/105
f 1046/4/93 1047/6/98 1059/6/112 1058/4/107
f 1053/18/95 1054/20/99 1066/20/113 1065/18/109
f 1050/12/97 1051/14/100 1063/14/114 1062/12/111
f 1047/6/98 1048/8/80 1060/8/90 1059/6/112
f 1054/20/99 1055/22/92 1067/22/106 1066/20/113
f 1051/14/100 1052/16/361 1064/16/110 1063/14/114
f 1076/15/23 1075/13/115 1087/13/116 1088/15/117
f 976/15/15 974/13/368 1075/13/115 1076/15/23
f 974/13/368 972/11/11 1074/11/118 1075/13/115
f 972/11/11 970/9/9 1073/9/119 1074/11/118
f 970/9/9 968/7/7 1072/7/120 1073/9/119
f 962/25/2 984/23/25 1080/23/121 1069/25/122
f 964/3/3 962/2/2 1069/2/122 1070/3/123
f 968/7/7 966/5/5 1071/5/124 1072/7/120
f 984/23/25 982/21/21 1079/21/125 1080/23/121
f 966/5/5 964/3/3 1070/3/123 1071/5/124
f 982/21/21 980/19/19 1078/19/126 1079/21/125
f 980/19/19 978/17/17 1077/17/24 1078/19/126
f 1091/21/127 1090/19/128 1102/19/129 1103/21/130
f 1073/9/119 1072/7/120 1084/7/131 1085/9/132
f 1080/23/121 1079/21/125 1091/21/127 1092/23/133
f 1070/3/123 1069/2/122 1081/2/134 1082/3/135
f 1077/17/24 1076/15/23 1088/15/117 1089/17/136
f 1074/11/118 1073/9/119 1085/9/132 1086/11/137
f 1069/25/122 1080/23/121 1092/23/133 1081/25/134
f 1071/5/124 1070/3/123 1082/3/135 1083/5/138
f 1078/19/126 1077/17/24 1089/17/136 1090/19/128
f 1075/13/115 1074/11/118 1086/11/137 1087/13/116
f 1072/7/120 1071/5/124 1083/5/138 1084/7/131
f 1079/21/125 1078/19/126 1090/19/128 1091/21/127
f 1096/7/139 1095/5/140 1107/5/141 1108/7/142
f 1088/15/117 1087/13/116 1099/13/143 1100/15/144
f 1085/9/132 1084/7/131 1096/7/139 1097/9/145
f 1092/23/133 1091/21/127 1103/21/130 1104/23/146
f 1082/3/135 1081/2/134 1093/2/147 1094/3/148
f 1089/17/136 1088/15/117 1100/15/144 1101/17/149
f 1086/11/137 1085/9/132 1097/9/145 1098/11/150
f 1081/25/134 1092/23/133 1104/23/146 1093/25/147
f 1083/5/138 1082/3/135 1094/3/148 1095/5/140
f 1090/19/128 1089/17/136 1101/17/149 1102/19/129
f 1087/13/116 1086/11/137 1098/11/150 1099/13/143
f 1084/7/131 1083/5/138 1095/5/140 1096/7/139
f 1108/7/142 1107/5/141 1119/5/151 1120/7/152
f 1103/21/130 1102/19/129 1114/19/153 1115/21/154
f 1100/15/144 1099/13/143 1111/13/155 1112/15/156
f 1097/9/145 1096/7/139 1108/7/142 1109/9/157
f 1104/23/146 1103/21/130 1115/21/154 1116/23/158
f 1094/3/148 1093/2/147 1105/2/159 1106/3/160
f 1101/17/149 1100/15/144 1112/15/156 1113/17/161
f 1098/11/150 1097/9/145 1109/9/157 1110/11/162
f 1093/25/147 1104/23/146 1116/23/158 1105/25/159
f 1095/5/140 1094/3/148 1106/3/160 1107/5/141
f 1102/19/129 1101/17/149 1113/17/161 1114/19/153
f 1099/13/143 1098/11/150 1110/11/162 1111/13/155
f 1123/13/163 1122/11/164 1134/11/165 1135/13/166
f 1115/21/154 1114/19/153 1126/19/167 1127/21/168
f 1112/15/156 1111/13/155 1123/13/163 1124/15/169
f 1109/9/157 1108/7/142 1120/7/152 1121/9/170
f 1116/23/158 1115/21/154 1127/21/168 1128/23/171
f 1106/3/160 1105/2/159 1117/2/172 1118/3/173
f 1113/17/161 1112/15/156 1124/15/169 1125/17/174
f 1110/11/162 1109/9/157 1121/9/170 1122/11/164
f 1105/25/159 1116/23/158 1128/23/171 1117/25/172
f 1107/5/141 1106/3/160 1118/3/173 1119/5/151
f 1114/19/153 1113/17/161 1125/17/174 1126/19/167
f 1111/13/155 1110/11/162 1122/11/164 1123/13/163
f 1135/13/166 1134/11/165 1146/11/175 1147/13/176
f 1120/7/152 1119/5/151 1131/5/177 1132/7/178
f 1127/21/168 1126/19/167 1138/19/179 1139/21/180
f 1124/15/169 1123/13/163 1135/13/166 1136/15/181
f 1121/9/170 1120/7/152 1132/7/178 1133/9/182
f 1128/23/171 1127/21/168 1139/21/180 1140/23/183
f 1118/3/173 1117/2/172 1129/2/184 1130/3/185
f 1125/17/174 1124/15/169 1136/15/181 1137/17/186
f 1122/11/164 1121/9/170 1133/9/182 1134/11/165
f 1117/25/172 1128/23/171 1140/23/183 1129/25/184
f 1119/5/151 1118/3/173 1130/3/185 1131/5/177
f 1126/19/167 1125/17/174 1137/17/186 1138/19/179
f 1150/19/187 1149/17/188 1161/17/189 1162/19/190
f 1132/7/178 1131/5/177 1143/5/191 1144/7/192
f 1139/21/180 1138/19/179 1150/19/187 1151/21/193
f 1136/15/181 1135/13/166 1147/13/176 1148/15/194
f 1133/9/182 1132/7/178 1144/7/192 1145/9/195
f 1140/23/183 1139/21/180 1151/21/193 1152/23/196
f 1130/3/185 1129/2/184 1141/2/371 1142/3/198
f 1137/17/186 1136/15/181 1148/15/194 1149/17/188
f 1134/11/165 1133/9/182 1145/9/195 1146/11/175
f 1129/25/184 1140/23/183 1152/23/196 1141/25/371
f 1131/5/177 1130/3/185 1142/3/198 1143/5/191
f 1138/19/179 1137/17/186 1149/17/188 1150/19/187
f 1155/5/199 1154/3/200 1166/3/201 1167/5/362
f 1147/13/176 1146/11/175 1158/11/203 1159/13/204
f 1144/7/192 1143/5/191 1155/5/199 1156/7/205
f 1151/21/193 1150/19/187 1162/19/190 1163/21/206
f 1148/15/194 1147/13/176 1159/13/204 1160/15/207
f 1145/9/195 1144/7/192 1156/7/205 1157/9/208
f 1152/23/196 1151/21/193 1163/21/206 1164/23/372
f 1142/3/198 1141/2/371 1153/2/210 1154/3/200
f 1149/17/188 1148/15/194 1160/15/207 1161/17/189
f 1146/11/175 1145/9/195 1157/9/208 1158/11/203
f 1141/25/371 1152/23/196 1164/23/372 1153/25/210
f 1143/5/191 1142/3/198 1154/3/200 1155/5/199
f 1165/25/211 1176/23/212 1188/23/373 1177/25/214
f 1162/19/190 1161/17/189 1173/17/215 1174/19/216
f 1159/13/204 1158/11/203 1170/11/217 1171/13/218
f 1156/7/205 1155/5/199 1167/5/362 1168/7/219
f 1163/21/206 1162/19/190 1174/19/216 1175/21/220
f 1160/15/207 1159/13/204 1171/13/218 1172/15/374
f 1157/9/208 1156/7/205 1168/7/219 1169/9/222
f 1164/23/372 1163/21/206 1175/21/220 1176/23/212
f 1154/3/200 1153/2/210 1165/2/211 1166/3/201
f 1161/17/189 1160/15/207 1172/15/374 1173/17/215
f 1158/11/203 1157/9/208 1169/9/222 1170/11/217
f 1153/25/210 1164/23/372 1176/23/212 1165/25/211
f 1182/11/223 1181/9/224 1193/9/225 1194/11/226
f 1167/5/362 1166/3/201 1178/3/227 1179/5/228
f 1174/19/216 1173/17/215 1185/17/229 1186/19/230
f 1171/13/218 1170/11/217 1182/11/223 1183/13/231
f 1168/7/219 1167/5/362 1179/5/228 1180/7/232
f 1175/21/220 1174/19/216 1186/19/230 1187/21/233
f 1172/15/374 1171/13/218 1183/13/231 1184/15/234
f 1169/9/222 1168/7/219 1180/7/232 1181/9/224
f 1176/23/212 1175/21/220 1187/21/233 1188/23/373
f 1166/3/201 1165/2/211 1177/2/214 1178/3/227
f 1173/17/215 1172/15/374 1184/15/234 1185/17/229
f 1170/11/217 1169/9/222 1181/9/224 1182/11/223
f 1194/11/226 1193/9/225 1205/9/235 1206/11/236
f 1177/25/214 1188/23/373 1200/23/237 1189/25/238
f 1179/5/228 1178/3/227 1190/3/239 1191/5/240
f 1186/19/230 1185/17/229 1197/17/241 1198/19/242
f 1183/13/231 1182/11/223 1194/11/226 1195/13/243
f 1180/7/232 1179/5/228 1191/5/240 1192/7/244
f 1187/21/233 1186/19/230 1198/19/242 1199/21/245
f 1184/15/234 1183/13/231 1195/13/243 1196/15/246
f 1181/9/224 1180/7/232 1192/7/244 1193/9/225
f 1188/23/373 1187/21/233 1199/21/245 1200/23/237
f 1178/3/227 1177/2/214 1189/2/238 1190/3/239
f 1185/17/229 1184/15/234 1196/15/246 1197/17/241
f 1251/27/247 1252/28/248 1204/7/249 1203/5/250
f 1189/25/238 1200/23/237 1212/23/251 1201/25/252
f 1191/5/240 1190/3/239 1202/3/253 1203/5/250
f 1198/19/242 1197/17/241 1209/17/254 1210/19/255
f 1195/13/243 1194/11/226 1206/11/236 1207/13/365
f 1192/7/244 1191/5/240 1203/5/250 1204/7/249
f 1199/21/245 1198/19/242 1210/19/255 1211/21/257
f 1196/15/246 1195/13/243 1207/13/365 1208/15/258
f 1193/9/225 1192/7/244 1204/7/249 1205/9/235
f 1200/23/237 1199/21/245 1211/21/257 1212/23/251
f 1190/3/239 1189/2/238 1201/2/252 1202/3/253
f 1197/17/241 1196/15/246 1208/15/258 1209/17/254
f 1217/10/259 1218/12/260 1230/12/261 1229/10/262
f 1057/1/263 1058/4/264 1214/4/265 1213/1/266
f 1064/16/267 1065/18/268 1221/18/269 1220/16/270
f 1061/10/271 1062/12/272 1218/12/260 1217/10/259
f 1068/24/102 1057/26/263 1213/26/266 1224/24/103
f 1058/4/264 1059/6/273 1215/6/274 1214/4/265
f 1065/18/268 1066/20/275 1222/20/276 1221/18/269
f 1062/12/272 1063/14/277 1219/14/278 1218/12/260
f 1059/6/273 1060/8/279 1216/8/280 1215/6/274
f 1066/20/275 1067/22/101 1223/22/104 1222/20/276
f 1063/14/277 1064/16/267 1220/16/270 1219/14/278
f 1060/8/279 1061/10/271 1217/10/259 1216/8/280
f 1229/10/262 1230/12/261 1242/12/281 1241/10/282
f 1224/24/103 1213/26/266 1225/26/283 1236/24/284
f 1214/4/265 1215/6/274 1227/6/285 1226/4/286
f 1221/18/269 1222/20/276 1234/20/287 1233/18/288
f 1218/12/260 1219/14/278 1231/14/289 1230/12/261
f 1215/6/274 1216/8/280 1228/8/290 1227/6/285
f 1222/20/276 1223/22/104 1235/22/291 1234/20/287
f 1219/14/278 1220/16/270 1232/16/292 1231/14/289
f 1216/8/280 1217/10/259 1229/10/262 1228/8/290
f 1223/22/104 1224/24/103 1236/24/284 1235/22/291
f 1213/1/266 1214/4/265 1226/4/286 1225/1/283
f 1220/16/270 1221/18/269 1233/18/288 1232/16/292
f 1244/16/293 1245/18/294 1257/29/295 1256/30/296
f 1236/24/284 1225/26/283 1237/26/297 1248/24/298
f 1226/4/286 1227/6/285 1239/6/299 1238/4/300
f 1233/18/288 1234/20/287 1246/20/301 1245/18/294
f 1230/12/261 1231/14/289 1243/14/302 1242/12/281
f 1227/6/285 1228/8/290 1240/8/303 1239/6/299
f 1234/20/287 1235/22/291 1247/22/304 1246/20/301
f 1231/14/289 1232/16/292 1244/16/293 1243/14/302
f 1228/8/290 1229/10/262 1241/10/282 1240/8/303
f 1235/22/291 1236/24/284 1248/24/298 1247/22/304
f 1225/1/283 1226/4/286 1238/4/300 1237/1/297
f 1232/16/292 1233/18/288 1245/18/294 1244/16/293
f 1250/31/305 1251/27/247 1203/5/250 1202/3/253
f 1241/10/282 1242/12/281 1254/32/306 1253/33/307
f 1248/24/298 1237/26/297 1249/34/308 1260/35/367
f 1238/4/300 1239/6/299 1251/27/247 1250/31/305
f 1245/18/294 1246/20/301 1258/36/310 1257/29/295
f 1242/12/281 1243/14/302 1255/37/311 1254/32/306
f 1239/6/299 1240/8/303 1252/28/248 1251/27/247
f 1246/20/301 1247/22/304 1259/38/312 1258/36/310
f 1243/14/302 1244/16/293 1256/30/296 1255/37/311
f 1240/8/303 1241/10/282 1253/33/307 1252/28/248
f 1247/22/304 1248/24/298 1260/35/367 1259/38/312
f 1237/1/297 1238/4/300 1250/31/305 1249/39/308
f 1252/28/248 1253/33/307 1205/9/235 1204/7/249
f 1253/33/307 1254/32/306 1206/11/236 1205/9/235
f 1254/32/306 1255/37/311 1207/13/365 1206/11/236
f 1255/37/311 1256/30/296 1208/15/258 1207/13/365
f 1256/30/296 1257/29/295 1209/17/254 1208/15/258
f 1257/29/295 1258/36/310 1210/19/255 1209/17/254
f 1258/36/310 1259/38/312 1211/21/257 1210/19/255
f 1259/38/312 1260/35/367 1212/23/251 1211/21/257
f 1260/35/367 1249/34/308 1201/25/252 1212/23/251
f 1249/39/308 1250/31/305 1202/3/253 1201/2/252
f 1261/1/313 1262/2/314 1264/3/315 1263/4/316
f 1263/4/316 1264/3/315 1266/5/317 1265/6/318
f 1265/6/318 1266/5/317 1268/7/319 1267/8/320
f 1267/8/320 1268/7/319 1270/9/321 1269/10/322
f 1269/10/322 1270/9/321 1272/11/323 1271/12/324
f 1271/12/324 1272/11/323 1274/13/325 1273/14/326
f 1273/14/326 1274/13/325 1276/15/327 1275/16/328
f 1275/16/328 1276/15/327 1278/17/329 1277/18/330
f 1277/18/330 1278/17/329 1280/19/331 1279/20/332
f 1279/20/332 1280/19/331 1282/21/333 1281/22/334
f 1264/40/315 1262/41/314 1284/42/335 1282/43/333 1280/44/331 1278/45/329 1276/46/327 1274/47/325 1272/48/323 1270/49/321 1268/50/319 1266/51/317
f 1281/22/334 1282/21/333 1284/23/335 1283/24/336
f 1283/24/336 1284/23/335 1262/25/314 1261/26/313
f 1261/52/313 1263/53/316 1265/54/318 1267/55/320 1269/56/322 1271/57/324 1273/58/326 1275/59/328 1277/60/330 1279/61/332 1281/62/334 1283/63/336
f 1285/1/313 1286/2/314 1288/3/315 1287/4/316
f 1287/4/316 1288/3/315 1290/5/317 1289/6/318
f 1289/6/318 1290/5/317 1292/7/319 1291/8/320
f 1291/8/320 1292/7/319 1294/9/321 1293/10/322
f 1293/10/322 1294/9/321 1296/11/323 1295/12/324
f 1295/12/324 1296/11/323 1298/13/325 1297/14/326
f 1297/14/326 1298/13/325 1300/15/327 1299/16/328
f 1299/16/328 1300/15/327 1302/17/329 1301/18/330
f 1301/18/330 1302/17/329 1304/19/331 1303/20/332
f 1303/20/332 1304/19/331 1306/21/333 1305/22/334
f 1288/40/315 1286/41/314 1308/42/335 1306/43/333 1304/44/331 1302/45/329 1300/46/327 1298/47/325 1296/48/323 1294/49/321 1292/50/319 1290/51/317
f 1305/22/334 1306/21/333 1308/23/335 1307/24/336
f 1307/24/336 1308/23/335 1286/25/314 1285/26/313
f 1285/52/313 1287/53/316 1289/54/318 1291/55/320 1293/56/322 1295/57/324 1297/58/326 1299/59/328 1301/60/330 1303/61/332 1305/62/334 1307/63/336
f 1309/1/313 1310/2/314 1312/3/315 1311/4/316
f 1311/4/316 1312/3/315 1314/5/317 1313/6/318
f 1313/6/318 1314/5/317 1316/7/319 1315/8/320
f 1315/8/320 1316/7/319 1318/9/321 1317/10/322
f 1317/10/322 1318/9/321 1320/11/323 1319/12/324
f 1319/12/324 1320/11/323 1322/13/325 1321/14/326
f 1321/14/326 1322/13/325 1324/15/327 1323/16/328
f 1323/16/328 1324/15/327 1326/17/329 1325/18/330
f 1325/18/330 1326/17/329 1328/19/331 1327/20/332
f 1327/20/332 1328/19/331 1330/21/333 1329/22/334
f 1312/40/315 1310/41/314 1332/42/335 1330/43/333 1328/44/331 1326/45/329 1324/46/327 1322/47/325 1320/48/323 1318/49/321 1316/50/319 1314/51/317
f 1329/22/334 1330/21/333 1332/23/335 1331/24/336
f 1331/24/336 1332/23/335 1310/25/314 1309/26/313
f 1309/52/313 1311/53/316 1313/54/318 1315/55/320 1317/56/322 1319/57/324 1321/58/326 1323/59/328 1325/60/330 1327/61/332 1329/62/334 1331/63/336
f 1333/1/313 1334/2/314 1336/3/315 1335/4/316
f 1335/4/316 1336/3/315 1338/5/317 1337/6/318
f 1337/6/318 1338/5/317 1340/7/319 1339/8/320
f 1339/8/320 1340/7/319 1342/9/321 1341/10/322
f 1341/10/322 1342/9/321 1344/11/323 1343/12/324
f 1343/12/324 1344/11/323 1346/13/325 1345/14/326
f 1345/14/326 1346/13/325 1348/15/327 1347/16/328
f 1347/16/328 1348/15/327 1350/17/329 1349/18/330
f 1349/18/330 1350/17/329 1352/19/331 1351/20/332
f 1351/20/332 1352/19/331 1354/21/333 1353/22/334
f 1336/40/315 1334/41/314 1356/42/335 1354/43/333 1352/44/331 1350/45/329 1348/46/327 1346/47/325 1344/48/323 1342/49/321 1340/50/319 1338/51/317
f 1353/22/334 1354/21/333 1356/23/335 1355/24/336
f 1355/24/336 1356/23/335 1334/25/314 1333/26/313
f 1333/52/313 1335/53/316 1337/54/318 1339/55/320 1341/56/322 1343/57/324 1345/58/326 1347/59/328 1349/60/330 1351/61/332 1353/62/334 1355/63/336
f 1357/1/313 1358/2/314 1360/3/315 1359/4/316
f 1359/4/316 1360/3/315 1362/5/317 1361/6/318
f 1361/6/318 1362/5/317 1364/7/319 1363/8/320
f 1363/8/320 1364/7/319 1366/9/321 1365/10/322
f 1365/10/322 1366/9/321 1368/11/323 1367/12/324
f 1367/12/324 1368/11/323 1370/13/325 1369/14/326
f 1369/14/326 1370/13/325 1372/15/327 1371/16/328
f 1371/16/328 1372/15/327 1374/17/329 1373/18/330
f 1373/18/330 1374/17/329 1376/19/331 1375/20/332
f 1375/20/332 1376/19/331 1378/21/333 1377/22/334
f 1360/40/315 1358/41/314 1380/42/335 1378/43/333 1376/44/331 1374/45/329 1372/46/327 1370/47/325 1368/48/323 1366/49/321 1364/50/319 1362/51/317
f 1377/22/334 1378/21/333 1380/23/335 1379/24/336
f 1379/24/336 1380/23/335 1358/25/314 1357/26/313
f 1357/52/313 1359/53/316 1361/54/318 1363/55/320 1365/56/322 1367/57/324 1369/58/326 1371/59/328 1373/60/330 1375/61/332 1377/62/334 1379/63/336
f 1381/1/313 1382/2/314 1384/3/315 1383/4/316
f 1383/4/316 1384/3/315 1386/5/317 1385/6/318
f 1385/6/318 1386/5/317 1388/7/319 1387/8/320
f 1387/8/320 1388/7/319 1390/9/321 1389/10/322
f 1389/10/322 1390/9/321 1392/11/323 1391/12/324
f 1391/12/324 1392/11/323 1394/13/325 1393/14/326
f 1393/14/326 1394/13/325 1396/15/327 1395/16/328
f 1395/16/328 1396/15/327 1398/17/329 1397/18/330
f 1397/18/330 1398/17/329 1400/19/331 1399/20/332
f 1399/20/332 1400/19/331 1402/21/333 1401/22/334
f 1384/40/315 1382/41/314 1404/42/335 1402/43/333 1400/44/331 1398/45/329 1396/46/327 1394/47/325 1392/48/323 1390/49/321 1388/50/319 1386/51/317
f 1401/22/334 1402/21/333 1404/23/335 1403/24/336
f 1403/24/336 1404/23/335 1382/25/314 1381/26/313
f 1381/52/313 1383/53/316 1385/54/318 1387/55/320 1389/56/322 1391/57/324 1393/58/326 1395/59/328 1397/60/330 1399/61/332 1401/62/334 1403/63/336
f 1405/1/313 1406/2/314 1408/3/315 1407/4/316
f 1407/4/316 1408/3/315 1410/5/317 1409/6/318
f 1409/6/318 1410/5/317 1412/7/319 1411/8/320
f 1411/8/320 1412/7/319 1414/9/321 1413/10/322
f 1413/10/322 1414/9/321 1416/11/323 1415/12/324
f 1415/12/324 1416/11/323 1418/13/325 1417/14/326
f 1417/14/326 1418/13/325 1420/15/327 1419/16/328
f 1419/16/328 1420/15/327 1422/17/329 1421/18/330
f 1421/18/330 1422/17/329 1424/19/331 1423/20/332
f 1423/20/332 1424/19/331 1426/21/333 1425/22/334
f 1408/40/315 1406/41/314 1428/42/335 1426/43/333 1424/44/331 1422/45/329 1420/46/327 1418/47/325 1416/48/323 1414/49/321 1412/50/319 1410/51/317
f 1425/22/334 1426/21/333 1428/23/335 1427/24/336
f 1427/24/336 1428/23/335 1406/25/314 1405/26/313
f 1405/52/313 1407/53/316 1409/54/318 1411/55/320 1413/56/322 1415/57/324 1417/58/326 1419/59/328 1421/60/330 1423/61/332 1425/62/334 1427/63/336
f 1064/16/107 1063/14/108 1435/14/337 1436/16/338
f 1061/10/106 1060/8/113 1432/8/339 1433/10/340
f 1067/22/341 1068/24/341 1440/24/341 1439/22/341
f 1058/4/110 1057/1/114 1429/1/342 1430/4/343
f 1065/18/112 1064/16/107 1436/16/338 1437/18/344
f 1062/12/105 1061/10/106 1433/10/340 1434/12/345
f 1057/26/114 1068/24/346 1440/24/347 1429/26/342
f 1059/6/109 1058/4/110 1430/4/343 1431/6/348
f 1066/20/90 1065/18/112 1437/18/344 1438/20/349
f 1063/14/108 1062/12/105 1434/12/345 1435/14/337
f 1060/8/113 1059/6/109 1431/6/348 1432/8/339
f 1067/22/350 1066/20/90 1438/20/349 1439/22/351
f 1429/26/342 1440/24/347 1439/22/351 1438/20/349 1437/18/344 1436/16/338 1435/14/337 1434/12/345 1433/10/340 1432/8/339 1431/6/348 1430/4/343
s 0
f 1441/64/90 1442/65/90 1444/66/90 1443/67/90
f 1443/67/114 1444/66/114 1448/68/114 1447/69/114
f 1447/69/113 1448/68/113 1446/70/113 1445/71/113
f 1445/71/108 1446/70/108 1442/72/108 1441/73/108
f 1443/74/375 1447/69/375 1445/71/375 1441/75/375
f 1448/68/376 1444/76/376 1442/77/376 1446/70/376
f 1449/64/90 1450/65/90 1452/66/90 1451/67/90
f 1451/67/114 1452/66/114 1456/68/114 1455/69/114
f 1455/69/113 1456/68/113 1454/70/113 1453/71/113
f 1453/71/108 1454/70/108 1450/72/108 1449/73/108
f 1451/74/375 1455/69/375 1453/71/375 1449/75/375
f 1456/68/376 1452/76/376 1450/77/376 1454/70/376
f 1457/64/90 1458/65/90 1460/66/90 1459/67/90
f 1459/67/114 1460/66/114 1464/68/114 1463/69/114
f 1463/69/113 1464/68/113 1462/70/113 1461/71/113
f 1461/71/108 1462/70/108 1458/72/108 1457/73/108
f 1459/74/375 1463/69/375 1461/71/375 1457/75/375
f 1464/68/376 1460/76/376 1458/77/376 1462/70/376
f 1465/64/90 1466/65/90 1468/66/90 1467/67/90
f 1467/67/114 1468/66/114 1472/68/114 1471/69/114
f 1471/69/113 1472/68/113 1470/70/113 1469/71/113
f 1469/71/108 1470/70/108 1466/72/108 1465/73/108
f 1467/74/375 1471/69/375 1469/71/375 1465/75/375
f 1472/68/376 1468/76/376 1466/77/376 1470/70/376
f 1473/64/90 1474/65/90 1476/66/90 1475/67/90
f 1475/67/114 1476/66/114 1480/68/114 1479/69/114
f 1479/69/113 1480/68/113 1478/70/113 1477/71/113
f 1477/71/108 1478/70/108 1474/72/108 1473/73/108
f 1475/74/375 1479/69/375 1477/71/375 1473/75/375
f 1480/68/376 1476/76/376 1474/77/376 1478/70/376
f 1481/64/90 1482/65/90 1484/66/90 1483/67/90
f 1483/67/114 1484/66/114 1488/68/114 1487/69/114
f 1487/69/113 1488/68/113 1486/70/113 1485/71/113
f 1485/71/108 1486/70/108 1482/72/108 1481/73/108
f 1483/74/375 1487/69/375 1485/71/375 1481/75/375
f 1488/68/376 1484/76/376 1482/77/376 1486/70/376
o og-stor_circkel
v -1.838442 2.347846 -31.197254
v -1.838442 2.561489 -31.197254
v 6.075409 2.347846 -28.873539
v 6.075409 2.561489 -28.873539
v 11.476670 2.347846 -22.640152
v 11.476670 2.561489 -22.640152
v 12.650476 2.347846 -14.476151
v 12.650476 2.561489 -14.476151
v 9.224152 2.347846 -6.973550
v 9.224152 2.561489 -6.973550
v 2.285531 2.347846 -2.514370
v 2.285531 2.561489 -2.514370
v -5.962420 2.347846 -2.514372
v -5.962420 2.561489 -2.514372
v -12.901039 2.347846 -6.973554
v -12.901039 2.561489 -6.973554
v -16.327360 2.347846 -14.476157
v -16.327360 2.561489 -14.476157
v -15.153554 2.347846 -22.640154
v -15.153554 2.561489 -22.640154
v -9.752295 2.347846 -28.873537
v -9.752295 2.561489 -28.873537
v -1.838442 2.347846 -33.890076
v 7.531258 2.347846 -31.138882
v 7.531258 2.561489 -31.138882
v -1.838442 2.561489 -33.890076
v 13.926144 2.347846 -23.758789
v 13.926144 2.561489 -23.758789
v 15.315886 2.347846 -14.092922
v 15.315886 2.561489 -14.092922
v 11.259247 2.347846 -5.210129
v 11.259247 2.561489 -5.210129
v 3.044185 2.347846 0.069368
v 3.044185 2.561489 0.069368
v -6.721076 2.347846 0.069368
v -6.721076 2.561489 0.069368
v -14.936136 2.347846 -5.210134
v -14.936136 2.561489 -5.210134
v -18.992769 2.347846 -14.092930
v -18.992769 2.561489 -14.092930
v -17.603027 2.347846 -23.758791
v -17.603027 2.561489 -23.758791
v -11.208142 2.347846 -31.138880
v -11.208142 2.561489 -31.138880
v -3.711019 2.561489 0.345160
v -3.711019 2.347846 0.345160
v -3.711019 2.347846 -2.347659
v -3.711019 2.561489 -2.347659
v 0.769404 2.561489 0.286751
v 0.769404 2.347846 0.286751
v 0.696623 2.347846 -2.477767
v 0.696623 2.561489 -2.477767
vn 0.2817 -0.0000 -0.9595
vn 0.7557 -0.0000 -0.6549
vn 0.9898 -0.0000 -0.1423
vn 0.9096 -0.0000 0.4154
vn 0.5406 -0.0000 0.8413
vn -0.5406 -0.0000 0.8413
vn -0.9096 -0.0000 0.4154
vn -0.9898 -0.0000 -0.1423
vn -0.7557 -0.0000 -0.6549
vn -0.2817 -0.0000 -0.9595
vn -0.0000 -1.0000 -0.0000
vn -0.0000 1.0000 -0.0000
vn 0.9898 -0.0000 0.1423
vn 0.7557 -0.0000 0.6549
vn 0.2817 -0.0000 0.9595
vn -0.2817 -0.0000 0.9595
vn -0.7557 -0.0000 0.6549
vn -0.9898 -0.0000 0.1423
vn -0.9096 -0.0000 -0.4154
vn -0.5406 -0.0000 -0.8413
vn 0.5406 -0.0000 -0.8413
vn 0.9096 -0.0000 -0.4154
vn 1.0000 -0.0000 -0.0000
vn -0.0912 -0.0000 0.9958
vn 0.0738 -0.0000 -0.9973
vn -0.9997 -0.0000 0.0263
vn 0.0951 -0.0000 0.9955
vn -0.0230 -0.0000 -0.9997
vt 1.000000 0.500000
vt 1.000000 1.000000
vt 0.909091 1.000000
vt 0.909091 0.500000
vt 0.818182 1.000000
vt 0.818182 0.500000
vt 0.727273 1.000000
vt 0.727273 0.500000
vt 0.636364 1.000000
vt 0.636364 0.500000
vt 0.545454 1.000000
vt 0.545454 0.500000
vt 0.454545 0.500000
vt 0.454545 1.000000
vt 0.363636 1.000000
vt 0.363636 0.500000
vt 0.272727 1.000000
vt 0.272727 0.500000
vt 0.181818 1.000000
vt 0.181818 0.500000
vt 0.090909 1.000000
vt 0.090909 0.500000
vt -0.000000 1.000000
vt -0.000000 0.500000
vt 0.859593 0.420530
vt 0.750000 0.452709
vt 0.750000 0.490000
vt 0.879754 0.451901
vt 0.250000 0.452709
vt 0.359593 0.420530
vt 0.379754 0.451901
vt 0.250000 0.490000
vt 0.934391 0.334208
vt 0.968312 0.349700
vt 0.434391 0.334208
vt 0.468312 0.349700
vt 0.950646 0.221151
vt 0.987557 0.215844
vt 0.450646 0.221151
vt 0.487557 0.215844
vt 0.903197 0.117254
vt 0.931380 0.092833
vt 0.403197 0.117254
vt 0.431380 0.092833
vt 0.807110 0.055502
vt 0.817616 0.019722
vt 0.307110 0.055502
vt 0.317616 0.019722
vt 0.596803 0.117254
vt 0.692890 0.055502
vt 0.682384 0.019722
vt 0.568620 0.092833
vt 0.192890 0.055502
vt 0.096803 0.117254
vt 0.068620 0.092833
vt 0.182384 0.019722
vt 0.549354 0.221152
vt 0.512443 0.215845
vt 0.049354 0.221152
vt 0.012443 0.215845
vt 0.565609 0.334208
vt 0.531688 0.349700
vt 0.065609 0.334208
vt 0.031688 0.349700
vt 0.640407 0.420530
vt 0.620246 0.451901
vt 0.140407 0.420530
vt 0.120246 0.451901
s 0
f 1511/78/377 1514/79/377 1513/80/377 1512/81/377
f 1512/81/378 1513/80/378 1516/82/378 1515/83/378
f 1515/83/379 1516/82/379 1518/84/379 1517/85/379
f 1517/85/380 1518/84/380 1520/86/380 1519/87/380
f 1519/87/381 1520/86/381 1522/88/381 1521/89/381
f 1523/90/382 1524/91/382 1526/92/382 1525/93/382
f 1525/93/383 1526/92/383 1528/94/383 1527/95/383
f 1527/95/384 1528/94/384 1530/96/384 1529/97/384
f 1529/97/385 1530/96/385 1532/98/385 1531/99/385
f 1531/99/386 1532/98/386 1514/100/386 1511/101/386
f 1491/102/387 1489/103/387 1511/104/387 1512/105/387
f 1490/106/388 1492/107/388 1513/108/388 1514/109/388
f 1493/110/387 1491/102/387 1512/105/387 1515/111/387
f 1492/107/388 1494/112/388 1516/113/388 1513/108/388
f 1495/114/387 1493/110/387 1515/111/387 1517/115/387
f 1494/112/388 1496/116/388 1518/117/388 1516/113/388
f 1497/118/387 1495/114/387 1517/115/387 1519/119/387
f 1496/116/388 1498/120/388 1520/121/388 1518/117/388
f 1499/122/387 1497/118/387 1519/119/387 1521/123/387
f 1498/120/388 1500/124/388 1522/125/388 1520/121/388
f 1503/126/387 1501/127/387 1523/128/387 1525/129/387
f 1502/130/388 1504/131/388 1526/132/388 1524/133/388
f 1505/134/387 1503/126/387 1525/129/387 1527/135/387
f 1504/131/388 1506/136/388 1528/137/388 1526/132/388
f 1507/138/387 1505/134/387 1527/135/387 1529/139/387
f 1506/136/388 1508/140/388 1530/141/388 1528/137/388
f 1509/142/387 1507/138/387 1529/139/387 1531/143/387
f 1508/140/388 1510/144/388 1532/145/388 1530/141/388
f 1489/103/387 1509/142/387 1531/143/387 1511/104/387
f 1510/144/388 1490/106/388 1514/109/388 1532/145/388
f 1505/134/389 1507/138/389 1508/140/389 1506/136/389
f 1507/138/390 1509/142/390 1510/144/390 1508/140/390
f 1509/142/391 1489/103/391 1490/106/391 1510/144/391
f 1489/103/392 1491/102/392 1492/107/392 1490/106/392
f 1491/102/393 1493/110/393 1494/112/393 1492/107/393
f 1493/110/394 1495/114/394 1496/116/394 1494/112/394
f 1495/114/395 1497/118/395 1498/120/395 1496/116/395
f 1497/118/396 1499/122/396 1500/124/396 1498/120/396
f 1501/127/397 1503/126/397 1504/131/397 1502/130/397
f 1503/126/398 1505/134/398 1506/136/398 1504/131/398
f 1499/122/387 1521/123/387 1538/123/387 1539/122/387
f 1523/128/387 1501/127/387 1535/127/387 1534/128/387
f 1533/133/399 1534/128/399 1535/127/399 1536/130/399
f 1502/130/388 1524/133/388 1533/133/388 1536/130/388
f 1524/91/400 1523/90/400 1534/90/400 1533/91/400
f 1501/127/401 1502/130/401 1536/130/401 1535/127/401
f 1537/125/402 1540/124/402 1539/122/402 1538/123/402
f 1521/89/403 1522/88/403 1537/88/403 1538/89/403
f 1500/124/404 1499/122/404 1539/122/404 1540/124/404
f 1522/125/388 1500/124/388 1540/124/388 1537/125/388
o Cylinder.001
v 0.839890 3.591483 -0.040434
v -1.869953 6.301325 -0.040434
v 0.851561 3.603154 -0.036011
v -1.858282 6.312997 -0.036011
v 0.860105 3.611698 -0.023928
v -1.849738 6.321540 -0.023928
v 0.863232 3.614826 -0.007423
v -1.846611 6.324668 -0.007423
v 0.860105 3.611698 0.009083
v -1.849738 6.321540 0.009083
v 0.851561 3.603154 0.021166
v -1.858282 6.312997 0.021166
v 0.839890 3.591483 0.025588
v -1.869953 6.301325 0.025588
v 0.828218 3.579812 0.021166
v -1.881624 6.289654 0.021166
v 0.819675 3.571268 0.009083
v -1.890168 6.281111 0.009083
v 0.816547 3.568141 -0.007423
v -1.893295 6.277983 -0.007423
v 0.819675 3.571268 -0.023928
v -1.890168 6.281110 -0.023928
v 0.828218 3.579812 -0.036011
v -1.881624 6.289654 -0.036011
v 0.842991 3.587767 -0.040434
v 0.856086 3.597815 -0.036011
v 0.865672 3.605170 -0.023928
v 0.869180 3.607862 -0.007423
v 0.865672 3.605170 0.009083
v 0.856086 3.597815 0.021166
v 0.842991 3.587767 0.025588
v 0.829896 3.577719 0.021166
v 0.820310 3.570363 0.009083
v 0.816802 3.567671 -0.007423
v 0.820310 3.570363 -0.023928
v 0.829896 3.577719 -0.036011
v 0.845581 3.583677 -0.040434
v 0.859875 3.591930 -0.036011
v 0.870339 3.597971 -0.023928
v 0.874169 3.600183 -0.007423
v 0.870339 3.597971 0.009083
v 0.859875 3.591930 0.021166
v 0.845581 3.583677 0.025588
v 0.831286 3.575424 0.021166
v 0.820822 3.569383 0.009083
v 0.816992 3.567172 -0.007423
v 0.820822 3.569383 -0.023928
v 0.831286 3.575424 -0.036011
v 0.847614 3.579284 -0.040434
v 0.862863 3.585600 -0.036011
v 0.874027 3.590224 -0.023928
v 0.878112 3.591917 -0.007423
v 0.874027 3.590224 0.009083
v 0.862863 3.585600 0.021166
v 0.847614 3.579284 0.025588
v 0.832365 3.572968 0.021166
v 0.821202 3.568344 0.009083
v 0.817116 3.566651 -0.007423
v 0.821202 3.568344 -0.023928
v 0.832365 3.572968 -0.036011
v 0.849057 3.574663 -0.040434
v 0.865000 3.578936 -0.036011
v 0.876671 3.582063 -0.023928
v 0.880943 3.583207 -0.007423
v 0.876671 3.582063 0.009083
v 0.865000 3.578936 0.021166
v 0.849057 3.574663 0.025588
v 0.833114 3.570391 0.021166
v 0.821443 3.567264 0.009083
v 0.817171 3.566120 -0.007423
v 0.821443 3.567264 -0.023928
v 0.833114 3.570391 -0.036011
v 0.849885 3.569894 -0.040434
v 0.866249 3.572048 -0.036011
v 0.878228 3.573626 -0.023928
v 0.882613 3.574203 -0.007423
v 0.878228 3.573626 0.009083
v 0.866249 3.572048 0.021166
v 0.849885 3.569894 0.025588
v 0.833520 3.567739 0.021166
v 0.821541 3.566163 0.009083
v 0.817156 3.565585 -0.007423
v 0.821541 3.566163 -0.023928
v 0.833520 3.567739 -0.036011
v 0.850083 3.565057 -0.040434
v 0.866588 3.565057 -0.036011
v 0.878671 3.565058 -0.023928
v 0.883093 3.565058 -0.007423
v 0.878671 3.565058 0.009083
v 0.866588 3.565057 0.021166
v 0.850083 3.565057 0.025588
v 0.833577 3.565058 0.021166
v 0.821494 3.565057 0.009083
v 0.817072 3.565057 -0.007423
v 0.821494 3.565057 -0.023928
v 0.833577 3.565058 -0.036011
v 0.850083 2.775562 -0.040434
v 0.866588 2.775562 -0.036011
v 0.878671 2.775562 -0.023928
v 0.883093 2.775562 -0.007423
v 0.878671 2.775562 0.009083
v 0.866588 2.775562 0.021166
v 0.850083 2.775562 0.025588
v 0.833577 2.775562 0.021166
v 0.821494 2.775562 0.009083
v 0.817072 2.775562 -0.007423
v 0.821494 2.775562 -0.023928
v 0.833577 2.775562 -0.036011
v -1.881176 6.308897 -0.040434
v -1.873554 6.323538 -0.036011
v -1.867975 6.334255 -0.023928
v -1.865933 6.338179 -0.007423
v -1.867975 6.334255 0.009083
v -1.873554 6.323538 0.021165
v -1.881176 6.308897 0.025588
v -1.888797 6.294257 0.021165
v -1.894376 6.283540 0.009083
v -1.896418 6.279616 -0.007423
v -1.894376 6.283539 -0.023928
v -1.888797 6.294257 -0.036011
v -1.894156 6.312745 -0.040434
v -1.891290 6.329000 -0.036011
v -1.889192 6.340899 -0.023928
v -1.888424 6.345254 -0.007423
v -1.889192 6.340899 0.009083
v -1.891290 6.329000 0.021166
v -1.894156 6.312745 0.025588
v -1.897022 6.296490 0.021166
v -1.899120 6.284591 0.009083
v -1.899888 6.280235 -0.007423
v -1.899120 6.284591 -0.023928
v -1.897022 6.296490 -0.036011
v -1.907692 6.312510 -0.040434
v -1.909846 6.328875 -0.036011
v -1.911423 6.340854 -0.023928
v -1.912001 6.345239 -0.007423
v -1.911423 6.340854 0.009083
v -1.909846 6.328875 0.021166
v -1.907692 6.312510 0.025588
v -1.905537 6.296146 0.021166
v -1.903960 6.284167 0.009083
v -1.903383 6.279781 -0.007423
v -1.903961 6.284167 -0.023928
v -1.905537 6.296146 -0.036011
v -1.920531 6.308217 -0.040434
v -1.927507 6.323176 -0.036011
v -1.932613 6.334126 -0.023928
v -1.934482 6.338135 -0.007423
v -1.932613 6.334126 0.009083
v -1.927507 6.323176 0.021166
v -1.920531 6.308217 0.025588
v -1.913556 6.293258 0.021166
v -1.908449 6.282307 0.009083
v -1.906581 6.278298 -0.007423
v -1.908449 6.282307 -0.023928
v -1.913556 6.293258 -0.036011
v -1.931485 6.300261 -0.040434
v -1.942636 6.312430 -0.036011
v -1.950799 6.321338 -0.023928
v -1.953787 6.324599 -0.007423
v -1.950799 6.321338 0.009083
v -1.942636 6.312430 0.021166
v -1.931485 6.300261 0.025588
v -1.920334 6.288092 0.021166
v -1.912171 6.279183 0.009083
v -1.909183 6.275922 -0.007423
v -1.912171 6.279183 -0.023928
v -1.920334 6.288092 -0.036011
v -1.939540 6.289379 -0.040434
v -1.953834 6.297632 -0.036011
v -1.964298 6.303673 -0.023928
v -1.968128 6.305884 -0.007423
v -1.964298 6.303673 0.009083
v -1.953834 6.297632 0.021166
v -1.939540 6.289379 0.025588
v -1.925245 6.281126 0.021166
v -1.914781 6.275084 0.009083
v -1.910951 6.272873 -0.007423
v -1.914781 6.275084 -0.023928
v -1.925245 6.281126 -0.036011
v -1.943949 6.276579 -0.040433
v -1.960064 6.280151 -0.036011
v -1.971860 6.282767 -0.023928
v -1.976177 6.283724 -0.007423
v -1.971860 6.282767 0.009083
v -1.960064 6.280151 0.021166
v -1.943949 6.276579 0.025588
v -1.927835 6.273006 0.021166
v -1.916038 6.270391 0.009083
v -1.911720 6.269434 -0.007422
v -1.916038 6.270391 -0.023928
v -1.927835 6.273006 -0.036011
v -1.944306 5.334297 -0.040433
v -1.960748 5.334296 -0.036011
v -1.972785 5.334296 -0.023928
v -1.977190 5.334296 -0.007422
v -1.972785 5.334296 0.009083
v -1.960748 5.334296 0.021166
v -1.944306 5.334297 0.025589
v -1.927863 5.334297 0.021166
v -1.915826 5.334296 0.009083
v -1.911420 5.334296 -0.007422
v -1.915826 5.334296 -0.023928
v -1.927863 5.334297 -0.036011
v -1.943015 5.323602 -0.040433
v -1.958985 5.319690 -0.036011
v -1.970676 5.316827 -0.023928
v -1.974956 5.315779 -0.007422
v -1.970676 5.316827 0.009083
v -1.958985 5.319690 0.021166
v -1.943015 5.323602 0.025589
v -1.927044 5.327515 0.021166
v -1.915353 5.330378 0.009083
v -1.911073 5.331426 -0.007422
v -1.915353 5.330378 -0.023928
v -1.927044 5.327515 -0.036011
v -1.939217 5.313522 -0.040433
v -1.953798 5.305923 -0.036011
v -1.964472 5.300360 -0.023928
v -1.968379 5.298324 -0.007422
v -1.964472 5.300360 0.009083
v -1.953798 5.305923 0.021166
v -1.939217 5.313522 0.025589
v -1.924635 5.321121 0.021166
v -1.913961 5.326684 0.009083
v -1.910054 5.328721 -0.007422
v -1.913961 5.326684 -0.023928
v -1.924635 5.321121 -0.036011
v -1.933129 5.304635 -0.040433
v -1.945484 5.293785 -0.036010
v -1.954528 5.285842 -0.023927
v -1.957838 5.282935 -0.007422
v -1.954528 5.285842 0.009084
v -1.945484 5.293785 0.021166
v -1.933129 5.304635 0.025589
v -1.920774 5.315485 0.021166
v -1.911730 5.323428 0.009084
v -1.908420 5.326335 -0.007422
v -1.911730 5.323428 -0.023927
v -1.920774 5.315485 -0.036010
v -1.925103 5.297451 -0.040433
v -1.936763 5.285859 -0.036010
v -1.945300 5.277373 -0.023927
v -1.948424 5.274266 -0.007422
v -1.945300 5.277373 0.009084
v -1.936763 5.285859 0.021166
v -1.925103 5.297451 0.025589
v -1.913441 5.309044 0.021166
v -1.904904 5.317530 0.009084
v -1.901780 5.320636 -0.007422
v -1.904904 5.317530 -0.023927
v -1.913441 5.309044 -0.036010
v 0.840610 2.754093 -0.040434
v 0.855166 2.746312 -0.036011
v 0.865822 2.740616 -0.023928
v 0.869723 2.738531 -0.007423
v 0.865822 2.740616 0.009083
v 0.855166 2.746312 0.021166
v 0.840610 2.754093 0.025588
v 0.826054 2.761874 0.021166
v 0.815398 2.767570 0.009083
v 0.811498 2.769655 -0.007423
v 0.815398 2.767570 -0.023928
v 0.826054 2.761874 -0.036011
v 0.822135 2.739625 -0.040433
v 0.831304 2.725900 -0.036011
v 0.838016 2.715854 -0.023928
v 0.840473 2.712176 -0.007422
v 0.838016 2.715854 0.009083
v 0.831304 2.725900 0.021166
v 0.822135 2.739625 0.025589
v 0.812966 2.753349 0.021166
v 0.806254 2.763396 0.009083
v 0.803797 2.767074 -0.007422
v 0.806254 2.763396 -0.023928
v 0.812966 2.753349 -0.036011
v 0.799021 2.735575 -0.040433
v 0.800637 2.719149 -0.036011
v 0.801820 2.707124 -0.023928
v 0.802253 2.702723 -0.007422
v 0.801820 2.707124 0.009083
v 0.800637 2.719149 0.021166
v 0.799021 2.735575 0.025589
v 0.797405 2.752001 0.021166
v 0.796222 2.764026 0.009083
v 0.795789 2.768427 -0.007422
v 0.796222 2.764026 -0.023928
v 0.797405 2.752001 -0.036011
v 0.775954 2.743632 -0.040433
v 0.768182 2.729070 -0.036011
v 0.762493 2.718411 -0.023928
v 0.760410 2.714509 -0.007422
v 0.762493 2.718411 0.009083
v 0.768182 2.729070 0.021166
v 0.775954 2.743632 0.025589
v 0.783726 2.758193 0.021166
v 0.789415 2.768852 0.009083
v 0.791497 2.772753 -0.007422
v 0.789415 2.768852 -0.023928
v 0.783726 2.758193 -0.036011
v 0.513565 2.887578 -0.039785
v 0.513565 3.917107 -0.039785
v 0.530048 2.887578 -0.035369
v 0.530048 3.917107 -0.035369
v 0.542115 2.887578 -0.023302
v 0.542115 3.917107 -0.023302
v 0.546532 2.887578 -0.006819
v 0.546532 3.917107 -0.006819
v 0.542115 2.887578 0.009665
v 0.542115 3.917107 0.009665
v 0.530048 2.887578 0.021731
v 0.530048 3.917107 0.021731
v 0.513565 2.887578 0.026148
v 0.513565 3.917107 0.026148
v 0.497081 2.887578 0.021731
v 0.497081 3.922271 0.021731
v 0.485015 2.887578 0.009665
v 0.485015 3.922271 0.009665
v 0.480598 2.887578 -0.006819
v 0.480598 3.922271 -0.006819
v 0.485015 2.887578 -0.023302
v 0.485015 3.922271 -0.023302
v 0.497081 2.887578 -0.035369
v 0.497081 3.922271 -0.035369
v 0.157524 3.241443 -0.039785
v 0.157524 4.270972 -0.039785
v 0.174007 3.241443 -0.035369
v 0.174007 4.270972 -0.035369
v 0.186074 3.241443 -0.023302
v 0.186074 4.270972 -0.023302
v 0.190491 3.241443 -0.006819
v 0.190490 4.270972 -0.006819
v 0.186074 3.241443 0.009665
v 0.186074 4.270972 0.009665
v 0.174007 3.241443 0.021731
v 0.174007 4.270972 0.021731
v 0.157524 3.241443 0.026148
v 0.157524 4.270972 0.026148
v 0.141041 3.241443 0.021731
v 0.141040 4.276136 0.021731
v 0.128974 3.241443 0.009665
v 0.128974 4.276137 0.009665
v 0.124557 3.241443 -0.006819
v 0.124557 4.276137 -0.006819
v 0.128974 3.241443 -0.023302
v 0.128974 4.276137 -0.023302
v 0.141040 3.241443 -0.035369
v 0.141040 4.276136 -0.035369
v -0.198517 3.595308 -0.039785
v -0.198517 4.624838 -0.039785
v -0.182034 3.595308 -0.035369
v -0.182034 4.624838 -0.035369
v -0.169967 3.595308 -0.023302
v -0.169967 4.624838 -0.023302
v -0.165550 3.595308 -0.006819
v -0.165550 4.624838 -0.006819
v -0.169967 3.595308 0.009665
v -0.169967 4.624838 0.009665
v -0.182034 3.595308 0.021731
v -0.182034 4.624838 0.021731
v -0.198517 3.595308 0.026148
v -0.198517 4.624838 0.026148
v -0.215001 3.595308 0.021731
v -0.215001 4.630002 0.021731
v -0.227067 3.595308 0.009665
v -0.227067 4.630002 0.009665
v -0.231484 3.595308 -0.006819
v -0.231484 4.630002 -0.006819
v -0.227067 3.595308 -0.023302
v -0.227067 4.630002 -0.023302
v -0.215001 3.595308 -0.035369
v -0.215001 4.630002 -0.035369
v -0.554558 3.949174 -0.039785
v -0.554558 4.978703 -0.039785
v -0.538075 3.949173 -0.035369
v -0.538075 4.978703 -0.035369
v -0.526008 3.949173 -0.023302
v -0.526008 4.978703 -0.023302
v -0.521592 3.949173 -0.006819
v -0.521592 4.978703 -0.006819
v -0.526008 3.949173 0.009665
v -0.526008 4.978703 0.009665
v -0.538075 3.949173 0.021731
v -0.538075 4.978703 0.021731
v -0.554558 3.949174 0.026148
v -0.554558 4.978703 0.026148
v -0.571042 3.949173 0.021731
v -0.571042 4.983867 0.021731
v -0.583108 3.949173 0.009665
v -0.583108 4.983868 0.009665
v -0.587525 3.949173 -0.006819
v -0.587525 4.983868 -0.006819
v -0.583108 3.949173 -0.023302
v -0.583108 4.983868 -0.023302
v -0.571042 3.949173 -0.035369
v -0.571042 4.983867 -0.035369
v -0.910599 4.303039 -0.039785
v -0.910599 5.332568 -0.039785
v -0.894116 4.303039 -0.035369
v -0.894116 5.332568 -0.035369
v -0.882049 4.303039 -0.023302
v -0.882049 5.332568 -0.023302
v -0.877632 4.303039 -0.006819
v -0.877632 5.332568 -0.006819
v -0.882049 4.303039 0.009665
v -0.882049 5.332568 0.009665
v -0.894116 4.303039 0.021731
v -0.894116 5.332568 0.021731
v -0.910599 4.303039 0.026148
v -0.910599 5.332568 0.026148
v -0.927083 4.303039 0.021731
v -0.927082 5.337732 0.021731
v -0.939149 4.303039 0.009665
v -0.939149 5.337733 0.009665
v -0.943566 4.303039 -0.006819
v -0.943566 5.337732 -0.006819
v -0.939149 4.303039 -0.023302
v -0.939149 5.337733 -0.023302
v -0.927083 4.303039 -0.035369
v -0.927082 5.337732 -0.035369
v -1.266640 4.656904 -0.039785
v -1.266640 5.686433 -0.039785
v -1.250157 4.656904 -0.035369
v -1.250157 5.686434 -0.035369
v -1.238090 4.656904 -0.023302
v -1.238090 5.686433 -0.023302
v -1.233673 4.656904 -0.006819
v -1.233673 5.686434 -0.006819
v -1.238090 4.656904 0.009665
v -1.238090 5.686433 0.009665
v -1.250157 4.656904 0.021731
v -1.250157 5.686434 0.021731
v -1.266640 4.656904 0.026148
v -1.266640 5.686433 0.026148
v -1.283123 4.656904 0.021731
v -1.283123 5.691598 0.021731
v -1.295190 4.656904 0.009665
v -1.295190 5.691598 0.009665
v -1.299607 4.656904 -0.006819
v -1.299607 5.691598 -0.006819
v -1.295190 4.656904 -0.023302
v -1.295190 5.691598 -0.023302
v -1.283123 4.656904 -0.035369
v -1.283123 5.691598 -0.035369
v -1.622681 5.010769 -0.039785
v -1.622681 6.040298 -0.039785
v -1.606198 5.010769 -0.035369
v -1.606198 6.040299 -0.035369
v -1.594131 5.010769 -0.023302
v -1.594131 6.040299 -0.023302
v -1.589714 5.010769 -0.006819
v -1.589714 6.040298 -0.006819
v -1.594131 5.010769 0.009665
v -1.594131 6.040299 0.009665
v -1.606198 5.010769 0.021731
v -1.606198 6.040299 0.021731
v -1.622681 5.010769 0.026148
v -1.622681 6.040298 0.026148
v -1.639165 5.010769 0.021731
v -1.639165 6.045463 0.021731
v -1.651231 5.010769 0.009665
v -1.651231 6.045463 0.009665
v -1.655648 5.010769 -0.006819
v -1.655648 6.045463 -0.006819
v -1.651231 5.010769 -0.023302
v -1.651231 6.045463 -0.023302
v -1.639165 5.010769 -0.035369
v -1.639165 6.045463 -0.035369
v 0.850083 2.572945 -0.040434
v 0.866588 2.572945 -0.036011
v 0.878671 2.572945 -0.023928
v 0.883094 2.572945 -0.007423
v 0.878671 2.572945 0.009083
v 0.866588 2.572945 0.021166
v 0.850083 2.572945 0.025588
v 0.833577 2.572945 0.021166
v 0.821494 2.572944 0.009083
v 0.817072 2.572945 -0.007423
v 0.821494 2.572944 -0.023928
v 0.833577 2.572945 -0.036011
v 0.839890 3.591483 -1.225594
v -1.869953 6.301325 -1.225594
v 0.851561 3.603155 -1.221171
v -1.858282 6.312997 -1.221171
v 0.860105 3.611698 -1.209088
v -1.849738 6.321540 -1.209088
v 0.863232 3.614826 -1.192583
v -1.846611 6.324668 -1.192583
v 0.860105 3.611698 -1.176077
v -1.849738 6.321540 -1.176077
v 0.851561 3.603155 -1.163994
v -1.858282 6.312997 -1.163994
v 0.839890 3.591483 -1.159572
v -1.869953 6.301325 -1.159572
v 0.828219 3.579812 -1.163994
v -1.881624 6.289654 -1.163994
v 0.819675 3.571269 -1.176077
v -1.890168 6.281111 -1.176077
v 0.816547 3.568141 -1.192583
v -1.893295 6.277983 -1.192583
v 0.819675 3.571269 -1.209088
v -1.890168 6.281111 -1.209088
v 0.828219 3.579812 -1.221171
v -1.881624 6.289654 -1.221171
v 0.842991 3.587767 -1.225594
v 0.856086 3.597815 -1.221171
v 0.865672 3.605170 -1.209088
v 0.869180 3.607862 -1.192583
v 0.865672 3.605170 -1.176077
v 0.856086 3.597815 -1.163994
v 0.842991 3.587767 -1.159572
v 0.829896 3.577719 -1.163994
v 0.820310 3.570363 -1.176077
v 0.816802 3.567671 -1.192583
v 0.820310 3.570363 -1.209088
v 0.829896 3.577719 -1.221171
v 0.845581 3.583677 -1.225594
v 0.859875 3.591930 -1.221171
v 0.870339 3.597971 -1.209088
v 0.874169 3.600183 -1.192583
v 0.870339 3.597971 -1.176077
v 0.859875 3.591930 -1.163994
v 0.845581 3.583677 -1.159572
v 0.831287 3.575424 -1.163994
v 0.820823 3.569383 -1.176077
v 0.816992 3.567172 -1.192582
v 0.820823 3.569383 -1.209088
v 0.831287 3.575424 -1.221171
v 0.847614 3.579284 -1.225593
v 0.862863 3.585601 -1.221171
v 0.874027 3.590224 -1.209088
v 0.878112 3.591917 -1.192582
v 0.874027 3.590224 -1.176077
v 0.862863 3.585601 -1.163994
v 0.847614 3.579284 -1.159572
v 0.832365 3.572968 -1.163994
v 0.821202 3.568344 -1.176077
v 0.817116 3.566651 -1.192582
v 0.821202 3.568344 -1.209088
v 0.832365 3.572968 -1.221171
v 0.849057 3.574664 -1.225593
v 0.865000 3.578936 -1.221171
v 0.876672 3.582063 -1.209088
v 0.880943 3.583208 -1.192582
v 0.876672 3.582063 -1.176077
v 0.865000 3.578936 -1.163994
v 0.849057 3.574664 -1.159572
v 0.833114 3.570392 -1.163994
v 0.821443 3.567264 -1.176077
v 0.817171 3.566120 -1.192582
v 0.821443 3.567264 -1.209088
v 0.833114 3.570392 -1.221171
v 0.849885 3.569894 -1.225593
v 0.866249 3.572049 -1.221171
v 0.878229 3.573626 -1.209088
v 0.882613 3.574203 -1.192582
v 0.878229 3.573626 -1.176077
v 0.866249 3.572049 -1.163994
v 0.849885 3.569894 -1.159572
v 0.833521 3.567740 -1.163994
v 0.821541 3.566163 -1.176077
v 0.817156 3.565585 -1.192582
v 0.821541 3.566163 -1.209088
v 0.833521 3.567740 -1.221171
v 0.850083 3.565058 -1.225593
v 0.866588 3.565058 -1.221171
v 0.878671 3.565058 -1.209088
v 0.883094 3.565058 -1.192582
v 0.878671 3.565058 -1.176077
v 0.866588 3.565058 -1.163994
v 0.850083 3.565058 -1.159572
v 0.833577 3.565058 -1.163994
v 0.821494 3.565057 -1.176077
v 0.817072 3.565057 -1.192582
v 0.821494 3.565057 -1.209088
v 0.833577 3.565058 -1.221171
v 0.850083 2.775562 -1.225593
v 0.866588 2.775562 -1.221171
v 0.878671 2.775562 -1.209088
v 0.883094 2.775562 -1.192582
v 0.878671 2.775562 -1.176077
v 0.866588 2.775562 -1.163994
v 0.850083 2.775562 -1.159572
v 0.833577 2.775562 -1.163994
v 0.821494 2.775562 -1.176077
v 0.817072 2.775562 -1.192582
v 0.821494 2.775562 -1.209088
v 0.833577 2.775562 -1.221171
v -1.881176 6.308897 -1.225594
v -1.873554 6.323538 -1.221171
v -1.867975 6.334255 -1.209088
v -1.865933 6.338179 -1.192583
v -1.867975 6.334255 -1.176077
v -1.873554 6.323538 -1.163994
v -1.881176 6.308897 -1.159572
v -1.888797 6.294257 -1.163994
v -1.894376 6.283540 -1.176077
v -1.896418 6.279616 -1.192583
v -1.894376 6.283540 -1.209088
v -1.888797 6.294257 -1.221171
v -1.894156 6.312745 -1.225594
v -1.891290 6.329000 -1.221171
v -1.889192 6.340899 -1.209088
v -1.888424 6.345254 -1.192583
v -1.889192 6.340899 -1.176077
v -1.891290 6.329000 -1.163994
v -1.894156 6.312745 -1.159572
v -1.897022 6.296490 -1.163994
v -1.899120 6.284591 -1.176077
v -1.899888 6.280235 -1.192583
v -1.899120 6.284591 -1.209088
v -1.897022 6.296490 -1.221171
v -1.907692 6.312510 -1.225593
v -1.909846 6.328875 -1.221171
v -1.911423 6.340854 -1.209088
v -1.912000 6.345239 -1.192582
v -1.911423 6.340854 -1.176077
v -1.909846 6.328875 -1.163994
v -1.907692 6.312510 -1.159572
v -1.905537 6.296146 -1.163994
v -1.903960 6.284167 -1.176077
v -1.903383 6.279781 -1.192582
v -1.903960 6.284167 -1.209088
v -1.905537 6.296146 -1.221171
v -1.920531 6.308217 -1.225593
v -1.927507 6.323176 -1.221171
v -1.932613 6.334126 -1.209088
v -1.934482 6.338135 -1.192582
v -1.932613 6.334126 -1.176077
v -1.927507 6.323176 -1.163994
v -1.920531 6.308217 -1.159572
v -1.913556 6.293258 -1.163994
v -1.908449 6.282307 -1.176077
v -1.906580 6.278298 -1.192582
v -1.908449 6.282307 -1.209088
v -1.913556 6.293258 -1.221171
v -1.931485 6.300261 -1.225593
v -1.942636 6.312430 -1.221171
v -1.950799 6.321339 -1.209088
v -1.953787 6.324599 -1.192582
v -1.950799 6.321339 -1.176077
v -1.942636 6.312430 -1.163994
v -1.931485 6.300261 -1.159572
v -1.920334 6.288092 -1.163994
v -1.912171 6.279183 -1.176077
v -1.909183 6.275922 -1.192582
v -1.912171 6.279183 -1.209088
v -1.920334 6.288092 -1.221171
v -1.939540 6.289379 -1.225593
v -1.953834 6.297632 -1.221171
v -1.964297 6.303673 -1.209088
v -1.968128 6.305884 -1.192582
v -1.964297 6.303673 -1.176077
v -1.953834 6.297632 -1.163994
v -1.939540 6.289379 -1.159571
v -1.925245 6.281126 -1.163994
v -1.914781 6.275084 -1.176077
v -1.910951 6.272874 -1.192582
v -1.914781 6.275084 -1.209088
v -1.925245 6.281126 -1.221171
v -1.943949 6.276579 -1.225593
v -1.960063 6.280151 -1.221171
v -1.971860 6.282767 -1.209088
v -1.976177 6.283724 -1.192582
v -1.971860 6.282767 -1.176077
v -1.960063 6.280151 -1.163994
v -1.943949 6.276579 -1.159571
v -1.927834 6.273006 -1.163994
v -1.916038 6.270391 -1.176077
v -1.911720 6.269434 -1.192582
v -1.916038 6.270391 -1.209088
v -1.927834 6.273006 -1.221171
v -1.944306 5.334297 -1.225593
v -1.960748 5.334296 -1.221171
v -1.972784 5.334296 -1.209088
v -1.977190 5.334296 -1.192582
v -1.972784 5.334296 -1.176077
v -1.960748 5.334296 -1.163994
v -1.944306 5.334297 -1.159571
v -1.927862 5.334297 -1.163994
v -1.915825 5.334297 -1.176077
v -1.911420 5.334296 -1.192582
v -1.915826 5.334296 -1.209088
v -1.927862 5.334297 -1.221171
v -1.943015 5.323602 -1.225593
v -1.958985 5.319690 -1.221170
v -1.970676 5.316827 -1.209088
v -1.974955 5.315779 -1.192582
v -1.970676 5.316827 -1.176077
v -1.958985 5.319690 -1.163994
v -1.943015 5.323602 -1.159571
v -1.927044 5.327515 -1.163994
v -1.915353 5.330378 -1.176077
v -1.911073 5.331426 -1.192582
v -1.915353 5.330378 -1.209088
v -1.927044 5.327515 -1.221170
v -1.939216 5.313522 -1.225593
v -1.953798 5.305923 -1.221170
v -1.964472 5.300360 -1.209087
v -1.968379 5.298324 -1.192582
v -1.964472 5.300360 -1.176077
v -1.953798 5.305923 -1.163994
v -1.939216 5.313522 -1.159571
v -1.924635 5.321121 -1.163994
v -1.913961 5.326684 -1.176077
v -1.910054 5.328721 -1.192582
v -1.913961 5.326684 -1.209087
v -1.924635 5.321121 -1.221170
v -1.933129 5.304635 -1.225593
v -1.945484 5.293785 -1.221170
v -1.954528 5.285842 -1.209087
v -1.957838 5.282935 -1.192582
v -1.954528 5.285842 -1.176076
v -1.945484 5.293785 -1.163993
v -1.933129 5.304635 -1.159571
v -1.920774 5.315485 -1.163993
v -1.911730 5.323428 -1.176076
v -1.908419 5.326335 -1.192582
v -1.911730 5.323428 -1.209087
v -1.920774 5.315485 -1.221170
v -1.925103 5.297451 -1.225593
v -1.936763 5.285859 -1.221170
v -1.945300 5.277373 -1.209087
v -1.948424 5.274266 -1.192582
v -1.945300 5.277373 -1.176076
v -1.936763 5.285859 -1.163993
v -1.925103 5.297451 -1.159571
v -1.913441 5.309044 -1.163993
v -1.904904 5.317530 -1.176076
v -1.901780 5.320636 -1.192582
v -1.904904 5.317530 -1.209087
v -1.913441 5.309044 -1.221170
v 0.840610 2.754093 -1.225593
v 0.855166 2.746312 -1.221171
v 0.865822 2.740616 -1.209088
v 0.869723 2.738531 -1.192582
v 0.865822 2.740616 -1.176077
v 0.855166 2.746312 -1.163994
v 0.840610 2.754093 -1.159571
v 0.826054 2.761874 -1.163994
v 0.815398 2.767570 -1.176077
v 0.811498 2.769655 -1.192582
v 0.815398 2.767570 -1.209088
v 0.826054 2.761874 -1.221171
v 0.822135 2.739625 -1.225593
v 0.831304 2.725900 -1.221171
v 0.838016 2.715854 -1.209088
v 0.840473 2.712176 -1.192582
v 0.838016 2.715854 -1.176077
v 0.831304 2.725900 -1.163994
v 0.822135 2.739625 -1.159571
v 0.812966 2.753349 -1.163994
v 0.806254 2.763396 -1.176077
v 0.803797 2.767074 -1.192582
v 0.806254 2.763396 -1.209088
v 0.812966 2.753349 -1.221171
v 0.799021 2.735575 -1.225593
v 0.800637 2.719149 -1.221170
v 0.801820 2.707124 -1.209088
v 0.802253 2.702723 -1.192582
v 0.801820 2.707124 -1.176077
v 0.800637 2.719149 -1.163994
v 0.799021 2.735575 -1.159571
v 0.797405 2.752001 -1.163994
v 0.796222 2.764026 -1.176077
v 0.795789 2.768427 -1.192582
v 0.796222 2.764026 -1.209088
v 0.797405 2.752001 -1.221170
v 0.775954 2.743632 -1.225593
v 0.768182 2.729070 -1.221170
v 0.762493 2.718411 -1.209087
v 0.760411 2.714509 -1.192582
v 0.762493 2.718411 -1.176077
v 0.768182 2.729070 -1.163994
v 0.775954 2.743632 -1.159571
v 0.783726 2.758193 -1.163994
v 0.789415 2.768852 -1.176077
v 0.791498 2.772753 -1.192582
v 0.789415 2.768852 -1.209087
v 0.783726 2.758193 -1.221170
v 0.513565 2.887578 -1.224945
v 0.513565 3.917107 -1.224945
v 0.530048 2.887578 -1.220528
v 0.530048 3.917107 -1.220529
v 0.542115 2.887578 -1.208462
v 0.542115 3.917107 -1.208462
v 0.546532 2.887578 -1.191978
v 0.546532 3.917107 -1.191978
v 0.542115 2.887578 -1.175495
v 0.542115 3.917107 -1.175495
v 0.530048 2.887578 -1.163428
v 0.530048 3.917107 -1.163428
v 0.513565 2.887578 -1.159012
v 0.513565 3.917107 -1.159012
v 0.497082 2.887578 -1.163428
v 0.497082 3.922271 -1.163428
v 0.485015 2.887578 -1.175495
v 0.485015 3.922271 -1.175495
v 0.480598 2.887578 -1.191978
v 0.480598 3.922271 -1.191978
v 0.485015 2.887578 -1.208462
v 0.485015 3.922271 -1.208462
v 0.497082 2.887578 -1.220528
v 0.497081 3.922271 -1.220529
v 0.157524 3.241443 -1.224945
v 0.157524 4.270972 -1.224945
v 0.174007 3.241443 -1.220528
v 0.174007 4.270972 -1.220528
v 0.186074 3.241443 -1.208462
v 0.186074 4.270972 -1.208462
v 0.190491 3.241443 -1.191978
v 0.190491 4.270972 -1.191978
v 0.186074 3.241443 -1.175495
v 0.186074 4.270972 -1.175495
v 0.174007 3.241443 -1.163428
v 0.174007 4.270972 -1.163428
v 0.157524 3.241443 -1.159012
v 0.157524 4.270972 -1.159012
v 0.141041 3.241443 -1.163428
v 0.141041 4.276137 -1.163428
v 0.128974 3.241443 -1.175495
v 0.128974 4.276137 -1.175495
v 0.124557 3.241443 -1.191978
v 0.124557 4.276137 -1.191978
v 0.128974 3.241443 -1.208462
v 0.128974 4.276137 -1.208462
v 0.141041 3.241443 -1.220528
v 0.141041 4.276136 -1.220528
v -0.198517 3.595308 -1.224945
v -0.198517 4.624838 -1.224945
v -0.182034 3.595308 -1.220528
v -0.182034 4.624838 -1.220528
v -0.169967 3.595308 -1.208462
v -0.169967 4.624838 -1.208462
v -0.165550 3.595308 -1.191978
v -0.165550 4.624838 -1.191978
v -0.169967 3.595308 -1.175495
v -0.169967 4.624838 -1.175495
v -0.182034 3.595308 -1.163428
v -0.182034 4.624838 -1.163428
v -0.198517 3.595308 -1.159012
v -0.198517 4.624838 -1.159012
v -0.215001 3.595308 -1.163428
v -0.215001 4.630002 -1.163428
v -0.227067 3.595308 -1.175495
v -0.227067 4.630002 -1.175495
v -0.231484 3.595308 -1.191978
v -0.231484 4.630002 -1.191978
v -0.227067 3.595308 -1.208462
v -0.227067 4.630002 -1.208462
v -0.215001 3.595308 -1.220528
v -0.215001 4.630002 -1.220528
v -0.554558 3.949174 -1.224945
v -0.554558 4.978703 -1.224945
v -0.538075 3.949174 -1.220528
v -0.538075 4.978703 -1.220528
v -0.526008 3.949173 -1.208462
v -0.526008 4.978703 -1.208462
v -0.521591 3.949173 -1.191978
v -0.521591 4.978703 -1.191978
v -0.526008 3.949173 -1.175495
v -0.526008 4.978703 -1.175495
v -0.538075 3.949174 -1.163428
v -0.538075 4.978703 -1.163428
v -0.554558 3.949174 -1.159012
v -0.554558 4.978703 -1.159012
v -0.571041 3.949174 -1.163428
v -0.571041 4.983868 -1.163428
v -0.583108 3.949173 -1.175495
v -0.583108 4.983868 -1.175495
v -0.587525 3.949173 -1.191978
v -0.587525 4.983868 -1.191978
v -0.583108 3.949173 -1.208462
v -0.583108 4.983868 -1.208462
v -0.571041 3.949174 -1.220528
v -0.571041 4.983868 -1.220528
v -0.910599 4.303039 -1.224945
v -0.910599 5.332568 -1.224945
v -0.894116 4.303039 -1.220528
v -0.894116 5.332568 -1.220528
v -0.882049 4.303039 -1.208462
v -0.882049 5.332568 -1.208462
v -0.877632 4.303039 -1.191978
v -0.877632 5.332568 -1.191978
v -0.882049 4.303039 -1.175495
v -0.882049 5.332568 -1.175495
v -0.894116 4.303039 -1.163428
v -0.894116 5.332568 -1.163428
v -0.910599 4.303039 -1.159012
v -0.910599 5.332568 -1.159012
v -0.927083 4.303039 -1.163428
v -0.927082 5.337733 -1.163428
v -0.939149 4.303039 -1.175495
v -0.939149 5.337733 -1.175495
v -0.943566 4.303039 -1.191978
v -0.943566 5.337732 -1.191978
v -0.939149 4.303039 -1.208462
v -0.939149 5.337733 -1.208462
v -0.927083 4.303039 -1.220529
v -0.927082 5.337733 -1.220528
v -1.266640 4.656904 -1.224945
v -1.266640 5.686434 -1.224945
v -1.250157 4.656904 -1.220529
v -1.250157 5.686434 -1.220528
v -1.238090 4.656904 -1.208462
v -1.238090 5.686433 -1.208462
v -1.233673 4.656904 -1.191978
v -1.233673 5.686434 -1.191978
v -1.238090 4.656904 -1.175495
v -1.238090 5.686433 -1.175495
v -1.250157 4.656904 -1.163428
v -1.250157 5.686434 -1.163428
v -1.266640 4.656904 -1.159012
v -1.266640 5.686434 -1.159012
v -1.283123 4.656904 -1.163428
v -1.283123 5.691598 -1.163428
v -1.295190 4.656904 -1.175495
v -1.295190 5.691598 -1.175495
v -1.299607 4.656904 -1.191978
v -1.299607 5.691598 -1.191978
v -1.295190 4.656904 -1.208462
v -1.295190 5.691598 -1.208462
v -1.283123 4.656904 -1.220528
v -1.283123 5.691598 -1.220528
v -1.622681 5.010769 -1.224945
v -1.622681 6.040298 -1.224945
v -1.606198 5.010769 -1.220528
v -1.606198 6.040299 -1.220528
v -1.594131 5.010769 -1.208462
v -1.594131 6.040299 -1.208462
v -1.589714 5.010769 -1.191978
v -1.589714 6.040299 -1.191978
v -1.594131 5.010769 -1.175495
v -1.594131 6.040299 -1.175495
v -1.606198 5.010769 -1.163428
v -1.606198 6.040299 -1.163428
v -1.622681 5.010769 -1.159012
v -1.622681 6.040298 -1.159012
v -1.639165 5.010769 -1.163428
v -1.639165 6.045463 -1.163428
v -1.651231 5.010769 -1.175495
v -1.651231 6.045463 -1.175495
v -1.655648 5.010769 -1.191978
v -1.655648 6.045463 -1.191978
v -1.651231 5.010769 -1.208462
v -1.651231 6.045463 -1.208462
v -1.639165 5.010769 -1.220528
v -1.639165 6.045463 -1.220529
v 0.850083 2.572945 -1.225593
v 0.866588 2.572945 -1.221171
v 0.878671 2.572945 -1.209088
v 0.883094 2.572945 -1.192582
v 0.878671 2.572945 -1.176077
v 0.866588 2.572945 -1.163994
v 0.850083 2.572945 -1.159572
v 0.833577 2.572945 -1.163994
v 0.821495 2.572944 -1.176077
v 0.817072 2.572945 -1.192582
v 0.821495 2.572944 -1.209088
v 0.833577 2.572945 -1.221171
v 0.839890 3.591484 -2.410753
v -1.869953 6.301326 -2.410753
v 0.851561 3.603155 -2.406331
v -1.858282 6.312997 -2.406331
v 0.860105 3.611699 -2.394248
v -1.849738 6.321541 -2.394248
v 0.863232 3.614826 -2.377742
v -1.846611 6.324668 -2.377743
v 0.860105 3.611699 -2.361237
v -1.849738 6.321541 -2.361237
v 0.851561 3.603155 -2.349154
v -1.858282 6.312997 -2.349154
v 0.839890 3.591484 -2.344731
v -1.869953 6.301326 -2.344732
v 0.828219 3.579812 -2.349154
v -1.881624 6.289655 -2.349154
v 0.819675 3.571269 -2.361237
v -1.890168 6.281111 -2.361237
v 0.816548 3.568141 -2.377742
v -1.893295 6.277983 -2.377743
v 0.819675 3.571269 -2.394248
v -1.890168 6.281111 -2.394248
v 0.828219 3.579812 -2.406331
v -1.881624 6.289654 -2.406331
v 0.842991 3.587767 -2.410753
v 0.856086 3.597815 -2.406331
v 0.865672 3.605170 -2.394248
v 0.869181 3.607862 -2.377742
v 0.865672 3.605170 -2.361237
v 0.856086 3.597815 -2.349154
v 0.842991 3.587767 -2.344731
v 0.829897 3.577719 -2.349154
v 0.820311 3.570363 -2.361237
v 0.816802 3.567671 -2.377742
v 0.820311 3.570363 -2.394248
v 0.829896 3.577719 -2.406331
v 0.845581 3.583677 -2.410753
v 0.859875 3.591930 -2.406331
v 0.870339 3.597971 -2.394248
v 0.874169 3.600183 -2.377742
v 0.870339 3.597971 -2.361237
v 0.859875 3.591930 -2.349154
v 0.845581 3.583677 -2.344731
v 0.831287 3.575424 -2.349154
v 0.820823 3.569383 -2.361237
v 0.816993 3.567172 -2.377742
v 0.820823 3.569383 -2.394248
v 0.831287 3.575424 -2.406331
v 0.847615 3.579284 -2.410753
v 0.862864 3.585601 -2.406331
v 0.874027 3.590225 -2.394248
v 0.878113 3.591917 -2.377742
v 0.874027 3.590225 -2.361237
v 0.862864 3.585601 -2.349154
v 0.847615 3.579284 -2.344731
v 0.832365 3.572968 -2.349154
v 0.821202 3.568344 -2.361237
v 0.817116 3.566652 -2.377742
v 0.821202 3.568344 -2.394248
v 0.832365 3.572968 -2.406331
v 0.849057 3.574664 -2.410753
v 0.865000 3.578936 -2.406331
v 0.876672 3.582063 -2.394248
v 0.880944 3.583208 -2.377742
v 0.876672 3.582063 -2.361237
v 0.865000 3.578936 -2.349154
v 0.849057 3.574664 -2.344731
v 0.833114 3.570392 -2.349154
v 0.821443 3.567264 -2.361237
v 0.817171 3.566120 -2.377742
v 0.821443 3.567264 -2.394248
v 0.833114 3.570392 -2.406331
v 0.849885 3.569894 -2.410753
v 0.866249 3.572049 -2.406331
v 0.878229 3.573626 -2.394248
v 0.882613 3.574203 -2.377742
v 0.878229 3.573626 -2.361237
v 0.866249 3.572049 -2.349154
v 0.849885 3.569894 -2.344731
v 0.833521 3.567740 -2.349154
v 0.821541 3.566163 -2.361237
v 0.817156 3.565585 -2.377742
v 0.821541 3.566163 -2.394248
v 0.833521 3.567740 -2.406331
v 0.850083 3.565058 -2.410753
v 0.866588 3.565058 -2.406331
v 0.878671 3.565058 -2.394248
v 0.883094 3.565058 -2.377742
v 0.878671 3.565058 -2.361237
v 0.866588 3.565058 -2.349154
v 0.850083 3.565058 -2.344731
v 0.833577 3.565058 -2.349154
v 0.821494 3.565058 -2.361237
v 0.817072 3.565058 -2.377742
v 0.821494 3.565058 -2.394248
v 0.833577 3.565058 -2.406331
v 0.850083 2.775562 -2.410753
v 0.866588 2.775562 -2.406331
v 0.878671 2.775562 -2.394248
v 0.883094 2.775562 -2.377742
v 0.878671 2.775562 -2.361237
v 0.866588 2.775562 -2.349154
v 0.850083 2.775562 -2.344731
v 0.833577 2.775562 -2.349154
v 0.821495 2.775562 -2.361237
v 0.817072 2.775562 -2.377742
v 0.821495 2.775562 -2.394248
v 0.833577 2.775562 -2.406331
v -1.881175 6.308898 -2.410753
v -1.873554 6.323538 -2.406331
v -1.867974 6.334255 -2.394248
v -1.865933 6.338179 -2.377743
v -1.867974 6.334255 -2.361237
v -1.873554 6.323538 -2.349154
v -1.881175 6.308898 -2.344732
v -1.888797 6.294257 -2.349154
v -1.894376 6.283540 -2.361237
v -1.896418 6.279616 -2.377742
v -1.894376 6.283540 -2.394248
v -1.888797 6.294257 -2.406331
v -1.894156 6.312745 -2.410753
v -1.891289 6.329000 -2.406331
v -1.889191 6.340899 -2.394248
v -1.888423 6.345254 -2.377743
v -1.889191 6.340899 -2.361237
v -1.891289 6.329000 -2.349154
v -1.894156 6.312745 -2.344732
v -1.897022 6.296490 -2.349154
v -1.899120 6.284591 -2.361237
v -1.899888 6.280235 -2.377742
v -1.899120 6.284591 -2.394248
v -1.897022 6.296490 -2.406331
v -1.907692 6.312510 -2.410753
v -1.909846 6.328875 -2.406331
v -1.911423 6.340854 -2.394248
v -1.912000 6.345239 -2.377742
v -1.911423 6.340854 -2.361237
v -1.909846 6.328875 -2.349154
v -1.907692 6.312510 -2.344732
v -1.905537 6.296146 -2.349154
v -1.903960 6.284167 -2.361237
v -1.903383 6.279782 -2.377742
v -1.903960 6.284167 -2.394248
v -1.905537 6.296146 -2.406331
v -1.920531 6.308217 -2.410753
v -1.927507 6.323176 -2.406331
v -1.932613 6.334126 -2.394248
v -1.934482 6.338135 -2.377742
v -1.932613 6.334126 -2.361237
v -1.927507 6.323176 -2.349154
v -1.920531 6.308217 -2.344731
v -1.913556 6.293258 -2.349154
v -1.908449 6.282307 -2.361237
v -1.906580 6.278298 -2.377742
v -1.908449 6.282307 -2.394248
v -1.913556 6.293258 -2.406331
v -1.931485 6.300261 -2.410753
v -1.942636 6.312430 -2.406331
v -1.950799 6.321339 -2.394248
v -1.953787 6.324599 -2.377742
v -1.950799 6.321339 -2.361237
v -1.942636 6.312430 -2.349154
v -1.931485 6.300261 -2.344731
v -1.920334 6.288092 -2.349154
v -1.912171 6.279183 -2.361237
v -1.909183 6.275923 -2.377742
v -1.912171 6.279183 -2.394248
v -1.920334 6.288092 -2.406331
v -1.939540 6.289379 -2.410753
v -1.953833 6.297632 -2.406331
v -1.964297 6.303673 -2.394248
v -1.968128 6.305884 -2.377742
v -1.964297 6.303673 -2.361237
v -1.953833 6.297632 -2.349154
v -1.939540 6.289379 -2.344731
v -1.925245 6.281127 -2.349154
v -1.914781 6.275085 -2.361237
v -1.910951 6.272874 -2.377742
v -1.914781 6.275084 -2.394248
v -1.925245 6.281127 -2.406331
v -1.943949 6.276579 -2.410753
v -1.960063 6.280151 -2.406331
v -1.971859 6.282767 -2.394248
v -1.976177 6.283724 -2.377742
v -1.971859 6.282767 -2.361237
v -1.960063 6.280151 -2.349154
v -1.943949 6.276579 -2.344731
v -1.927834 6.273006 -2.349154
v -1.916038 6.270391 -2.361237
v -1.911720 6.269434 -2.377742
v -1.916038 6.270391 -2.394248
v -1.927834 6.273006 -2.406331
v -1.944306 5.334297 -2.410753
v -1.960748 5.334297 -2.406330
v -1.972784 5.334296 -2.394248
v -1.977190 5.334296 -2.377742
v -1.972784 5.334296 -2.361237
v -1.960748 5.334297 -2.349154
v -1.944305 5.334297 -2.344731
v -1.927862 5.334297 -2.349154
v -1.915825 5.334297 -2.361237
v -1.911420 5.334296 -2.377742
v -1.915825 5.334297 -2.394248
v -1.927862 5.334297 -2.406330
v -1.943015 5.323602 -2.410753
v -1.958985 5.319690 -2.406330
v -1.970676 5.316827 -2.394248
v -1.974955 5.315779 -2.377742
v -1.970676 5.316827 -2.361237
v -1.958985 5.319690 -2.349154
v -1.943015 5.323603 -2.344731
v -1.927044 5.327515 -2.349154
v -1.915352 5.330378 -2.361237
v -1.911073 5.331426 -2.377742
v -1.915352 5.330378 -2.394248
v -1.927044 5.327515 -2.406330
v -1.939216 5.313522 -2.410753
v -1.953797 5.305923 -2.406330
v -1.964472 5.300360 -2.394247
v -1.968379 5.298324 -2.377742
v -1.964472 5.300360 -2.361236
v -1.953797 5.305923 -2.349154
v -1.939216 5.313522 -2.344731
v -1.924635 5.321121 -2.349154
v -1.913961 5.326684 -2.361236
v -1.910054 5.328721 -2.377742
v -1.913961 5.326684 -2.394247
v -1.924635 5.321121 -2.406330
v -1.933129 5.304635 -2.410753
v -1.945484 5.293785 -2.406330
v -1.954528 5.285842 -2.394247
v -1.957838 5.282935 -2.377742
v -1.954528 5.285842 -2.361236
v -1.945484 5.293785 -2.349153
v -1.933129 5.304635 -2.344731
v -1.920774 5.315485 -2.349153
v -1.911730 5.323428 -2.361236
v -1.908419 5.326335 -2.377742
v -1.911730 5.323428 -2.394247
v -1.920774 5.315485 -2.406330
v -1.925103 5.297451 -2.410752
v -1.936763 5.285859 -2.406330
v -1.945300 5.277373 -2.394247
v -1.948424 5.274266 -2.377741
v -1.945300 5.277373 -2.361236
v -1.936763 5.285859 -2.349153
v -1.925102 5.297451 -2.344731
v -1.913441 5.309044 -2.349153
v -1.904904 5.317530 -2.361236
v -1.901780 5.320636 -2.377741
v -1.904904 5.317530 -2.394247
v -1.913441 5.309044 -2.406330
v 0.840610 2.754093 -2.410753
v 0.855166 2.746312 -2.406331
v 0.865822 2.740616 -2.394248
v 0.869723 2.738531 -2.377742
v 0.865822 2.740616 -2.361237
v 0.855166 2.746312 -2.349154
v 0.840610 2.754093 -2.344731
v 0.826054 2.761874 -2.349154
v 0.815398 2.767570 -2.361237
v 0.811498 2.769655 -2.377742
v 0.815398 2.767570 -2.394248
v 0.826054 2.761874 -2.406331
v 0.822135 2.739625 -2.410753
v 0.831304 2.725900 -2.406330
v 0.838016 2.715854 -2.394248
v 0.840473 2.712176 -2.377742
v 0.838016 2.715854 -2.361237
v 0.831304 2.725900 -2.349154
v 0.822135 2.739625 -2.344731
v 0.812966 2.753350 -2.349154
v 0.806254 2.763396 -2.361237
v 0.803798 2.767074 -2.377742
v 0.806254 2.763396 -2.394248
v 0.812966 2.753350 -2.406330
v 0.799021 2.735575 -2.410753
v 0.800637 2.719149 -2.406330
v 0.801821 2.707124 -2.394248
v 0.802253 2.702723 -2.377742
v 0.801821 2.707124 -2.361237
v 0.800637 2.719149 -2.349154
v 0.799021 2.735575 -2.344731
v 0.797405 2.752001 -2.349154
v 0.796222 2.764026 -2.361237
v 0.795789 2.768427 -2.377742
v 0.796222 2.764026 -2.394248
v 0.797405 2.752001 -2.406330
v 0.775954 2.743632 -2.410753
v 0.768182 2.729070 -2.406330
v 0.762493 2.718411 -2.394247
v 0.760411 2.714510 -2.377742
v 0.762493 2.718411 -2.361236
v 0.768182 2.729070 -2.349154
v 0.775954 2.743632 -2.344731
v 0.783726 2.758193 -2.349154
v 0.789415 2.768852 -2.361236
v 0.791498 2.772753 -2.377742
v 0.789415 2.768852 -2.394247
v 0.783726 2.758193 -2.406330
v 0.513565 2.887578 -2.410105
v 0.513565 3.917107 -2.410105
v 0.530048 2.887578 -2.405688
v 0.530048 3.917107 -2.405688
v 0.542115 2.887578 -2.393621
v 0.542115 3.917107 -2.393621
v 0.546532 2.887578 -2.377138
v 0.546532 3.917107 -2.377138
v 0.542115 2.887578 -2.360655
v 0.542115 3.917107 -2.360655
v 0.530048 2.887578 -2.348588
v 0.530048 3.917107 -2.348588
v 0.513565 2.887578 -2.344172
v 0.513565 3.917107 -2.344172
v 0.497082 2.887578 -2.348588
v 0.497082 3.922271 -2.348588
v 0.485015 2.887578 -2.360655
v 0.485015 3.922272 -2.360655
v 0.480598 2.887578 -2.377138
v 0.480598 3.922271 -2.377138
v 0.485015 2.887578 -2.393621
v 0.485015 3.922271 -2.393621
v 0.497082 2.887578 -2.405688
v 0.497082 3.922271 -2.405688
v 0.157524 3.241443 -2.410105
v 0.157524 4.270972 -2.410105
v 0.174007 3.241443 -2.405688
v 0.174007 4.270972 -2.405688
v 0.186074 3.241443 -2.393621
v 0.186074 4.270972 -2.393622
v 0.190491 3.241443 -2.377138
v 0.190491 4.270972 -2.377138
v 0.186074 3.241443 -2.360655
v 0.186074 4.270972 -2.360655
v 0.174007 3.241443 -2.348588
v 0.174007 4.270972 -2.348588
v 0.157524 3.241443 -2.344172
v 0.157524 4.270972 -2.344172
v 0.141041 3.241443 -2.348588
v 0.141041 4.276137 -2.348588
v 0.128974 3.241443 -2.360655
v 0.128974 4.276137 -2.360655
v 0.124557 3.241443 -2.377138
v 0.124557 4.276137 -2.377138
v 0.128974 3.241443 -2.393621
v 0.128974 4.276137 -2.393621
v 0.141041 3.241443 -2.405688
v 0.141041 4.276137 -2.405688
v -0.198517 3.595308 -2.410105
v -0.198517 4.624838 -2.410105
v -0.182034 3.595308 -2.405688
v -0.182034 4.624838 -2.405688
v -0.169967 3.595308 -2.393621
v -0.169967 4.624838 -2.393621
v -0.165550 3.595308 -2.377138
v -0.165550 4.624838 -2.377138
v -0.169967 3.595308 -2.360655
v -0.169967 4.624838 -2.360655
v -0.182034 3.595308 -2.348588
v -0.182034 4.624838 -2.348588
v -0.198517 3.595308 -2.344172
v -0.198517 4.624838 -2.344172
v -0.215000 3.595308 -2.348588
v -0.215000 4.630002 -2.348588
v -0.227067 3.595308 -2.360655
v -0.227067 4.630002 -2.360655
v -0.231484 3.595308 -2.377138
v -0.231484 4.630002 -2.377138
v -0.227067 3.595308 -2.393621
v -0.227067 4.630002 -2.393621
v -0.215000 3.595308 -2.405688
v -0.215000 4.630002 -2.405688
v -0.554558 3.949174 -2.410105
v -0.554558 4.978703 -2.410105
v -0.538074 3.949174 -2.405688
v -0.538075 4.978703 -2.405688
v -0.526008 3.949173 -2.393622
v -0.526008 4.978703 -2.393621
v -0.521591 3.949174 -2.377138
v -0.521591 4.978703 -2.377138
v -0.526008 3.949173 -2.360655
v -0.526008 4.978703 -2.360655
v -0.538074 3.949174 -2.348588
v -0.538075 4.978703 -2.348588
v -0.554558 3.949174 -2.344172
v -0.554558 4.978703 -2.344172
v -0.571041 3.949174 -2.348588
v -0.571041 4.983868 -2.348588
v -0.583108 3.949174 -2.360655
v -0.583108 4.983868 -2.360655
v -0.587525 3.949174 -2.377138
v -0.587525 4.983868 -2.377138
v -0.583108 3.949174 -2.393622
v -0.583108 4.983868 -2.393621
v -0.571041 3.949174 -2.405688
v -0.571041 4.983868 -2.405688
v -0.910599 4.303039 -2.410105
v -0.910599 5.332568 -2.410105
v -0.894116 4.303039 -2.405688
v -0.894116 5.332568 -2.405688
v -0.882049 4.303039 -2.393622
v -0.882049 5.332568 -2.393621
v -0.877632 4.303039 -2.377138
v -0.877632 5.332569 -2.377138
v -0.882049 4.303039 -2.360655
v -0.882049 5.332568 -2.360655
v -0.894116 4.303039 -2.348588
v -0.894116 5.332568 -2.348588
v -0.910599 4.303039 -2.344172
v -0.910599 5.332568 -2.344172
v -0.927082 4.303039 -2.348588
v -0.927082 5.337733 -2.348588
v -0.939149 4.303039 -2.360655
v -0.939149 5.337733 -2.360655
v -0.943566 4.303039 -2.377138
v -0.943565 5.337733 -2.377138
v -0.939149 4.303039 -2.393622
v -0.939149 5.337733 -2.393621
v -0.927082 4.303039 -2.405688
v -0.927082 5.337733 -2.405688
v -1.266640 4.656904 -2.410105
v -1.266640 5.686434 -2.410105
v -1.250157 4.656904 -2.405688
v -1.250157 5.686434 -2.405688
v -1.238090 4.656904 -2.393622
v -1.238090 5.686434 -2.393621
v -1.233673 4.656904 -2.377138
v -1.233673 5.686434 -2.377138
v -1.238090 4.656904 -2.360655
v -1.238090 5.686434 -2.360655
v -1.250157 4.656904 -2.348588
v -1.250157 5.686434 -2.348588
v -1.266640 4.656904 -2.344172
v -1.266640 5.686434 -2.344172
v -1.283123 4.656904 -2.348588
v -1.283123 5.691598 -2.348588
v -1.295190 4.656904 -2.360655
v -1.295190 5.691598 -2.360655
v -1.299607 4.656904 -2.377138
v -1.299607 5.691598 -2.377138
v -1.295190 4.656904 -2.393621
v -1.295190 5.691598 -2.393621
v -1.283123 4.656904 -2.405688
v -1.283123 5.691598 -2.405688
v -1.622681 5.010769 -2.410105
v -1.622681 6.040298 -2.410105
v -1.606198 5.010769 -2.405688
v -1.606198 6.040299 -2.405688
v -1.594131 5.010769 -2.393621
v -1.594131 6.040299 -2.393621
v -1.589714 5.010769 -2.377138
v -1.589714 6.040299 -2.377138
v -1.594131 5.010769 -2.360655
v -1.594131 6.040299 -2.360655
v -1.606198 5.010769 -2.348588
v -1.606198 6.040299 -2.348588
v -1.622681 5.010769 -2.344172
v -1.622681 6.040298 -2.344172
v -1.639165 5.010769 -2.348588
v -1.639164 6.045463 -2.348588
v -1.651231 5.010769 -2.360655
v -1.651231 6.045464 -2.360655
v -1.655648 5.010769 -2.377138
v -1.655648 6.045463 -2.377138
v -1.651231 5.010769 -2.393621
v -1.651231 6.045464 -2.393621
v -1.639165 5.010769 -2.405688
v -1.639164 6.045463 -2.405688
v 0.850083 2.572945 -2.410753
v 0.866588 2.572945 -2.406331
v 0.878671 2.572945 -2.394248
v 0.883094 2.572945 -2.377742
v 0.878671 2.572945 -2.361237
v 0.866588 2.572945 -2.349154
v 0.850083 2.572945 -2.344731
v 0.833577 2.572945 -2.349154
v 0.821495 2.572944 -2.361237
v 0.817072 2.572945 -2.377742
v 0.821495 2.572944 -2.394248
v 0.833577 2.572945 -2.406331
v 1.109640 2.669038 -2.437766
v 1.109640 2.769038 -2.437766
v 1.109640 2.669038 0.062233
v 1.109640 2.769038 0.062233
v 0.509640 2.669038 -2.437766
v 0.509640 2.769038 -2.437766
v 0.509641 2.669038 0.062234
v 0.509640 2.769038 0.062234
v 0.629640 3.119038 -2.437766
v 0.629640 3.219038 -2.437766
v 0.629640 3.119038 0.062234
v 0.629640 3.219038 0.062234
v 0.029640 3.119038 -2.437766
v 0.029640 3.219038 -2.437766
v 0.029640 3.119038 0.062234
v 0.029640 3.219038 0.062234
v 0.149640 3.569037 -2.437766
v 0.149640 3.669037 -2.437766
v 0.149640 3.569037 0.062234
v 0.149640 3.669037 0.062234
v -0.450360 3.569037 -2.437766
v -0.450360 3.669037 -2.437766
v -0.450360 3.569037 0.062234
v -0.450360 3.669037 0.062234
v -0.330361 4.019037 -2.437766
v -0.330360 4.119037 -2.437766
v -0.330360 4.019037 0.062234
v -0.330360 4.119037 0.062234
v -0.930360 4.019037 -2.437766
v -0.930361 4.119037 -2.437766
v -0.930360 4.019037 0.062234
v -0.930360 4.119037 0.062234
v -0.810360 4.469037 -2.437766
v -0.810361 4.569037 -2.437766
v -0.810360 4.469037 0.062234
v -0.810360 4.569037 0.062234
v -1.410360 4.469037 -2.437766
v -1.410360 4.569037 -2.437766
v -1.410360 4.469037 0.062234
v -1.410360 4.569037 0.062234
v -1.290360 4.919036 -2.437766
v -1.290361 5.019037 -2.437766
v -1.290360 4.919037 0.062234
v -1.290360 5.019036 0.062234
v -1.890360 4.919036 -2.437766
v -1.890360 5.019037 -2.437766
v -1.890360 4.919037 0.062234
v -1.890360 5.019036 0.062234
vn 0.0052 0.0053 -1.0000
vn 0.0097 0.0127 -0.9999
vn 0.3271 0.3935 -0.8592
vn 0.3716 0.3422 -0.8630
vn 0.5588 0.6667 -0.4932
vn 0.6374 0.5887 -0.4971
vn 0.6432 0.7657 -0.0000
vn 0.7343 0.6789 -0.0000
vn 0.5588 0.6667 0.4932
vn 0.6374 0.5887 0.4971
vn 0.3271 0.3935 0.8592
vn 0.3716 0.3422 0.8630
vn 0.0097 0.0127 0.9999
vn 0.0052 0.0053 1.0000
vn -0.3045 -0.3797 0.8735
vn -0.3687 -0.3275 0.8700
vn -0.5240 -0.6825 0.5095
vn -0.6608 -0.5539 0.5065
vn -0.5990 -0.8008 -0.0000
vn -0.7792 -0.6267 -0.0000
vn -0.5240 -0.6825 -0.5095
vn -0.6608 -0.5539 -0.5065
vn -0.1927 -0.4412 0.8765
vn -0.3134 -0.8012 0.5097
vn -0.3045 -0.3797 -0.8735
vn -0.3687 -0.3275 -0.8700
vn 0.0079 0.0074 0.9999
vn 0.4081 0.3025 0.8613
vn 0.6966 0.5191 0.4954
vn 0.4441 0.2467 0.8613
vn 0.7583 0.4237 0.4954
vn 0.8014 0.5982 -0.0000
vn 0.0079 0.0074 -0.9999
vn -0.4060 -0.2783 -0.8704
vn 0.4082 0.3025 -0.8613
vn 0.6966 0.5191 -0.4954
vn -0.7393 -0.4472 -0.5034
vn -0.8745 -0.4851 -0.0000
vn -0.7393 -0.4472 0.5034
vn -0.4061 -0.2783 0.8704
vn -0.4389 -0.2229 0.8704
vn -0.7914 -0.3468 0.5034
vn -0.8299 -0.2406 0.5034
vn -0.4642 -0.1638 0.8704
vn 0.0088 0.0063 -0.9999
vn -0.4389 -0.2230 -0.8704
vn 0.7584 0.4237 -0.4954
vn 0.4442 0.2466 -0.8613
vn -0.9303 -0.3668 -0.0000
vn 0.0088 0.0063 0.9999
vn 0.8726 0.4885 -0.0000
vn -0.7914 -0.3469 -0.5034
vn 0.0096 0.0050 -0.9999
vn 0.4725 0.1866 -0.8613
vn 0.4929 0.1233 -0.8613
vn 0.0101 0.0038 -0.9999
vn 0.4725 0.1866 0.8613
vn 0.8072 0.3211 0.4954
vn -0.4642 -0.1638 -0.8704
vn 0.8072 0.3211 -0.4954
vn -0.9702 -0.2422 -0.0000
vn 0.0096 0.0051 0.9999
vn 0.9289 0.3704 -0.0000
vn -0.8299 -0.2406 -0.5034
vn -0.8542 -0.1302 -0.5034
vn -0.4816 -0.1018 -0.8704
vn -0.4908 -0.0380 -0.8704
vn -0.8639 -0.0176 -0.5034
vn -0.8542 -0.1302 0.5034
vn -0.4816 -0.1018 0.8704
vn 0.4929 0.1233 0.8613
vn 0.8422 0.2130 0.4954
vn 0.8422 0.2130 -0.4954
vn -0.9935 -0.1135 -0.0000
vn 0.0102 0.0038 0.9999
vn 0.9693 0.2460 -0.0000
vn 0.9931 0.1174 -0.0000
vn 0.8628 0.1012 0.4954
vn 0.8669 0.0222 0.4979
vn 0.9997 0.0259 -0.0000
vn 0.5047 0.0579 -0.8613
vn 0.0105 0.0024 -0.9999
vn -0.8639 -0.0176 0.5034
vn -0.4908 -0.0380 0.8704
vn 0.5047 0.0579 0.8613
vn 0.8628 0.1012 -0.4954
vn -0.9999 0.0172 -0.0000
vn 0.0105 0.0024 0.9999
vn 0.8660 -0.0000 0.5000
vn 1.0000 -0.0000 -0.0000
vn -0.4993 -0.0028 -0.8665
vn -0.8672 0.0198 -0.4976
vn 0.5031 0.0124 -0.8641
vn 0.0033 0.0009 -1.0000
vn -0.8672 0.0198 0.4976
vn -0.4993 -0.0028 0.8664
vn 0.5031 0.0124 0.8641
vn 0.8669 0.0222 -0.4979
vn -0.9992 0.0396 -0.0000
vn 0.0033 0.0009 1.0000
vn -0.6968 0.5050 -0.5094
vn -0.3997 0.2281 -0.8878
vn -0.3486 0.3315 -0.8767
vn -0.5468 0.6749 -0.4956
vn -0.5000 -0.0000 -0.8660
vn -0.8660 -0.0000 -0.5000
vn 0.5000 -0.0000 -0.8660
vn -0.0000 -0.0000 -1.0000
vn -0.8660 -0.0000 0.5000
vn -0.5000 -0.0000 0.8660
vn 0.5000 -0.0000 0.8660
vn 0.8660 -0.0000 -0.5000
vn -1.0000 -0.0000 -0.0000
vn -0.0000 -0.0000 1.0000
vn 0.0116 0.0223 0.9997
vn 0.0044 0.0247 0.9997
vn -0.0511 -0.4787 0.8765
vn 0.2263 0.4665 0.8551
vn 0.3841 0.7830 0.4893
vn 0.4416 0.8972 -0.0000
vn -0.1927 -0.4412 -0.8765
vn 0.0116 0.0223 -0.9997
vn 0.2263 0.4665 -0.8551
vn 0.3841 0.7830 -0.4893
vn -0.3134 -0.8012 -0.5097
vn -0.3425 -0.9395 -0.0000
vn -0.0580 -0.8584 -0.5097
vn -0.0442 -0.9990 -0.0000
vn 0.2583 -0.9661 -0.0000
vn 0.2028 -0.8361 -0.5097
vn 0.1514 0.9885 -0.0000
vn 0.1309 0.8622 0.4893
vn -0.0511 -0.4787 -0.8765
vn 0.0044 0.0247 -0.9997
vn 0.0755 0.5130 -0.8551
vn -0.0580 -0.8584 0.5097
vn 0.0755 0.5130 0.8551
vn 0.1309 0.8622 -0.4893
vn -0.1528 0.9883 -0.0000
vn -0.1345 0.8617 -0.4893
vn -0.3873 0.7814 -0.4893
vn -0.4429 0.8966 -0.0000
vn -0.0033 0.0249 0.9997
vn 0.0952 -0.4719 0.8765
vn -0.1345 0.8617 0.4893
vn 0.0952 -0.4719 -0.8765
vn -0.0033 0.0249 -0.9997
vn -0.0822 0.5120 -0.8551
vn 0.2028 -0.8361 0.5097
vn -0.0822 0.5120 0.8551
vn -0.6044 0.6287 -0.4893
vn -0.6920 0.7219 -0.0000
vn 0.5369 -0.8437 -0.0000
vn 0.4449 -0.7364 -0.5097
vn -0.0106 0.0228 0.9997
vn 0.2327 -0.4214 0.8765
vn -0.3873 0.7814 0.4893
vn 0.2327 -0.4214 -0.8765
vn -0.0106 0.0228 -0.9997
vn -0.2324 0.4635 -0.8551
vn 0.4449 -0.7364 0.5097
vn -0.2324 0.4635 0.8551
vn -0.0170 0.0185 0.9997
vn -0.3610 0.3722 0.8551
vn -0.4562 0.2464 0.8551
vn -0.0217 0.0126 0.9997
vn 0.7657 -0.6432 -0.0000
vn 0.6457 -0.5686 -0.5097
vn 0.3487 -0.3319 0.8765
vn -0.6044 0.6287 0.4893
vn 0.3487 -0.3319 -0.8765
vn -0.0170 0.0185 -0.9997
vn -0.3610 0.3722 -0.8551
vn 0.6457 -0.5686 0.5097
vn -0.5124 0.0883 0.8542
vn -0.0268 0.0041 0.9996
vn -0.7655 0.4179 -0.4893
vn -0.8771 0.4803 -0.0000
vn 0.9237 -0.3832 -0.0000
vn 0.7868 -0.3481 -0.5097
vn 0.4324 -0.2117 0.8765
vn -0.7655 0.4179 0.4893
vn 0.4324 -0.2117 -0.8765
vn -0.0217 0.0126 -0.9997
vn -0.4562 0.2464 -0.8551
vn 0.7868 -0.3481 0.5097
vn 0.9928 -0.1196 -0.0000
vn 0.8542 -0.1127 0.5075
vn 0.8640 0.0523 0.5008
vn 0.9982 0.0607 -0.0000
vn -0.8592 0.1515 -0.4888
vn -0.9846 0.1747 -0.0000
vn 0.8542 -0.1127 -0.5075
vn 0.4758 -0.0728 0.8765
vn -0.8592 0.1515 0.4888
vn 0.4758 -0.0728 -0.8765
vn -0.0268 0.0041 -0.9996
vn -0.5124 0.0883 -0.8542
vn -0.8689 -0.0515 -0.4923
vn -0.5099 -0.0307 -0.8597
vn -0.5010 -0.1227 -0.8567
vn -0.8465 -0.2073 -0.4904
vn -0.5099 -0.0307 0.8597
vn -0.0100 -0.0012 0.9999
vn -0.9983 -0.0589 -0.0000
vn 0.8640 0.0523 -0.5008
vn 0.4951 0.0295 0.8683
vn -0.8689 -0.0515 0.4923
vn 0.4951 0.0295 -0.8683
vn -0.0100 -0.0012 -0.9999
vn -0.0193 -0.0047 -0.9998
vn 0.4722 0.1156 -0.8739
vn 0.4311 0.2247 -0.8739
vn -0.0176 -0.0092 -0.9998
vn 0.8369 0.2050 0.5075
vn 0.9713 0.2379 -0.0000
vn -0.5010 -0.1227 0.8567
vn -0.0193 -0.0047 0.9998
vn -0.9713 -0.2379 -0.0000
vn 0.8369 0.2050 -0.5075
vn 0.4722 0.1157 0.8739
vn -0.8465 -0.2073 0.4904
vn -0.4574 -0.2384 0.8567
vn -0.7728 -0.4028 0.4904
vn -0.6579 -0.5708 0.4912
vn -0.3884 -0.3380 0.8572
vn -0.4574 -0.2384 -0.8567
vn -0.7728 -0.4028 -0.4904
vn 0.7641 0.3983 0.5075
vn 0.8868 0.4622 -0.0000
vn -0.0176 -0.0092 0.9998
vn -0.8868 -0.4622 -0.0000
vn 0.7641 0.3982 -0.5075
vn 0.4311 0.2247 0.8739
vn -0.5916 -0.6356 0.4961
vn -0.3423 -0.3689 0.8641
vn 0.3628 0.3219 -0.8745
vn -0.0153 -0.0127 -0.9998
vn -0.3884 -0.3380 -0.8572
vn -0.6579 -0.5708 -0.4912
vn 0.6421 0.5735 0.5087
vn 0.7449 0.6672 -0.0000
vn -0.0153 -0.0127 0.9998
vn -0.7557 -0.6549 -0.0000
vn 0.6422 0.5735 -0.5087
vn 0.3628 0.3219 0.8745
vn -0.4335 -0.7613 -0.4821
vn -0.4932 -0.8699 -0.0000
vn -0.6818 -0.7315 -0.0000
vn -0.5916 -0.6356 -0.4961
vn 0.3412 0.3750 -0.8620
vn 0.0011 0.0021 -1.0000
vn -0.3423 -0.3689 -0.8641
vn 0.5836 0.6448 0.4936
vn 0.6703 0.7421 -0.0000
vn 0.0010 0.0021 1.0000
vn 0.5836 0.6448 -0.4936
vn 0.3412 0.3750 0.8620
vn 0.7250 -0.4926 0.4814
vn 0.4333 -0.3081 0.8470
vn 0.2368 -0.4760 0.8470
vn 0.4071 -0.7762 0.4814
vn 0.0673 -0.0210 -0.9975
vn 0.5219 -0.2008 -0.8290
vn 0.4333 -0.3081 -0.8470
vn 0.0318 -0.0237 -0.9992
vn -0.3997 0.2281 0.8878
vn -0.6968 0.5050 0.5094
vn -0.5468 0.6749 0.4956
vn -0.3486 0.3315 0.8767
vn 0.8319 -0.3073 0.4621
vn 0.5219 -0.2008 0.8290
vn 0.8319 -0.3073 -0.4621
vn 0.7250 -0.4926 -0.4814
vn -0.7658 0.6430 -0.0000
vn -0.5711 0.8209 -0.0000
vn 0.0673 -0.0210 0.9975
vn 0.0318 -0.0237 0.9992
vn 0.9396 -0.3423 -0.0000
vn 0.8306 -0.5568 -0.0000
vn -0.0225 -0.5332 0.8457
vn -0.0177 -0.8771 0.4800
vn 0.0168 -0.0359 -0.9992
vn -0.1512 0.4567 -0.8767
vn 0.4071 -0.7762 -0.4814
vn 0.2368 -0.4760 -0.8470
vn -0.1167 0.9932 -0.0000
vn -0.1641 0.8529 0.4956
vn 0.0168 -0.0359 0.9992
vn 0.4700 -0.8827 -0.0000
vn -0.1641 0.8529 -0.4956
vn -0.1512 0.4567 0.8767
vn 0.0875 0.4718 0.8774
vn 0.2823 0.8199 0.4981
vn 0.5525 0.6774 0.4856
vn 0.2784 0.4043 0.8712
vn -0.0036 -0.0413 -0.9991
vn 0.0875 0.4718 -0.8774
vn -0.0177 -0.8771 -0.4800
vn -0.0225 -0.5332 -0.8457
vn 0.4118 0.9113 -0.0000
vn -0.0036 -0.0413 0.9991
vn -0.0137 -0.9999 -0.0000
vn 0.2822 0.8199 -0.4981
vn -0.2653 -0.4585 -0.8482
vn -0.2653 -0.4585 0.8482
vn -0.4335 -0.7613 0.4821
vn -0.0159 -0.0298 -0.9994
vn 0.2784 0.4043 -0.8712
vn 0.6632 0.7485 -0.0000
vn -0.0159 -0.0298 0.9994
vn 0.5525 0.6774 -0.4856
vn -0.0000 -0.6532 -0.7572
vn 0.0409 0.6067 -0.7939
vn 0.4317 0.6351 -0.6405
vn 0.3786 -0.6532 -0.6557
vn 0.6909 0.6247 -0.3638
vn 0.6557 -0.6532 -0.3786
vn 0.7838 0.6210 -0.0000
vn 0.7572 -0.6532 -0.0000
vn 0.6909 0.6247 0.3638
vn 0.6557 -0.6532 0.3786
vn 0.4317 0.6351 0.6405
vn 0.3786 -0.6532 0.6557
vn 0.0409 0.6067 0.7939
vn -0.0000 -0.6532 0.7572
vn -0.3268 0.6940 0.6415
vn -0.3786 -0.6532 0.6557
vn -0.6186 0.6790 0.3954
vn -0.6557 -0.6532 0.3786
vn -0.7297 0.6838 -0.0000
vn -0.7572 -0.6532 -0.0000
vn -0.6186 0.6790 -0.3954
vn -0.6557 -0.6532 -0.3786
vn -0.3268 0.6940 -0.6415
vn -0.3786 -0.6532 -0.6557
vn -0.0000 0.6532 -0.7572
vn 0.3786 0.6532 -0.6557
vn -0.7572 0.6532 -0.0000
vn -0.6557 0.6532 -0.3786
vn -0.7071 -0.0000 -0.7071
vn -0.0000 0.6532 0.7572
vn -0.3786 0.6532 0.6557
vn 0.6557 0.6532 -0.3786
vn -0.3786 0.6532 -0.6557
vn 0.2588 -0.0000 0.9659
vn 0.1332 0.8575 0.4970
vn -0.6557 0.6532 0.3786
vn 0.7572 0.6532 -0.0000
vn 0.9659 -0.0000 0.2588
vn 0.4970 0.8575 0.1332
vn 0.4082 0.3025 0.8613
vn 0.7584 0.4237 0.4954
vn -0.4060 -0.2783 0.8704
vn -0.4389 -0.2230 0.8704
vn 0.0088 0.0062 -0.9999
vn -0.7913 -0.3469 -0.5034
vn 0.0101 0.0037 -0.9999
vn 0.0101 0.0038 0.9999
vn 0.0106 0.0024 0.9999
vn -0.4993 -0.0028 0.8665
vn -0.8465 -0.2074 -0.4904
vn 0.4951 0.0294 -0.8683
vn -0.3423 -0.3690 -0.8641
vn 0.0011 0.0021 1.0000
vn 0.4332 -0.3081 -0.8470
vn 0.2784 0.4044 -0.8712
vn 0.0098 0.0127 0.9999
vn 0.7583 0.4237 -0.4954
vn 0.4441 0.2467 -0.8613
vn -0.0268 0.0040 -0.9996
vn 0.4951 0.0295 -0.8684
vn 0.4311 0.2246 -0.8739
vn 0.4721 0.1157 0.8739
vn -0.0000 -1.0000 -0.0000
vn -0.0000 1.0000 -0.0000
vt 1.000000 0.500000
vt 1.000000 1.000000
vt 0.916667 1.000000
vt 0.916667 0.500000
vt 0.833333 1.000000
vt 0.833333 0.500000
vt 0.750000 1.000000
vt 0.750000 0.500000
vt 0.666667 1.000000
vt 0.666667 0.500000
vt 0.583333 1.000000
vt 0.583333 0.500000
vt 0.500000 1.000000
vt 0.500000 0.500000
vt 0.416667 1.000000
vt 0.416667 0.500000
vt 0.333333 1.000000
vt 0.333333 0.500000
vt 0.250000 1.000000
vt 0.250000 0.500000
vt 0.166667 1.000000
vt 0.166667 0.500000
vt 0.083333 1.000000
vt 0.083333 0.500000
vt 0.000000 1.000000
vt 0.000000 0.500000
vt 0.833333 0.500143
vt 0.750000 0.500071
vt 0.333333 0.500143
vt 0.416667 0.500143
vt 0.916667 0.500143
vt 0.583333 0.500143
vt 0.666667 0.500143
vt 0.000000 0.500143
vt 0.083333 0.500143
vt 0.250000 0.500143
vt 0.500000 0.500143
vt 0.166667 0.500143
vt 1.000000 0.500143
vt 0.370000 0.457846
vt 0.250000 0.490000
vt 0.130000 0.457846
vt 0.042154 0.370000
vt 0.010000 0.250000
vt 0.042154 0.130000
vt 0.130000 0.042154
vt 0.250000 0.010000
vt 0.370000 0.042154
vt 0.457846 0.130000
vt 0.490000 0.250000
vt 0.457846 0.370000
vt 0.750000 0.490000
vt 0.870000 0.457846
vt 0.957846 0.370000
vt 0.990000 0.250000
vt 0.957846 0.130000
vt 0.870000 0.042154
vt 0.750000 0.010000
vt 0.630000 0.042154
vt 0.542154 0.130000
vt 0.510000 0.250000
vt 0.542154 0.370000
vt 0.630000 0.457846
vt 0.375000 0.000000
vt 0.625000 0.000000
vt 0.625000 0.250000
vt 0.375000 0.250000
vt 0.625000 0.500000
vt 0.375000 0.500000
vt 0.625000 0.750000
vt 0.375000 0.750000
vt 0.625000 1.000000
vt 0.375000 1.000000
vt 0.125000 0.500000
vt 0.125000 0.750000
vt 0.875000 0.500000
vt 0.875000 0.750000
s 1
f 1541/146/405 1542/147/406 1544/148/407 1543/149/408
f 1543/149/408 1544/148/407 1546/150/409 1545/151/410
f 1545/151/410 1546/150/409 1548/152/411 1547/153/412
f 1547/153/412 1548/152/411 1550/154/413 1549/155/414
f 1549/155/414 1550/154/413 1552/156/415 1551/157/416
f 1551/157/416 1552/156/415 1554/158/417 1553/159/418
f 1553/159/418 1554/158/417 1556/160/419 1555/161/420
f 1555/161/420 1556/160/419 1558/162/421 1557/163/422
f 1557/163/422 1558/162/421 1560/164/423 1559/165/424
f 1559/165/424 1560/164/423 1562/166/425 1561/167/426
f 1558/162/421 1556/160/419 1656/160/427 1657/162/428
f 1561/167/426 1562/166/425 1564/168/429 1563/169/430
f 1563/169/430 1564/168/429 1542/170/406 1541/171/405
f 1551/157/416 1553/159/418 1571/159/431 1570/157/432
f 1569/155/433 1570/157/432 1582/157/434 1581/155/435
f 1549/155/414 1551/157/416 1570/157/432 1569/155/433
f 1547/153/412 1549/155/414 1569/155/433 1568/153/436
f 1563/169/430 1541/171/405 1565/171/437 1576/169/438
f 1541/146/405 1543/149/408 1566/149/439 1565/146/437
f 1545/151/410 1547/153/412 1568/153/436 1567/151/440
f 1561/167/426 1563/169/430 1576/169/438 1575/167/441
f 1543/149/408 1545/151/410 1567/151/440 1566/149/439
f 1559/165/424 1561/167/426 1575/167/441 1574/165/442
f 1557/163/422 1559/165/424 1574/165/442 1573/163/443
f 1555/161/420 1557/163/422 1573/163/443 1572/161/444
f 1553/159/418 1555/161/420 1572/161/444 1571/159/431
f 1584/161/445 1585/163/446 1597/163/447 1596/161/448
f 1576/169/438 1565/171/437 1577/171/449 1588/169/450
f 1566/149/439 1567/151/440 1579/151/451 1578/149/452
f 1573/163/443 1574/165/442 1586/165/453 1585/163/446
f 1570/157/432 1571/159/431 1583/159/454 1582/157/434
f 1567/151/440 1568/153/436 1580/153/455 1579/151/451
f 1574/165/442 1575/167/441 1587/167/456 1586/165/453
f 1571/159/431 1572/161/444 1584/161/445 1583/159/454
f 1568/153/436 1569/155/433 1581/155/435 1580/153/455
f 1575/167/441 1576/169/438 1588/169/450 1587/167/456
f 1565/146/437 1566/149/439 1578/149/452 1577/146/449
f 1572/161/444 1573/163/443 1585/163/446 1584/161/445
f 1589/146/457 1590/149/458 1602/149/459 1601/146/460
f 1581/155/435 1582/157/434 1594/157/461 1593/155/462
f 1588/169/450 1577/171/449 1589/171/457 1600/169/463
f 1578/149/452 1579/151/451 1591/151/464 1590/149/458
f 1585/163/446 1586/165/453 1598/165/465 1597/163/447
f 1582/157/434 1583/159/454 1595/159/466 1594/157/461
f 1579/151/451 1580/153/455 1592/153/467 1591/151/464
f 1586/165/453 1587/167/456 1599/167/468 1598/165/465
f 1583/159/454 1584/161/445 1596/161/448 1595/159/466
f 1580/153/455 1581/155/435 1593/155/462 1592/153/467
f 1587/167/456 1588/169/450 1600/169/463 1599/167/468
f 1577/146/449 1578/149/452 1590/149/458 1589/146/457
f 1611/167/469 1612/169/470 1624/169/471 1623/167/472
f 1596/161/448 1597/163/447 1609/163/473 1608/161/474
f 1593/155/462 1594/157/461 1606/157/475 1605/155/476
f 1600/169/463 1589/171/457 1601/171/460 1612/169/470
f 1590/149/458 1591/151/464 1603/151/477 1602/149/459
f 1597/163/447 1598/165/465 1610/165/478 1609/163/473
f 1594/157/461 1595/159/466 1607/159/479 1606/157/475
f 1591/151/464 1592/153/467 1604/153/480 1603/151/477
f 1598/165/465 1599/167/468 1611/167/469 1610/165/478
f 1595/159/466 1596/161/448 1608/161/474 1607/159/479
f 1592/153/467 1593/155/462 1605/155/476 1604/153/480
f 1599/167/468 1600/169/463 1612/169/470 1611/167/469
f 1616/153/481 1617/155/482 1629/155/483 1628/153/484
f 1601/146/460 1602/149/459 1614/149/485 1613/146/486
f 1608/161/474 1609/163/473 1621/163/487 1620/161/488
f 1605/155/476 1606/157/475 1618/157/489 1617/155/482
f 1612/169/470 1601/171/460 1613/171/486 1624/169/471
f 1602/149/459 1603/151/477 1615/151/490 1614/149/485
f 1609/163/473 1610/165/478 1622/165/491 1621/163/487
f 1606/157/475 1607/159/479 1619/159/492 1618/157/489
f 1603/151/477 1604/153/480 1616/153/481 1615/151/490
f 1610/165/478 1611/167/469 1623/167/472 1622/165/491
f 1607/159/479 1608/161/474 1620/161/488 1619/159/492
f 1604/153/480 1605/155/476 1617/155/482 1616/153/481
f 1628/153/484 1629/155/483 1641/155/493 1640/153/494
f 1623/167/472 1624/169/471 1636/169/495 1635/167/496
f 1613/146/486 1614/149/485 1626/149/497 1625/146/498
f 1620/161/488 1621/163/487 1633/163/499 1632/161/500
f 1617/155/482 1618/157/489 1630/157/501 1629/155/483
f 1624/169/471 1613/171/486 1625/171/498 1636/169/495
f 1614/149/485 1615/151/490 1627/151/502 1626/149/497
f 1621/163/487 1622/165/491 1634/165/503 1633/163/499
f 1618/157/489 1619/159/492 1631/159/504 1630/157/501
f 1615/151/490 1616/153/481 1628/153/484 1627/151/502
f 1622/165/491 1623/167/472 1635/167/496 1634/165/503
f 1619/159/492 1620/161/488 1632/161/500 1631/159/504
f 1647/167/505 1648/169/506 1804/169/507 1803/167/508
f 1635/167/496 1636/169/495 1648/169/509 1647/167/510
f 1625/146/498 1626/149/497 1638/149/511 1637/146/512
f 1632/161/500 1633/163/499 1645/163/513 1644/161/514
f 1629/155/483 1630/157/501 1642/157/515 1641/155/493
f 1636/169/495 1625/171/498 1637/171/512 1648/169/509
f 1626/149/497 1627/151/502 1639/151/516 1638/149/511
f 1633/163/499 1634/165/503 1646/165/517 1645/163/513
f 1630/157/501 1631/159/504 1643/159/518 1642/157/515
f 1627/151/502 1628/153/484 1640/153/494 1639/151/516
f 1634/165/503 1635/167/496 1647/167/510 1646/165/517
f 1631/159/504 1632/161/500 1644/161/514 1643/159/518
f 1656/160/427 1655/158/519 1667/158/520 1668/160/521
f 1556/160/419 1554/158/417 1655/158/519 1656/160/427
f 1554/158/417 1552/156/415 1654/156/522 1655/158/519
f 1552/156/415 1550/154/413 1653/154/523 1654/156/522
f 1550/154/413 1548/152/411 1652/152/524 1653/154/523
f 1542/170/406 1564/168/429 1660/168/525 1649/170/526
f 1544/148/407 1542/147/406 1649/147/526 1650/148/527
f 1548/152/411 1546/150/409 1651/150/528 1652/152/524
f 1564/168/429 1562/166/425 1659/166/529 1660/168/525
f 1546/150/409 1544/148/407 1650/148/527 1651/150/528
f 1562/166/425 1560/164/423 1658/164/530 1659/166/529
f 1560/164/423 1558/162/421 1657/162/428 1658/164/530
f 1671/166/531 1670/164/532 1682/164/533 1683/166/534
f 1653/154/523 1652/152/524 1664/152/535 1665/154/536
f 1660/168/525 1659/166/529 1671/166/531 1672/168/537
f 1650/148/527 1649/147/526 1661/147/538 1662/148/539
f 1657/162/428 1656/160/427 1668/160/521 1669/162/540
f 1654/156/522 1653/154/523 1665/154/536 1666/156/541
f 1649/170/526 1660/168/525 1672/168/537 1661/170/538
f 1651/150/528 1650/148/527 1662/148/539 1663/150/542
f 1658/164/530 1657/162/428 1669/162/540 1670/164/532
f 1655/158/519 1654/156/522 1666/156/541 1667/158/520
f 1652/152/524 1651/150/528 1663/150/542 1664/152/535
f 1659/166/529 1658/164/530 1670/164/532 1671/166/531
f 1676/152/543 1675/150/544 1687/150/545 1688/152/546
f 1668/160/521 1667/158/520 1679/158/547 1680/160/548
f 1665/154/536 1664/152/535 1676/152/543 1677/154/549
f 1672/168/537 1671/166/531 1683/166/534 1684/168/550
f 1662/148/539 1661/147/538 1673/147/551 1674/148/552
f 1669/162/540 1668/160/521 1680/160/548 1681/162/553
f 1666/156/541 1665/154/536 1677/154/549 1678/156/554
f 1661/170/538 1672/168/537 1684/168/550 1673/170/551
f 1663/150/542 1662/148/539 1674/148/552 1675/150/544
f 1670/164/532 1669/162/540 1681/162/553 1682/164/533
f 1667/158/520 1666/156/541 1678/156/554 1679/158/547
f 1664/152/535 1663/150/542 1675/150/544 1676/152/543
f 1688/152/546 1687/150/545 1699/150/555 1700/152/556
f 1683/166/534 1682/164/533 1694/164/557 1695/166/558
f 1680/160/548 1679/158/547 1691/158/559 1692/160/560
f 1677/154/549 1676/152/543 1688/152/546 1689/154/561
f 1684/168/550 1683/166/534 1695/166/558 1696/168/562
f 1674/148/552 1673/147/551 1685/147/563 1686/148/564
f 1681/162/553 1680/160/548 1692/160/560 1693/162/565
f 1678/156/554 1677/154/549 1689/154/561 1690/156/566
f 1673/170/551 1684/168/550 1696/168/562 1685/170/563
f 1675/150/544 1674/148/552 1686/148/564 1687/150/545
f 1682/164/533 1681/162/553 1693/162/565 1694/164/557
f 1679/158/547 1678/156/554 1690/156/566 1691/158/559
f 1703/158/567 1702/156/568 1714/156/569 1715/158/570
f 1695/166/558 1694/164/557 1706/164/571 1707/166/572
f 1692/160/560 1691/158/559 1703/158/567 1704/160/573
f 1689/154/561 1688/152/546 1700/152/556 1701/154/574
f 1696/168/562 1695/166/558 1707/166/572 1708/168/575
f 1686/148/564 1685/147/563 1697/147/576 1698/148/577
f 1693/162/565 1692/160/560 1704/160/573 1705/162/578
f 1690/156/566 1689/154/561 1701/154/574 1702/156/568
f 1685/170/563 1696/168/562 1708/168/575 1697/170/576
f 1687/150/545 1686/148/564 1698/148/577 1699/150/555
f 1694/164/557 1693/162/565 1705/162/578 1706/164/571
f 1691/158/559 1690/156/566 1702/156/568 1703/158/567
f 1715/158/570 1714/156/569 1726/156/579 1727/158/580
f 1700/152/556 1699/150/555 1711/150/581 1712/152/582
f 1707/166/572 1706/164/571 1718/164/583 1719/166/584
f 1704/160/573 1703/158/567 1715/158/570 1716/160/585
f 1701/154/574 1700/152/556 1712/152/582 1713/154/586
f 1708/168/575 1707/166/572 1719/166/584 1720/168/587
f 1698/148/577 1697/147/576 1709/147/588 1710/148/589
f 1705/162/578 1704/160/573 1716/160/585 1717/162/590
f 1702/156/568 1701/154/574 1713/154/586 1714/156/569
f 1697/170/576 1708/168/575 1720/168/587 1709/170/588
f 1699/150/555 1698/148/577 1710/148/589 1711/150/581
f 1706/164/571 1705/162/578 1717/162/590 1718/164/583
f 1730/164/591 1729/162/592 1741/162/593 1742/164/594
f 1712/152/582 1711/150/581 1723/150/595 1724/152/596
f 1719/166/584 1718/164/583 1730/164/591 1731/166/597
f 1716/160/585 1715/158/570 1727/158/580 1728/160/598
f 1713/154/586 1712/152/582 1724/152/596 1725/154/599
f 1720/168/587 1719/166/584 1731/166/597 1732/168/600
f 1710/148/589 1709/147/588 1721/147/601 1722/148/602
f 1717/162/590 1716/160/585 1728/160/598 1729/162/592
f 1714/156/569 1713/154/586 1725/154/599 1726/156/579
f 1709/170/588 1720/168/587 1732/168/600 1721/170/601
f 1711/150/581 1710/148/589 1722/148/602 1723/150/595
f 1718/164/583 1717/162/590 1729/162/592 1730/164/591
f 1735/150/603 1734/148/604 1746/148/605 1747/150/606
f 1727/158/580 1726/156/579 1738/156/607 1739/158/608
f 1724/152/596 1723/150/595 1735/150/603 1736/152/609
f 1731/166/597 1730/164/591 1742/164/594 1743/166/610
f 1728/160/598 1727/158/580 1739/158/608 1740/160/611
f 1725/154/599 1724/152/596 1736/152/609 1737/154/612
f 1732/168/600 1731/166/597 1743/166/610 1744/168/613
f 1722/148/602 1721/147/601 1733/147/614 1734/148/604
f 1729/162/592 1728/160/598 1740/160/611 1741/162/593
f 1726/156/579 1725/154/599 1737/154/612 1738/156/607
f 1721/170/601 1732/168/600 1744/168/613 1733/170/614
f 1723/150/595 1722/148/602 1734/148/604 1735/150/603
f 1745/170/615 1756/168/616 1768/168/617 1757/170/618
f 1742/164/594 1741/162/593 1753/162/619 1754/164/620
f 1739/158/608 1738/156/607 1750/156/621 1751/158/622
f 1736/152/609 1735/150/603 1747/150/606 1748/152/623
f 1743/166/610 1742/164/594 1754/164/620 1755/166/624
f 1740/160/611 1739/158/608 1751/158/622 1752/160/625
f 1737/154/612 1736/152/609 1748/152/623 1749/154/626
f 1744/168/613 1743/166/610 1755/166/624 1756/168/616
f 1734/148/604 1733/147/614 1745/147/615 1746/148/605
f 1741/162/593 1740/160/611 1752/160/625 1753/162/619
f 1738/156/607 1737/154/612 1749/154/626 1750/156/621
f 1733/170/614 1744/168/613 1756/168/616 1745/170/615
f 1762/156/627 1761/154/628 1773/154/629 1774/156/630
f 1747/150/606 1746/148/605 1758/148/631 1759/150/632
f 1754/164/620 1753/162/619 1765/162/633 1766/164/634
f 1751/158/622 1750/156/621 1762/156/627 1763/158/635
f 1748/152/623 1747/150/606 1759/150/632 1760/152/636
f 1755/166/624 1754/164/620 1766/164/634 1767/166/637
f 1752/160/625 1751/158/622 1763/158/635 1764/160/638
f 1749/154/626 1748/152/623 1760/152/636 1761/154/628
f 1756/168/616 1755/166/624 1767/166/637 1768/168/617
f 1746/148/605 1745/147/615 1757/147/618 1758/148/631
f 1753/162/619 1752/160/625 1764/160/638 1765/162/633
f 1750/156/621 1749/154/626 1761/154/628 1762/156/627
f 1774/156/630 1773/154/629 1785/154/639 1786/156/640
f 1757/170/618 1768/168/617 1780/168/641 1769/170/642
f 1759/150/632 1758/148/631 1770/148/643 1771/150/644
f 1766/164/634 1765/162/633 1777/162/645 1778/164/646
f 1763/158/635 1762/156/627 1774/156/630 1775/158/647
f 1760/152/636 1759/150/632 1771/150/644 1772/152/648
f 1767/166/637 1766/164/634 1778/164/646 1779/166/649
f 1764/160/638 1763/158/635 1775/158/647 1776/160/650
f 1761/154/628 1760/152/636 1772/152/648 1773/154/629
f 1768/168/617 1767/166/637 1779/166/649 1780/168/641
f 1758/148/631 1757/147/618 1769/147/642 1770/148/643
f 1765/162/633 1764/160/638 1776/160/650 1777/162/645
f 1831/172/651 1832/173/652 1784/152/653 1783/150/654
f 1769/170/642 1780/168/641 1792/168/655 1781/170/656
f 1771/150/644 1770/148/643 1782/148/657 1783/150/654
f 1778/164/646 1777/162/645 1789/162/658 1790/164/659
f 1775/158/647 1774/156/630 1786/156/640 1787/158/660
f 1772/152/648 1771/150/644 1783/150/654 1784/152/653
f 1779/166/649 1778/164/646 1790/164/659 1791/166/661
f 1776/160/650 1775/158/647 1787/158/660 1788/160/662
f 1773/154/629 1772/152/648 1784/152/653 1785/154/639
f 1780/168/641 1779/166/649 1791/166/661 1792/168/655
f 1770/148/643 1769/147/642 1781/147/656 1782/148/657
f 1777/162/645 1776/160/650 1788/160/662 1789/162/658
f 1797/155/663 1798/157/664 1810/157/665 1809/155/666
f 1637/146/667 1638/149/668 1794/149/669 1793/146/670
f 1644/161/671 1645/163/672 1801/163/673 1800/161/674
f 1641/155/675 1642/157/676 1798/157/664 1797/155/663
f 1648/169/506 1637/171/667 1793/171/670 1804/169/507
f 1638/149/668 1639/151/677 1795/151/678 1794/149/669
f 1645/163/672 1646/165/679 1802/165/680 1801/163/673
f 1642/157/676 1643/159/681 1799/159/682 1798/157/664
f 1639/151/677 1640/153/683 1796/153/684 1795/151/678
f 1646/165/679 1647/167/505 1803/167/508 1802/165/680
f 1643/159/681 1644/161/671 1800/161/674 1799/159/682
f 1640/153/683 1641/155/675 1797/155/663 1796/153/684
f 1809/155/666 1810/157/665 1822/157/685 1821/155/686
f 1804/169/507 1793/171/670 1805/171/687 1816/169/688
f 1794/149/669 1795/151/678 1807/151/689 1806/149/690
f 1801/163/673 1802/165/680 1814/165/691 1813/163/692
f 1798/157/664 1799/159/682 1811/159/693 1810/157/665
f 1795/151/678 1796/153/684 1808/153/694 1807/151/689
f 1802/165/680 1803/167/508 1815/167/695 1814/165/691
f 1799/159/682 1800/161/674 1812/161/696 1811/159/693
f 1796/153/684 1797/155/663 1809/155/666 1808/153/694
f 1803/167/508 1804/169/507 1816/169/688 1815/167/695
f 1793/146/670 1794/149/669 1806/149/690 1805/146/687
f 1800/161/674 1801/163/673 1813/163/692 1812/161/696
f 1824/161/697 1825/163/698 1837/174/699 1836/175/700
f 1816/169/688 1805/171/687 1817/171/701 1828/169/702
f 1806/149/690 1807/151/689 1819/151/703 1818/149/704
f 1813/163/692 1814/165/691 1826/165/705 1825/163/698
f 1810/157/665 1811/159/693 1823/159/706 1822/157/685
f 1807/151/689 1808/153/694 1820/153/707 1819/151/703
f 1814/165/691 1815/167/695 1827/167/708 1826/165/705
f 1811/159/693 1812/161/696 1824/161/697 1823/159/706
f 1808/153/694 1809/155/666 1821/155/686 1820/153/707
f 1815/167/695 1816/169/688 1828/169/702 1827/167/708
f 1805/146/687 1806/149/690 1818/149/704 1817/146/701
f 1812/161/696 1813/163/692 1825/163/698 1824/161/697
f 1830/176/709 1831/172/651 1783/150/654 1782/148/657
f 1821/155/686 1822/157/685 1834/177/710 1833/178/711
f 1828/169/702 1817/171/701 1829/179/712 1840/180/713
f 1818/149/704 1819/151/703 1831/172/651 1830/176/709
f 1825/163/698 1826/165/705 1838/181/714 1837/174/699
f 1822/157/685 1823/159/706 1835/182/715 1834/177/710
f 1819/151/703 1820/153/707 1832/173/652 1831/172/651
f 1826/165/705 1827/167/708 1839/183/716 1838/181/714
f 1823/159/706 1824/161/697 1836/175/700 1835/182/715
f 1820/153/707 1821/155/686 1833/178/711 1832/173/652
f 1827/167/708 1828/169/702 1840/180/713 1839/183/716
f 1817/146/701 1818/149/704 1830/176/709 1829/184/712
f 1832/173/652 1833/178/711 1785/154/639 1784/152/653
f 1833/178/711 1834/177/710 1786/156/640 1785/154/639
f 1834/177/710 1835/182/715 1787/158/660 1786/156/640
f 1835/182/715 1836/175/700 1788/160/662 1787/158/660
f 1836/175/700 1837/174/699 1789/162/658 1788/160/662
f 1837/174/699 1838/181/714 1790/164/659 1789/162/658
f 1838/181/714 1839/183/716 1791/166/661 1790/164/659
f 1839/183/716 1840/180/713 1792/168/655 1791/166/661
f 1840/180/713 1829/179/712 1781/170/656 1792/168/655
f 1829/184/712 1830/176/709 1782/148/657 1781/147/656
f 1841/146/717 1842/147/718 1844/148/719 1843/149/720
f 1843/149/720 1844/148/719 1846/150/721 1845/151/722
f 1845/151/722 1846/150/721 1848/152/723 1847/153/724
f 1847/153/724 1848/152/723 1850/154/725 1849/155/726
f 1849/155/726 1850/154/725 1852/156/727 1851/157/728
f 1851/157/728 1852/156/727 1854/158/729 1853/159/730
f 1853/159/730 1854/158/729 1856/160/731 1855/161/732
f 1855/161/732 1856/160/731 1858/162/733 1857/163/734
f 1857/163/734 1858/162/733 1860/164/735 1859/165/736
f 1859/165/736 1860/164/735 1862/166/737 1861/167/738
f 1844/185/719 1842/186/718 1864/187/739 1862/188/737 1860/189/735 1858/190/733 1856/191/731 1854/192/729 1852/193/727 1850/194/725 1848/195/723 1846/196/721
f 1861/167/738 1862/166/737 1864/168/739 1863/169/740
f 1863/169/740 1864/168/739 1842/170/718 1841/171/717
f 1841/197/717 1843/198/720 1845/199/722 1847/200/724 1849/201/726 1851/202/728 1853/203/730 1855/204/732 1857/205/734 1859/206/736 1861/207/738 1863/208/740
f 1865/146/717 1866/147/718 1868/148/719 1867/149/720
f 1867/149/720 1868/148/719 1870/150/721 1869/151/722
f 1869/151/722 1870/150/721 1872/152/723 1871/153/724
f 1871/153/724 1872/152/723 1874/154/725 1873/155/726
f 1873/155/726 1874/154/725 1876/156/727 1875/157/728
f 1875/157/728 1876/156/727 1878/158/729 1877/159/730
f 1877/159/730 1878/158/729 1880/160/731 1879/161/732
f 1879/161/732 1880/160/731 1882/162/733 1881/163/734
f 1881/163/734 1882/162/733 1884/164/735 1883/165/736
f 1883/165/736 1884/164/735 1886/166/737 1885/167/738
f 1868/185/719 1866/186/718 1888/187/739 1886/188/737 1884/189/735 1882/190/733 1880/191/731 1878/192/729 1876/193/727 1874/194/725 1872/195/723 1870/196/721
f 1885/167/738 1886/166/737 1888/168/739 1887/169/740
f 1887/169/740 1888/168/739 1866/170/718 1865/171/717
f 1865/197/717 1867/198/720 1869/199/722 1871/200/724 1873/201/726 1875/202/728 1877/203/730 1879/204/732 1881/205/734 1883/206/736 1885/207/738 1887/208/740
f 1889/146/717 1890/147/718 1892/148/719 1891/149/720
f 1891/149/720 1892/148/719 1894/150/721 1893/151/722
f 1893/151/722 1894/150/721 1896/152/723 1895/153/724
f 1895/153/724 1896/152/723 1898/154/725 1897/155/726
f 1897/155/726 1898/154/725 1900/156/727 1899/157/728
f 1899/157/728 1900/156/727 1902/158/729 1901/159/730
f 1901/159/730 1902/158/729 1904/160/731 1903/161/732
f 1903/161/732 1904/160/731 1906/162/733 1905/163/734
f 1905/163/734 1906/162/733 1908/164/735 1907/165/736
f 1907/165/736 1908/164/735 1910/166/737 1909/167/738
f 1892/185/719 1890/186/718 1912/187/739 1910/188/737 1908/189/735 1906/190/733 1904/191/731 1902/192/729 1900/193/727 1898/194/725 1896/195/723 1894/196/721
f 1909/167/738 1910/166/737 1912/168/739 1911/169/740
f 1911/169/740 1912/168/739 1890/170/718 1889/171/717
f 1889/197/717 1891/198/720 1893/199/722 1895/200/724 1897/201/726 1899/202/728 1901/203/730 1903/204/732 1905/205/734 1907/206/736 1909/207/738 1911/208/740
f 1913/146/717 1914/147/718 1916/148/719 1915/149/720
f 1915/149/720 1916/148/719 1918/150/721 1917/151/722
f 1917/151/722 1918/150/721 1920/152/723 1919/153/724
f 1919/153/724 1920/152/723 1922/154/725 1921/155/726
f 1921/155/726 1922/154/725 1924/156/727 1923/157/728
f 1923/157/728 1924/156/727 1926/158/729 1925/159/730
f 1925/159/730 1926/158/729 1928/160/731 1927/161/732
f 1927/161/732 1928/160/731 1930/162/733 1929/163/734
f 1929/163/734 1930/162/733 1932/164/735 1931/165/736
f 1931/165/736 1932/164/735 1934/166/737 1933/167/738
f 1916/185/719 1914/186/718 1936/187/739 1934/188/737 1932/189/735 1930/190/733 1928/191/731 1926/192/729 1924/193/727 1922/194/725 1920/195/723 1918/196/721
f 1933/167/738 1934/166/737 1936/168/739 1935/169/740
f 1935/169/740 1936/168/739 1914/170/718 1913/171/717
f 1913/197/717 1915/198/720 1917/199/722 1919/200/724 1921/201/726 1923/202/728 1925/203/730 1927/204/732 1929/205/734 1931/206/736 1933/207/738 1935/208/740
f 1937/146/717 1938/147/718 1940/148/719 1939/149/720
f 1939/149/720 1940/148/719 1942/150/721 1941/151/722
f 1941/151/722 1942/150/721 1944/152/723 1943/153/724
f 1943/153/724 1944/152/723 1946/154/725 1945/155/726
f 1945/155/726 1946/154/725 1948/156/727 1947/157/728
f 1947/157/728 1948/156/727 1950/158/729 1949/159/730
f 1949/159/730 1950/158/729 1952/160/731 1951/161/732
f 1951/161/732 1952/160/731 1954/162/733 1953/163/734
f 1953/163/734 1954/162/733 1956/164/735 1955/165/736
f 1955/165/736 1956/164/735 1958/166/737 1957/167/738
f 1940/185/719 1938/186/718 1960/187/739 1958/188/737 1956/189/735 1954/190/733 1952/191/731 1950/192/729 1948/193/727 1946/194/725 1944/195/723 1942/196/721
f 1957/167/738 1958/166/737 1960/168/739 1959/169/740
f 1959/169/740 1960/168/739 1938/170/718 1937/171/717
f 1937/197/717 1939/198/720 1941/199/722 1943/200/724 1945/201/726 1947/202/728 1949/203/730 1951/204/732 1953/205/734 1955/206/736 1957/207/738 1959/208/740
f 1961/146/717 1962/147/718 1964/148/719 1963/149/720
f 1963/149/720 1964/148/719 1966/150/721 1965/151/722
f 1965/151/722 1966/150/721 1968/152/723 1967/153/724
f 1967/153/724 1968/152/723 1970/154/725 1969/155/726
f 1969/155/726 1970/154/725 1972/156/727 1971/157/728
f 1971/157/728 1972/156/727 1974/158/729 1973/159/730
f 1973/159/730 1974/158/729 1976/160/731 1975/161/732
f 1975/161/732 1976/160/731 1978/162/733 1977/163/734
f 1977/163/734 1978/162/733 1980/164/735 1979/165/736
f 1979/165/736 1980/164/735 1982/166/737 1981/167/738
f 1964/185/719 1962/186/718 1984/187/739 1982/188/737 1980/189/735 1978/190/733 1976/191/731 1974/192/729 1972/193/727 1970/194/725 1968/195/723 1966/196/721
f 1981/167/738 1982/166/737 1984/168/739 1983/169/740
f 1983/169/740 1984/168/739 1962/170/718 1961/171/717
f 1961/197/717 1963/198/720 1965/199/722 1967/200/724 1969/201/726 1971/202/728 1973/203/730 1975/204/732 1977/205/734 1979/206/736 1981/207/738 1983/208/740
f 1985/146/717 1986/147/718 1988/148/719 1987/149/720
f 1987/149/720 1988/148/719 1990/150/721 1989/151/722
f 1989/151/722 1990/150/721 1992/152/723 1991/153/724
f 1991/153/724 1992/152/723 1994/154/725 1993/155/726
f 1993/155/726 1994/154/725 1996/156/727 1995/157/728
f 1995/157/728 1996/156/727 1998/158/729 1997/159/730
f 1997/159/730 1998/158/729 2000/160/731 1999/161/732
f 1999/161/732 2000/160/731 2002/162/733 2001/163/734
f 2001/163/734 2002/162/733 2004/164/735 2003/165/736
f 2003/165/736 2004/164/735 2006/166/737 2005/167/738
f 1988/185/719 1986/186/718 2008/187/739 2006/188/737 2004/189/735 2002/190/733 2000/191/731 1998/192/729 1996/193/727 1994/194/725 1992/195/723 1990/196/721
f 2005/167/738 2006/166/737 2008/168/739 2007/169/740
f 2007/169/740 2008/168/739 1986/170/718 1985/171/717
f 1985/197/717 1987/198/720 1989/199/722 1991/200/724 1993/201/726 1995/202/728 1997/203/730 1999/204/732 2001/205/734 2003/206/736 2005/207/738 2007/208/740
f 1644/161/511 1643/159/512 2015/159/741 2016/161/742
f 1641/155/510 1640/153/517 2012/153/743 2013/155/744
f 1647/167/745 1648/169/745 2020/169/745 2019/167/745
f 1638/149/514 1637/146/518 2009/146/746 2010/149/747
f 1645/163/516 1644/161/511 2016/161/742 2017/163/748
f 1642/157/509 1641/155/510 2013/155/744 2014/157/749
f 1637/171/518 1648/169/750 2020/169/751 2009/171/746
f 1639/151/513 1638/149/514 2010/149/747 2011/151/752
f 1646/165/494 1645/163/516 2017/163/748 2018/165/753
f 1643/159/512 1642/157/509 2014/157/749 2015/159/741
f 1640/153/517 1639/151/513 2011/151/752 2012/153/743
f 1647/167/754 1646/165/494 2018/165/753 2019/167/755
f 2009/171/746 2020/169/751 2019/167/755 2018/165/753 2017/163/748 2016/161/742 2015/159/741 2014/157/749 2013/155/744 2012/153/743 2011/151/752 2010/149/747
f 2021/146/405 2022/147/406 2024/148/407 2023/149/408
f 2023/149/408 2024/148/407 2026/150/409 2025/151/410
f 2025/151/410 2026/150/409 2028/152/411 2027/153/412
f 2027/153/412 2028/152/411 2030/154/413 2029/155/414
f 2029/155/414 2030/154/413 2032/156/415 2031/157/416
f 2031/157/416 2032/156/415 2034/158/417 2033/159/418
f 2033/159/418 2034/158/417 2036/160/419 2035/161/420
f 2035/161/420 2036/160/419 2038/162/421 2037/163/422
f 2037/163/422 2038/162/421 2040/164/423 2039/165/424
f 2039/165/424 2040/164/423 2042/166/425 2041/167/426
f 2038/162/421 2036/160/419 2136/160/427 2137/162/428
f 2041/167/426 2042/166/425 2044/168/429 2043/169/430
f 2043/169/430 2044/168/429 2022/170/406 2021/171/405
f 2031/157/416 2033/159/418 2051/159/431 2050/157/756
f 2049/155/433 2050/157/756 2062/157/434 2061/155/757
f 2029/155/414 2031/157/416 2050/157/756 2049/155/433
f 2027/153/412 2029/155/414 2049/155/433 2048/153/436
f 2043/169/430 2021/171/405 2045/171/437 2056/169/438
f 2021/146/405 2023/149/408 2046/149/439 2045/146/437
f 2025/151/410 2027/153/412 2048/153/436 2047/151/440
f 2041/167/426 2043/169/430 2056/169/438 2055/167/441
f 2023/149/408 2025/151/410 2047/151/440 2046/149/439
f 2039/165/424 2041/167/426 2055/167/441 2054/165/442
f 2037/163/422 2039/165/424 2054/165/442 2053/163/443
f 2035/161/420 2037/163/422 2053/163/443 2052/161/758
f 2033/159/418 2035/161/420 2052/161/758 2051/159/431
f 2064/161/759 2065/163/446 2077/163/447 2076/161/448
f 2056/169/438 2045/171/437 2057/171/760 2068/169/450
f 2046/149/439 2047/151/440 2059/151/451 2058/149/452
f 2053/163/443 2054/165/442 2066/165/453 2065/163/446
f 2050/157/756 2051/159/431 2063/159/454 2062/157/434
f 2047/151/440 2048/153/436 2060/153/455 2059/151/451
f 2054/165/442 2055/167/441 2067/167/761 2066/165/453
f 2051/159/431 2052/161/758 2064/161/759 2063/159/454
f 2048/153/436 2049/155/433 2061/155/757 2060/153/455
f 2055/167/441 2056/169/438 2068/169/450 2067/167/761
f 2045/146/437 2046/149/439 2058/149/452 2057/146/760
f 2052/161/758 2053/163/443 2065/163/446 2064/161/759
f 2069/146/457 2070/149/458 2082/149/459 2081/146/762
f 2061/155/757 2062/157/434 2074/157/461 2073/155/462
f 2068/169/450 2057/171/760 2069/171/457 2080/169/463
f 2058/149/452 2059/151/451 2071/151/464 2070/149/458
f 2065/163/446 2066/165/453 2078/165/465 2077/163/447
f 2062/157/434 2063/159/454 2075/159/466 2074/157/461
f 2059/151/451 2060/153/455 2072/153/467 2071/151/464
f 2066/165/453 2067/167/761 2079/167/468 2078/165/465
f 2063/159/454 2064/161/759 2076/161/448 2075/159/466
f 2060/153/455 2061/155/757 2073/155/462 2072/153/467
f 2067/167/761 2068/169/450 2080/169/463 2079/167/468
f 2057/146/760 2058/149/452 2070/149/458 2069/146/457
f 2091/167/469 2092/169/470 2104/169/471 2103/167/472
f 2076/161/448 2077/163/447 2089/163/473 2088/161/474
f 2073/155/462 2074/157/461 2086/157/475 2085/155/476
f 2080/169/463 2069/171/457 2081/171/762 2092/169/470
f 2070/149/458 2071/151/464 2083/151/477 2082/149/459
f 2077/163/447 2078/165/465 2090/165/478 2089/163/473
f 2074/157/461 2075/159/466 2087/159/763 2086/157/475
f 2071/151/464 2072/153/467 2084/153/480 2083/151/477
f 2078/165/465 2079/167/468 2091/167/469 2090/165/478
f 2075/159/466 2076/161/448 2088/161/474 2087/159/763
f 2072/153/467 2073/155/462 2085/155/476 2084/153/480
f 2079/167/468 2080/169/463 2092/169/470 2091/167/469
f 2096/153/481 2097/155/482 2109/155/483 2108/153/484
f 2081/146/762 2082/149/459 2094/149/485 2093/146/486
f 2088/161/474 2089/163/473 2101/163/487 2100/161/488
f 2085/155/476 2086/157/475 2098/157/489 2097/155/482
f 2092/169/470 2081/171/762 2093/171/486 2104/169/471
f 2082/149/459 2083/151/477 2095/151/490 2094/149/485
f 2089/163/473 2090/165/478 2102/165/491 2101/163/487
f 2086/157/475 2087/159/763 2099/159/764 2098/157/489
f 2083/151/477 2084/153/480 2096/153/481 2095/151/490
f 2090/165/478 2091/167/469 2103/167/472 2102/165/491
f 2087/159/763 2088/161/474 2100/161/488 2099/159/764
f 2084/153/480 2085/155/476 2097/155/482 2096/153/481
f 2108/153/484 2109/155/483 2121/155/493 2120/153/494
f 2103/167/472 2104/169/471 2116/169/495 2115/167/496
f 2093/146/486 2094/149/485 2106/149/497 2105/146/498
f 2100/161/488 2101/163/487 2113/163/499 2112/161/765
f 2097/155/482 2098/157/489 2110/157/501 2109/155/483
f 2104/169/471 2093/171/486 2105/171/498 2116/169/495
f 2094/149/485 2095/151/490 2107/151/502 2106/149/497
f 2101/163/487 2102/165/491 2114/165/503 2113/163/499
f 2098/157/489 2099/159/764 2111/159/504 2110/157/501
f 2095/151/490 2096/153/481 2108/153/484 2107/151/502
f 2102/165/491 2103/167/472 2115/167/496 2114/165/503
f 2099/159/764 2100/161/488 2112/161/765 2111/159/504
f 2127/167/505 2128/169/506 2284/169/507 2283/167/508
f 2115/167/496 2116/169/495 2128/169/509 2127/167/510
f 2105/146/498 2106/149/497 2118/149/511 2117/146/512
f 2112/161/765 2113/163/499 2125/163/513 2124/161/514
f 2109/155/483 2110/157/501 2122/157/515 2121/155/493
f 2116/169/495 2105/171/498 2117/171/512 2128/169/509
f 2106/149/497 2107/151/502 2119/151/516 2118/149/511
f 2113/163/499 2114/165/503 2126/165/517 2125/163/513
f 2110/157/501 2111/159/504 2123/159/518 2122/157/515
f 2107/151/502 2108/153/484 2120/153/494 2119/151/516
f 2114/165/503 2115/167/496 2127/167/510 2126/165/517
f 2111/159/504 2112/161/765 2124/161/514 2123/159/518
f 2136/160/427 2135/158/519 2147/158/520 2148/160/521
f 2036/160/419 2034/158/417 2135/158/519 2136/160/427
f 2034/158/417 2032/156/415 2134/156/522 2135/158/519
f 2032/156/415 2030/154/413 2133/154/523 2134/156/522
f 2030/154/413 2028/152/411 2132/152/524 2133/154/523
f 2022/170/406 2044/168/429 2140/168/525 2129/170/526
f 2024/148/407 2022/147/406 2129/147/526 2130/148/527
f 2028/152/411 2026/150/409 2131/150/528 2132/152/524
f 2044/168/429 2042/166/425 2139/166/529 2140/168/525
f 2026/150/409 2024/148/407 2130/148/527 2131/150/528
f 2042/166/425 2040/164/423 2138/164/530 2139/166/529
f 2040/164/423 2038/162/421 2137/162/428 2138/164/530
f 2151/166/531 2150/164/532 2162/164/533 2163/166/534
f 2133/154/523 2132/152/524 2144/152/535 2145/154/536
f 2140/168/525 2139/166/529 2151/166/531 2152/168/537
f 2130/148/527 2129/147/526 2141/147/538 2142/148/539
f 2137/162/428 2136/160/427 2148/160/521 2149/162/540
f 2134/156/522 2133/154/523 2145/154/536 2146/156/541
f 2129/170/526 2140/168/525 2152/168/537 2141/170/538
f 2131/150/528 2130/148/527 2142/148/539 2143/150/542
f 2138/164/530 2137/162/428 2149/162/540 2150/164/532
f 2135/158/519 2134/156/522 2146/156/541 2147/158/520
f 2132/152/524 2131/150/528 2143/150/542 2144/152/535
f 2139/166/529 2138/164/530 2150/164/532 2151/166/531
f 2156/152/543 2155/150/544 2167/150/545 2168/152/546
f 2148/160/521 2147/158/520 2159/158/547 2160/160/548
f 2145/154/536 2144/152/535 2156/152/543 2157/154/549
f 2152/168/537 2151/166/531 2163/166/534 2164/168/550
f 2142/148/539 2141/147/538 2153/147/551 2154/148/552
f 2149/162/540 2148/160/521 2160/160/548 2161/162/553
f 2146/156/541 2145/154/536 2157/154/549 2158/156/554
f 2141/170/538 2152/168/537 2164/168/550 2153/170/551
f 2143/150/542 2142/148/539 2154/148/552 2155/150/544
f 2150/164/532 2149/162/540 2161/162/553 2162/164/533
f 2147/158/520 2146/156/541 2158/156/554 2159/158/547
f 2144/152/535 2143/150/542 2155/150/544 2156/152/543
f 2168/152/546 2167/150/545 2179/150/555 2180/152/556
f 2163/166/534 2162/164/533 2174/164/557 2175/166/558
f 2160/160/548 2159/158/547 2171/158/559 2172/160/560
f 2157/154/549 2156/152/543 2168/152/546 2169/154/561
f 2164/168/550 2163/166/534 2175/166/558 2176/168/562
f 2154/148/552 2153/147/551 2165/147/563 2166/148/564
f 2161/162/553 2160/160/548 2172/160/560 2173/162/565
f 2158/156/554 2157/154/549 2169/154/561 2170/156/566
f 2153/170/551 2164/168/550 2176/168/562 2165/170/563
f 2155/150/544 2154/148/552 2166/148/564 2167/150/545
f 2162/164/533 2161/162/553 2173/162/565 2174/164/557
f 2159/158/547 2158/156/554 2170/156/566 2171/158/559
f 2183/158/567 2182/156/568 2194/156/569 2195/158/570
f 2175/166/558 2174/164/557 2186/164/571 2187/166/572
f 2172/160/560 2171/158/559 2183/158/567 2184/160/573
f 2169/154/561 2168/152/546 2180/152/556 2181/154/574
f 2176/168/562 2175/166/558 2187/166/572 2188/168/575
f 2166/148/564 2165/147/563 2177/147/576 2178/148/577
f 2173/162/565 2172/160/560 2184/160/573 2185/162/578
f 2170/156/566 2169/154/561 2181/154/574 2182/156/568
f 2165/170/563 2176/168/562 2188/168/575 2177/170/576
f 2167/150/545 2166/148/564 2178/148/577 2179/150/555
f 2174/164/557 2173/162/565 2185/162/578 2186/164/571
f 2171/158/559 2170/156/566 2182/156/568 2183/158/567
f 2195/158/570 2194/156/569 2206/156/579 2207/158/580
f 2180/152/556 2179/150/555 2191/150/581 2192/152/582
f 2187/166/572 2186/164/571 2198/164/583 2199/166/584
f 2184/160/573 2183/158/567 2195/158/570 2196/160/585
f 2181/154/574 2180/152/556 2192/152/582 2193/154/586
f 2188/168/575 2187/166/572 2199/166/584 2200/168/587
f 2178/148/577 2177/147/576 2189/147/588 2190/148/589
f 2185/162/578 2184/160/573 2196/160/585 2197/162/590
f 2182/156/568 2181/154/574 2193/154/586 2194/156/569
f 2177/170/576 2188/168/575 2200/168/587 2189/170/588
f 2179/150/555 2178/148/577 2190/148/589 2191/150/581
f 2186/164/571 2185/162/578 2197/162/590 2198/164/583
f 2210/164/591 2209/162/592 2221/162/593 2222/164/594
f 2192/152/582 2191/150/581 2203/150/595 2204/152/596
f 2199/166/584 2198/164/583 2210/164/591 2211/166/597
f 2196/160/585 2195/158/570 2207/158/580 2208/160/598
f 2193/154/586 2192/152/582 2204/152/596 2205/154/599
f 2200/168/587 2199/166/584 2211/166/597 2212/168/600
f 2190/148/589 2189/147/588 2201/147/601 2202/148/602
f 2197/162/590 2196/160/585 2208/160/598 2209/162/592
f 2194/156/569 2193/154/586 2205/154/599 2206/156/579
f 2189/170/588 2200/168/587 2212/168/600 2201/170/601
f 2191/150/581 2190/148/589 2202/148/602 2203/150/595
f 2198/164/583 2197/162/590 2209/162/592 2210/164/591
f 2215/150/603 2214/148/604 2226/148/605 2227/150/766
f 2207/158/580 2206/156/579 2218/156/607 2219/158/608
f 2204/152/596 2203/150/595 2215/150/603 2216/152/609
f 2211/166/597 2210/164/591 2222/164/594 2223/166/610
f 2208/160/598 2207/158/580 2219/158/608 2220/160/611
f 2205/154/599 2204/152/596 2216/152/609 2217/154/612
f 2212/168/600 2211/166/597 2223/166/610 2224/168/767
f 2202/148/602 2201/147/601 2213/147/614 2214/148/604
f 2209/162/592 2208/160/598 2220/160/611 2221/162/593
f 2206/156/579 2205/154/599 2217/154/612 2218/156/607
f 2201/170/601 2212/168/600 2224/168/767 2213/170/614
f 2203/150/595 2202/148/602 2214/148/604 2215/150/603
f 2225/170/615 2236/168/616 2248/168/617 2237/170/618
f 2222/164/594 2221/162/593 2233/162/619 2234/164/620
f 2219/158/608 2218/156/607 2230/156/621 2231/158/622
f 2216/152/609 2215/150/603 2227/150/766 2228/152/623
f 2223/166/610 2222/164/594 2234/164/620 2235/166/624
f 2220/160/611 2219/158/608 2231/158/622 2232/160/625
f 2217/154/612 2216/152/609 2228/152/623 2229/154/626
f 2224/168/767 2223/166/610 2235/166/624 2236/168/616
f 2214/148/604 2213/147/614 2225/147/615 2226/148/605
f 2221/162/593 2220/160/611 2232/160/625 2233/162/619
f 2218/156/607 2217/154/612 2229/154/626 2230/156/621
f 2213/170/614 2224/168/767 2236/168/616 2225/170/615
f 2242/156/627 2241/154/628 2253/154/629 2254/156/630
f 2227/150/766 2226/148/605 2238/148/631 2239/150/632
f 2234/164/620 2233/162/619 2245/162/633 2246/164/634
f 2231/158/622 2230/156/621 2242/156/627 2243/158/635
f 2228/152/623 2227/150/766 2239/150/632 2240/152/636
f 2235/166/624 2234/164/620 2246/164/634 2247/166/637
f 2232/160/625 2231/158/622 2243/158/635 2244/160/638
f 2229/154/626 2228/152/623 2240/152/636 2241/154/628
f 2236/168/616 2235/166/624 2247/166/637 2248/168/617
f 2226/148/605 2225/147/615 2237/147/618 2238/148/631
f 2233/162/619 2232/160/625 2244/160/638 2245/162/633
f 2230/156/621 2229/154/626 2241/154/628 2242/156/627
f 2254/156/630 2253/154/629 2265/154/639 2266/156/640
f 2237/170/618 2248/168/617 2260/168/641 2249/170/642
f 2239/150/632 2238/148/631 2250/148/643 2251/150/644
f 2246/164/634 2245/162/633 2257/162/645 2258/164/646
f 2243/158/635 2242/156/627 2254/156/630 2255/158/647
f 2240/152/636 2239/150/632 2251/150/644 2252/152/648
f 2247/166/637 2246/164/634 2258/164/646 2259/166/649
f 2244/160/638 2243/158/635 2255/158/647 2256/160/650
f 2241/154/628 2240/152/636 2252/152/648 2253/154/629
f 2248/168/617 2247/166/637 2259/166/649 2260/168/641
f 2238/148/631 2237/147/618 2249/147/642 2250/148/643
f 2245/162/633 2244/160/638 2256/160/650 2257/162/645
f 2311/172/651 2312/173/652 2264/152/653 2263/150/654
f 2249/170/642 2260/168/641 2272/168/655 2261/170/656
f 2251/150/644 2250/148/643 2262/148/768 2263/150/654
f 2258/164/646 2257/162/645 2269/162/658 2270/164/659
f 2255/158/647 2254/156/630 2266/156/640 2267/158/769
f 2252/152/648 2251/150/644 2263/150/654 2264/152/653
f 2259/166/649 2258/164/646 2270/164/659 2271/166/661
f 2256/160/650 2255/158/647 2267/158/769 2268/160/662
f 2253/154/629 2252/152/648 2264/152/653 2265/154/639
f 2260/168/641 2259/166/649 2271/166/661 2272/168/655
f 2250/148/643 2249/147/642 2261/147/656 2262/148/768
f 2257/162/645 2256/160/650 2268/160/662 2269/162/658
f 2277/155/663 2278/157/664 2290/157/665 2289/155/666
f 2117/146/667 2118/149/668 2274/149/770 2273/146/670
f 2124/161/671 2125/163/672 2281/163/673 2280/161/674
f 2121/155/675 2122/157/676 2278/157/664 2277/155/663
f 2128/169/506 2117/171/667 2273/171/670 2284/169/507
f 2118/149/668 2119/151/677 2275/151/678 2274/149/770
f 2125/163/672 2126/165/679 2282/165/680 2281/163/673
f 2122/157/676 2123/159/681 2279/159/682 2278/157/664
f 2119/151/677 2120/153/683 2276/153/684 2275/151/678
f 2126/165/679 2127/167/505 2283/167/508 2282/165/680
f 2123/159/681 2124/161/671 2280/161/674 2279/159/682
f 2120/153/683 2121/155/675 2277/155/663 2276/153/684
f 2289/155/666 2290/157/665 2302/157/685 2301/155/686
f 2284/169/507 2273/171/670 2285/171/687 2296/169/688
f 2274/149/770 2275/151/678 2287/151/689 2286/149/690
f 2281/163/673 2282/165/680 2294/165/691 2293/163/692
f 2278/157/664 2279/159/682 2291/159/693 2290/157/665
f 2275/151/678 2276/153/684 2288/153/694 2287/151/689
f 2282/165/680 2283/167/508 2295/167/695 2294/165/691
f 2279/159/682 2280/161/674 2292/161/696 2291/159/693
f 2276/153/684 2277/155/663 2289/155/666 2288/153/694
f 2283/167/508 2284/169/507 2296/169/688 2295/167/695
f 2273/146/670 2274/149/770 2286/149/690 2285/146/687
f 2280/161/674 2281/163/673 2293/163/692 2292/161/696
f 2304/161/697 2305/163/698 2317/174/699 2316/175/700
f 2296/169/688 2285/171/687 2297/171/701 2308/169/702
f 2286/149/690 2287/151/689 2299/151/703 2298/149/704
f 2293/163/692 2294/165/691 2306/165/705 2305/163/698
f 2290/157/665 2291/159/693 2303/159/706 2302/157/685
f 2287/151/689 2288/153/694 2300/153/707 2299/151/703
f 2294/165/691 2295/167/695 2307/167/708 2306/165/705
f 2291/159/693 2292/161/696 2304/161/697 2303/159/706
f 2288/153/694 2289/155/666 2301/155/686 2300/153/707
f 2295/167/695 2296/169/688 2308/169/702 2307/167/708
f 2285/146/687 2286/149/690 2298/149/704 2297/146/701
f 2292/161/696 2293/163/692 2305/163/698 2304/161/697
f 2310/176/709 2311/172/651 2263/150/654 2262/148/768
f 2301/155/686 2302/157/685 2314/177/710 2313/178/711
f 2308/169/702 2297/171/701 2309/179/712 2320/180/771
f 2298/149/704 2299/151/703 2311/172/651 2310/176/709
f 2305/163/698 2306/165/705 2318/181/714 2317/174/699
f 2302/157/685 2303/159/706 2315/182/715 2314/177/710
f 2299/151/703 2300/153/707 2312/173/652 2311/172/651
f 2306/165/705 2307/167/708 2319/183/716 2318/181/714
f 2303/159/706 2304/161/697 2316/175/700 2315/182/715
f 2300/153/707 2301/155/686 2313/178/711 2312/173/652
f 2307/167/708 2308/169/702 2320/180/771 2319/183/716
f 2297/146/701 2298/149/704 2310/176/709 2309/184/712
f 2312/173/652 2313/178/711 2265/154/639 2264/152/653
f 2313/178/711 2314/177/710 2266/156/640 2265/154/639
f 2314/177/710 2315/182/715 2267/158/769 2266/156/640
f 2315/182/715 2316/175/700 2268/160/662 2267/158/769
f 2316/175/700 2317/174/699 2269/162/658 2268/160/662
f 2317/174/699 2318/181/714 2270/164/659 2269/162/658
f 2318/181/714 2319/183/716 2271/166/661 2270/164/659
f 2319/183/716 2320/180/771 2272/168/655 2271/166/661
f 2320/180/771 2309/179/712 2261/170/656 2272/168/655
f 2309/184/712 2310/176/709 2262/148/768 2261/147/656
f 2321/146/717 2322/147/718 2324/148/719 2323/149/720
f 2323/149/720 2324/148/719 2326/150/721 2325/151/722
f 2325/151/722 2326/150/721 2328/152/723 2327/153/724
f 2327/153/724 2328/152/723 2330/154/725 2329/155/726
f 2329/155/726 2330/154/725 2332/156/727 2331/157/728
f 2331/157/728 2332/156/727 2334/158/729 2333/159/730
f 2333/159/730 2334/158/729 2336/160/731 2335/161/732
f 2335/161/732 2336/160/731 2338/162/733 2337/163/734
f 2337/163/734 2338/162/733 2340/164/735 2339/165/736
f 2339/165/736 2340/164/735 2342/166/737 2341/167/738
f 2324/185/719 2322/186/718 2344/187/739 2342/188/737 2340/189/735 2338/190/733 2336/191/731 2334/192/729 2332/193/727 2330/194/725 2328/195/723 2326/196/721
f 2341/167/738 2342/166/737 2344/168/739 2343/169/740
f 2343/169/740 2344/168/739 2322/170/718 2321/171/717
f 2321/197/717 2323/198/720 2325/199/722 2327/200/724 2329/201/726 2331/202/728 2333/203/730 2335/204/732 2337/205/734 2339/206/736 2341/207/738 2343/208/740
f 2345/146/717 2346/147/718 2348/148/719 2347/149/720
f 2347/149/720 2348/148/719 2350/150/721 2349/151/722
f 2349/151/722 2350/150/721 2352/152/723 2351/153/724
f 2351/153/724 2352/152/723 2354/154/725 2353/155/726
f 2353/155/726 2354/154/725 2356/156/727 2355/157/728
f 2355/157/728 2356/156/727 2358/158/729 2357/159/730
f 2357/159/730 2358/158/729 2360/160/731 2359/161/732
f 2359/161/732 2360/160/731 2362/162/733 2361/163/734
f 2361/163/734 2362/162/733 2364/164/735 2363/165/736
f 2363/165/736 2364/164/735 2366/166/737 2365/167/738
f 2348/185/719 2346/186/718 2368/187/739 2366/188/737 2364/189/735 2362/190/733 2360/191/731 2358/192/729 2356/193/727 2354/194/725 2352/195/723 2350/196/721
f 2365/167/738 2366/166/737 2368/168/739 2367/169/740
f 2367/169/740 2368/168/739 2346/170/718 2345/171/717
f 2345/197/717 2347/198/720 2349/199/722 2351/200/724 2353/201/726 2355/202/728 2357/203/730 2359/204/732 2361/205/734 2363/206/736 2365/207/738 2367/208/740
f 2369/146/717 2370/147/718 2372/148/719 2371/149/720
f 2371/149/720 2372/148/719 2374/150/721 2373/151/722
f 2373/151/722 2374/150/721 2376/152/723 2375/153/724
f 2375/153/724 2376/152/723 2378/154/725 2377/155/726
f 2377/155/726 2378/154/725 2380/156/727 2379/157/728
f 2379/157/728 2380/156/727 2382/158/729 2381/159/730
f 2381/159/730 2382/158/729 2384/160/731 2383/161/732
f 2383/161/732 2384/160/731 2386/162/733 2385/163/734
f 2385/163/734 2386/162/733 2388/164/735 2387/165/736
f 2387/165/736 2388/164/735 2390/166/737 2389/167/738
f 2372/185/719 2370/186/718 2392/187/739 2390/188/737 2388/189/735 2386/190/733 2384/191/731 2382/192/729 2380/193/727 2378/194/725 2376/195/723 2374/196/721
f 2389/167/738 2390/166/737 2392/168/739 2391/169/740
f 2391/169/740 2392/168/739 2370/170/718 2369/171/717
f 2369/197/717 2371/198/720 2373/199/722 2375/200/724 2377/201/726 2379/202/728 2381/203/730 2383/204/732 2385/205/734 2387/206/736 2389/207/738 2391/208/740
f 2393/146/717 2394/147/718 2396/148/719 2395/149/720
f 2395/149/720 2396/148/719 2398/150/721 2397/151/722
f 2397/151/722 2398/150/721 2400/152/723 2399/153/724
f 2399/153/724 2400/152/723 2402/154/725 2401/155/726
f 2401/155/726 2402/154/725 2404/156/727 2403/157/728
f 2403/157/728 2404/156/727 2406/158/729 2405/159/730
f 2405/159/730 2406/158/729 2408/160/731 2407/161/732
f 2407/161/732 2408/160/731 2410/162/733 2409/163/734
f 2409/163/734 2410/162/733 2412/164/735 2411/165/736
f 2411/165/736 2412/164/735 2414/166/737 2413/167/738
f 2396/185/719 2394/186/718 2416/187/739 2414/188/737 2412/189/735 2410/190/733 2408/191/731 2406/192/729 2404/193/727 2402/194/725 2400/195/723 2398/196/721
f 2413/167/738 2414/166/737 2416/168/739 2415/169/740
f 2415/169/740 2416/168/739 2394/170/718 2393/171/717
f 2393/197/717 2395/198/720 2397/199/722 2399/200/724 2401/201/726 2403/202/728 2405/203/730 2407/204/732 2409/205/734 2411/206/736 2413/207/738 2415/208/740
f 2417/146/717 2418/147/718 2420/148/719 2419/149/720
f 2419/149/720 2420/148/719 2422/150/721 2421/151/722
f 2421/151/722 2422/150/721 2424/152/723 2423/153/724
f 2423/153/724 2424/152/723 2426/154/725 2425/155/726
f 2425/155/726 2426/154/725 2428/156/727 2427/157/728
f 2427/157/728 2428/156/727 2430/158/729 2429/159/730
f 2429/159/730 2430/158/729 2432/160/731 2431/161/732
f 2431/161/732 2432/160/731 2434/162/733 2433/163/734
f 2433/163/734 2434/162/733 2436/164/735 2435/165/736
f 2435/165/736 2436/164/735 2438/166/737 2437/167/738
f 2420/185/719 2418/186/718 2440/187/739 2438/188/737 2436/189/735 2434/190/733 2432/191/731 2430/192/729 2428/193/727 2426/194/725 2424/195/723 2422/196/721
f 2437/167/738 2438/166/737 2440/168/739 2439/169/740
f 2439/169/740 2440/168/739 2418/170/718 2417/171/717
f 2417/197/717 2419/198/720 2421/199/722 2423/200/724 2425/201/726 2427/202/728 2429/203/730 2431/204/732 2433/205/734 2435/206/736 2437/207/738 2439/208/740
f 2441/146/717 2442/147/718 2444/148/719 2443/149/720
f 2443/149/720 2444/148/719 2446/150/721 2445/151/722
f 2445/151/722 2446/150/721 2448/152/723 2447/153/724
f 2447/153/724 2448/152/723 2450/154/725 2449/155/726
f 2449/155/726 2450/154/725 2452/156/727 2451/157/728
f 2451/157/728 2452/156/727 2454/158/729 2453/159/730
f 2453/159/730 2454/158/729 2456/160/731 2455/161/732
f 2455/161/732 2456/160/731 2458/162/733 2457/163/734
f 2457/163/734 2458/162/733 2460/164/735 2459/165/736
f 2459/165/736 2460/164/735 2462/166/737 2461/167/738
f 2444/185/719 2442/186/718 2464/187/739 2462/188/737 2460/189/735 2458/190/733 2456/191/731 2454/192/729 2452/193/727 2450/194/725 2448/195/723 2446/196/721
f 2461/167/738 2462/166/737 2464/168/739 2463/169/740
f 2463/169/740 2464/168/739 2442/170/718 2441/171/717
f 2441/197/717 2443/198/720 2445/199/722 2447/200/724 2449/201/726 2451/202/728 2453/203/730 2455/204/732 2457/205/734 2459/206/736 2461/207/738 2463/208/740
f 2465/146/717 2466/147/718 2468/148/719 2467/149/720
f 2467/149/720 2468/148/719 2470/150/721 2469/151/722
f 2469/151/722 2470/150/721 2472/152/723 2471/153/724
f 2471/153/724 2472/152/723 2474/154/725 2473/155/726
f 2473/155/726 2474/154/725 2476/156/727 2475/157/728
f 2475/157/728 2476/156/727 2478/158/729 2477/159/730
f 2477/159/730 2478/158/729 2480/160/731 2479/161/732
f 2479/161/732 2480/160/731 2482/162/733 2481/163/734
f 2481/163/734 2482/162/733 2484/164/735 2483/165/736
f 2483/165/736 2484/164/735 2486/166/737 2485/167/738
f 2468/185/719 2466/186/718 2488/187/739 2486/188/737 2484/189/735 2482/190/733 2480/191/731 2478/192/729 2476/193/727 2474/194/725 2472/195/723 2470/196/721
f 2485/167/738 2486/166/737 2488/168/739 2487/169/740
f 2487/169/740 2488/168/739 2466/170/718 2465/171/717
f 2465/197/717 2467/198/720 2469/199/722 2471/200/724 2473/201/726 2475/202/728 2477/203/730 2479/204/732 2481/205/734 2483/206/736 2485/207/738 2487/208/740
f 2124/161/511 2123/159/512 2495/159/741 2496/161/742
f 2121/155/510 2120/153/517 2492/153/743 2493/155/744
f 2127/167/745 2128/169/745 2500/169/745 2499/167/745
f 2118/149/514 2117/146/518 2489/146/746 2490/149/747
f 2125/163/516 2124/161/511 2496/161/742 2497/163/748
f 2122/157/509 2121/155/510 2493/155/744 2494/157/749
f 2117/171/518 2128/169/750 2500/169/751 2489/171/746
f 2119/151/513 2118/149/514 2490/149/747 2491/151/752
f 2126/165/494 2125/163/516 2497/163/748 2498/165/753
f 2123/159/512 2122/157/509 2494/157/749 2495/159/741
f 2120/153/517 2119/151/513 2491/151/752 2492/153/743
f 2127/167/754 2126/165/494 2498/165/753 2499/167/755
f 2489/171/746 2500/169/751 2499/167/755 2498/165/753 2497/163/748 2496/161/742 2495/159/741 2494/157/749 2493/155/744 2492/153/743 2491/151/752 2490/149/747
f 2501/146/405 2502/147/406 2504/148/407 2503/149/408
f 2503/149/408 2504/148/407 2506/150/409 2505/151/410
f 2505/151/410 2506/150/409 2508/152/411 2507/153/412
f 2507/153/412 2508/152/411 2510/154/413 2509/155/414
f 2509/155/414 2510/154/413 2512/156/415 2511/157/416
f 2511/157/416 2512/156/415 2514/158/772 2513/159/418
f 2513/159/418 2514/158/772 2516/160/419 2515/161/420
f 2515/161/420 2516/160/419 2518/162/421 2517/163/422
f 2517/163/422 2518/162/421 2520/164/423 2519/165/424
f 2519/165/424 2520/164/423 2522/166/425 2521/167/426
f 2518/162/421 2516/160/419 2616/160/427 2617/162/428
f 2521/167/426 2522/166/425 2524/168/429 2523/169/430
f 2523/169/430 2524/168/429 2502/170/406 2501/171/405
f 2511/157/416 2513/159/418 2531/159/431 2530/157/432
f 2529/155/433 2530/157/432 2542/157/434 2541/155/757
f 2509/155/414 2511/157/416 2530/157/432 2529/155/433
f 2507/153/412 2509/155/414 2529/155/433 2528/153/436
f 2523/169/430 2501/171/405 2525/171/437 2536/169/438
f 2501/146/405 2503/149/408 2526/149/439 2525/146/437
f 2505/151/410 2507/153/412 2528/153/436 2527/151/440
f 2521/167/426 2523/169/430 2536/169/438 2535/167/441
f 2503/149/408 2505/151/410 2527/151/440 2526/149/439
f 2519/165/424 2521/167/426 2535/167/441 2534/165/442
f 2517/163/422 2519/165/424 2534/165/442 2533/163/443
f 2515/161/420 2517/163/422 2533/163/443 2532/161/758
f 2513/159/418 2515/161/420 2532/161/758 2531/159/431
f 2544/161/445 2545/163/446 2557/163/447 2556/161/448
f 2536/169/438 2525/171/437 2537/171/449 2548/169/450
f 2526/149/439 2527/151/440 2539/151/773 2538/149/774
f 2533/163/443 2534/165/442 2546/165/453 2545/163/446
f 2530/157/432 2531/159/431 2543/159/454 2542/157/434
f 2527/151/440 2528/153/436 2540/153/455 2539/151/773
f 2534/165/442 2535/167/441 2547/167/456 2546/165/453
f 2531/159/431 2532/161/758 2544/161/445 2543/159/454
f 2528/153/436 2529/155/433 2541/155/757 2540/153/455
f 2535/167/441 2536/169/438 2548/169/450 2547/167/456
f 2525/146/437 2526/149/439 2538/149/774 2537/146/449
f 2532/161/758 2533/163/443 2545/163/446 2544/161/445
f 2549/146/457 2550/149/458 2562/149/459 2561/146/762
f 2541/155/757 2542/157/434 2554/157/461 2553/155/462
f 2548/169/450 2537/171/449 2549/171/457 2560/169/463
f 2538/149/774 2539/151/773 2551/151/464 2550/149/458
f 2545/163/446 2546/165/453 2558/165/465 2557/163/447
f 2542/157/434 2543/159/454 2555/159/466 2554/157/461
f 2539/151/773 2540/153/455 2552/153/467 2551/151/464
f 2546/165/453 2547/167/456 2559/167/468 2558/165/465
f 2543/159/454 2544/161/445 2556/161/448 2555/159/466
f 2540/153/455 2541/155/757 2553/155/462 2552/153/467
f 2547/167/456 2548/169/450 2560/169/463 2559/167/468
f 2537/146/449 2538/149/774 2550/149/458 2549/146/457
f 2571/167/469 2572/169/470 2584/169/471 2583/167/472
f 2556/161/448 2557/163/447 2569/163/473 2568/161/474
f 2553/155/462 2554/157/461 2566/157/475 2565/155/476
f 2560/169/463 2549/171/457 2561/171/762 2572/169/470
f 2550/149/458 2551/151/464 2563/151/477 2562/149/459
f 2557/163/447 2558/165/465 2570/165/478 2569/163/473
f 2554/157/461 2555/159/466 2567/159/763 2566/157/475
f 2551/151/464 2552/153/467 2564/153/480 2563/151/477
f 2558/165/465 2559/167/468 2571/167/469 2570/165/478
f 2555/159/466 2556/161/448 2568/161/474 2567/159/763
f 2552/153/467 2553/155/462 2565/155/476 2564/153/480
f 2559/167/468 2560/169/463 2572/169/470 2571/167/469
f 2576/153/481 2577/155/482 2589/155/483 2588/153/484
f 2561/146/762 2562/149/459 2574/149/485 2573/146/486
f 2568/161/474 2569/163/473 2581/163/487 2580/161/488
f 2565/155/476 2566/157/475 2578/157/489 2577/155/482
f 2572/169/470 2561/171/762 2573/171/486 2584/169/471
f 2562/149/459 2563/151/477 2575/151/490 2574/149/485
f 2569/163/473 2570/165/478 2582/165/491 2581/163/487
f 2566/157/475 2567/159/763 2579/159/764 2578/157/489
f 2563/151/477 2564/153/480 2576/153/481 2575/151/490
f 2570/165/478 2571/167/469 2583/167/472 2582/165/491
f 2567/159/763 2568/161/474 2580/161/488 2579/159/764
f 2564/153/480 2565/155/476 2577/155/482 2576/153/481
f 2588/153/484 2589/155/483 2601/155/493 2600/153/494
f 2583/167/472 2584/169/471 2596/169/495 2595/167/496
f 2573/146/486 2574/149/485 2586/149/497 2585/146/498
f 2580/161/488 2581/163/487 2593/163/499 2592/161/765
f 2577/155/482 2578/157/489 2590/157/501 2589/155/483
f 2584/169/471 2573/171/486 2585/171/498 2596/169/495
f 2574/149/485 2575/151/490 2587/151/502 2586/149/497
f 2581/163/487 2582/165/491 2594/165/503 2593/163/499
f 2578/157/489 2579/159/764 2591/159/504 2590/157/501
f 2575/151/490 2576/153/481 2588/153/484 2587/151/502
f 2582/165/491 2583/167/472 2595/167/496 2594/165/503
f 2579/159/764 2580/161/488 2592/161/765 2591/159/504
f 2607/167/505 2608/169/506 2764/169/507 2763/167/508
f 2595/167/496 2596/169/495 2608/169/509 2607/167/510
f 2585/146/498 2586/149/497 2598/149/511 2597/146/512
f 2592/161/765 2593/163/499 2605/163/513 2604/161/514
f 2589/155/483 2590/157/501 2602/157/515 2601/155/493
f 2596/169/495 2585/171/498 2597/171/512 2608/169/509
f 2586/149/497 2587/151/502 2599/151/516 2598/149/511
f 2593/163/499 2594/165/503 2606/165/517 2605/163/513
f 2590/157/501 2591/159/504 2603/159/518 2602/157/515
f 2587/151/502 2588/153/484 2600/153/494 2599/151/516
f 2594/165/503 2595/167/496 2607/167/510 2606/165/517
f 2591/159/504 2592/161/765 2604/161/514 2603/159/518
f 2616/160/427 2615/158/519 2627/158/520 2628/160/521
f 2516/160/419 2514/158/772 2615/158/519 2616/160/427
f 2514/158/772 2512/156/415 2614/156/522 2615/158/519
f 2512/156/415 2510/154/413 2613/154/523 2614/156/522
f 2510/154/413 2508/152/411 2612/152/524 2613/154/523
f 2502/170/406 2524/168/429 2620/168/525 2609/170/526
f 2504/148/407 2502/147/406 2609/147/526 2610/148/527
f 2508/152/411 2506/150/409 2611/150/528 2612/152/524
f 2524/168/429 2522/166/425 2619/166/529 2620/168/525
f 2506/150/409 2504/148/407 2610/148/527 2611/150/528
f 2522/166/425 2520/164/423 2618/164/530 2619/166/529
f 2520/164/423 2518/162/421 2617/162/428 2618/164/530
f 2631/166/531 2630/164/532 2642/164/533 2643/166/534
f 2613/154/523 2612/152/524 2624/152/535 2625/154/536
f 2620/168/525 2619/166/529 2631/166/531 2632/168/537
f 2610/148/527 2609/147/526 2621/147/538 2622/148/539
f 2617/162/428 2616/160/427 2628/160/521 2629/162/540
f 2614/156/522 2613/154/523 2625/154/536 2626/156/541
f 2609/170/526 2620/168/525 2632/168/537 2621/170/538
f 2611/150/528 2610/148/527 2622/148/539 2623/150/542
f 2618/164/530 2617/162/428 2629/162/540 2630/164/532
f 2615/158/519 2614/156/522 2626/156/541 2627/158/520
f 2612/152/524 2611/150/528 2623/150/542 2624/152/535
f 2619/166/529 2618/164/530 2630/164/532 2631/166/531
f 2636/152/543 2635/150/544 2647/150/545 2648/152/546
f 2628/160/521 2627/158/520 2639/158/547 2640/160/548
f 2625/154/536 2624/152/535 2636/152/543 2637/154/549
f 2632/168/537 2631/166/531 2643/166/534 2644/168/550
f 2622/148/539 2621/147/538 2633/147/551 2634/148/552
f 2629/162/540 2628/160/521 2640/160/548 2641/162/553
f 2626/156/541 2625/154/536 2637/154/549 2638/156/554
f 2621/170/538 2632/168/537 2644/168/550 2633/170/551
f 2623/150/542 2622/148/539 2634/148/552 2635/150/544
f 2630/164/532 2629/162/540 2641/162/553 2642/164/533
f 2627/158/520 2626/156/541 2638/156/554 2639/158/547
f 2624/152/535 2623/150/542 2635/150/544 2636/152/543
f 2648/152/546 2647/150/545 2659/150/555 2660/152/556
f 2643/166/534 2642/164/533 2654/164/557 2655/166/558
f 2640/160/548 2639/158/547 2651/158/559 2652/160/560
f 2637/154/549 2636/152/543 2648/152/546 2649/154/561
f 2644/168/550 2643/166/534 2655/166/558 2656/168/562
f 2634/148/552 2633/147/551 2645/147/563 2646/148/564
f 2641/162/553 2640/160/548 2652/160/560 2653/162/565
f 2638/156/554 2637/154/549 2649/154/561 2650/156/566
f 2633/170/551 2644/168/550 2656/168/562 2645/170/563
f 2635/150/544 2634/148/552 2646/148/564 2647/150/545
f 2642/164/533 2641/162/553 2653/162/565 2654/164/557
f 2639/158/547 2638/156/554 2650/156/566 2651/158/559
f 2663/158/567 2662/156/568 2674/156/569 2675/158/570
f 2655/166/558 2654/164/557 2666/164/571 2667/166/572
f 2652/160/560 2651/158/559 2663/158/567 2664/160/573
f 2649/154/561 2648/152/546 2660/152/556 2661/154/574
f 2656/168/562 2655/166/558 2667/166/572 2668/168/575
f 2646/148/564 2645/147/563 2657/147/576 2658/148/577
f 2653/162/565 2652/160/560 2664/160/573 2665/162/578
f 2650/156/566 2649/154/561 2661/154/574 2662/156/568
f 2645/170/563 2656/168/562 2668/168/575 2657/170/576
f 2647/150/545 2646/148/564 2658/148/577 2659/150/555
f 2654/164/557 2653/162/565 2665/162/578 2666/164/571
f 2651/158/559 2650/156/566 2662/156/568 2663/158/567
f 2675/158/570 2674/156/569 2686/156/579 2687/158/580
f 2660/152/556 2659/150/555 2671/150/581 2672/152/582
f 2667/166/572 2666/164/571 2678/164/583 2679/166/584
f 2664/160/573 2663/158/567 2675/158/570 2676/160/585
f 2661/154/574 2660/152/556 2672/152/582 2673/154/586
f 2668/168/575 2667/166/572 2679/166/584 2680/168/587
f 2658/148/577 2657/147/576 2669/147/588 2670/148/589
f 2665/162/578 2664/160/573 2676/160/585 2677/162/590
f 2662/156/568 2661/154/574 2673/154/586 2674/156/569
f 2657/170/576 2668/168/575 2680/168/587 2669/170/588
f 2659/150/555 2658/148/577 2670/148/589 2671/150/581
f 2666/164/571 2665/162/578 2677/162/590 2678/164/583
f 2690/164/591 2689/162/592 2701/162/593 2702/164/594
f 2672/152/582 2671/150/581 2683/150/595 2684/152/596
f 2679/166/584 2678/164/583 2690/164/591 2691/166/597
f 2676/160/585 2675/158/570 2687/158/580 2688/160/598
f 2673/154/586 2672/152/582 2684/152/596 2685/154/599
f 2680/168/587 2679/166/584 2691/166/597 2692/168/600
f 2670/148/589 2669/147/588 2681/147/775 2682/148/602
f 2677/162/590 2676/160/585 2688/160/598 2689/162/592
f 2674/156/569 2673/154/586 2685/154/599 2686/156/579
f 2669/170/588 2680/168/587 2692/168/600 2681/170/775
f 2671/150/581 2670/148/589 2682/148/602 2683/150/595
f 2678/164/583 2677/162/590 2689/162/592 2690/164/591
f 2695/150/603 2694/148/604 2706/148/605 2707/150/766
f 2687/158/580 2686/156/579 2698/156/607 2699/158/608
f 2684/152/596 2683/150/595 2695/150/603 2696/152/609
f 2691/166/597 2690/164/591 2702/164/594 2703/166/610
f 2688/160/598 2687/158/580 2699/158/608 2700/160/611
f 2685/154/599 2684/152/596 2696/152/609 2697/154/612
f 2692/168/600 2691/166/597 2703/166/610 2704/168/776
f 2682/148/602 2681/147/775 2693/147/614 2694/148/604
f 2689/162/592 2688/160/598 2700/160/611 2701/162/593
f 2686/156/579 2685/154/599 2697/154/612 2698/156/607
f 2681/170/775 2692/168/600 2704/168/776 2693/170/614
f 2683/150/595 2682/148/602 2694/148/604 2695/150/603
f 2705/170/615 2716/168/616 2728/168/777 2717/170/618
f 2702/164/594 2701/162/593 2713/162/619 2714/164/620
f 2699/158/608 2698/156/607 2710/156/621 2711/158/622
f 2696/152/609 2695/150/603 2707/150/766 2708/152/623
f 2703/166/610 2702/164/594 2714/164/620 2715/166/624
f 2700/160/611 2699/158/608 2711/158/622 2712/160/778
f 2697/154/612 2696/152/609 2708/152/623 2709/154/626
f 2704/168/776 2703/166/610 2715/166/624 2716/168/616
f 2694/148/604 2693/147/614 2705/147/615 2706/148/605
f 2701/162/593 2700/160/611 2712/160/778 2713/162/619
f 2698/156/607 2697/154/612 2709/154/626 2710/156/621
f 2693/170/614 2704/168/776 2716/168/616 2705/170/615
f 2722/156/627 2721/154/628 2733/154/629 2734/156/630
f 2707/150/766 2706/148/605 2718/148/631 2719/150/632
f 2714/164/620 2713/162/619 2725/162/633 2726/164/634
f 2711/158/622 2710/156/621 2722/156/627 2723/158/635
f 2708/152/623 2707/150/766 2719/150/632 2720/152/636
f 2715/166/624 2714/164/620 2726/164/634 2727/166/637
f 2712/160/778 2711/158/622 2723/158/635 2724/160/638
f 2709/154/626 2708/152/623 2720/152/636 2721/154/628
f 2716/168/616 2715/166/624 2727/166/637 2728/168/777
f 2706/148/605 2705/147/615 2717/147/618 2718/148/631
f 2713/162/619 2712/160/778 2724/160/638 2725/162/633
f 2710/156/621 2709/154/626 2721/154/628 2722/156/627
f 2734/156/630 2733/154/629 2745/154/639 2746/156/640
f 2717/170/618 2728/168/777 2740/168/641 2729/170/642
f 2719/150/632 2718/148/631 2730/148/643 2731/150/644
f 2726/164/634 2725/162/633 2737/162/645 2738/164/646
f 2723/158/635 2722/156/627 2734/156/630 2735/158/647
f 2720/152/636 2719/150/632 2731/150/644 2732/152/648
f 2727/166/637 2726/164/634 2738/164/646 2739/166/649
f 2724/160/638 2723/158/635 2735/158/647 2736/160/650
f 2721/154/628 2720/152/636 2732/152/648 2733/154/629
f 2728/168/777 2727/166/637 2739/166/649 2740/168/641
f 2718/148/631 2717/147/618 2729/147/642 2730/148/643
f 2725/162/633 2724/160/638 2736/160/650 2737/162/645
f 2791/172/651 2792/173/652 2744/152/653 2743/150/654
f 2729/170/642 2740/168/641 2752/168/655 2741/170/656
f 2731/150/644 2730/148/643 2742/148/657 2743/150/654
f 2738/164/646 2737/162/645 2749/162/658 2750/164/659
f 2735/158/647 2734/156/630 2746/156/640 2747/158/769
f 2732/152/648 2731/150/644 2743/150/654 2744/152/653
f 2739/166/649 2738/164/646 2750/164/659 2751/166/661
f 2736/160/650 2735/158/647 2747/158/769 2748/160/662
f 2733/154/629 2732/152/648 2744/152/653 2745/154/639
f 2740/168/641 2739/166/649 2751/166/661 2752/168/655
f 2730/148/643 2729/147/642 2741/147/656 2742/148/657
f 2737/162/645 2736/160/650 2748/160/662 2749/162/658
f 2757/155/663 2758/157/664 2770/157/665 2769/155/666
f 2597/146/667 2598/149/668 2754/149/669 2753/146/670
f 2604/161/671 2605/163/672 2761/163/673 2760/161/674
f 2601/155/675 2602/157/676 2758/157/664 2757/155/663
f 2608/169/506 2597/171/667 2753/171/670 2764/169/507
f 2598/149/668 2599/151/677 2755/151/678 2754/149/669
f 2605/163/672 2606/165/679 2762/165/680 2761/163/673
f 2602/157/676 2603/159/681 2759/159/682 2758/157/664
f 2599/151/677 2600/153/683 2756/153/684 2755/151/678
f 2606/165/679 2607/167/505 2763/167/508 2762/165/680
f 2603/159/681 2604/161/671 2760/161/674 2759/159/682
f 2600/153/683 2601/155/675 2757/155/663 2756/153/684
f 2769/155/666 2770/157/665 2782/157/685 2781/155/686
f 2764/169/507 2753/171/670 2765/171/687 2776/169/688
f 2754/149/669 2755/151/678 2767/151/689 2766/149/690
f 2761/163/673 2762/165/680 2774/165/691 2773/163/692
f 2758/157/664 2759/159/682 2771/159/693 2770/157/665
f 2755/151/678 2756/153/684 2768/153/694 2767/151/689
f 2762/165/680 2763/167/508 2775/167/695 2774/165/691
f 2759/159/682 2760/161/674 2772/161/696 2771/159/693
f 2756/153/684 2757/155/663 2769/155/666 2768/153/694
f 2763/167/508 2764/169/507 2776/169/688 2775/167/695
f 2753/146/670 2754/149/669 2766/149/690 2765/146/687
f 2760/161/674 2761/163/673 2773/163/692 2772/161/696
f 2784/161/697 2785/163/698 2797/174/699 2796/175/700
f 2776/169/688 2765/171/687 2777/171/701 2788/169/702
f 2766/149/690 2767/151/689 2779/151/703 2778/149/704
f 2773/163/692 2774/165/691 2786/165/705 2785/163/698
f 2770/157/665 2771/159/693 2783/159/706 2782/157/685
f 2767/151/689 2768/153/694 2780/153/707 2779/151/703
f 2774/165/691 2775/167/695 2787/167/708 2786/165/705
f 2771/159/693 2772/161/696 2784/161/697 2783/159/706
f 2768/153/694 2769/155/666 2781/155/686 2780/153/707
f 2775/167/695 2776/169/688 2788/169/702 2787/167/708
f 2765/146/687 2766/149/690 2778/149/704 2777/146/701
f 2772/161/696 2773/163/692 2785/163/698 2784/161/697
f 2790/176/709 2791/172/651 2743/150/654 2742/148/657
f 2781/155/686 2782/157/685 2794/177/710 2793/178/711
f 2788/169/702 2777/171/701 2789/179/712 2800/180/771
f 2778/149/704 2779/151/703 2791/172/651 2790/176/709
f 2785/163/698 2786/165/705 2798/181/714 2797/174/699
f 2782/157/685 2783/159/706 2795/182/715 2794/177/710
f 2779/151/703 2780/153/707 2792/173/652 2791/172/651
f 2786/165/705 2787/167/708 2799/183/716 2798/181/714
f 2783/159/706 2784/161/697 2796/175/700 2795/182/715
f 2780/153/707 2781/155/686 2793/178/711 2792/173/652
f 2787/167/708 2788/169/702 2800/180/771 2799/183/716
f 2777/146/701 2778/149/704 2790/176/709 2789/184/712
f 2792/173/652 2793/178/711 2745/154/639 2744/152/653
f 2793/178/711 2794/177/710 2746/156/640 2745/154/639
f 2794/177/710 2795/182/715 2747/158/769 2746/156/640
f 2795/182/715 2796/175/700 2748/160/662 2747/158/769
f 2796/175/700 2797/174/699 2749/162/658 2748/160/662
f 2797/174/699 2798/181/714 2750/164/659 2749/162/658
f 2798/181/714 2799/183/716 2751/166/661 2750/164/659
f 2799/183/716 2800/180/771 2752/168/655 2751/166/661
f 2800/180/771 2789/179/712 2741/170/656 2752/168/655
f 2789/184/712 2790/176/709 2742/148/657 2741/147/656
f 2801/146/717 2802/147/718 2804/148/719 2803/149/720
f 2803/149/720 2804/148/719 2806/150/721 2805/151/722
f 2805/151/722 2806/150/721 2808/152/723 2807/153/724
f 2807/153/724 2808/152/723 2810/154/725 2809/155/726
f 2809/155/726 2810/154/725 2812/156/727 2811/157/728
f 2811/157/728 2812/156/727 2814/158/729 2813/159/730
f 2813/159/730 2814/158/729 2816/160/731 2815/161/732
f 2815/161/732 2816/160/731 2818/162/733 2817/163/734
f 2817/163/734 2818/162/733 2820/164/735 2819/165/736
f 2819/165/736 2820/164/735 2822/166/737 2821/167/738
f 2804/185/719 2802/186/718 2824/187/739 2822/188/737 2820/189/735 2818/190/733 2816/191/731 2814/192/729 2812/193/727 2810/194/725 2808/195/723 2806/196/721
f 2821/167/738 2822/166/737 2824/168/739 2823/169/740
f 2823/169/740 2824/168/739 2802/170/718 2801/171/717
f 2801/197/717 2803/198/720 2805/199/722 2807/200/724 2809/201/726 2811/202/728 2813/203/730 2815/204/732 2817/205/734 2819/206/736 2821/207/738 2823/208/740
f 2825/146/717 2826/147/718 2828/148/719 2827/149/720
f 2827/149/720 2828/148/719 2830/150/721 2829/151/722
f 2829/151/722 2830/150/721 2832/152/723 2831/153/724
f 2831/153/724 2832/152/723 2834/154/725 2833/155/726
f 2833/155/726 2834/154/725 2836/156/727 2835/157/728
f 2835/157/728 2836/156/727 2838/158/729 2837/159/730
f 2837/159/730 2838/158/729 2840/160/731 2839/161/732
f 2839/161/732 2840/160/731 2842/162/733 2841/163/734
f 2841/163/734 2842/162/733 2844/164/735 2843/165/736
f 2843/165/736 2844/164/735 2846/166/737 2845/167/738
f 2828/185/719 2826/186/718 2848/187/739 2846/188/737 2844/189/735 2842/190/733 2840/191/731 2838/192/729 2836/193/727 2834/194/725 2832/195/723 2830/196/721
f 2845/167/738 2846/166/737 2848/168/739 2847/169/740
f 2847/169/740 2848/168/739 2826/170/718 2825/171/717
f 2825/197/717 2827/198/720 2829/199/722 2831/200/724 2833/201/726 2835/202/728 2837/203/730 2839/204/732 2841/205/734 2843/206/736 2845/207/738 2847/208/740
f 2849/146/717 2850/147/718 2852/148/719 2851/149/720
f 2851/149/720 2852/148/719 2854/150/721 2853/151/722
f 2853/151/722 2854/150/721 2856/152/723 2855/153/724
f 2855/153/724 2856/152/723 2858/154/725 2857/155/726
f 2857/155/726 2858/154/725 2860/156/727 2859/157/728
f 2859/157/728 2860/156/727 2862/158/729 2861/159/730
f 2861/159/730 2862/158/729 2864/160/731 2863/161/732
f 2863/161/732 2864/160/731 2866/162/733 2865/163/734
f 2865/163/734 2866/162/733 2868/164/735 2867/165/736
f 2867/165/736 2868/164/735 2870/166/737 2869/167/738
f 2852/185/719 2850/186/718 2872/187/739 2870/188/737 2868/189/735 2866/190/733 2864/191/731 2862/192/729 2860/193/727 2858/194/725 2856/195/723 2854/196/721
f 2869/167/738 2870/166/737 2872/168/739 2871/169/740
f 2871/169/740 2872/168/739 2850/170/718 2849/171/717
f 2849/197/717 2851/198/720 2853/199/722 2855/200/724 2857/201/726 2859/202/728 2861/203/730 2863/204/732 2865/205/734 2867/206/736 2869/207/738 2871/208/740
f 2873/146/717 2874/147/718 2876/148/719 2875/149/720
f 2875/149/720 2876/148/719 2878/150/721 2877/151/722
f 2877/151/722 2878/150/721 2880/152/723 2879/153/724
f 2879/153/724 2880/152/723 2882/154/725 2881/155/726
f 2881/155/726 2882/154/725 2884/156/727 2883/157/728
f 2883/157/728 2884/156/727 2886/158/729 2885/159/730
f 2885/159/730 2886/158/729 2888/160/731 2887/161/732
f 2887/161/732 2888/160/731 2890/162/733 2889/163/734
f 2889/163/734 2890/162/733 2892/164/735 2891/165/736
f 2891/165/736 2892/164/735 2894/166/737 2893/167/738
f 2876/185/719 2874/186/718 2896/187/739 2894/188/737 2892/189/735 2890/190/733 2888/191/731 2886/192/729 2884/193/727 2882/194/725 2880/195/723 2878/196/721
f 2893/167/738 2894/166/737 2896/168/739 2895/169/740
f 2895/169/740 2896/168/739 2874/170/718 2873/171/717
f 2873/197/717 2875/198/720 2877/199/722 2879/200/724 2881/201/726 2883/202/728 2885/203/730 2887/204/732 2889/205/734 2891/206/736 2893/207/738 2895/208/740
f 2897/146/717 2898/147/718 2900/148/719 2899/149/720
f 2899/149/720 2900/148/719 2902/150/721 2901/151/722
f 2901/151/722 2902/150/721 2904/152/723 2903/153/724
f 2903/153/724 2904/152/723 2906/154/725 2905/155/726
f 2905/155/726 2906/154/725 2908/156/727 2907/157/728
f 2907/157/728 2908/156/727 2910/158/729 2909/159/730
f 2909/159/730 2910/158/729 2912/160/731 2911/161/732
f 2911/161/732 2912/160/731 2914/162/733 2913/163/734
f 2913/163/734 2914/162/733 2916/164/735 2915/165/736
f 2915/165/736 2916/164/735 2918/166/737 2917/167/738
f 2900/185/719 2898/186/718 2920/187/739 2918/188/737 2916/189/735 2914/190/733 2912/191/731 2910/192/729 2908/193/727 2906/194/725 2904/195/723 2902/196/721
f 2917/167/738 2918/166/737 2920/168/739 2919/169/740
f 2919/169/740 2920/168/739 2898/170/718 2897/171/717
f 2897/197/717 2899/198/720 2901/199/722 2903/200/724 2905/201/726 2907/202/728 2909/203/730 2911/204/732 2913/205/734 2915/206/736 2917/207/738 2919/208/740
f 2921/146/717 2922/147/718 2924/148/719 2923/149/720
f 2923/149/720 2924/148/719 2926/150/721 2925/151/722
f 2925/151/722 2926/150/721 2928/152/723 2927/153/724
f 2927/153/724 2928/152/723 2930/154/725 2929/155/726
f 2929/155/726 2930/154/725 2932/156/727 2931/157/728
f 2931/157/728 2932/156/727 2934/158/729 2933/159/730
f 2933/159/730 2934/158/729 2936/160/731 2935/161/732
f 2935/161/732 2936/160/731 2938/162/733 2937/163/734
f 2937/163/734 2938/162/733 2940/164/735 2939/165/736
f 2939/165/736 2940/164/735 2942/166/737 2941/167/738
f 2924/185/719 2922/186/718 2944/187/739 2942/188/737 2940/189/735 2938/190/733 2936/191/731 2934/192/729 2932/193/727 2930/194/725 2928/195/723 2926/196/721
f 2941/167/738 2942/166/737 2944/168/739 2943/169/740
f 2943/169/740 2944/168/739 2922/170/718 2921/171/717
f 2921/197/717 2923/198/720 2925/199/722 2927/200/724 2929/201/726 2931/202/728 2933/203/730 2935/204/732 2937/205/734 2939/206/736 2941/207/738 2943/208/740
f 2945/146/717 2946/147/718 2948/148/719 2947/149/720
f 2947/149/720 2948/148/719 2950/150/721 2949/151/722
f 2949/151/722 2950/150/721 2952/152/723 2951/153/724
f 2951/153/724 2952/152/723 2954/154/725 2953/155/726
f 2953/155/726 2954/154/725 2956/156/727 2955/157/728
f 2955/157/728 2956/156/727 2958/158/729 2957/159/730
f 2957/159/730 2958/158/729 2960/160/731 2959/161/732
f 2959/161/732 2960/160/731 2962/162/733 2961/163/734
f 2961/163/734 2962/162/733 2964/164/735 2963/165/736
f 2963/165/736 2964/164/735 2966/166/737 2965/167/738
f 2948/185/719 2946/186/718 2968/187/739 2966/188/737 2964/189/735 2962/190/733 2960/191/731 2958/192/729 2956/193/727 2954/194/725 2952/195/723 2950/196/721
f 2965/167/738 2966/166/737 2968/168/739 2967/169/740
f 2967/169/740 2968/168/739 2946/170/718 2945/171/717
f 2945/197/717 2947/198/720 2949/199/722 2951/200/724 2953/201/726 2955/202/728 2957/203/730 2959/204/732 2961/205/734 2963/206/736 2965/207/738 2967/208/740
f 2604/161/511 2603/159/512 2975/159/741 2976/161/742
f 2601/155/510 2600/153/517 2972/153/743 2973/155/744
f 2607/167/745 2608/169/745 2980/169/745 2979/167/745
f 2598/149/514 2597/146/518 2969/146/746 2970/149/747
f 2605/163/516 2604/161/511 2976/161/742 2977/163/748
f 2602/157/509 2601/155/510 2973/155/744 2974/157/749
f 2597/171/518 2608/169/750 2980/169/751 2969/171/746
f 2599/151/513 2598/149/514 2970/149/747 2971/151/752
f 2606/165/494 2605/163/516 2977/163/748 2978/165/753
f 2603/159/512 2602/157/509 2974/157/749 2975/159/741
f 2600/153/517 2599/151/513 2971/151/752 2972/153/743
f 2607/167/754 2606/165/494 2978/165/753 2979/167/755
f 2969/171/746 2980/169/751 2979/167/755 2978/165/753 2977/163/748 2976/161/742 2975/159/741 2974/157/749 2973/155/744 2972/153/743 2971/151/752 2970/149/747
s 0
f 2981/209/494 2982/210/494 2984/211/494 2983/212/494
f 2983/212/518 2984/211/518 2988/213/518 2987/214/518
f 2987/214/517 2988/213/517 2986/215/517 2985/216/517
f 2985/216/512 2986/215/512 2982/217/512 2981/218/512
f 2983/219/779 2987/214/779 2985/216/779 2981/220/779
f 2988/213/780 2984/221/780 2982/222/780 2986/215/780
f 2989/209/494 2990/210/494 2992/211/494 2991/212/494
f 2991/212/518 2992/211/518 2996/213/518 2995/214/518
f 2995/214/517 2996/213/517 2994/215/517 2993/216/517
f 2993/216/512 2994/215/512 2990/217/512 2989/218/512
f 2991/219/779 2995/214/779 2993/216/779 2989/220/779
f 2996/213/780 2992/221/780 2990/222/780 2994/215/780
f 2997/209/494 2998/210/494 3000/211/494 2999/212/494
f 2999/212/518 3000/211/518 3004/213/518 3003/214/518
f 3003/214/517 3004/213/517 3002/215/517 3001/216/517
f 3001/216/512 3002/215/512 2998/217/512 2997/218/512
f 2999/219/779 3003/214/779 3001/216/779 2997/220/779
f 3004/213/780 3000/221/780 2998/222/780 3002/215/780
f 3005/209/494 3006/210/494 3008/211/494 3007/212/494
f 3007/212/518 3008/211/518 3012/213/518 3011/214/518
f 3011/214/517 3012/213/517 3010/215/517 3009/216/517
f 3009/216/512 3010/215/512 3006/217/512 3005/218/512
f 3007/219/779 3011/214/779 3009/216/779 3005/220/779
f 3012/213/780 3008/221/780 3006/222/780 3010/215/780
f 3013/209/494 3014/210/494 3016/211/494 3015/212/494
f 3015/212/518 3016/211/518 3020/213/518 3019/214/518
f 3019/214/517 3020/213/517 3018/215/517 3017/216/517
f 3017/216/512 3018/215/512 3014/217/512 3013/218/512
f 3015/219/779 3019/214/779 3017/216/779 3013/220/779
f 3020/213/780 3016/221/780 3014/222/780 3018/215/780
f 3021/209/494 3022/210/494 3024/211/494 3023/212/494
f 3023/212/518 3024/211/518 3028/213/518 3027/214/518
f 3027/214/517 3028/213/517 3026/215/517 3025/216/517
f 3025/216/512 3026/215/512 3022/217/512 3021/218/512
f 3023/219/779 3027/214/779 3025/216/779 3021/220/779
f 3028/213/780 3024/221/780 3022/222/780 3026/215/780
o Cylinder.002
v 1.959605 6.332475 -0.040434
v -0.750238 9.042316 -0.040434
v 1.971276 6.344146 -0.036011
v -0.738567 9.053988 -0.036011
v 1.979820 6.352690 -0.023928
v -0.730023 9.062531 -0.023928
v 1.982947 6.355817 -0.007423
v -0.726896 9.065659 -0.007423
v 1.979820 6.352690 0.009083
v -0.730023 9.062531 0.009083
v 1.971276 6.344146 0.021166
v -0.738567 9.053988 0.021166
v 1.959605 6.332475 0.025588
v -0.750238 9.042316 0.025588
v 1.947934 6.320804 0.021166
v -0.761909 9.030645 0.021166
v 1.939390 6.312260 0.009083
v -0.770453 9.022101 0.009083
v 1.936262 6.309132 -0.007423
v -0.773580 9.018974 -0.007423
v 1.939390 6.312260 -0.023928
v -0.770453 9.022101 -0.023928
v 1.947934 6.320804 -0.036011
v -0.761909 9.030645 -0.036011
v 1.962706 6.328758 -0.040434
v 1.975801 6.338806 -0.036011
v 1.985387 6.346161 -0.023928
v 1.988895 6.348854 -0.007423
v 1.985387 6.346161 0.009083
v 1.975801 6.338806 0.021166
v 1.962706 6.328758 0.025588
v 1.949611 6.318710 0.021166
v 1.940025 6.311354 0.009083
v 1.936517 6.308662 -0.007423
v 1.940025 6.311354 -0.023928
v 1.949611 6.318710 -0.036011
v 1.965296 6.324668 -0.040434
v 1.979590 6.332921 -0.036011
v 1.990054 6.338962 -0.023928
v 1.993884 6.341174 -0.007423
v 1.990054 6.338962 0.009083
v 1.979590 6.332921 0.021166
v 1.965296 6.324668 0.025588
v 1.951002 6.316415 0.021166
v 1.940537 6.310374 0.009083
v 1.936707 6.308163 -0.007423
v 1.940537 6.310374 -0.023928
v 1.951002 6.316415 -0.036011
v 1.967329 6.320275 -0.040434
v 1.982578 6.326591 -0.036011
v 1.993742 6.331215 -0.023928
v 1.997828 6.332908 -0.007423
v 1.993742 6.331215 0.009083
v 1.982578 6.326591 0.021166
v 1.967329 6.320275 0.025588
v 1.952080 6.313959 0.021166
v 1.940917 6.309335 0.009083
v 1.936831 6.307642 -0.007423
v 1.940917 6.309335 -0.023928
v 1.952080 6.313959 -0.036011
v 1.968772 6.315655 -0.040434
v 1.984715 6.319927 -0.036011
v 1.996387 6.323054 -0.023928
v 2.000659 6.324199 -0.007423
v 1.996387 6.323054 0.009083
v 1.984715 6.319927 0.021166
v 1.968772 6.315655 0.025588
v 1.952829 6.311383 0.021166
v 1.941158 6.308255 0.009083
v 1.936886 6.307111 -0.007423
v 1.941158 6.308255 -0.023928
v 1.952829 6.311383 -0.036011
v 1.969600 6.310885 -0.040434
v 1.985964 6.313040 -0.036011
v 1.997944 6.314617 -0.023928
v 2.002328 6.315194 -0.007423
v 1.997944 6.314617 0.009083
v 1.985964 6.313040 0.021166
v 1.969600 6.310885 0.025588
v 1.953236 6.308731 0.021166
v 1.941256 6.307154 0.009083
v 1.936871 6.306576 -0.007423
v 1.941256 6.307154 -0.023928
v 1.953236 6.308731 -0.036011
v 1.969798 6.306048 -0.040434
v 1.986303 6.306048 -0.036011
v 1.998386 6.306048 -0.023928
v 2.002809 6.306048 -0.007423
v 1.998386 6.306048 0.009083
v 1.986303 6.306048 0.021166
v 1.969798 6.306048 0.025588
v 1.953292 6.306048 0.021166
v 1.941209 6.306048 0.009083
v 1.936787 6.306048 -0.007423
v 1.941209 6.306048 -0.023928
v 1.953292 6.306048 -0.036011
v 1.969798 5.516553 -0.040434
v 1.986303 5.516553 -0.036011
v 1.998386 5.516553 -0.023928
v 2.002809 5.516553 -0.007423
v 1.998386 5.516553 0.009083
v 1.986303 5.516553 0.021166
v 1.969798 5.516553 0.025588
v 1.953292 5.516553 0.021166
v 1.941209 5.516553 0.009083
v 1.936787 5.516553 -0.007423
v 1.941209 5.516553 -0.023928
v 1.953292 5.516553 -0.036011
v -0.761461 9.049889 -0.040434
v -0.753839 9.064529 -0.036011
v -0.748260 9.075247 -0.023928
v -0.746218 9.079170 -0.007423
v -0.748260 9.075247 0.009083
v -0.753839 9.064529 0.021165
v -0.761461 9.049889 0.025588
v -0.769082 9.035248 0.021165
v -0.774661 9.024530 0.009083
v -0.776703 9.020608 -0.007423
v -0.774661 9.024530 -0.023928
v -0.769082 9.035248 -0.036011
v -0.774441 9.053736 -0.040434
v -0.771575 9.069990 -0.036011
v -0.769476 9.081890 -0.023928
v -0.768708 9.086245 -0.007423
v -0.769476 9.081890 0.009083
v -0.771575 9.069990 0.021166
v -0.774441 9.053736 0.025588
v -0.777307 9.037481 0.021166
v -0.779405 9.025581 0.009083
v -0.780173 9.021226 -0.007423
v -0.779405 9.025581 -0.023928
v -0.777307 9.037481 -0.036011
v -0.787977 9.053501 -0.040434
v -0.790131 9.069866 -0.036011
v -0.791708 9.081845 -0.023928
v -0.792285 9.086229 -0.007423
v -0.791708 9.081845 0.009083
v -0.790131 9.069866 0.021166
v -0.787977 9.053501 0.025588
v -0.785822 9.037137 0.021166
v -0.784245 9.025158 0.009083
v -0.783668 9.020773 -0.007423
v -0.784245 9.025158 -0.023928
v -0.785822 9.037137 -0.036011
v -0.800816 9.049208 -0.040434
v -0.807792 9.064167 -0.036011
v -0.812898 9.075117 -0.023928
v -0.814767 9.079125 -0.007423
v -0.812898 9.075117 0.009083
v -0.807792 9.064167 0.021166
v -0.800816 9.049208 0.025588
v -0.793841 9.034248 0.021166
v -0.788734 9.023298 0.009083
v -0.786865 9.019290 -0.007423
v -0.788734 9.023297 -0.023928
v -0.793841 9.034248 -0.036011
v -0.811770 9.041252 -0.040434
v -0.822921 9.053421 -0.036011
v -0.831084 9.062329 -0.023928
v -0.834072 9.065590 -0.007423
v -0.831084 9.062329 0.009083
v -0.822921 9.053421 0.021166
v -0.811770 9.041252 0.025588
v -0.800619 9.029083 0.021166
v -0.792456 9.020174 0.009083
v -0.789468 9.016913 -0.007423
v -0.792456 9.020174 -0.023928
v -0.800619 9.029083 -0.036011
v -0.819825 9.030371 -0.040434
v -0.834119 9.038623 -0.036011
v -0.844583 9.044664 -0.023928
v -0.848413 9.046875 -0.007423
v -0.844583 9.044664 0.009083
v -0.834119 9.038623 0.021166
v -0.819825 9.030371 0.025588
v -0.805530 9.022118 0.021166
v -0.795066 9.016076 0.009083
v -0.791236 9.013865 -0.007423
v -0.795066 9.016076 -0.023928
v -0.805530 9.022118 -0.036011
v -0.824234 9.017570 -0.040433
v -0.840348 9.021143 -0.036011
v -0.852144 9.023758 -0.023928
v -0.856462 9.024715 -0.007423
v -0.852144 9.023758 0.009083
v -0.840348 9.021143 0.021166
v -0.824234 9.017570 0.025588
v -0.808120 9.013998 0.021166
v -0.796323 9.011383 0.009083
v -0.792005 9.010426 -0.007422
v -0.796323 9.011383 -0.023928
v -0.808120 9.013998 -0.036011
v -0.824591 8.075288 -0.040433
v -0.841033 8.075288 -0.036011
v -0.853070 8.075287 -0.023928
v -0.857475 8.075288 -0.007422
v -0.853070 8.075287 0.009083
v -0.841033 8.075288 0.021166
v -0.824590 8.075288 0.025589
v -0.808147 8.075288 0.021166
v -0.796111 8.075288 0.009083
v -0.791705 8.075288 -0.007422
v -0.796111 8.075288 -0.023928
v -0.808147 8.075288 -0.036011
v -0.823300 8.064593 -0.040433
v -0.839270 8.060681 -0.036011
v -0.850961 8.057817 -0.023928
v -0.855241 8.056769 -0.007422
v -0.850961 8.057817 0.009083
v -0.839270 8.060681 0.021166
v -0.823300 8.064593 0.025589
v -0.807329 8.068505 0.021166
v -0.795638 8.071369 0.009083
v -0.791358 8.072417 -0.007422
v -0.795638 8.071369 -0.023928
v -0.807329 8.068505 -0.036011
v -0.819502 8.054513 -0.040433
v -0.834083 8.046914 -0.036011
v -0.844757 8.041351 -0.023928
v -0.848664 8.039314 -0.007422
v -0.844757 8.041351 0.009083
v -0.834083 8.046914 0.021166
v -0.819502 8.054513 0.025589
v -0.804920 8.062113 0.021166
v -0.794246 8.067676 0.009083
v -0.790339 8.069712 -0.007422
v -0.794246 8.067676 -0.023928
v -0.804920 8.062113 -0.036011
v -0.813414 8.045626 -0.040433
v -0.825769 8.034776 -0.036010
v -0.834813 8.026834 -0.023927
v -0.838123 8.023926 -0.007422
v -0.834813 8.026834 0.009084
v -0.825769 8.034776 0.021166
v -0.813414 8.045626 0.025589
v -0.801059 8.056477 0.021166
v -0.792015 8.064419 0.009084
v -0.788705 8.067327 -0.007422
v -0.792015 8.064419 -0.023927
v -0.801059 8.056477 -0.036010
v -0.805388 8.038443 -0.040433
v -0.817048 8.026850 -0.036010
v -0.825585 8.018364 -0.023927
v -0.828709 8.015257 -0.007422
v -0.825585 8.018364 0.009084
v -0.817048 8.026850 0.021166
v -0.805387 8.038443 0.025589
v -0.793726 8.050035 0.021166
v -0.785189 8.058521 0.009084
v -0.782065 8.061626 -0.007422
v -0.785189 8.058521 -0.023927
v -0.793726 8.050035 -0.036010
v 1.960325 5.495084 -0.040434
v 1.974881 5.487303 -0.036011
v 1.985537 5.481607 -0.023928
v 1.989438 5.479522 -0.007423
v 1.985537 5.481607 0.009083
v 1.974881 5.487303 0.021166
v 1.960325 5.495084 0.025588
v 1.945769 5.502865 0.021166
v 1.935113 5.508561 0.009083
v 1.931213 5.510646 -0.007423
v 1.935113 5.508561 -0.023928
v 1.945769 5.502865 -0.036011
v 1.941850 5.480616 -0.040433
v 1.951019 5.466891 -0.036011
v 1.957731 5.456845 -0.023928
v 1.960188 5.453167 -0.007422
v 1.957731 5.456845 0.009083
v 1.951019 5.466891 0.021166
v 1.941850 5.480616 0.025589
v 1.932681 5.494340 0.021166
v 1.925969 5.504387 0.009083
v 1.923512 5.508065 -0.007422
v 1.925969 5.504387 -0.023928
v 1.932681 5.494340 -0.036011
v 1.918736 5.476566 -0.040433
v 1.920352 5.460140 -0.036011
v 1.921535 5.448115 -0.023928
v 1.921968 5.443714 -0.007422
v 1.921535 5.448115 0.009083
v 1.920352 5.460140 0.021166
v 1.918736 5.476566 0.025589
v 1.917120 5.492992 0.021166
v 1.915937 5.505017 0.009083
v 1.915504 5.509418 -0.007422
v 1.915937 5.505017 -0.023928
v 1.917120 5.492992 -0.036011
v 1.895669 5.484623 -0.040433
v 1.887897 5.470061 -0.036011
v 1.882208 5.459403 -0.023928
v 1.880126 5.455501 -0.007422
v 1.882208 5.459403 0.009083
v 1.887897 5.470061 0.021166
v 1.895669 5.484623 0.025589
v 1.903441 5.499184 0.021166
v 1.909130 5.509843 0.009083
v 1.911213 5.513744 -0.007422
v 1.909130 5.509843 -0.023928
v 1.903441 5.499184 -0.036011
v 1.633280 5.628569 -0.039785
v 1.633280 6.658098 -0.039785
v 1.649763 5.628569 -0.035369
v 1.649763 6.658098 -0.035369
v 1.661830 5.628569 -0.023302
v 1.661830 6.658098 -0.023302
v 1.666247 5.628569 -0.006819
v 1.666247 6.658098 -0.006819
v 1.661830 5.628569 0.009665
v 1.661830 6.658098 0.009665
v 1.649763 5.628569 0.021731
v 1.649763 6.658098 0.021731
v 1.633280 5.628569 0.026148
v 1.633280 6.658098 0.026148
v 1.616796 5.628569 0.021731
v 1.616796 6.663262 0.021731
v 1.604730 5.628569 0.009665
v 1.604730 6.663262 0.009665
v 1.600313 5.628569 -0.006819
v 1.600313 6.663262 -0.006819
v 1.604730 5.628569 -0.023302
v 1.604730 6.663262 -0.023302
v 1.616796 5.628569 -0.035369
v 1.616796 6.663262 -0.035369
v 1.277239 5.982434 -0.039785
v 1.277239 7.011963 -0.039785
v 1.293722 5.982434 -0.035369
v 1.293722 7.011963 -0.035369
v 1.305789 5.982434 -0.023302
v 1.305789 7.011963 -0.023302
v 1.310206 5.982434 -0.006819
v 1.310206 7.011964 -0.006819
v 1.305789 5.982434 0.009665
v 1.305789 7.011963 0.009665
v 1.293722 5.982434 0.021731
v 1.293722 7.011963 0.021731
v 1.277239 5.982434 0.026148
v 1.277239 7.011963 0.026148
v 1.260756 5.982434 0.021731
v 1.260756 7.017128 0.021731
v 1.248689 5.982434 0.009665
v 1.248689 7.017128 0.009665
v 1.244272 5.982434 -0.006819
v 1.244272 7.017128 -0.006819
v 1.248689 5.982434 -0.023302
v 1.248689 7.017128 -0.023302
v 1.260756 5.982434 -0.035369
v 1.260756 7.017128 -0.035369
v 0.921198 6.336299 -0.039785
v 0.921198 7.365829 -0.039785
v 0.937681 6.336299 -0.035369
v 0.937681 7.365829 -0.035369
v 0.949748 6.336299 -0.023302
v 0.949748 7.365829 -0.023302
v 0.954165 6.336299 -0.006819
v 0.954165 7.365829 -0.006819
v 0.949748 6.336299 0.009665
v 0.949748 7.365829 0.009665
v 0.937681 6.336299 0.021731
v 0.937681 7.365829 0.021731
v 0.921198 6.336299 0.026148
v 0.921198 7.365829 0.026148
v 0.904714 6.336299 0.021731
v 0.904714 7.370993 0.021731
v 0.892648 6.336299 0.009665
v 0.892648 7.370993 0.009665
v 0.888231 6.336299 -0.006819
v 0.888231 7.370993 -0.006819
v 0.892648 6.336299 -0.023302
v 0.892648 7.370993 -0.023302
v 0.904714 6.336299 -0.035369
v 0.904714 7.370993 -0.035369
v 0.565157 6.690165 -0.039785
v 0.565157 7.719694 -0.039785
v 0.581640 6.690165 -0.035369
v 0.581640 7.719694 -0.035369
v 0.593707 6.690165 -0.023302
v 0.593707 7.719694 -0.023302
v 0.598124 6.690165 -0.006819
v 0.598124 7.719694 -0.006819
v 0.593707 6.690165 0.009665
v 0.593707 7.719694 0.009665
v 0.581640 6.690165 0.021731
v 0.581640 7.719694 0.021731
v 0.565157 6.690165 0.026148
v 0.565157 7.719694 0.026148
v 0.548674 6.690165 0.021731
v 0.548673 7.724858 0.021731
v 0.536607 6.690165 0.009665
v 0.536607 7.724858 0.009665
v 0.532190 6.690165 -0.006819
v 0.532190 7.724858 -0.006819
v 0.536607 6.690165 -0.023302
v 0.536607 7.724858 -0.023302
v 0.548674 6.690165 -0.035369
v 0.548673 7.724858 -0.035369
v 0.209116 7.044030 -0.039785
v 0.209116 8.073559 -0.039785
v 0.225599 7.044030 -0.035369
v 0.225599 8.073560 -0.035369
v 0.237666 7.044030 -0.023302
v 0.237666 8.073559 -0.023302
v 0.242083 7.044030 -0.006819
v 0.242083 8.073560 -0.006819
v 0.237666 7.044030 0.009665
v 0.237666 8.073559 0.009665
v 0.225599 7.044030 0.021731
v 0.225599 8.073560 0.021731
v 0.209116 7.044030 0.026148
v 0.209116 8.073559 0.026148
v 0.192632 7.044030 0.021731
v 0.192633 8.078724 0.021731
v 0.180566 7.044030 0.009665
v 0.180566 8.078724 0.009665
v 0.176149 7.044030 -0.006819
v 0.176149 8.078724 -0.006819
v 0.180566 7.044030 -0.023302
v 0.180566 8.078724 -0.023302
v 0.192632 7.044030 -0.035369
v 0.192633 8.078724 -0.035369
v -0.146925 7.397895 -0.039785
v -0.146925 8.427424 -0.039785
v -0.130442 7.397895 -0.035369
v -0.130442 8.427424 -0.035369
v -0.118375 7.397895 -0.023302
v -0.118375 8.427424 -0.023302
v -0.113958 7.397895 -0.006819
v -0.113958 8.427424 -0.006819
v -0.118375 7.397895 0.009665
v -0.118375 8.427424 0.009665
v -0.130442 7.397895 0.021731
v -0.130442 8.427424 0.021731
v -0.146925 7.397895 0.026148
v -0.146925 8.427424 0.026148
v -0.163408 7.397895 0.021731
v -0.163408 8.432589 0.021731
v -0.175475 7.397895 0.009665
v -0.175475 8.432589 0.009665
v -0.179892 7.397895 -0.006819
v -0.179892 8.432589 -0.006819
v -0.175475 7.397895 -0.023302
v -0.175475 8.432589 -0.023302
v -0.163408 7.397895 -0.035369
v -0.163408 8.432589 -0.035369
v -0.502966 7.751760 -0.039785
v -0.502966 8.781290 -0.039785
v -0.486483 7.751760 -0.035369
v -0.486483 8.781290 -0.035369
v -0.474416 7.751760 -0.023302
v -0.474416 8.781290 -0.023302
v -0.469999 7.751760 -0.006819
v -0.469999 8.781290 -0.006819
v -0.474416 7.751760 0.009665
v -0.474416 8.781290 0.009665
v -0.486483 7.751760 0.021731
v -0.486483 8.781290 0.021731
v -0.502966 7.751760 0.026148
v -0.502966 8.781290 0.026148
v -0.519450 7.751760 0.021731
v -0.519449 8.786454 0.021731
v -0.531516 7.751760 0.009665
v -0.531516 8.786454 0.009665
v -0.535933 7.751760 -0.006819
v -0.535933 8.786454 -0.006819
v -0.531516 7.751760 -0.023302
v -0.531516 8.786454 -0.023302
v -0.519450 7.751760 -0.035369
v -0.519449 8.786454 -0.035369
v 1.969798 5.313936 -0.040434
v 1.986303 5.313936 -0.036011
v 1.998386 5.313936 -0.023928
v 2.002809 5.313936 -0.007423
v 1.998386 5.313936 0.009083
v 1.986303 5.313936 0.021166
v 1.969798 5.313936 0.025588
v 1.953292 5.313936 0.021166
v 1.941210 5.313935 0.009083
v 1.936787 5.313936 -0.007423
v 1.941210 5.313935 -0.023928
v 1.953292 5.313936 -0.036011
v 1.959605 6.332475 -1.225594
v -0.750238 9.042316 -1.225594
v 1.971276 6.344146 -1.221171
v -0.738567 9.053988 -1.221171
v 1.979820 6.352690 -1.209088
v -0.730023 9.062531 -1.209088
v 1.982947 6.355817 -1.192583
v -0.726896 9.065659 -1.192583
v 1.979820 6.352690 -1.176077
v -0.730023 9.062531 -1.176077
v 1.971276 6.344146 -1.163994
v -0.738567 9.053988 -1.163994
v 1.959605 6.332475 -1.159572
v -0.750238 9.042316 -1.159572
v 1.947934 6.320804 -1.163994
v -0.761909 9.030645 -1.163994
v 1.939390 6.312260 -1.176077
v -0.770453 9.022101 -1.176077
v 1.936263 6.309132 -1.192583
v -0.773580 9.018974 -1.192583
v 1.939390 6.312260 -1.209088
v -0.770453 9.022101 -1.209088
v 1.947934 6.320804 -1.221171
v -0.761909 9.030645 -1.221171
v 1.962706 6.328758 -1.225594
v 1.975801 6.338806 -1.221171
v 1.985387 6.346161 -1.209088
v 1.988896 6.348854 -1.192583
v 1.985387 6.346161 -1.176077
v 1.975801 6.338806 -1.163994
v 1.962706 6.328758 -1.159572
v 1.949612 6.318710 -1.163994
v 1.940026 6.311354 -1.176077
v 1.936517 6.308662 -1.192583
v 1.940026 6.311354 -1.209088
v 1.949611 6.318710 -1.221171
v 1.965296 6.324668 -1.225594
v 1.979590 6.332921 -1.221171
v 1.990054 6.338962 -1.209088
v 1.993884 6.341174 -1.192583
v 1.990054 6.338962 -1.176077
v 1.979590 6.332921 -1.163994
v 1.965296 6.324668 -1.159572
v 1.951002 6.316415 -1.163994
v 1.940538 6.310374 -1.176077
v 1.936707 6.308163 -1.192582
v 1.940538 6.310374 -1.209088
v 1.951002 6.316415 -1.221171
v 1.967330 6.320275 -1.225593
v 1.982579 6.326591 -1.221171
v 1.993742 6.331215 -1.209088
v 1.997828 6.332908 -1.192582
v 1.993742 6.331215 -1.176077
v 1.982579 6.326591 -1.163994
v 1.967330 6.320275 -1.159572
v 1.952080 6.313959 -1.163994
v 1.940917 6.309335 -1.176077
v 1.936831 6.307642 -1.192582
v 1.940917 6.309335 -1.209088
v 1.952080 6.313959 -1.221171
v 1.968772 6.315655 -1.225593
v 1.984715 6.319927 -1.221171
v 1.996387 6.323054 -1.209088
v 2.000659 6.324199 -1.192582
v 1.996387 6.323054 -1.176077
v 1.984715 6.319927 -1.163994
v 1.968772 6.315655 -1.159572
v 1.952829 6.311383 -1.163994
v 1.941158 6.308255 -1.176077
v 1.936886 6.307111 -1.192582
v 1.941158 6.308255 -1.209088
v 1.952829 6.311383 -1.221171
v 1.969600 6.310885 -1.225593
v 1.985964 6.313040 -1.221171
v 1.997944 6.314617 -1.209088
v 2.002328 6.315194 -1.192582
v 1.997944 6.314617 -1.176077
v 1.985964 6.313040 -1.163994
v 1.969600 6.310885 -1.159572
v 1.953236 6.308731 -1.163994
v 1.941256 6.307154 -1.176077
v 1.936871 6.306576 -1.192582
v 1.941256 6.307154 -1.209088
v 1.953236 6.308731 -1.221171
v 1.969798 6.306048 -1.225593
v 1.986303 6.306048 -1.221171
v 1.998386 6.306048 -1.209088
v 2.002809 6.306049 -1.192582
v 1.998386 6.306048 -1.176077
v 1.986303 6.306048 -1.163994
v 1.969798 6.306048 -1.159572
v 1.953292 6.306048 -1.163994
v 1.941209 6.306048 -1.176077
v 1.936787 6.306048 -1.192582
v 1.941209 6.306048 -1.209088
v 1.953292 6.306048 -1.221171
v 1.969798 5.516553 -1.225593
v 1.986303 5.516553 -1.221171
v 1.998386 5.516553 -1.209088
v 2.002809 5.516553 -1.192582
v 1.998386 5.516553 -1.176077
v 1.986303 5.516553 -1.163994
v 1.969798 5.516553 -1.159572
v 1.953292 5.516553 -1.163994
v 1.941210 5.516553 -1.176077
v 1.936787 5.516553 -1.192582
v 1.941210 5.516553 -1.209088
v 1.953292 5.516553 -1.221171
v -0.761461 9.049889 -1.225594
v -0.753839 9.064529 -1.221171
v -0.748260 9.075247 -1.209088
v -0.746217 9.079170 -1.192583
v -0.748260 9.075247 -1.176077
v -0.753839 9.064529 -1.163994
v -0.761461 9.049889 -1.159572
v -0.769082 9.035248 -1.163994
v -0.774661 9.024530 -1.176077
v -0.776703 9.020608 -1.192583
v -0.774661 9.024530 -1.209088
v -0.769082 9.035248 -1.221171
v -0.774441 9.053736 -1.225594
v -0.771574 9.069990 -1.221171
v -0.769476 9.081890 -1.209088
v -0.768708 9.086245 -1.192583
v -0.769476 9.081890 -1.176077
v -0.771574 9.069990 -1.163994
v -0.774441 9.053736 -1.159572
v -0.777307 9.037481 -1.163994
v -0.779405 9.025581 -1.176077
v -0.780173 9.021226 -1.192583
v -0.779405 9.025581 -1.209088
v -0.777307 9.037481 -1.221171
v -0.787977 9.053501 -1.225593
v -0.790131 9.069866 -1.221171
v -0.791708 9.081845 -1.209088
v -0.792285 9.086229 -1.192582
v -0.791708 9.081845 -1.176077
v -0.790131 9.069866 -1.163994
v -0.787977 9.053501 -1.159572
v -0.785822 9.037137 -1.163994
v -0.784245 9.025158 -1.176077
v -0.783668 9.020773 -1.192582
v -0.784245 9.025158 -1.209088
v -0.785822 9.037137 -1.221171
v -0.800816 9.049208 -1.225593
v -0.807792 9.064167 -1.221171
v -0.812898 9.075117 -1.209088
v -0.814767 9.079125 -1.192582
v -0.812898 9.075117 -1.176077
v -0.807792 9.064167 -1.163994
v -0.800816 9.049208 -1.159572
v -0.793841 9.034248 -1.163994
v -0.788734 9.023298 -1.176077
v -0.786865 9.019290 -1.192582
v -0.788734 9.023298 -1.209088
v -0.793841 9.034248 -1.221171
v -0.811770 9.041252 -1.225593
v -0.822921 9.053421 -1.221171
v -0.831084 9.062329 -1.209088
v -0.834072 9.065590 -1.192582
v -0.831084 9.062329 -1.176077
v -0.822921 9.053421 -1.163994
v -0.811770 9.041252 -1.159572
v -0.800619 9.029083 -1.163994
v -0.792456 9.020174 -1.176077
v -0.789468 9.016913 -1.192582
v -0.792456 9.020174 -1.209088
v -0.800619 9.029083 -1.221171
v -0.819825 9.030371 -1.225593
v -0.834119 9.038623 -1.221171
v -0.844582 9.044664 -1.209088
v -0.848413 9.046876 -1.192582
v -0.844582 9.044664 -1.176077
v -0.834119 9.038623 -1.163994
v -0.819825 9.030371 -1.159571
v -0.805530 9.022118 -1.163994
v -0.795066 9.016076 -1.176077
v -0.791236 9.013865 -1.192582
v -0.795066 9.016076 -1.209088
v -0.805530 9.022118 -1.221171
v -0.824234 9.017570 -1.225593
v -0.840348 9.021143 -1.221171
v -0.852144 9.023758 -1.209088
v -0.856462 9.024715 -1.192582
v -0.852144 9.023758 -1.176077
v -0.840348 9.021143 -1.163994
v -0.824234 9.017570 -1.159571
v -0.808119 9.013998 -1.163994
v -0.796323 9.011383 -1.176077
v -0.792005 9.010426 -1.192582
v -0.796323 9.011383 -1.209088
v -0.808119 9.013998 -1.221171
v -0.824590 8.075288 -1.225593
v -0.841033 8.075288 -1.221171
v -0.853069 8.075288 -1.209088
v -0.857475 8.075288 -1.192582
v -0.853069 8.075288 -1.176077
v -0.841033 8.075288 -1.163994
v -0.824590 8.075288 -1.159571
v -0.808147 8.075288 -1.163994
v -0.796110 8.075288 -1.176077
v -0.791705 8.075288 -1.192582
v -0.796111 8.075288 -1.209088
v -0.808147 8.075288 -1.221171
v -0.823300 8.064593 -1.225593
v -0.839270 8.060681 -1.221170
v -0.850961 8.057817 -1.209088
v -0.855240 8.056769 -1.192582
v -0.850961 8.057817 -1.176077
v -0.839270 8.060681 -1.163994
v -0.823300 8.064593 -1.159571
v -0.807329 8.068505 -1.163994
v -0.795638 8.071369 -1.176077
v -0.791358 8.072417 -1.192582
v -0.795638 8.071369 -1.209088
v -0.807329 8.068505 -1.221170
v -0.819501 8.054513 -1.225593
v -0.834083 8.046914 -1.221170
v -0.844757 8.041351 -1.209087
v -0.848664 8.039314 -1.192582
v -0.844757 8.041351 -1.176077
v -0.834083 8.046914 -1.163994
v -0.819501 8.054513 -1.159571
v -0.804920 8.062113 -1.163994
v -0.794246 8.067676 -1.176077
v -0.790339 8.069712 -1.192582
v -0.794246 8.067676 -1.209087
v -0.804920 8.062113 -1.221170
v -0.813414 8.045626 -1.225593
v -0.825768 8.034776 -1.221170
v -0.834813 8.026834 -1.209087
v -0.838123 8.023926 -1.192582
v -0.834813 8.026834 -1.176076
v -0.825768 8.034776 -1.163993
v -0.813414 8.045626 -1.159571
v -0.801059 8.056477 -1.163993
v -0.792015 8.064419 -1.176076
v -0.788704 8.067327 -1.192582
v -0.792015 8.064419 -1.209087
v -0.801059 8.056477 -1.221170
v -0.805387 8.038443 -1.225593
v -0.817048 8.026850 -1.221170
v -0.825584 8.018364 -1.209087
v -0.828709 8.015258 -1.192582
v -0.825584 8.018364 -1.176076
v -0.817048 8.026850 -1.163993
v -0.805387 8.038443 -1.159571
v -0.793726 8.050035 -1.163993
v -0.785189 8.058521 -1.176076
v -0.782065 8.061626 -1.192582
v -0.785189 8.058521 -1.209087
v -0.793726 8.050035 -1.221170
v 1.960325 5.495084 -1.225593
v 1.974881 5.487303 -1.221171
v 1.985537 5.481607 -1.209088
v 1.989438 5.479522 -1.192582
v 1.985537 5.481607 -1.176077
v 1.974881 5.487303 -1.163994
v 1.960325 5.495084 -1.159571
v 1.945769 5.502865 -1.163994
v 1.935113 5.508561 -1.176077
v 1.931213 5.510646 -1.192582
v 1.935113 5.508561 -1.209088
v 1.945769 5.502865 -1.221171
v 1.941850 5.480616 -1.225593
v 1.951019 5.466891 -1.221171
v 1.957731 5.456845 -1.209088
v 1.960188 5.453167 -1.192582
v 1.957731 5.456845 -1.176077
v 1.951019 5.466891 -1.163994
v 1.941850 5.480616 -1.159571
v 1.932681 5.494340 -1.163994
v 1.925969 5.504387 -1.176077
v 1.923512 5.508065 -1.192582
v 1.925969 5.504387 -1.209088
v 1.932681 5.494340 -1.221171
v 1.918736 5.476566 -1.225593
v 1.920352 5.460140 -1.221170
v 1.921536 5.448115 -1.209088
v 1.921968 5.443714 -1.192582
v 1.921536 5.448115 -1.176077
v 1.920352 5.460140 -1.163994
v 1.918736 5.476566 -1.159571
v 1.917120 5.492992 -1.163994
v 1.915937 5.505017 -1.176077
v 1.915504 5.509418 -1.192582
v 1.915937 5.505017 -1.209088
v 1.917120 5.492992 -1.221170
v 1.895669 5.484623 -1.225593
v 1.887897 5.470061 -1.221170
v 1.882208 5.459403 -1.209087
v 1.880126 5.455501 -1.192582
v 1.882208 5.459403 -1.176077
v 1.887897 5.470061 -1.163994
v 1.895669 5.484623 -1.159571
v 1.903441 5.499184 -1.163994
v 1.909130 5.509843 -1.176077
v 1.911213 5.513745 -1.192582
v 1.909130 5.509843 -1.209087
v 1.903441 5.499184 -1.221170
v 1.633280 5.628569 -1.224945
v 1.633280 6.658098 -1.224945
v 1.649763 5.628569 -1.220528
v 1.649763 6.658098 -1.220529
v 1.661830 5.628569 -1.208462
v 1.661830 6.658098 -1.208462
v 1.666247 5.628569 -1.191978
v 1.666247 6.658098 -1.191978
v 1.661830 5.628569 -1.175495
v 1.661830 6.658098 -1.175495
v 1.649763 5.628569 -1.163428
v 1.649763 6.658098 -1.163428
v 1.633280 5.628569 -1.159012
v 1.633280 6.658098 -1.159012
v 1.616797 5.628569 -1.163428
v 1.616797 6.663262 -1.163428
v 1.604730 5.628569 -1.175495
v 1.604730 6.663262 -1.175495
v 1.600313 5.628569 -1.191978
v 1.600313 6.663262 -1.191978
v 1.604730 5.628569 -1.208462
v 1.604730 6.663262 -1.208462
v 1.616797 5.628569 -1.220528
v 1.616796 6.663262 -1.220529
v 1.277239 5.982434 -1.224945
v 1.277239 7.011964 -1.224945
v 1.293722 5.982434 -1.220528
v 1.293722 7.011964 -1.220528
v 1.305789 5.982434 -1.208462
v 1.305789 7.011963 -1.208462
v 1.310206 5.982434 -1.191978
v 1.310206 7.011964 -1.191978
v 1.305789 5.982434 -1.175495
v 1.305789 7.011963 -1.175495
v 1.293722 5.982434 -1.163428
v 1.293722 7.011964 -1.163428
v 1.277239 5.982434 -1.159012
v 1.277239 7.011964 -1.159012
v 1.260756 5.982434 -1.163428
v 1.260756 7.017128 -1.163428
v 1.248689 5.982434 -1.175495
v 1.248689 7.017128 -1.175495
v 1.244272 5.982434 -1.191978
v 1.244272 7.017128 -1.191978
v 1.248689 5.982434 -1.208462
v 1.248689 7.017128 -1.208462
v 1.260756 5.982434 -1.220528
v 1.260756 7.017128 -1.220528
v 0.921198 6.336299 -1.224945
v 0.921198 7.365829 -1.224945
v 0.937681 6.336299 -1.220528
v 0.937681 7.365829 -1.220528
v 0.949748 6.336299 -1.208462
v 0.949748 7.365829 -1.208462
v 0.954165 6.336299 -1.191978
v 0.954165 7.365829 -1.191978
v 0.949748 6.336299 -1.175495
v 0.949748 7.365829 -1.175495
v 0.937681 6.336299 -1.163428
v 0.937681 7.365829 -1.163428
v 0.921198 6.336299 -1.159012
v 0.921198 7.365829 -1.159012
v 0.904715 6.336299 -1.163428
v 0.904715 7.370993 -1.163428
v 0.892648 6.336299 -1.175495
v 0.892648 7.370993 -1.175495
v 0.888231 6.336299 -1.191978
v 0.888231 7.370993 -1.191978
v 0.892648 6.336299 -1.208462
v 0.892648 7.370993 -1.208462
v 0.904715 6.336299 -1.220528
v 0.904715 7.370993 -1.220528
v 0.565157 6.690165 -1.224945
v 0.565157 7.719694 -1.224945
v 0.581640 6.690165 -1.220528
v 0.581640 7.719694 -1.220528
v 0.593707 6.690165 -1.208462
v 0.593707 7.719694 -1.208462
v 0.598124 6.690165 -1.191978
v 0.598124 7.719694 -1.191978
v 0.593707 6.690165 -1.175495
v 0.593707 7.719694 -1.175495
v 0.581640 6.690165 -1.163428
v 0.581640 7.719694 -1.163428
v 0.565157 6.690165 -1.159012
v 0.565157 7.719694 -1.159012
v 0.548674 6.690165 -1.163428
v 0.548674 7.724858 -1.163428
v 0.536607 6.690165 -1.175495
v 0.536607 7.724858 -1.175495
v 0.532190 6.690165 -1.191978
v 0.532190 7.724859 -1.191978
v 0.536607 6.690165 -1.208462
v 0.536607 7.724858 -1.208462
v 0.548674 6.690165 -1.220528
v 0.548674 7.724858 -1.220528
v 0.209116 7.044030 -1.224945
v 0.209116 8.073560 -1.224945
v 0.225599 7.044030 -1.220528
v 0.225599 8.073560 -1.220528
v 0.237666 7.044030 -1.208462
v 0.237666 8.073560 -1.208462
v 0.242083 7.044030 -1.191978
v 0.242083 8.073560 -1.191978
v 0.237666 7.044030 -1.175495
v 0.237666 8.073560 -1.175495
v 0.225599 7.044030 -1.163428
v 0.225599 8.073560 -1.163428
v 0.209116 7.044030 -1.159012
v 0.209116 8.073560 -1.159012
v 0.192633 7.044030 -1.163428
v 0.192633 8.078724 -1.163428
v 0.180566 7.044030 -1.175495
v 0.180566 8.078724 -1.175495
v 0.176149 7.044030 -1.191978
v 0.176149 8.078724 -1.191978
v 0.180566 7.044030 -1.208462
v 0.180566 8.078724 -1.208462
v 0.192633 7.044030 -1.220529
v 0.192633 8.078724 -1.220528
v -0.146925 7.397895 -1.224945
v -0.146925 8.427424 -1.224945
v -0.130442 7.397895 -1.220529
v -0.130442 8.427424 -1.220528
v -0.118375 7.397895 -1.208462
v -0.118375 8.427424 -1.208462
v -0.113958 7.397895 -1.191978
v -0.113958 8.427424 -1.191978
v -0.118375 7.397895 -1.175495
v -0.118375 8.427424 -1.175495
v -0.130442 7.397895 -1.163428
v -0.130442 8.427424 -1.163428
v -0.146925 7.397895 -1.159012
v -0.146925 8.427424 -1.159012
v -0.163408 7.397895 -1.163428
v -0.163408 8.432589 -1.163428
v -0.175475 7.397895 -1.175495
v -0.175475 8.432589 -1.175495
v -0.179892 7.397895 -1.191978
v -0.179892 8.432589 -1.191978
v -0.175475 7.397895 -1.208462
v -0.175475 8.432589 -1.208462
v -0.163408 7.397895 -1.220528
v -0.163408 8.432589 -1.220528
v -0.502966 7.751760 -1.224945
v -0.502966 8.781290 -1.224945
v -0.486483 7.751760 -1.220528
v -0.486483 8.781290 -1.220528
v -0.474416 7.751760 -1.208462
v -0.474416 8.781290 -1.208462
v -0.469999 7.751760 -1.191978
v -0.469999 8.781290 -1.191978
v -0.474416 7.751760 -1.175495
v -0.474416 8.781290 -1.175495
v -0.486483 7.751760 -1.163428
v -0.486483 8.781290 -1.163428
v -0.502966 7.751760 -1.159012
v -0.502966 8.781290 -1.159012
v -0.519449 7.751760 -1.163428
v -0.519449 8.786454 -1.163428
v -0.531516 7.751760 -1.175495
v -0.531516 8.786454 -1.175495
v -0.535933 7.751760 -1.191978
v -0.535933 8.786454 -1.191978
v -0.531516 7.751760 -1.208462
v -0.531516 8.786454 -1.208462
v -0.519449 7.751760 -1.220528
v -0.519449 8.786454 -1.220529
v 1.969798 5.313936 -1.225593
v 1.986303 5.313936 -1.221171
v 1.998386 5.313936 -1.209088
v 2.002809 5.313936 -1.192582
v 1.998386 5.313936 -1.176077
v 1.986303 5.313936 -1.163994
v 1.969798 5.313936 -1.159572
v 1.953292 5.313936 -1.163994
v 1.941210 5.313936 -1.176077
v 1.936787 5.313936 -1.192582
v 1.941210 5.313936 -1.209088
v 1.953292 5.313936 -1.221171
v 1.959605 6.332475 -2.410753
v -0.750238 9.042316 -2.410753
v 1.971276 6.344146 -2.406331
v -0.738567 9.053988 -2.406331
v 1.979820 6.352690 -2.394248
v -0.730023 9.062531 -2.394248
v 1.982947 6.355817 -2.377742
v -0.726896 9.065659 -2.377743
v 1.979820 6.352690 -2.361237
v -0.730023 9.062531 -2.361237
v 1.971276 6.344146 -2.349154
v -0.738567 9.053988 -2.349154
v 1.959605 6.332475 -2.344731
v -0.750238 9.042316 -2.344732
v 1.947934 6.320804 -2.349154
v -0.761909 9.030645 -2.349154
v 1.939390 6.312260 -2.361237
v -0.770453 9.022101 -2.361237
v 1.936263 6.309133 -2.377742
v -0.773580 9.018974 -2.377743
v 1.939390 6.312260 -2.394248
v -0.770453 9.022101 -2.394248
v 1.947934 6.320804 -2.406331
v -0.761909 9.030645 -2.406331
v 1.962706 6.328758 -2.410753
v 1.975801 6.338806 -2.406331
v 1.985387 6.346161 -2.394248
v 1.988896 6.348854 -2.377742
v 1.985387 6.346161 -2.361237
v 1.975801 6.338806 -2.349154
v 1.962706 6.328758 -2.344731
v 1.949612 6.318710 -2.349154
v 1.940026 6.311354 -2.361237
v 1.936517 6.308662 -2.377742
v 1.940026 6.311354 -2.394248
v 1.949612 6.318710 -2.406331
v 1.965296 6.324668 -2.410753
v 1.979590 6.332921 -2.406331
v 1.990054 6.338962 -2.394248
v 1.993884 6.341174 -2.377742
v 1.990054 6.338962 -2.361237
v 1.979590 6.332921 -2.349154
v 1.965296 6.324668 -2.344731
v 1.951002 6.316415 -2.349154
v 1.940538 6.310374 -2.361237
v 1.936708 6.308163 -2.377742
v 1.940538 6.310374 -2.394248
v 1.951002 6.316415 -2.406331
v 1.967330 6.320275 -2.410753
v 1.982579 6.326591 -2.406331
v 1.993742 6.331216 -2.394248
v 1.997828 6.332908 -2.377742
v 1.993742 6.331216 -2.361237
v 1.982579 6.326591 -2.349154
v 1.967330 6.320275 -2.344731
v 1.952080 6.313959 -2.349154
v 1.940917 6.309335 -2.361237
v 1.936831 6.307643 -2.377742
v 1.940917 6.309335 -2.394248
v 1.952080 6.313959 -2.406331
v 1.968773 6.315655 -2.410753
v 1.984716 6.319927 -2.406331
v 1.996387 6.323054 -2.394248
v 2.000659 6.324199 -2.377742
v 1.996387 6.323054 -2.361237
v 1.984716 6.319927 -2.349154
v 1.968773 6.315655 -2.344731
v 1.952829 6.311383 -2.349154
v 1.941159 6.308255 -2.361237
v 1.936887 6.307111 -2.377742
v 1.941159 6.308255 -2.394248
v 1.952829 6.311383 -2.406331
v 1.969600 6.310885 -2.410753
v 1.985964 6.313040 -2.406331
v 1.997944 6.314617 -2.394248
v 2.002329 6.315194 -2.377742
v 1.997944 6.314617 -2.361237
v 1.985964 6.313040 -2.349154
v 1.969600 6.310885 -2.344731
v 1.953236 6.308731 -2.349154
v 1.941256 6.307154 -2.361237
v 1.936872 6.306577 -2.377742
v 1.941256 6.307154 -2.394248
v 1.953236 6.308731 -2.406331
v 1.969798 6.306048 -2.410753
v 1.986303 6.306048 -2.406331
v 1.998386 6.306049 -2.394248
v 2.002809 6.306049 -2.377742
v 1.998386 6.306049 -2.361237
v 1.986303 6.306048 -2.349154
v 1.969798 6.306048 -2.344731
v 1.953292 6.306049 -2.349154
v 1.941210 6.306048 -2.361237
v 1.936787 6.306048 -2.377742
v 1.941210 6.306048 -2.394248
v 1.953292 6.306049 -2.406331
v 1.969798 5.516553 -2.410753
v 1.986303 5.516553 -2.406331
v 1.998386 5.516553 -2.394248
v 2.002809 5.516553 -2.377742
v 1.998386 5.516553 -2.361237
v 1.986303 5.516553 -2.349154
v 1.969798 5.516553 -2.344731
v 1.953292 5.516553 -2.349154
v 1.941210 5.516553 -2.361237
v 1.936787 5.516553 -2.377742
v 1.941210 5.516553 -2.394248
v 1.953292 5.516553 -2.406331
v -0.761460 9.049889 -2.410753
v -0.753839 9.064529 -2.406331
v -0.748259 9.075247 -2.394248
v -0.746217 9.079170 -2.377743
v -0.748259 9.075247 -2.361237
v -0.753839 9.064529 -2.349154
v -0.761460 9.049889 -2.344732
v -0.769082 9.035248 -2.349154
v -0.774661 9.024530 -2.361237
v -0.776703 9.020608 -2.377742
v -0.774661 9.024530 -2.394248
v -0.769082 9.035248 -2.406331
v -0.774441 9.053736 -2.410753
v -0.771574 9.069990 -2.406331
v -0.769476 9.081890 -2.394248
v -0.768708 9.086246 -2.377743
v -0.769476 9.081890 -2.361237
v -0.771574 9.069990 -2.349154
v -0.774441 9.053736 -2.344732
v -0.777307 9.037481 -2.349154
v -0.779405 9.025581 -2.361237
v -0.780173 9.021226 -2.377742
v -0.779405 9.025581 -2.394248
v -0.777307 9.037481 -2.406331
v -0.787977 9.053501 -2.410753
v -0.790131 9.069866 -2.406331
v -0.791708 9.081845 -2.394248
v -0.792285 9.086229 -2.377742
v -0.791708 9.081845 -2.361237
v -0.790131 9.069866 -2.349154
v -0.787977 9.053501 -2.344732
v -0.785822 9.037137 -2.349154
v -0.784245 9.025158 -2.361237
v -0.783668 9.020773 -2.377742
v -0.784245 9.025158 -2.394248
v -0.785822 9.037137 -2.406331
v -0.800816 9.049208 -2.410753
v -0.807792 9.064167 -2.406331
v -0.812897 9.075117 -2.394248
v -0.814767 9.079125 -2.377742
v -0.812897 9.075117 -2.361237
v -0.807792 9.064167 -2.349154
v -0.800816 9.049208 -2.344731
v -0.793841 9.034248 -2.349154
v -0.788734 9.023298 -2.361237
v -0.786865 9.019290 -2.377742
v -0.788734 9.023298 -2.394248
v -0.793841 9.034248 -2.406331
v -0.811770 9.041252 -2.410753
v -0.822921 9.053421 -2.406331
v -0.831084 9.062329 -2.394248
v -0.834072 9.065590 -2.377742
v -0.831084 9.062329 -2.361237
v -0.822921 9.053421 -2.349154
v -0.811770 9.041252 -2.344731
v -0.800619 9.029083 -2.349154
v -0.792455 9.020174 -2.361237
v -0.789468 9.016913 -2.377742
v -0.792456 9.020174 -2.394248
v -0.800619 9.029083 -2.406331
v -0.819824 9.030371 -2.410753
v -0.834118 9.038623 -2.406331
v -0.844582 9.044664 -2.394248
v -0.848413 9.046876 -2.377742
v -0.844582 9.044664 -2.361237
v -0.834118 9.038623 -2.349154
v -0.819824 9.030371 -2.344731
v -0.805530 9.022118 -2.349154
v -0.795066 9.016076 -2.361237
v -0.791236 9.013865 -2.377742
v -0.795066 9.016076 -2.394248
v -0.805530 9.022118 -2.406331
v -0.824234 9.017570 -2.410753
v -0.840348 9.021143 -2.406331
v -0.852144 9.023758 -2.394248
v -0.856462 9.024715 -2.377742
v -0.852144 9.023758 -2.361237
v -0.840348 9.021143 -2.349154
v -0.824234 9.017570 -2.344731
v -0.808119 9.013998 -2.349154
v -0.796323 9.011383 -2.361237
v -0.792005 9.010426 -2.377742
v -0.796323 9.011383 -2.394248
v -0.808119 9.013998 -2.406331
v -0.824590 8.075288 -2.410753
v -0.841033 8.075288 -2.406330
v -0.853069 8.075288 -2.394248
v -0.857475 8.075288 -2.377742
v -0.853069 8.075288 -2.361237
v -0.841033 8.075288 -2.349154
v -0.824590 8.075288 -2.344731
v -0.808147 8.075288 -2.349154
v -0.796110 8.075288 -2.361237
v -0.791704 8.075288 -2.377742
v -0.796110 8.075288 -2.394248
v -0.808147 8.075288 -2.406330
v -0.823300 8.064593 -2.410753
v -0.839270 8.060681 -2.406330
v -0.850961 8.057817 -2.394248
v -0.855240 8.056769 -2.377742
v -0.850961 8.057817 -2.361237
v -0.839270 8.060681 -2.349154
v -0.823299 8.064593 -2.344731
v -0.807328 8.068505 -2.349154
v -0.795637 8.071369 -2.361237
v -0.791358 8.072417 -2.377742
v -0.795637 8.071369 -2.394248
v -0.807328 8.068505 -2.406330
v -0.819501 8.054513 -2.410753
v -0.834082 8.046914 -2.406330
v -0.844757 8.041351 -2.394247
v -0.848664 8.039314 -2.377742
v -0.844757 8.041351 -2.361236
v -0.834082 8.046914 -2.349154
v -0.819501 8.054513 -2.344731
v -0.804920 8.062113 -2.349154
v -0.794245 8.067676 -2.361236
v -0.790339 8.069712 -2.377742
v -0.794245 8.067676 -2.394247
v -0.804920 8.062113 -2.406330
v -0.813414 8.045626 -2.410753
v -0.825768 8.034776 -2.406330
v -0.834813 8.026834 -2.394247
v -0.838123 8.023926 -2.377742
v -0.834813 8.026834 -2.361236
v -0.825768 8.034776 -2.349153
v -0.813414 8.045626 -2.344731
v -0.801059 8.056477 -2.349153
v -0.792015 8.064419 -2.361236
v -0.788704 8.067327 -2.377742
v -0.792015 8.064419 -2.394247
v -0.801059 8.056477 -2.406330
v -0.805387 8.038443 -2.410752
v -0.817048 8.026850 -2.406330
v -0.825584 8.018364 -2.394247
v -0.828709 8.015258 -2.377741
v -0.825584 8.018364 -2.361236
v -0.817048 8.026850 -2.349153
v -0.805387 8.038443 -2.344731
v -0.793726 8.050035 -2.349153
v -0.785189 8.058521 -2.361236
v -0.782065 8.061626 -2.377741
v -0.785189 8.058521 -2.394247
v -0.793726 8.050035 -2.406330
v 1.960325 5.495084 -2.410753
v 1.974882 5.487303 -2.406331
v 1.985538 5.481607 -2.394248
v 1.989438 5.479522 -2.377742
v 1.985538 5.481607 -2.361237
v 1.974882 5.487303 -2.349154
v 1.960325 5.495084 -2.344731
v 1.945769 5.502865 -2.349154
v 1.935113 5.508562 -2.361237
v 1.931213 5.510646 -2.377742
v 1.935113 5.508562 -2.394248
v 1.945769 5.502865 -2.406331
v 1.941850 5.480616 -2.410753
v 1.951019 5.466891 -2.406330
v 1.957731 5.456845 -2.394248
v 1.960188 5.453167 -2.377742
v 1.957731 5.456845 -2.361237
v 1.951019 5.466891 -2.349154
v 1.941850 5.480616 -2.344731
v 1.932682 5.494340 -2.349154
v 1.925969 5.504387 -2.361237
v 1.923513 5.508065 -2.377742
v 1.925969 5.504387 -2.394248
v 1.932682 5.494340 -2.406330
v 1.918736 5.476566 -2.410753
v 1.920352 5.460140 -2.406330
v 1.921536 5.448115 -2.394248
v 1.921968 5.443714 -2.377742
v 1.921536 5.448115 -2.361237
v 1.920352 5.460140 -2.349154
v 1.918736 5.476566 -2.344731
v 1.917121 5.492992 -2.349154
v 1.915938 5.505017 -2.361237
v 1.915505 5.509418 -2.377742
v 1.915938 5.505017 -2.394248
v 1.917121 5.492992 -2.406330
v 1.895669 5.484623 -2.410753
v 1.887897 5.470062 -2.406330
v 1.882208 5.459403 -2.394247
v 1.880126 5.455501 -2.377742
v 1.882208 5.459403 -2.361236
v 1.887897 5.470062 -2.349154
v 1.895669 5.484623 -2.344731
v 1.903441 5.499184 -2.349154
v 1.909130 5.509843 -2.361236
v 1.911213 5.513745 -2.377742
v 1.909130 5.509843 -2.394247
v 1.903441 5.499184 -2.406330
v 1.633280 5.628569 -2.410105
v 1.633280 6.658098 -2.410105
v 1.649763 5.628569 -2.405688
v 1.649764 6.658098 -2.405688
v 1.661830 5.628569 -2.393621
v 1.661830 6.658098 -2.393621
v 1.666247 5.628569 -2.377138
v 1.666247 6.658098 -2.377138
v 1.661830 5.628569 -2.360655
v 1.661830 6.658098 -2.360655
v 1.649763 5.628569 -2.348588
v 1.649764 6.658098 -2.348588
v 1.633280 5.628569 -2.344172
v 1.633280 6.658098 -2.344172
v 1.616797 5.628569 -2.348588
v 1.616797 6.663262 -2.348588
v 1.604730 5.628569 -2.360655
v 1.604730 6.663263 -2.360655
v 1.600313 5.628569 -2.377138
v 1.600313 6.663262 -2.377138
v 1.604730 5.628569 -2.393621
v 1.604730 6.663262 -2.393621
v 1.616797 5.628569 -2.405688
v 1.616797 6.663262 -2.405688
v 1.277239 5.982434 -2.410105
v 1.277239 7.011964 -2.410105
v 1.293722 5.982434 -2.405688
v 1.293722 7.011964 -2.405688
v 1.305789 5.982434 -2.393621
v 1.305789 7.011964 -2.393622
v 1.310206 5.982434 -2.377138
v 1.310206 7.011964 -2.377138
v 1.305789 5.982434 -2.360655
v 1.305789 7.011964 -2.360655
v 1.293722 5.982434 -2.348588
v 1.293722 7.011964 -2.348588
v 1.277239 5.982434 -2.344172
v 1.277239 7.011964 -2.344172
v 1.260756 5.982434 -2.348588
v 1.260756 7.017128 -2.348588
v 1.248689 5.982434 -2.360655
v 1.248689 7.017128 -2.360655
v 1.244272 5.982434 -2.377138
v 1.244272 7.017128 -2.377138
v 1.248689 5.982434 -2.393621
v 1.248689 7.017128 -2.393621
v 1.260756 5.982434 -2.405688
v 1.260756 7.017128 -2.405688
v 0.921198 6.336299 -2.410105
v 0.921198 7.365829 -2.410105
v 0.937682 6.336299 -2.405688
v 0.937681 7.365829 -2.405688
v 0.949748 6.336299 -2.393621
v 0.949748 7.365829 -2.393621
v 0.954165 6.336299 -2.377138
v 0.954165 7.365829 -2.377138
v 0.949748 6.336299 -2.360655
v 0.949748 7.365829 -2.360655
v 0.937682 6.336299 -2.348588
v 0.937681 7.365829 -2.348588
v 0.921198 6.336299 -2.344172
v 0.921198 7.365829 -2.344172
v 0.904715 6.336299 -2.348588
v 0.904715 7.370993 -2.348588
v 0.892648 6.336299 -2.360655
v 0.892648 7.370993 -2.360655
v 0.888231 6.336299 -2.377138
v 0.888231 7.370993 -2.377138
v 0.892648 6.336299 -2.393621
v 0.892648 7.370993 -2.393621
v 0.904715 6.336299 -2.405688
v 0.904715 7.370993 -2.405688
v 0.565157 6.690165 -2.410105
v 0.565157 7.719694 -2.410105
v 0.581641 6.690165 -2.405688
v 0.581640 7.719694 -2.405688
v 0.593707 6.690165 -2.393622
v 0.593707 7.719694 -2.393621
v 0.598124 6.690165 -2.377138
v 0.598124 7.719694 -2.377138
v 0.593707 6.690165 -2.360655
v 0.593707 7.719694 -2.360655
v 0.581641 6.690165 -2.348588
v 0.581640 7.719694 -2.348588
v 0.565157 6.690165 -2.344172
v 0.565157 7.719694 -2.344172
v 0.548674 6.690165 -2.348588
v 0.548674 7.724858 -2.348588
v 0.536607 6.690165 -2.360655
v 0.536607 7.724858 -2.360655
v 0.532190 6.690165 -2.377138
v 0.532190 7.724859 -2.377138
v 0.536607 6.690165 -2.393622
v 0.536607 7.724858 -2.393621
v 0.548674 6.690165 -2.405688
v 0.548674 7.724858 -2.405688
v 0.209116 7.044030 -2.410105
v 0.209116 8.073560 -2.410105
v 0.225599 7.044030 -2.405688
v 0.225599 8.073560 -2.405688
v 0.237666 7.044030 -2.393622
v 0.237666 8.073560 -2.393621
v 0.242083 7.044030 -2.377138
v 0.242083 8.073560 -2.377138
v 0.237666 7.044030 -2.360655
v 0.237666 8.073560 -2.360655
v 0.225599 7.044030 -2.348588
v 0.225599 8.073560 -2.348588
v 0.209116 7.044030 -2.344172
v 0.209116 8.073560 -2.344172
v 0.192633 7.044030 -2.348588
v 0.192633 8.078724 -2.348588
v 0.180566 7.044030 -2.360655
v 0.180566 8.078724 -2.360655
v 0.176149 7.044030 -2.377138
v 0.176150 8.078724 -2.377138
v 0.180566 7.044030 -2.393622
v 0.180566 8.078724 -2.393621
v 0.192633 7.044030 -2.405688
v 0.192633 8.078724 -2.405688
v -0.146925 7.397895 -2.410105
v -0.146925 8.427424 -2.410105
v -0.130441 7.397895 -2.405688
v -0.130441 8.427424 -2.405688
v -0.118375 7.397895 -2.393622
v -0.118375 8.427424 -2.393621
v -0.113958 7.397895 -2.377138
v -0.113958 8.427425 -2.377138
v -0.118375 7.397895 -2.360655
v -0.118375 8.427424 -2.360655
v -0.130441 7.397895 -2.348588
v -0.130441 8.427424 -2.348588
v -0.146925 7.397895 -2.344172
v -0.146925 8.427424 -2.344172
v -0.163408 7.397895 -2.348588
v -0.163408 8.432589 -2.348588
v -0.175475 7.397895 -2.360655
v -0.175475 8.432589 -2.360655
v -0.179892 7.397895 -2.377138
v -0.179892 8.432589 -2.377138
v -0.175475 7.397895 -2.393621
v -0.175475 8.432589 -2.393621
v -0.163408 7.397895 -2.405688
v -0.163408 8.432589 -2.405688
v -0.502966 7.751760 -2.410105
v -0.502966 8.781290 -2.410105
v -0.486483 7.751760 -2.405688
v -0.486483 8.781290 -2.405688
v -0.474416 7.751760 -2.393621
v -0.474416 8.781290 -2.393621
v -0.469999 7.751760 -2.377138
v -0.469999 8.781290 -2.377138
v -0.474416 7.751760 -2.360655
v -0.474416 8.781290 -2.360655
v -0.486483 7.751760 -2.348588
v -0.486483 8.781290 -2.348588
v -0.502966 7.751760 -2.344172
v -0.502966 8.781290 -2.344172
v -0.519449 7.751760 -2.348588
v -0.519449 8.786454 -2.348588
v -0.531516 7.751760 -2.360655
v -0.531516 8.786454 -2.360655
v -0.535933 7.751760 -2.377138
v -0.535933 8.786454 -2.377138
v -0.531516 7.751760 -2.393621
v -0.531516 8.786454 -2.393621
v -0.519449 7.751760 -2.405688
v -0.519449 8.786454 -2.405688
v 1.969798 5.313936 -2.410753
v 1.986303 5.313936 -2.406331
v 1.998386 5.313936 -2.394248
v 2.002809 5.313936 -2.377742
v 1.998386 5.313936 -2.361237
v 1.986303 5.313936 -2.349154
v 1.969798 5.313936 -2.344731
v 1.953292 5.313936 -2.349154
v 1.941210 5.313936 -2.361237
v 1.936787 5.313936 -2.377742
v 1.941210 5.313936 -2.394248
v 1.953292 5.313936 -2.406331
v 2.229355 5.410029 -2.437766
v 2.229355 5.510029 -2.437766
v 2.229356 5.410029 0.062233
v 2.229356 5.510029 0.062233
v 1.629355 5.410029 -2.437766
v 1.629355 5.510029 -2.437766
v 1.629356 5.410029 0.062234
v 1.629356 5.510029 0.062234
v 1.749355 5.860029 -2.437766
v 1.749355 5.960029 -2.437766
v 1.749356 5.860029 0.062234
v 1.749356 5.960029 0.062234
v 1.149355 5.860029 -2.437766
v 1.149355 5.960029 -2.437766
v 1.149355 5.860029 0.062234
v 1.149355 5.960029 0.062234
v 1.269355 6.310029 -2.437766
v 1.269355 6.410028 -2.437766
v 1.269356 6.310029 0.062234
v 1.269356 6.410028 0.062234
v 0.669355 6.310029 -2.437766
v 0.669355 6.410028 -2.437766
v 0.669356 6.310029 0.062234
v 0.669356 6.410028 0.062234
v 0.789355 6.760028 -2.437766
v 0.789355 6.860028 -2.437766
v 0.789356 6.760028 0.062234
v 0.789355 6.860028 0.062234
v 0.189355 6.760028 -2.437766
v 0.189354 6.860028 -2.437766
v 0.189355 6.760028 0.062234
v 0.189355 6.860028 0.062234
v 0.309355 7.210028 -2.437766
v 0.309355 7.310028 -2.437766
v 0.309355 7.210028 0.062234
v 0.309355 7.310028 0.062234
v -0.290645 7.210028 -2.437766
v -0.290645 7.310028 -2.437766
v -0.290644 7.210028 0.062234
v -0.290645 7.310028 0.062234
v -0.170645 7.660028 -2.437766
v -0.170645 7.760028 -2.437766
v -0.170645 7.660028 0.062234
v -0.170645 7.760027 0.062234
v -0.770645 7.660028 -2.437766
v -0.770645 7.760028 -2.437766
v -0.770645 7.660028 0.062234
v -0.770644 7.760027 0.062234
vn 0.0052 0.0053 -1.0000
vn 0.0097 0.0127 -0.9999
vn 0.3271 0.3935 -0.8592
vn 0.3716 0.3422 -0.8630
vn 0.5588 0.6667 -0.4932
vn 0.6374 0.5887 -0.4971
vn 0.6432 0.7657 -0.0000
vn 0.7343 0.6789 -0.0000
vn 0.5588 0.6667 0.4932
vn 0.6374 0.5887 0.4971
vn 0.3271 0.3935 0.8592
vn 0.3716 0.3422 0.8630
vn 0.0097 0.0127 0.9999
vn 0.0052 0.0053 1.0000
vn -0.3045 -0.3797 0.8735
vn -0.3687 -0.3275 0.8700
vn -0.5240 -0.6825 0.5095
vn -0.6608 -0.5539 0.5065
vn -0.5990 -0.8008 -0.0000
vn -0.7792 -0.6267 -0.0000
vn -0.5240 -0.6825 -0.5095
vn -0.6608 -0.5539 -0.5065
vn -0.1927 -0.4412 0.8765
vn -0.3134 -0.8012 0.5097
vn -0.3045 -0.3797 -0.8735
vn -0.3687 -0.3275 -0.8700
vn 0.0079 0.0074 0.9999
vn 0.4081 0.3025 0.8613
vn 0.6966 0.5191 0.4954
vn 0.4441 0.2467 0.8613
vn 0.7583 0.4237 0.4954
vn 0.8014 0.5982 -0.0000
vn 0.0079 0.0074 -0.9999
vn -0.4060 -0.2783 -0.8704
vn 0.4082 0.3025 -0.8613
vn 0.6966 0.5191 -0.4954
vn -0.7393 -0.4472 -0.5034
vn -0.8745 -0.4851 -0.0000
vn -0.7393 -0.4472 0.5034
vn -0.4061 -0.2783 0.8704
vn -0.4389 -0.2229 0.8704
vn -0.7914 -0.3468 0.5034
vn -0.8299 -0.2406 0.5034
vn -0.4642 -0.1638 0.8704
vn 0.0088 0.0063 -0.9999
vn -0.4389 -0.2230 -0.8704
vn 0.7584 0.4237 -0.4954
vn 0.4442 0.2466 -0.8613
vn -0.9303 -0.3668 -0.0000
vn 0.0088 0.0063 0.9999
vn 0.8726 0.4885 -0.0000
vn -0.7914 -0.3469 -0.5034
vn 0.0096 0.0050 -0.9999
vn 0.4725 0.1866 -0.8613
vn 0.4929 0.1233 -0.8613
vn 0.0101 0.0038 -0.9999
vn 0.4725 0.1866 0.8613
vn 0.8072 0.3211 0.4954
vn -0.4642 -0.1638 -0.8704
vn 0.8072 0.3211 -0.4954
vn -0.9702 -0.2422 -0.0000
vn 0.0096 0.0051 0.9999
vn 0.9289 0.3704 -0.0000
vn -0.8299 -0.2406 -0.5034
vn -0.8542 -0.1302 -0.5034
vn -0.4816 -0.1018 -0.8704
vn -0.4908 -0.0380 -0.8704
vn -0.8639 -0.0176 -0.5034
vn -0.8542 -0.1302 0.5034
vn -0.4816 -0.1018 0.8704
vn 0.4929 0.1233 0.8613
vn 0.8422 0.2130 0.4954
vn 0.8422 0.2130 -0.4954
vn -0.9935 -0.1135 -0.0000
vn 0.0102 0.0038 0.9999
vn 0.9693 0.2460 -0.0000
vn 0.9931 0.1174 -0.0000
vn 0.8628 0.1012 0.4954
vn 0.8669 0.0222 0.4979
vn 0.9997 0.0259 -0.0000
vn 0.5047 0.0579 -0.8613
vn 0.0105 0.0024 -0.9999
vn -0.8639 -0.0176 0.5034
vn -0.4908 -0.0380 0.8704
vn 0.5047 0.0579 0.8613
vn 0.8628 0.1012 -0.4954
vn -0.9999 0.0172 -0.0000
vn 0.0105 0.0024 0.9999
vn 0.8660 -0.0000 0.5000
vn 1.0000 -0.0000 -0.0000
vn -0.4993 -0.0028 -0.8665
vn -0.8672 0.0198 -0.4976
vn 0.5031 0.0124 -0.8641
vn 0.0033 0.0009 -1.0000
vn -0.8672 0.0198 0.4976
vn -0.4993 -0.0028 0.8664
vn 0.5031 0.0124 0.8641
vn 0.8669 0.0222 -0.4979
vn -0.9992 0.0396 -0.0000
vn 0.0033 0.0009 1.0000
vn -0.6968 0.5050 -0.5094
vn -0.3997 0.2281 -0.8878
vn -0.3486 0.3315 -0.8767
vn -0.5468 0.6749 -0.4956
vn -0.5000 -0.0000 -0.8660
vn -0.8660 -0.0000 -0.5000
vn 0.5000 -0.0000 -0.8660
vn -0.0000 -0.0000 -1.0000
vn -0.8660 -0.0000 0.5000
vn -0.5000 -0.0000 0.8660
vn 0.5000 -0.0000 0.8660
vn 0.8660 -0.0000 -0.5000
vn -1.0000 -0.0000 -0.0000
vn -0.0000 -0.0000 1.0000
vn 0.0116 0.0223 0.9997
vn 0.0044 0.0247 0.9997
vn -0.0511 -0.4787 0.8765
vn 0.2263 0.4665 0.8551
vn 0.3841 0.7830 0.4893
vn 0.4416 0.8972 -0.0000
vn -0.1927 -0.4412 -0.8765
vn 0.0116 0.0223 -0.9997
vn 0.2263 0.4665 -0.8551
vn 0.3841 0.7830 -0.4893
vn -0.3134 -0.8012 -0.5097
vn -0.3425 -0.9395 -0.0000
vn -0.0580 -0.8584 -0.5097
vn -0.0442 -0.9990 -0.0000
vn 0.2583 -0.9661 -0.0000
vn 0.2028 -0.8361 -0.5097
vn 0.1514 0.9885 -0.0000
vn 0.1309 0.8622 0.4893
vn -0.0511 -0.4787 -0.8765
vn 0.0044 0.0247 -0.9997
vn 0.0755 0.5130 -0.8551
vn -0.0580 -0.8584 0.5097
vn 0.0755 0.5130 0.8551
vn 0.1309 0.8622 -0.4893
vn -0.1528 0.9883 -0.0000
vn -0.1345 0.8617 -0.4893
vn -0.3873 0.7814 -0.4893
vn -0.4429 0.8966 -0.0000
vn -0.0033 0.0249 0.9997
vn 0.0952 -0.4719 0.8765
vn -0.1345 0.8617 0.4893
vn 0.0952 -0.4719 -0.8765
vn -0.0033 0.0249 -0.9997
vn -0.0822 0.5120 -0.8551
vn 0.2028 -0.8361 0.5097
vn -0.0822 0.5120 0.8551
vn -0.6044 0.6287 -0.4893
vn -0.6920 0.7219 -0.0000
vn 0.5369 -0.8437 -0.0000
vn 0.4449 -0.7364 -0.5097
vn -0.0106 0.0228 0.9997
vn 0.2327 -0.4214 0.8765
vn -0.3873 0.7814 0.4893
vn 0.2327 -0.4214 -0.8765
vn -0.0106 0.0228 -0.9997
vn -0.2324 0.4635 -0.8551
vn 0.4449 -0.7364 0.5097
vn -0.2324 0.4635 0.8551
vn -0.0170 0.0185 0.9997
vn -0.3610 0.3722 0.8551
vn -0.4562 0.2464 0.8551
vn -0.0217 0.0126 0.9997
vn 0.7657 -0.6432 -0.0000
vn 0.6457 -0.5686 -0.5097
vn 0.3487 -0.3319 0.8765
vn -0.6044 0.6287 0.4893
vn 0.3487 -0.3319 -0.8765
vn -0.0170 0.0185 -0.9997
vn -0.3610 0.3722 -0.8551
vn 0.6457 -0.5686 0.5097
vn -0.5124 0.0883 0.8542
vn -0.0268 0.0041 0.9996
vn -0.7655 0.4179 -0.4893
vn -0.8771 0.4803 -0.0000
vn 0.9237 -0.3832 -0.0000
vn 0.7868 -0.3481 -0.5097
vn 0.4324 -0.2117 0.8765
vn -0.7655 0.4179 0.4893
vn 0.4324 -0.2117 -0.8765
vn -0.0217 0.0126 -0.9997
vn -0.4562 0.2464 -0.8551
vn 0.7868 -0.3481 0.5097
vn 0.9928 -0.1196 -0.0000
vn 0.8542 -0.1127 0.5075
vn 0.8640 0.0523 0.5008
vn 0.9982 0.0607 -0.0000
vn -0.8592 0.1515 -0.4888
vn -0.9846 0.1747 -0.0000
vn 0.8542 -0.1127 -0.5075
vn 0.4758 -0.0728 0.8765
vn -0.8592 0.1515 0.4888
vn 0.4758 -0.0728 -0.8765
vn -0.0268 0.0041 -0.9996
vn -0.5124 0.0883 -0.8542
vn -0.8689 -0.0515 -0.4923
vn -0.5099 -0.0307 -0.8597
vn -0.5010 -0.1227 -0.8567
vn -0.8465 -0.2073 -0.4904
vn -0.5099 -0.0307 0.8597
vn -0.0100 -0.0012 0.9999
vn -0.9983 -0.0589 -0.0000
vn 0.8640 0.0523 -0.5008
vn 0.4951 0.0295 0.8683
vn -0.8689 -0.0515 0.4923
vn 0.4951 0.0295 -0.8683
vn -0.0100 -0.0012 -0.9999
vn -0.0193 -0.0047 -0.9998
vn 0.4722 0.1156 -0.8739
vn 0.4311 0.2247 -0.8739
vn -0.0176 -0.0092 -0.9998
vn 0.8369 0.2050 0.5075
vn 0.9713 0.2379 -0.0000
vn -0.5010 -0.1227 0.8567
vn -0.0193 -0.0047 0.9998
vn -0.9713 -0.2379 -0.0000
vn 0.8369 0.2050 -0.5075
vn 0.4722 0.1157 0.8739
vn -0.8465 -0.2073 0.4904
vn -0.4574 -0.2384 0.8567
vn -0.7728 -0.4028 0.4904
vn -0.6579 -0.5708 0.4912
vn -0.3884 -0.3380 0.8572
vn -0.4574 -0.2384 -0.8567
vn -0.7728 -0.4028 -0.4904
vn 0.7641 0.3983 0.5075
vn 0.8868 0.4622 -0.0000
vn -0.0176 -0.0092 0.9998
vn -0.8868 -0.4622 -0.0000
vn 0.7641 0.3982 -0.5075
vn 0.4311 0.2247 0.8739
vn -0.5916 -0.6356 0.4961
vn -0.3423 -0.3689 0.8641
vn 0.3628 0.3219 -0.8745
vn -0.0153 -0.0127 -0.9998
vn -0.3884 -0.3380 -0.8572
vn -0.6579 -0.5708 -0.4912
vn 0.6421 0.5735 0.5087
vn 0.7449 0.6672 -0.0000
vn -0.0153 -0.0127 0.9998
vn -0.7557 -0.6549 -0.0000
vn 0.6422 0.5735 -0.5087
vn 0.3628 0.3219 0.8745
vn -0.4335 -0.7613 -0.4821
vn -0.4932 -0.8699 -0.0000
vn -0.6818 -0.7315 -0.0000
vn -0.5916 -0.6356 -0.4961
vn 0.3412 0.3750 -0.8620
vn 0.0011 0.0021 -1.0000
vn -0.3423 -0.3689 -0.8641
vn 0.5836 0.6448 0.4936
vn 0.6703 0.7421 -0.0000
vn 0.0010 0.0021 1.0000
vn 0.5836 0.6448 -0.4936
vn 0.3412 0.3750 0.8620
vn 0.7250 -0.4926 0.4814
vn 0.4333 -0.3081 0.8470
vn 0.2368 -0.4760 0.8470
vn 0.4071 -0.7762 0.4814
vn 0.0673 -0.0210 -0.9975
vn 0.5219 -0.2008 -0.8290
vn 0.4333 -0.3081 -0.8470
vn 0.0318 -0.0237 -0.9992
vn -0.3997 0.2281 0.8878
vn -0.6968 0.5050 0.5094
vn -0.5468 0.6749 0.4956
vn -0.3486 0.3315 0.8767
vn 0.8319 -0.3073 0.4621
vn 0.5219 -0.2008 0.8290
vn 0.8319 -0.3073 -0.4621
vn 0.7250 -0.4926 -0.4814
vn -0.7658 0.6430 -0.0000
vn -0.5711 0.8209 -0.0000
vn 0.0673 -0.0210 0.9975
vn 0.0318 -0.0237 0.9992
vn 0.9396 -0.3423 -0.0000
vn 0.8306 -0.5568 -0.0000
vn -0.0225 -0.5332 0.8457
vn -0.0177 -0.8771 0.4800
vn 0.0168 -0.0359 -0.9992
vn -0.1512 0.4567 -0.8767
vn 0.4071 -0.7762 -0.4814
vn 0.2368 -0.4760 -0.8470
vn -0.1167 0.9932 -0.0000
vn -0.1641 0.8529 0.4956
vn 0.0168 -0.0359 0.9992
vn 0.4700 -0.8827 -0.0000
vn -0.1641 0.8529 -0.4956
vn -0.1512 0.4567 0.8767
vn 0.0875 0.4718 0.8774
vn 0.2823 0.8199 0.4981
vn 0.5525 0.6774 0.4856
vn 0.2784 0.4043 0.8712
vn -0.0036 -0.0413 -0.9991
vn 0.0875 0.4718 -0.8774
vn -0.0177 -0.8771 -0.4800
vn -0.0225 -0.5332 -0.8457
vn 0.4118 0.9113 -0.0000
vn -0.0036 -0.0413 0.9991
vn -0.0137 -0.9999 -0.0000
vn 0.2822 0.8199 -0.4981
vn -0.2653 -0.4585 -0.8482
vn -0.2653 -0.4585 0.8482
vn -0.4335 -0.7613 0.4821
vn -0.0159 -0.0298 -0.9994
vn 0.2784 0.4043 -0.8712
vn 0.6632 0.7485 -0.0000
vn -0.0159 -0.0298 0.9994
vn 0.5525 0.6774 -0.4856
vn -0.0000 -0.6532 -0.7572
vn 0.0409 0.6067 -0.7939
vn 0.4317 0.6351 -0.6405
vn 0.3786 -0.6532 -0.6557
vn 0.6909 0.6247 -0.3638
vn 0.6557 -0.6532 -0.3786
vn 0.7838 0.6210 -0.0000
vn 0.7572 -0.6532 -0.0000
vn 0.6909 0.6247 0.3638
vn 0.6557 -0.6532 0.3786
vn 0.4317 0.6351 0.6405
vn 0.3786 -0.6532 0.6557
vn 0.0409 0.6067 0.7939
vn -0.0000 -0.6532 0.7572
vn -0.3268 0.6940 0.6415
vn -0.3786 -0.6532 0.6557
vn -0.6186 0.6790 0.3954
vn -0.6557 -0.6532 0.3786
vn -0.7297 0.6838 -0.0000
vn -0.7572 -0.6532 -0.0000
vn -0.6186 0.6790 -0.3954
vn -0.6557 -0.6532 -0.3786
vn -0.3268 0.6940 -0.6415
vn -0.3786 -0.6532 -0.6557
vn -0.0000 0.6532 -0.7572
vn 0.3786 0.6532 -0.6557
vn -0.7572 0.6532 -0.0000
vn -0.6557 0.6532 -0.3786
vn -0.7071 -0.0000 -0.7071
vn -0.0000 0.6532 0.7572
vn -0.3786 0.6532 0.6557
vn 0.6557 0.6532 -0.3786
vn -0.3786 0.6532 -0.6557
vn 0.2588 -0.0000 0.9659
vn 0.1332 0.8575 0.4970
vn -0.6557 0.6532 0.3786
vn 0.7572 0.6532 -0.0000
vn 0.9659 -0.0000 0.2588
vn 0.4970 0.8575 0.1332
vn 0.4082 0.3025 0.8613
vn 0.7584 0.4237 0.4954
vn -0.4060 -0.2783 0.8704
vn -0.4389 -0.2230 0.8704
vn 0.0088 0.0062 -0.9999
vn -0.7913 -0.3469 -0.5034
vn 0.0101 0.0037 -0.9999
vn 0.0101 0.0038 0.9999
vn 0.0106 0.0024 0.9999
vn -0.4993 -0.0028 0.8665
vn -0.8465 -0.2074 -0.4904
vn 0.4951 0.0294 -0.8683
vn -0.3423 -0.3690 -0.8641
vn 0.0011 0.0021 1.0000
vn 0.4332 -0.3081 -0.8470
vn 0.2784 0.4044 -0.8712
vn 0.0098 0.0127 0.9999
vn 0.7583 0.4237 -0.4954
vn 0.4441 0.2467 -0.8613
vn -0.0268 0.0040 -0.9996
vn 0.4951 0.0295 -0.8684
vn 0.4311 0.2246 -0.8739
vn 0.4721 0.1157 0.8739
vn -0.0000 -1.0000 -0.0000
vn -0.0000 1.0000 -0.0000
vt 1.000000 0.500000
vt 1.000000 1.000000
vt 0.916667 1.000000
vt 0.916667 0.500000
vt 0.833333 1.000000
vt 0.833333 0.500000
vt 0.750000 1.000000
vt 0.750000 0.500000
vt 0.666667 1.000000
vt 0.666667 0.500000
vt 0.583333 1.000000
vt 0.583333 0.500000
vt 0.500000 1.000000
vt 0.500000 0.500000
vt 0.416667 1.000000
vt 0.416667 0.500000
vt 0.333333 1.000000
vt 0.333333 0.500000
vt 0.250000 1.000000
vt 0.250000 0.500000
vt 0.166667 1.000000
vt 0.166667 0.500000
vt 0.083333 1.000000
vt 0.083333 0.500000
vt 0.000000 1.000000
vt 0.000000 0.500000
vt 0.833333 0.500143
vt 0.750000 0.500071
vt 0.333333 0.500143
vt 0.416667 0.500143
vt 0.916667 0.500143
vt 0.583333 0.500143
vt 0.666667 0.500143
vt 0.000000 0.500143
vt 0.083333 0.500143
vt 0.250000 0.500143
vt 0.500000 0.500143
vt 0.166667 0.500143
vt 1.000000 0.500143
vt 0.370000 0.457846
vt 0.250000 0.490000
vt 0.130000 0.457846
vt 0.042154 0.370000
vt 0.010000 0.250000
vt 0.042154 0.130000
vt 0.130000 0.042154
vt 0.250000 0.010000
vt 0.370000 0.042154
vt 0.457846 0.130000
vt 0.490000 0.250000
vt 0.457846 0.370000
vt 0.750000 0.490000
vt 0.870000 0.457846
vt 0.957846 0.370000
vt 0.990000 0.250000
vt 0.957846 0.130000
vt 0.870000 0.042154
vt 0.750000 0.010000
vt 0.630000 0.042154
vt 0.542154 0.130000
vt 0.510000 0.250000
vt 0.542154 0.370000
vt 0.630000 0.457846
vt 0.375000 0.000000
vt 0.625000 0.000000
vt 0.625000 0.250000
vt 0.375000 0.250000
vt 0.625000 0.500000
vt 0.375000 0.500000
vt 0.625000 0.750000
vt 0.375000 0.750000
vt 0.625000 1.000000
vt 0.375000 1.000000
vt 0.125000 0.500000
vt 0.125000 0.750000
vt 0.875000 0.500000
vt 0.875000 0.750000
s 1
f 3029/223/781 3030/224/782 3032/225/783 3031/226/784
f 3031/226/784 3032/225/783 3034/227/785 3033/228/786
f 3033/228/786 3034/227/785 3036/229/787 3035/230/788
f 3035/230/788 3036/229/787 3038/231/789 3037/232/790
f 3037/232/790 3038/231/789 3040/233/791 3039/234/792
f 3039/234/792 3040/233/791 3042/235/793 3041/236/794
f 3041/236/794 3042/235/793 3044/237/795 3043/238/796
f 3043/238/796 3044/237/795 3046/239/797 3045/240/798
f 3045/240/798 3046/239/797 3048/241/799 3047/242/800
f 3047/242/800 3048/241/799 3050/243/801 3049/244/802
f 3046/239/797 3044/237/795 3144/237/803 3145/239/804
f 3049/244/802 3050/243/801 3052/245/805 3051/246/806
f 3051/246/806 3052/245/805 3030/247/782 3029/248/781
f 3039/234/792 3041/236/794 3059/236/807 3058/234/808
f 3057/232/809 3058/234/808 3070/234/810 3069/232/811
f 3037/232/790 3039/234/792 3058/234/808 3057/232/809
f 3035/230/788 3037/232/790 3057/232/809 3056/230/812
f 3051/246/806 3029/248/781 3053/248/813 3064/246/814
f 3029/223/781 3031/226/784 3054/226/815 3053/223/813
f 3033/228/786 3035/230/788 3056/230/812 3055/228/816
f 3049/244/802 3051/246/806 3064/246/814 3063/244/817
f 3031/226/784 3033/228/786 3055/228/816 3054/226/815
f 3047/242/800 3049/244/802 3063/244/817 3062/242/818
f 3045/240/798 3047/242/800 3062/242/818 3061/240/819
f 3043/238/796 3045/240/798 3061/240/819 3060/238/820
f 3041/236/794 3043/238/796 3060/238/820 3059/236/807
f 3072/238/821 3073/240/822 3085/240/823 3084/238/824
f 3064/246/814 3053/248/813 3065/248/825 3076/246/826
f 3054/226/815 3055/228/816 3067/228/827 3066/226/828
f 3061/240/819 3062/242/818 3074/242/829 3073/240/822
f 3058/234/808 3059/236/807 3071/236/830 3070/234/810
f 3055/228/816 3056/230/812 3068/230/831 3067/228/827
f 3062/242/818 3063/244/817 3075/244/832 3074/242/829
f 3059/236/807 3060/238/820 3072/238/821 3071/236/830
f 3056/230/812 3057/232/809 3069/232/811 3068/230/831
f 3063/244/817 3064/246/814 3076/246/826 3075/244/832
f 3053/223/813 3054/226/815 3066/226/828 3065/223/825
f 3060/238/820 3061/240/819 3073/240/822 3072/238/821
f 3077/223/833 3078/226/834 3090/226/835 3089/223/836
f 3069/232/811 3070/234/810 3082/234/837 3081/232/838
f 3076/246/826 3065/248/825 3077/248/833 3088/246/839
f 3066/226/828 3067/228/827 3079/228/840 3078/226/834
f 3073/240/822 3074/242/829 3086/242/841 3085/240/823
f 3070/234/810 3071/236/830 3083/236/842 3082/234/837
f 3067/228/827 3068/230/831 3080/230/843 3079/228/840
f 3074/242/829 3075/244/832 3087/244/844 3086/242/841
f 3071/236/830 3072/238/821 3084/238/824 3083/236/842
f 3068/230/831 3069/232/811 3081/232/838 3080/230/843
f 3075/244/832 3076/246/826 3088/246/839 3087/244/844
f 3065/223/825 3066/226/828 3078/226/834 3077/223/833
f 3099/244/845 3100/246/846 3112/246/847 3111/244/848
f 3084/238/824 3085/240/823 3097/240/849 3096/238/850
f 3081/232/838 3082/234/837 3094/234/851 3093/232/852
f 3088/246/839 3077/248/833 3089/248/836 3100/246/846
f 3078/226/834 3079/228/840 3091/228/853 3090/226/835
f 3085/240/823 3086/242/841 3098/242/854 3097/240/849
f 3082/234/837 3083/236/842 3095/236/855 3094/234/851
f 3079/228/840 3080/230/843 3092/230/856 3091/228/853
f 3086/242/841 3087/244/844 3099/244/845 3098/242/854
f 3083/236/842 3084/238/824 3096/238/850 3095/236/855
f 3080/230/843 3081/232/838 3093/232/852 3092/230/856
f 3087/244/844 3088/246/839 3100/246/846 3099/244/845
f 3104/230/857 3105/232/858 3117/232/859 3116/230/860
f 3089/223/836 3090/226/835 3102/226/861 3101/223/862
f 3096/238/850 3097/240/849 3109/240/863 3108/238/864
f 3093/232/852 3094/234/851 3106/234/865 3105/232/858
f 3100/246/846 3089/248/836 3101/248/862 3112/246/847
f 3090/226/835 3091/228/853 3103/228/866 3102/226/861
f 3097/240/849 3098/242/854 3110/242/867 3109/240/863
f 3094/234/851 3095/236/855 3107/236/868 3106/234/865
f 3091/228/853 3092/230/856 3104/230/857 3103/228/866
f 3098/242/854 3099/244/845 3111/244/848 3110/242/867
f 3095/236/855 3096/238/850 3108/238/864 3107/236/868
f 3092/230/856 3093/232/852 3105/232/858 3104/230/857
f 3116/230/860 3117/232/859 3129/232/869 3128/230/870
f 3111/244/848 3112/246/847 3124/246/871 3123/244/872
f 3101/223/862 3102/226/861 3114/226/873 3113/223/874
f 3108/238/864 3109/240/863 3121/240/875 3120/238/876
f 3105/232/858 3106/234/865 3118/234/877 3117/232/859
f 3112/246/847 3101/248/862 3113/248/874 3124/246/871
f 3102/226/861 3103/228/866 3115/228/878 3114/226/873
f 3109/240/863 3110/242/867 3122/242/879 3121/240/875
f 3106/234/865 3107/236/868 3119/236/880 3118/234/877
f 3103/228/866 3104/230/857 3116/230/860 3115/228/878
f 3110/242/867 3111/244/848 3123/244/872 3122/242/879
f 3107/236/868 3108/238/864 3120/238/876 3119/236/880
f 3135/244/881 3136/246/882 3292/246/883 3291/244/884
f 3123/244/872 3124/246/871 3136/246/885 3135/244/886
f 3113/223/874 3114/226/873 3126/226/887 3125/223/888
f 3120/238/876 3121/240/875 3133/240/889 3132/238/890
f 3117/232/859 3118/234/877 3130/234/891 3129/232/869
f 3124/246/871 3113/248/874 3125/248/888 3136/246/885
f 3114/226/873 3115/228/878 3127/228/892 3126/226/887
f 3121/240/875 3122/242/879 3134/242/893 3133/240/889
f 3118/234/877 3119/236/880 3131/236/894 3130/234/891
f 3115/228/878 3116/230/860 3128/230/870 3127/228/892
f 3122/242/879 3123/244/872 3135/244/886 3134/242/893
f 3119/236/880 3120/238/876 3132/238/890 3131/236/894
f 3144/237/803 3143/235/895 3155/235/896 3156/237/897
f 3044/237/795 3042/235/793 3143/235/895 3144/237/803
f 3042/235/793 3040/233/791 3142/233/898 3143/235/895
f 3040/233/791 3038/231/789 3141/231/899 3142/233/898
f 3038/231/789 3036/229/787 3140/229/900 3141/231/899
f 3030/247/782 3052/245/805 3148/245/901 3137/247/902
f 3032/225/783 3030/224/782 3137/224/902 3138/225/903
f 3036/229/787 3034/227/785 3139/227/904 3140/229/900
f 3052/245/805 3050/243/801 3147/243/905 3148/245/901
f 3034/227/785 3032/225/783 3138/225/903 3139/227/904
f 3050/243/801 3048/241/799 3146/241/906 3147/243/905
f 3048/241/799 3046/239/797 3145/239/804 3146/241/906
f 3159/243/907 3158/241/908 3170/241/909 3171/243/910
f 3141/231/899 3140/229/900 3152/229/911 3153/231/912
f 3148/245/901 3147/243/905 3159/243/907 3160/245/913
f 3138/225/903 3137/224/902 3149/224/914 3150/225/915
f 3145/239/804 3144/237/803 3156/237/897 3157/239/916
f 3142/233/898 3141/231/899 3153/231/912 3154/233/917
f 3137/247/902 3148/245/901 3160/245/913 3149/247/914
f 3139/227/904 3138/225/903 3150/225/915 3151/227/918
f 3146/241/906 3145/239/804 3157/239/916 3158/241/908
f 3143/235/895 3142/233/898 3154/233/917 3155/235/896
f 3140/229/900 3139/227/904 3151/227/918 3152/229/911
f 3147/243/905 3146/241/906 3158/241/908 3159/243/907
f 3164/229/919 3163/227/920 3175/227/921 3176/229/922
f 3156/237/897 3155/235/896 3167/235/923 3168/237/924
f 3153/231/912 3152/229/911 3164/229/919 3165/231/925
f 3160/245/913 3159/243/907 3171/243/910 3172/245/926
f 3150/225/915 3149/224/914 3161/224/927 3162/225/928
f 3157/239/916 3156/237/897 3168/237/924 3169/239/929
f 3154/233/917 3153/231/912 3165/231/925 3166/233/930
f 3149/247/914 3160/245/913 3172/245/926 3161/247/927
f 3151/227/918 3150/225/915 3162/225/928 3163/227/920
f 3158/241/908 3157/239/916 3169/239/929 3170/241/909
f 3155/235/896 3154/233/917 3166/233/930 3167/235/923
f 3152/229/911 3151/227/918 3163/227/920 3164/229/919
f 3176/229/922 3175/227/921 3187/227/931 3188/229/932
f 3171/243/910 3170/241/909 3182/241/933 3183/243/934
f 3168/237/924 3167/235/923 3179/235/935 3180/237/936
f 3165/231/925 3164/229/919 3176/229/922 3177/231/937
f 3172/245/926 3171/243/910 3183/243/934 3184/245/938
f 3162/225/928 3161/224/927 3173/224/939 3174/225/940
f 3169/239/929 3168/237/924 3180/237/936 3181/239/941
f 3166/233/930 3165/231/925 3177/231/937 3178/233/942
f 3161/247/927 3172/245/926 3184/245/938 3173/247/939
f 3163/227/920 3162/225/928 3174/225/940 3175/227/921
f 3170/241/909 3169/239/929 3181/239/941 3182/241/933
f 3167/235/923 3166/233/930 3178/233/942 3179/235/935
f 3191/235/943 3190/233/944 3202/233/945 3203/235/946
f 3183/243/934 3182/241/933 3194/241/947 3195/243/948
f 3180/237/936 3179/235/935 3191/235/943 3192/237/949
f 3177/231/937 3176/229/922 3188/229/932 3189/231/950
f 3184/245/938 3183/243/934 3195/243/948 3196/245/951
f 3174/225/940 3173/224/939 3185/224/952 3186/225/953
f 3181/239/941 3180/237/936 3192/237/949 3193/239/954
f 3178/233/942 3177/231/937 3189/231/950 3190/233/944
f 3173/247/939 3184/245/938 3196/245/951 3185/247/952
f 3175/227/921 3174/225/940 3186/225/953 3187/227/931
f 3182/241/933 3181/239/941 3193/239/954 3194/241/947
f 3179/235/935 3178/233/942 3190/233/944 3191/235/943
f 3203/235/946 3202/233/945 3214/233/955 3215/235/956
f 3188/229/932 3187/227/931 3199/227/957 3200/229/958
f 3195/243/948 3194/241/947 3206/241/959 3207/243/960
f 3192/237/949 3191/235/943 3203/235/946 3204/237/961
f 3189/231/950 3188/229/932 3200/229/958 3201/231/962
f 3196/245/951 3195/243/948 3207/243/960 3208/245/963
f 3186/225/953 3185/224/952 3197/224/964 3198/225/965
f 3193/239/954 3192/237/949 3204/237/961 3205/239/966
f 3190/233/944 3189/231/950 3201/231/962 3202/233/945
f 3185/247/952 3196/245/951 3208/245/963 3197/247/964
f 3187/227/931 3186/225/953 3198/225/965 3199/227/957
f 3194/241/947 3193/239/954 3205/239/966 3206/241/959
f 3218/241/967 3217/239/968 3229/239/969 3230/241/970
f 3200/229/958 3199/227/957 3211/227/971 3212/229/972
f 3207/243/960 3206/241/959 3218/241/967 3219/243/973
f 3204/237/961 3203/235/946 3215/235/956 3216/237/974
f 3201/231/962 3200/229/958 3212/229/972 3213/231/975
f 3208/245/963 3207/243/960 3219/243/973 3220/245/976
f 3198/225/965 3197/224/964 3209/224/977 3210/225/978
f 3205/239/966 3204/237/961 3216/237/974 3217/239/968
f 3202/233/945 3201/231/962 3213/231/975 3214/233/955
f 3197/247/964 3208/245/963 3220/245/976 3209/247/977
f 3199/227/957 3198/225/965 3210/225/978 3211/227/971
f 3206/241/959 3205/239/966 3217/239/968 3218/241/967
f 3223/227/979 3222/225/980 3234/225/981 3235/227/982
f 3215/235/956 3214/233/955 3226/233/983 3227/235/984
f 3212/229/972 3211/227/971 3223/227/979 3224/229/985
f 3219/243/973 3218/241/967 3230/241/970 3231/243/986
f 3216/237/974 3215/235/956 3227/235/984 3228/237/987
f 3213/231/975 3212/229/972 3224/229/985 3225/231/988
f 3220/245/976 3219/243/973 3231/243/986 3232/245/989
f 3210/225/978 3209/224/977 3221/224/990 3222/225/980
f 3217/239/968 3216/237/974 3228/237/987 3229/239/969
f 3214/233/955 3213/231/975 3225/231/988 3226/233/983
f 3209/247/977 3220/245/976 3232/245/989 3221/247/990
f 3211/227/971 3210/225/978 3222/225/980 3223/227/979
f 3233/247/991 3244/245/992 3256/245/993 3245/247/994
f 3230/241/970 3229/239/969 3241/239/995 3242/241/996
f 3227/235/984 3226/233/983 3238/233/997 3239/235/998
f 3224/229/985 3223/227/979 3235/227/982 3236/229/999
f 3231/243/986 3230/241/970 3242/241/996 3243/243/1000
f 3228/237/987 3227/235/984 3239/235/998 3240/237/1001
f 3225/231/988 3224/229/985 3236/229/999 3237/231/1002
f 3232/245/989 3231/243/986 3243/243/1000 3244/245/992
f 3222/225/980 3221/224/990 3233/224/991 3234/225/981
f 3229/239/969 3228/237/987 3240/237/1001 3241/239/995
f 3226/233/983 3225/231/988 3237/231/1002 3238/233/997
f 3221/247/990 3232/245/989 3244/245/992 3233/247/991
f 3250/233/1003 3249/231/1004 3261/231/1005 3262/233/1006
f 3235/227/982 3234/225/981 3246/225/1007 3247/227/1008
f 3242/241/996 3241/239/995 3253/239/1009 3254/241/1010
f 3239/235/998 3238/233/997 3250/233/1003 3251/235/1011
f 3236/229/999 3235/227/982 3247/227/1008 3248/229/1012
f 3243/243/1000 3242/241/996 3254/241/1010 3255/243/1013
f 3240/237/1001 3239/235/998 3251/235/1011 3252/237/1014
f 3237/231/1002 3236/229/999 3248/229/1012 3249/231/1004
f 3244/245/992 3243/243/1000 3255/243/1013 3256/245/993
f 3234/225/981 3233/224/991 3245/224/994 3246/225/1007
f 3241/239/995 3240/237/1001 3252/237/1014 3253/239/1009
f 3238/233/997 3237/231/1002 3249/231/1004 3250/233/1003
f 3262/233/1006 3261/231/1005 3273/231/1015 3274/233/1016
f 3245/247/994 3256/245/993 3268/245/1017 3257/247/1018
f 3247/227/1008 3246/225/1007 3258/225/1019 3259/227/1020
f 3254/241/1010 3253/239/1009 3265/239/1021 3266/241/1022
f 3251/235/1011 3250/233/1003 3262/233/1006 3263/235/1023
f 3248/229/1012 3247/227/1008 3259/227/1020 3260/229/1024
f 3255/243/1013 3254/241/1010 3266/241/1022 3267/243/1025
f 3252/237/1014 3251/235/1011 3263/235/1023 3264/237/1026
f 3249/231/1004 3248/229/1012 3260/229/1024 3261/231/1005
f 3256/245/993 3255/243/1013 3267/243/1025 3268/245/1017
f 3246/225/1007 3245/224/994 3257/224/1018 3258/225/1019
f 3253/239/1009 3252/237/1014 3264/237/1026 3265/239/1021
f 3319/249/1027 3320/250/1028 3272/229/1029 3271/227/1030
f 3257/247/1018 3268/245/1017 3280/245/1031 3269/247/1032
f 3259/227/1020 3258/225/1019 3270/225/1033 3271/227/1030
f 3266/241/1022 3265/239/1021 3277/239/1034 3278/241/1035
f 3263/235/1023 3262/233/1006 3274/233/1016 3275/235/1036
f 3260/229/1024 3259/227/1020 3271/227/1030 3272/229/1029
f 3267/243/1025 3266/241/1022 3278/241/1035 3279/243/1037
f 3264/237/1026 3263/235/1023 3275/235/1036 3276/237/1038
f 3261/231/1005 3260/229/1024 3272/229/1029 3273/231/1015
f 3268/245/1017 3267/243/1025 3279/243/1037 3280/245/1031
f 3258/225/1019 3257/224/1018 3269/224/1032 3270/225/1033
f 3265/239/1021 3264/237/1026 3276/237/1038 3277/239/1034
f 3285/232/1039 3286/234/1040 3298/234/1041 3297/232/1042
f 3125/223/1043 3126/226/1044 3282/226/1045 3281/223/1046
f 3132/238/1047 3133/240/1048 3289/240/1049 3288/238/1050
f 3129/232/1051 3130/234/1052 3286/234/1040 3285/232/1039
f 3136/246/882 3125/248/1043 3281/248/1046 3292/246/883
f 3126/226/1044 3127/228/1053 3283/228/1054 3282/226/1045
f 3133/240/1048 3134/242/1055 3290/242/1056 3289/240/1049
f 3130/234/1052 3131/236/1057 3287/236/1058 3286/234/1040
f 3127/228/1053 3128/230/1059 3284/230/1060 3283/228/1054
f 3134/242/1055 3135/244/881 3291/244/884 3290/242/1056
f 3131/236/1057 3132/238/1047 3288/238/1050 3287/236/1058
f 3128/230/1059 3129/232/1051 3285/232/1039 3284/230/1060
f 3297/232/1042 3298/234/1041 3310/234/1061 3309/232/1062
f 3292/246/883 3281/248/1046 3293/248/1063 3304/246/1064
f 3282/226/1045 3283/228/1054 3295/228/1065 3294/226/1066
f 3289/240/1049 3290/242/1056 3302/242/1067 3301/240/1068
f 3286/234/1040 3287/236/1058 3299/236/1069 3298/234/1041
f 3283/228/1054 3284/230/1060 3296/230/1070 3295/228/1065
f 3290/242/1056 3291/244/884 3303/244/1071 3302/242/1067
f 3287/236/1058 3288/238/1050 3300/238/1072 3299/236/1069
f 3284/230/1060 3285/232/1039 3297/232/1042 3296/230/1070
f 3291/244/884 3292/246/883 3304/246/1064 3303/244/1071
f 3281/223/1046 3282/226/1045 3294/226/1066 3293/223/1063
f 3288/238/1050 3289/240/1049 3301/240/1068 3300/238/1072
f 3312/238/1073 3313/240/1074 3325/251/1075 3324/252/1076
f 3304/246/1064 3293/248/1063 3305/248/1077 3316/246/1078
f 3294/226/1066 3295/228/1065 3307/228/1079 3306/226/1080
f 3301/240/1068 3302/242/1067 3314/242/1081 3313/240/1074
f 3298/234/1041 3299/236/1069 3311/236/1082 3310/234/1061
f 3295/228/1065 3296/230/1070 3308/230/1083 3307/228/1079
f 3302/242/1067 3303/244/1071 3315/244/1084 3314/242/1081
f 3299/236/1069 3300/238/1072 3312/238/1073 3311/236/1082
f 3296/230/1070 3297/232/1042 3309/232/1062 3308/230/1083
f 3303/244/1071 3304/246/1064 3316/246/1078 3315/244/1084
f 3293/223/1063 3294/226/1066 3306/226/1080 3305/223/1077
f 3300/238/1072 3301/240/1068 3313/240/1074 3312/238/1073
f 3318/253/1085 3319/249/1027 3271/227/1030 3270/225/1033
f 3309/232/1062 3310/234/1061 3322/254/1086 3321/255/1087
f 3316/246/1078 3305/248/1077 3317/256/1088 3328/257/1089
f 3306/226/1080 3307/228/1079 3319/249/1027 3318/253/1085
f 3313/240/1074 3314/242/1081 3326/258/1090 3325/251/1075
f 3310/234/1061 3311/236/1082 3323/259/1091 3322/254/1086
f 3307/228/1079 3308/230/1083 3320/250/1028 3319/249/1027
f 3314/242/1081 3315/244/1084 3327/260/1092 3326/258/1090
f 3311/236/1082 3312/238/1073 3324/252/1076 3323/259/1091
f 3308/230/1083 3309/232/1062 3321/255/1087 3320/250/1028
f 3315/244/1084 3316/246/1078 3328/257/1089 3327/260/1092
f 3305/223/1077 3306/226/1080 3318/253/1085 3317/261/1088
f 3320/250/1028 3321/255/1087 3273/231/1015 3272/229/1029
f 3321/255/1087 3322/254/1086 3274/233/1016 3273/231/1015
f 3322/254/1086 3323/259/1091 3275/235/1036 3274/233/1016
f 3323/259/1091 3324/252/1076 3276/237/1038 3275/235/1036
f 3324/252/1076 3325/251/1075 3277/239/1034 3276/237/1038
f 3325/251/1075 3326/258/1090 3278/241/1035 3277/239/1034
f 3326/258/1090 3327/260/1092 3279/243/1037 3278/241/1035
f 3327/260/1092 3328/257/1089 3280/245/1031 3279/243/1037
f 3328/257/1089 3317/256/1088 3269/247/1032 3280/245/1031
f 3317/261/1088 3318/253/1085 3270/225/1033 3269/224/1032
f 3329/223/1093 3330/224/1094 3332/225/1095 3331/226/1096
f 3331/226/1096 3332/225/1095 3334/227/1097 3333/228/1098
f 3333/228/1098 3334/227/1097 3336/229/1099 3335/230/1100
f 3335/230/1100 3336/229/1099 3338/231/1101 3337/232/1102
f 3337/232/1102 3338/231/1101 3340/233/1103 3339/234/1104
f 3339/234/1104 3340/233/1103 3342/235/1105 3341/236/1106
f 3341/236/1106 3342/235/1105 3344/237/1107 3343/238/1108
f 3343/238/1108 3344/237/1107 3346/239/1109 3345/240/1110
f 3345/240/1110 3346/239/1109 3348/241/1111 3347/242/1112
f 3347/242/1112 3348/241/1111 3350/243/1113 3349/244/1114
f 3332/262/1095 3330/263/1094 3352/264/1115 3350/265/1113 3348/266/1111 3346/267/1109 3344/268/1107 3342/269/1105 3340/270/1103 3338/271/1101 3336/272/1099 3334/273/1097
f 3349/244/1114 3350/243/1113 3352/245/1115 3351/246/1116
f 3351/246/1116 3352/245/1115 3330/247/1094 3329/248/1093
f 3329/274/1093 3331/275/1096 3333/276/1098 3335/277/1100 3337/278/1102 3339/279/1104 3341/280/1106 3343/281/1108 3345/282/1110 3347/283/1112 3349/284/1114 3351/285/1116
f 3353/223/1093 3354/224/1094 3356/225/1095 3355/226/1096
f 3355/226/1096 3356/225/1095 3358/227/1097 3357/228/1098
f 3357/228/1098 3358/227/1097 3360/229/1099 3359/230/1100
f 3359/230/1100 3360/229/1099 3362/231/1101 3361/232/1102
f 3361/232/1102 3362/231/1101 3364/233/1103 3363/234/1104
f 3363/234/1104 3364/233/1103 3366/235/1105 3365/236/1106
f 3365/236/1106 3366/235/1105 3368/237/1107 3367/238/1108
f 3367/238/1108 3368/237/1107 3370/239/1109 3369/240/1110
f 3369/240/1110 3370/239/1109 3372/241/1111 3371/242/1112
f 3371/242/1112 3372/241/1111 3374/243/1113 3373/244/1114
f 3356/262/1095 3354/263/1094 3376/264/1115 3374/265/1113 3372/266/1111 3370/267/1109 3368/268/1107 3366/269/1105 3364/270/1103 3362/271/1101 3360/272/1099 3358/273/1097
f 3373/244/1114 3374/243/1113 3376/245/1115 3375/246/1116
f 3375/246/1116 3376/245/1115 3354/247/1094 3353/248/1093
f 3353/274/1093 3355/275/1096 3357/276/1098 3359/277/1100 3361/278/1102 3363/279/1104 3365/280/1106 3367/281/1108 3369/282/1110 3371/283/1112 3373/284/1114 3375/285/1116
f 3377/223/1093 3378/224/1094 3380/225/1095 3379/226/1096
f 3379/226/1096 3380/225/1095 3382/227/1097 3381/228/1098
f 3381/228/1098 3382/227/1097 3384/229/1099 3383/230/1100
f 3383/230/1100 3384/229/1099 3386/231/1101 3385/232/1102
f 3385/232/1102 3386/231/1101 3388/233/1103 3387/234/1104
f 3387/234/1104 3388/233/1103 3390/235/1105 3389/236/1106
f 3389/236/1106 3390/235/1105 3392/237/1107 3391/238/1108
f 3391/238/1108 3392/237/1107 3394/239/1109 3393/240/1110
f 3393/240/1110 3394/239/1109 3396/241/1111 3395/242/1112
f 3395/242/1112 3396/241/1111 3398/243/1113 3397/244/1114
f 3380/262/1095 3378/263/1094 3400/264/1115 3398/265/1113 3396/266/1111 3394/267/1109 3392/268/1107 3390/269/1105 3388/270/1103 3386/271/1101 3384/272/1099 3382/273/1097
f 3397/244/1114 3398/243/1113 3400/245/1115 3399/246/1116
f 3399/246/1116 3400/245/1115 3378/247/1094 3377/248/1093
f 3377/274/1093 3379/275/1096 3381/276/1098 3383/277/1100 3385/278/1102 3387/279/1104 3389/280/1106 3391/281/1108 3393/282/1110 3395/283/1112 3397/284/1114 3399/285/1116
f 3401/223/1093 3402/224/1094 3404/225/1095 3403/226/1096
f 3403/226/1096 3404/225/1095 3406/227/1097 3405/228/1098
f 3405/228/1098 3406/227/1097 3408/229/1099 3407/230/1100
f 3407/230/1100 3408/229/1099 3410/231/1101 3409/232/1102
f 3409/232/1102 3410/231/1101 3412/233/1103 3411/234/1104
f 3411/234/1104 3412/233/1103 3414/235/1105 3413/236/1106
f 3413/236/1106 3414/235/1105 3416/237/1107 3415/238/1108
f 3415/238/1108 3416/237/1107 3418/239/1109 3417/240/1110
f 3417/240/1110 3418/239/1109 3420/241/1111 3419/242/1112
f 3419/242/1112 3420/241/1111 3422/243/1113 3421/244/1114
f 3404/262/1095 3402/263/1094 3424/264/1115 3422/265/1113 3420/266/1111 3418/267/1109 3416/268/1107 3414/269/1105 3412/270/1103 3410/271/1101 3408/272/1099 3406/273/1097
f 3421/244/1114 3422/243/1113 3424/245/1115 3423/246/1116
f 3423/246/1116 3424/245/1115 3402/247/1094 3401/248/1093
f 3401/274/1093 3403/275/1096 3405/276/1098 3407/277/1100 3409/278/1102 3411/279/1104 3413/280/1106 3415/281/1108 3417/282/1110 3419/283/1112 3421/284/1114 3423/285/1116
f 3425/223/1093 3426/224/1094 3428/225/1095 3427/226/1096
f 3427/226/1096 3428/225/1095 3430/227/1097 3429/228/1098
f 3429/228/1098 3430/227/1097 3432/229/1099 3431/230/1100
f 3431/230/1100 3432/229/1099 3434/231/1101 3433/232/1102
f 3433/232/1102 3434/231/1101 3436/233/1103 3435/234/1104
f 3435/234/1104 3436/233/1103 3438/235/1105 3437/236/1106
f 3437/236/1106 3438/235/1105 3440/237/1107 3439/238/1108
f 3439/238/1108 3440/237/1107 3442/239/1109 3441/240/1110
f 3441/240/1110 3442/239/1109 3444/241/1111 3443/242/1112
f 3443/242/1112 3444/241/1111 3446/243/1113 3445/244/1114
f 3428/262/1095 3426/263/1094 3448/264/1115 3446/265/1113 3444/266/1111 3442/267/1109 3440/268/1107 3438/269/1105 3436/270/1103 3434/271/1101 3432/272/1099 3430/273/1097
f 3445/244/1114 3446/243/1113 3448/245/1115 3447/246/1116
f 3447/246/1116 3448/245/1115 3426/247/1094 3425/248/1093
f 3425/274/1093 3427/275/1096 3429/276/1098 3431/277/1100 3433/278/1102 3435/279/1104 3437/280/1106 3439/281/1108 3441/282/1110 3443/283/1112 3445/284/1114 3447/285/1116
f 3449/223/1093 3450/224/1094 3452/225/1095 3451/226/1096
f 3451/226/1096 3452/225/1095 3454/227/1097 3453/228/1098
f 3453/228/1098 3454/227/1097 3456/229/1099 3455/230/1100
f 3455/230/1100 3456/229/1099 3458/231/1101 3457/232/1102
f 3457/232/1102 3458/231/1101 3460/233/1103 3459/234/1104
f 3459/234/1104 3460/233/1103 3462/235/1105 3461/236/1106
f 3461/236/1106 3462/235/1105 3464/237/1107 3463/238/1108
f 3463/238/1108 3464/237/1107 3466/239/1109 3465/240/1110
f 3465/240/1110 3466/239/1109 3468/241/1111 3467/242/1112
f 3467/242/1112 3468/241/1111 3470/243/1113 3469/244/1114
f 3452/262/1095 3450/263/1094 3472/264/1115 3470/265/1113 3468/266/1111 3466/267/1109 3464/268/1107 3462/269/1105 3460/270/1103 3458/271/1101 3456/272/1099 3454/273/1097
f 3469/244/1114 3470/243/1113 3472/245/1115 3471/246/1116
f 3471/246/1116 3472/245/1115 3450/247/1094 3449/248/1093
f 3449/274/1093 3451/275/1096 3453/276/1098 3455/277/1100 3457/278/1102 3459/279/1104 3461/280/1106 3463/281/1108 3465/282/1110 3467/283/1112 3469/284/1114 3471/285/1116
f 3473/223/1093 3474/224/1094 3476/225/1095 3475/226/1096
f 3475/226/1096 3476/225/1095 3478/227/1097 3477/228/1098
f 3477/228/1098 3478/227/1097 3480/229/1099 3479/230/1100
f 3479/230/1100 3480/229/1099 3482/231/1101 3481/232/1102
f 3481/232/1102 3482/231/1101 3484/233/1103 3483/234/1104
f 3483/234/1104 3484/233/1103 3486/235/1105 3485/236/1106
f 3485/236/1106 3486/235/1105 3488/237/1107 3487/238/1108
f 3487/238/1108 3488/237/1107 3490/239/1109 3489/240/1110
f 3489/240/1110 3490/239/1109 3492/241/1111 3491/242/1112
f 3491/242/1112 3492/241/1111 3494/243/1113 3493/244/1114
f 3476/262/1095 3474/263/1094 3496/264/1115 3494/265/1113 3492/266/1111 3490/267/1109 3488/268/1107 3486/269/1105 3484/270/1103 3482/271/1101 3480/272/1099 3478/273/1097
f 3493/244/1114 3494/243/1113 3496/245/1115 3495/246/1116
f 3495/246/1116 3496/245/1115 3474/247/1094 3473/248/1093
f 3473/274/1093 3475/275/1096 3477/276/1098 3479/277/1100 3481/278/1102 3483/279/1104 3485/280/1106 3487/281/1108 3489/282/1110 3491/283/1112 3493/284/1114 3495/285/1116
f 3132/238/887 3131/236/888 3503/236/1117 3504/238/1118
f 3129/232/886 3128/230/893 3500/230/1119 3501/232/1120
f 3135/244/1121 3136/246/1121 3508/246/1121 3507/244/1121
f 3126/226/890 3125/223/894 3497/223/1122 3498/226/1123
f 3133/240/892 3132/238/887 3504/238/1118 3505/240/1124
f 3130/234/885 3129/232/886 3501/232/1120 3502/234/1125
f 3125/248/894 3136/246/1126 3508/246/1127 3497/248/1122
f 3127/228/889 3126/226/890 3498/226/1123 3499/228/1128
f 3134/242/870 3133/240/892 3505/240/1124 3506/242/1129
f 3131/236/888 3130/234/885 3502/234/1125 3503/236/1117
f 3128/230/893 3127/228/889 3499/228/1128 3500/230/1119
f 3135/244/1130 3134/242/870 3506/242/1129 3507/244/1131
f 3497/248/1122 3508/246/1127 3507/244/1131 3506/242/1129 3505/240/1124 3504/238/1118 3503/236/1117 3502/234/1125 3501/232/1120 3500/230/1119 3499/228/1128 3498/226/1123
f 3509/223/781 3510/224/782 3512/225/783 3511/226/784
f 3511/226/784 3512/225/783 3514/227/785 3513/228/786
f 3513/228/786 3514/227/785 3516/229/787 3515/230/788
f 3515/230/788 3516/229/787 3518/231/789 3517/232/790
f 3517/232/790 3518/231/789 3520/233/791 3519/234/792
f 3519/234/792 3520/233/791 3522/235/793 3521/236/794
f 3521/236/794 3522/235/793 3524/237/795 3523/238/796
f 3523/238/796 3524/237/795 3526/239/797 3525/240/798
f 3525/240/798 3526/239/797 3528/241/799 3527/242/800
f 3527/242/800 3528/241/799 3530/243/801 3529/244/802
f 3526/239/797 3524/237/795 3624/237/803 3625/239/804
f 3529/244/802 3530/243/801 3532/245/805 3531/246/806
f 3531/246/806 3532/245/805 3510/247/782 3509/248/781
f 3519/234/792 3521/236/794 3539/236/807 3538/234/1132
f 3537/232/809 3538/234/1132 3550/234/810 3549/232/1133
f 3517/232/790 3519/234/792 3538/234/1132 3537/232/809
f 3515/230/788 3517/232/790 3537/232/809 3536/230/812
f 3531/246/806 3509/248/781 3533/248/813 3544/246/814
f 3509/223/781 3511/226/784 3534/226/815 3533/223/813
f 3513/228/786 3515/230/788 3536/230/812 3535/228/816
f 3529/244/802 3531/246/806 3544/246/814 3543/244/817
f 3511/226/784 3513/228/786 3535/228/816 3534/226/815
f 3527/242/800 3529/244/802 3543/244/817 3542/242/818
f 3525/240/798 3527/242/800 3542/242/818 3541/240/819
f 3523/238/796 3525/240/798 3541/240/819 3540/238/1134
f 3521/236/794 3523/238/796 3540/238/1134 3539/236/807
f 3552/238/1135 3553/240/822 3565/240/823 3564/238/824
f 3544/246/814 3533/248/813 3545/248/1136 3556/246/826
f 3534/226/815 3535/228/816 3547/228/827 3546/226/828
f 3541/240/819 3542/242/818 3554/242/829 3553/240/822
f 3538/234/1132 3539/236/807 3551/236/830 3550/234/810
f 3535/228/816 3536/230/812 3548/230/831 3547/228/827
f 3542/242/818 3543/244/817 3555/244/1137 3554/242/829
f 3539/236/807 3540/238/1134 3552/238/1135 3551/236/830
f 3536/230/812 3537/232/809 3549/232/1133 3548/230/831
f 3543/244/817 3544/246/814 3556/246/826 3555/244/1137
f 3533/223/813 3534/226/815 3546/226/828 3545/223/1136
f 3540/238/1134 3541/240/819 3553/240/822 3552/238/1135
f 3557/223/833 3558/226/834 3570/226/835 3569/223/1138
f 3549/232/1133 3550/234/810 3562/234/837 3561/232/838
f 3556/246/826 3545/248/1136 3557/248/833 3568/246/839
f 3546/226/828 3547/228/827 3559/228/840 3558/226/834
f 3553/240/822 3554/242/829 3566/242/841 3565/240/823
f 3550/234/810 3551/236/830 3563/236/842 3562/234/837
f 3547/228/827 3548/230/831 3560/230/843 3559/228/840
f 3554/242/829 3555/244/1137 3567/244/844 3566/242/841
f 3551/236/830 3552/238/1135 3564/238/824 3563/236/842
f 3548/230/831 3549/232/1133 3561/232/838 3560/230/843
f 3555/244/1137 3556/246/826 3568/246/839 3567/244/844
f 3545/223/1136 3546/226/828 3558/226/834 3557/223/833
f 3579/244/845 3580/246/846 3592/246/847 3591/244/848
f 3564/238/824 3565/240/823 3577/240/849 3576/238/850
f 3561/232/838 3562/234/837 3574/234/851 3573/232/852
f 3568/246/839 3557/248/833 3569/248/1138 3580/246/846
f 3558/226/834 3559/228/840 3571/228/853 3570/226/835
f 3565/240/823 3566/242/841 3578/242/854 3577/240/849
f 3562/234/837 3563/236/842 3575/236/1139 3574/234/851
f 3559/228/840 3560/230/843 3572/230/856 3571/228/853
f 3566/242/841 3567/244/844 3579/244/845 3578/242/854
f 3563/236/842 3564/238/824 3576/238/850 3575/236/1139
f 3560/230/843 3561/232/838 3573/232/852 3572/230/856
f 3567/244/844 3568/246/839 3580/246/846 3579/244/845
f 3584/230/857 3585/232/858 3597/232/859 3596/230/860
f 3569/223/1138 3570/226/835 3582/226/861 3581/223/862
f 3576/238/850 3577/240/849 3589/240/863 3588/238/864
f 3573/232/852 3574/234/851 3586/234/865 3585/232/858
f 3580/246/846 3569/248/1138 3581/248/862 3592/246/847
f 3570/226/835 3571/228/853 3583/228/866 3582/226/861
f 3577/240/849 3578/242/854 3590/242/867 3589/240/863
f 3574/234/851 3575/236/1139 3587/236/1140 3586/234/865
f 3571/228/853 3572/230/856 3584/230/857 3583/228/866
f 3578/242/854 3579/244/845 3591/244/848 3590/242/867
f 3575/236/1139 3576/238/850 3588/238/864 3587/236/1140
f 3572/230/856 3573/232/852 3585/232/858 3584/230/857
f 3596/230/860 3597/232/859 3609/232/869 3608/230/870
f 3591/244/848 3592/246/847 3604/246/871 3603/244/872
f 3581/223/862 3582/226/861 3594/226/873 3593/223/874
f 3588/238/864 3589/240/863 3601/240/875 3600/238/1141
f 3585/232/858 3586/234/865 3598/234/877 3597/232/859
f 3592/246/847 3581/248/862 3593/248/874 3604/246/871
f 3582/226/861 3583/228/866 3595/228/878 3594/226/873
f 3589/240/863 3590/242/867 3602/242/879 3601/240/875
f 3586/234/865 3587/236/1140 3599/236/880 3598/234/877
f 3583/228/866 3584/230/857 3596/230/860 3595/228/878
f 3590/242/867 3591/244/848 3603/244/872 3602/242/879
f 3587/236/1140 3588/238/864 3600/238/1141 3599/236/880
f 3615/244/881 3616/246/882 3772/246/883 3771/244/884
f 3603/244/872 3604/246/871 3616/246/885 3615/244/886
f 3593/223/874 3594/226/873 3606/226/887 3605/223/888
f 3600/238/1141 3601/240/875 3613/240/889 3612/238/890
f 3597/232/859 3598/234/877 3610/234/891 3609/232/869
f 3604/246/871 3593/248/874 3605/248/888 3616/246/885
f 3594/226/873 3595/228/878 3607/228/892 3606/226/887
f 3601/240/875 3602/242/879 3614/242/893 3613/240/889
f 3598/234/877 3599/236/880 3611/236/894 3610/234/891
f 3595/228/878 3596/230/860 3608/230/870 3607/228/892
f 3602/242/879 3603/244/872 3615/244/886 3614/242/893
f 3599/236/880 3600/238/1141 3612/238/890 3611/236/894
f 3624/237/803 3623/235/895 3635/235/896 3636/237/897
f 3524/237/795 3522/235/793 3623/235/895 3624/237/803
f 3522/235/793 3520/233/791 3622/233/898 3623/235/895
f 3520/233/791 3518/231/789 3621/231/899 3622/233/898
f 3518/231/789 3516/229/787 3620/229/900 3621/231/899
f 3510/247/782 3532/245/805 3628/245/901 3617/247/902
f 3512/225/783 3510/224/782 3617/224/902 3618/225/903
f 3516/229/787 3514/227/785 3619/227/904 3620/229/900
f 3532/245/805 3530/243/801 3627/243/905 3628/245/901
f 3514/227/785 3512/225/783 3618/225/903 3619/227/904
f 3530/243/801 3528/241/799 3626/241/906 3627/243/905
f 3528/241/799 3526/239/797 3625/239/804 3626/241/906
f 3639/243/907 3638/241/908 3650/241/909 3651/243/910
f 3621/231/899 3620/229/900 3632/229/911 3633/231/912
f 3628/245/901 3627/243/905 3639/243/907 3640/245/913
f 3618/225/903 3617/224/902 3629/224/914 3630/225/915
f 3625/239/804 3624/237/803 3636/237/897 3637/239/916
f 3622/233/898 3621/231/899 3633/231/912 3634/233/917
f 3617/247/902 3628/245/901 3640/245/913 3629/247/914
f 3619/227/904 3618/225/903 3630/225/915 3631/227/918
f 3626/241/906 3625/239/804 3637/239/916 3638/241/908
f 3623/235/895 3622/233/898 3634/233/917 3635/235/896
f 3620/229/900 3619/227/904 3631/227/918 3632/229/911
f 3627/243/905 3626/241/906 3638/241/908 3639/243/907
f 3644/229/919 3643/227/920 3655/227/921 3656/229/922
f 3636/237/897 3635/235/896 3647/235/923 3648/237/924
f 3633/231/912 3632/229/911 3644/229/919 3645/231/925
f 3640/245/913 3639/243/907 3651/243/910 3652/245/926
f 3630/225/915 3629/224/914 3641/224/927 3642/225/928
f 3637/239/916 3636/237/897 3648/237/924 3649/239/929
f 3634/233/917 3633/231/912 3645/231/925 3646/233/930
f 3629/247/914 3640/245/913 3652/245/926 3641/247/927
f 3631/227/918 3630/225/915 3642/225/928 3643/227/920
f 3638/241/908 3637/239/916 3649/239/929 3650/241/909
f 3635/235/896 3634/233/917 3646/233/930 3647/235/923
f 3632/229/911 3631/227/918 3643/227/920 3644/229/919
f 3656/229/922 3655/227/921 3667/227/931 3668/229/932
f 3651/243/910 3650/241/909 3662/241/933 3663/243/934
f 3648/237/924 3647/235/923 3659/235/935 3660/237/936
f 3645/231/925 3644/229/919 3656/229/922 3657/231/937
f 3652/245/926 3651/243/910 3663/243/934 3664/245/938
f 3642/225/928 3641/224/927 3653/224/939 3654/225/940
f 3649/239/929 3648/237/924 3660/237/936 3661/239/941
f 3646/233/930 3645/231/925 3657/231/937 3658/233/942
f 3641/247/927 3652/245/926 3664/245/938 3653/247/939
f 3643/227/920 3642/225/928 3654/225/940 3655/227/921
f 3650/241/909 3649/239/929 3661/239/941 3662/241/933
f 3647/235/923 3646/233/930 3658/233/942 3659/235/935
f 3671/235/943 3670/233/944 3682/233/945 3683/235/946
f 3663/243/934 3662/241/933 3674/241/947 3675/243/948
f 3660/237/936 3659/235/935 3671/235/943 3672/237/949
f 3657/231/937 3656/229/922 3668/229/932 3669/231/950
f 3664/245/938 3663/243/934 3675/243/948 3676/245/951
f 3654/225/940 3653/224/939 3665/224/952 3666/225/953
f 3661/239/941 3660/237/936 3672/237/949 3673/239/954
f 3658/233/942 3657/231/937 3669/231/950 3670/233/944
f 3653/247/939 3664/245/938 3676/245/951 3665/247/952
f 3655/227/921 3654/225/940 3666/225/953 3667/227/931
f 3662/241/933 3661/239/941 3673/239/954 3674/241/947
f 3659/235/935 3658/233/942 3670/233/944 3671/235/943
f 3683/235/946 3682/233/945 3694/233/955 3695/235/956
f 3668/229/932 3667/227/931 3679/227/957 3680/229/958
f 3675/243/948 3674/241/947 3686/241/959 3687/243/960
f 3672/237/949 3671/235/943 3683/235/946 3684/237/961
f 3669/231/950 3668/229/932 3680/229/958 3681/231/962
f 3676/245/951 3675/243/948 3687/243/960 3688/245/963
f 3666/225/953 3665/224/952 3677/224/964 3678/225/965
f 3673/239/954 3672/237/949 3684/237/961 3685/239/966
f 3670/233/944 3669/231/950 3681/231/962 3682/233/945
f 3665/247/952 3676/245/951 3688/245/963 3677/247/964
f 3667/227/931 3666/225/953 3678/225/965 3679/227/957
f 3674/241/947 3673/239/954 3685/239/966 3686/241/959
f 3698/241/967 3697/239/968 3709/239/969 3710/241/970
f 3680/229/958 3679/227/957 3691/227/971 3692/229/972
f 3687/243/960 3686/241/959 3698/241/967 3699/243/973
f 3684/237/961 3683/235/946 3695/235/956 3696/237/974
f 3681/231/962 3680/229/958 3692/229/972 3693/231/975
f 3688/245/963 3687/243/960 3699/243/973 3700/245/976
f 3678/225/965 3677/224/964 3689/224/977 3690/225/978
f 3685/239/966 3684/237/961 3696/237/974 3697/239/968
f 3682/233/945 3681/231/962 3693/231/975 3694/233/955
f 3677/247/964 3688/245/963 3700/245/976 3689/247/977
f 3679/227/957 3678/225/965 3690/225/978 3691/227/971
f 3686/241/959 3685/239/966 3697/239/968 3698/241/967
f 3703/227/979 3702/225/980 3714/225/981 3715/227/1142
f 3695/235/956 3694/233/955 3706/233/983 3707/235/984
f 3692/229/972 3691/227/971 3703/227/979 3704/229/985
f 3699/243/973 3698/241/967 3710/241/970 3711/243/986
f 3696/237/974 3695/235/956 3707/235/984 3708/237/987
f 3693/231/975 3692/229/972 3704/229/985 3705/231/988
f 3700/245/976 3699/243/973 3711/243/986 3712/245/1143
f 3690/225/978 3689/224/977 3701/224/990 3702/225/980
f 3697/239/968 3696/237/974 3708/237/987 3709/239/969
f 3694/233/955 3693/231/975 3705/231/988 3706/233/983
f 3689/247/977 3700/245/976 3712/245/1143 3701/247/990
f 3691/227/971 3690/225/978 3702/225/980 3703/227/979
f 3713/247/991 3724/245/992 3736/245/993 3725/247/994
f 3710/241/970 3709/239/969 3721/239/995 3722/241/996
f 3707/235/984 3706/233/983 3718/233/997 3719/235/998
f 3704/229/985 3703/227/979 3715/227/1142 3716/229/999
f 3711/243/986 3710/241/970 3722/241/996 3723/243/1000
f 3708/237/987 3707/235/984 3719/235/998 3720/237/1001
f 3705/231/988 3704/229/985 3716/229/999 3717/231/1002
f 3712/245/1143 3711/243/986 3723/243/1000 3724/245/992
f 3702/225/980 3701/224/990 3713/224/991 3714/225/981
f 3709/239/969 3708/237/987 3720/237/1001 3721/239/995
f 3706/233/983 3705/231/988 3717/231/1002 3718/233/997
f 3701/247/990 3712/245/1143 3724/245/992 3713/247/991
f 3730/233/1003 3729/231/1004 3741/231/1005 3742/233/1006
f 3715/227/1142 3714/225/981 3726/225/1007 3727/227/1008
f 3722/241/996 3721/239/995 3733/239/1009 3734/241/1010
f 3719/235/998 3718/233/997 3730/233/1003 3731/235/1011
f 3716/229/999 3715/227/1142 3727/227/1008 3728/229/1012
f 3723/243/1000 3722/241/996 3734/241/1010 3735/243/1013
f 3720/237/1001 3719/235/998 3731/235/1011 3732/237/1014
f 3717/231/1002 3716/229/999 3728/229/1012 3729/231/1004
f 3724/245/992 3723/243/1000 3735/243/1013 3736/245/993
f 3714/225/981 3713/224/991 3725/224/994 3726/225/1007
f 3721/239/995 3720/237/1001 3732/237/1014 3733/239/1009
f 3718/233/997 3717/231/1002 3729/231/1004 3730/233/1003
f 3742/233/1006 3741/231/1005 3753/231/1015 3754/233/1016
f 3725/247/994 3736/245/993 3748/245/1017 3737/247/1018
f 3727/227/1008 3726/225/1007 3738/225/1019 3739/227/1020
f 3734/241/1010 3733/239/1009 3745/239/1021 3746/241/1022
f 3731/235/1011 3730/233/1003 3742/233/1006 3743/235/1023
f 3728/229/1012 3727/227/1008 3739/227/1020 3740/229/1024
f 3735/243/1013 3734/241/1010 3746/241/1022 3747/243/1025
f 3732/237/1014 3731/235/1011 3743/235/1023 3744/237/1026
f 3729/231/1004 3728/229/1012 3740/229/1024 3741/231/1005
f 3736/245/993 3735/243/1013 3747/243/1025 3748/245/1017
f 3726/225/1007 3725/224/994 3737/224/1018 3738/225/1019
f 3733/239/1009 3732/237/1014 3744/237/1026 3745/239/1021
f 3799/249/1027 3800/250/1028 3752/229/1029 3751/227/1030
f 3737/247/1018 3748/245/1017 3760/245/1031 3749/247/1032
f 3739/227/1020 3738/225/1019 3750/225/1144 3751/227/1030
f 3746/241/1022 3745/239/1021 3757/239/1034 3758/241/1035
f 3743/235/1023 3742/233/1006 3754/233/1016 3755/235/1145
f 3740/229/1024 3739/227/1020 3751/227/1030 3752/229/1029
f 3747/243/1025 3746/241/1022 3758/241/1035 3759/243/1037
f 3744/237/1026 3743/235/1023 3755/235/1145 3756/237/1038
f 3741/231/1005 3740/229/1024 3752/229/1029 3753/231/1015
f 3748/245/1017 3747/243/1025 3759/243/1037 3760/245/1031
f 3738/225/1019 3737/224/1018 3749/224/1032 3750/225/1144
f 3745/239/1021 3744/237/1026 3756/237/1038 3757/239/1034
f 3765/232/1039 3766/234/1040 3778/234/1041 3777/232/1042
f 3605/223/1043 3606/226/1044 3762/226/1146 3761/223/1046
f 3612/238/1047 3613/240/1048 3769/240/1049 3768/238/1050
f 3609/232/1051 3610/234/1052 3766/234/1040 3765/232/1039
f 3616/246/882 3605/248/1043 3761/248/1046 3772/246/883
f 3606/226/1044 3607/228/1053 3763/228/1054 3762/226/1146
f 3613/240/1048 3614/242/1055 3770/242/1056 3769/240/1049
f 3610/234/1052 3611/236/1057 3767/236/1058 3766/234/1040
f 3607/228/1053 3608/230/1059 3764/230/1060 3763/228/1054
f 3614/242/1055 3615/244/881 3771/244/884 3770/242/1056
f 3611/236/1057 3612/238/1047 3768/238/1050 3767/236/1058
f 3608/230/1059 3609/232/1051 3765/232/1039 3764/230/1060
f 3777/232/1042 3778/234/1041 3790/234/1061 3789/232/1062
f 3772/246/883 3761/248/1046 3773/248/1063 3784/246/1064
f 3762/226/1146 3763/228/1054 3775/228/1065 3774/226/1066
f 3769/240/1049 3770/242/1056 3782/242/1067 3781/240/1068
f 3766/234/1040 3767/236/1058 3779/236/1069 3778/234/1041
f 3763/228/1054 3764/230/1060 3776/230/1070 3775/228/1065
f 3770/242/1056 3771/244/884 3783/244/1071 3782/242/1067
f 3767/236/1058 3768/238/1050 3780/238/1072 3779/236/1069
f 3764/230/1060 3765/232/1039 3777/232/1042 3776/230/1070
f 3771/244/884 3772/246/883 3784/246/1064 3783/244/1071
f 3761/223/1046 3762/226/1146 3774/226/1066 3773/223/1063
f 3768/238/1050 3769/240/1049 3781/240/1068 3780/238/1072
f 3792/238/1073 3793/240/1074 3805/251/1075 3804/252/1076
f 3784/246/1064 3773/248/1063 3785/248/1077 3796/246/1078
f 3774/226/1066 3775/228/1065 3787/228/1079 3786/226/1080
f 3781/240/1068 3782/242/1067 3794/242/1081 3793/240/1074
f 3778/234/1041 3779/236/1069 3791/236/1082 3790/234/1061
f 3775/228/1065 3776/230/1070 3788/230/1083 3787/228/1079
f 3782/242/1067 3783/244/1071 3795/244/1084 3794/242/1081
f 3779/236/1069 3780/238/1072 3792/238/1073 3791/236/1082
f 3776/230/1070 3777/232/1042 3789/232/1062 3788/230/1083
f 3783/244/1071 3784/246/1064 3796/246/1078 3795/244/1084
f 3773/223/1063 3774/226/1066 3786/226/1080 3785/223/1077
f 3780/238/1072 3781/240/1068 3793/240/1074 3792/238/1073
f 3798/253/1085 3799/249/1027 3751/227/1030 3750/225/1144
f 3789/232/1062 3790/234/1061 3802/254/1086 3801/255/1087
f 3796/246/1078 3785/248/1077 3797/256/1088 3808/257/1147
f 3786/226/1080 3787/228/1079 3799/249/1027 3798/253/1085
f 3793/240/1074 3794/242/1081 3806/258/1090 3805/251/1075
f 3790/234/1061 3791/236/1082 3803/259/1091 3802/254/1086
f 3787/228/1079 3788/230/1083 3800/250/1028 3799/249/1027
f 3794/242/1081 3795/244/1084 3807/260/1092 3806/258/1090
f 3791/236/1082 3792/238/1073 3804/252/1076 3803/259/1091
f 3788/230/1083 3789/232/1062 3801/255/1087 3800/250/1028
f 3795/244/1084 3796/246/1078 3808/257/1147 3807/260/1092
f 3785/223/1077 3786/226/1080 3798/253/1085 3797/261/1088
f 3800/250/1028 3801/255/1087 3753/231/1015 3752/229/1029
f 3801/255/1087 3802/254/1086 3754/233/1016 3753/231/1015
f 3802/254/1086 3803/259/1091 3755/235/1145 3754/233/1016
f 3803/259/1091 3804/252/1076 3756/237/1038 3755/235/1145
f 3804/252/1076 3805/251/1075 3757/239/1034 3756/237/1038
f 3805/251/1075 3806/258/1090 3758/241/1035 3757/239/1034
f 3806/258/1090 3807/260/1092 3759/243/1037 3758/241/1035
f 3807/260/1092 3808/257/1147 3760/245/1031 3759/243/1037
f 3808/257/1147 3797/256/1088 3749/247/1032 3760/245/1031
f 3797/261/1088 3798/253/1085 3750/225/1144 3749/224/1032
f 3809/223/1093 3810/224/1094 3812/225/1095 3811/226/1096
f 3811/226/1096 3812/225/1095 3814/227/1097 3813/228/1098
f 3813/228/1098 3814/227/1097 3816/229/1099 3815/230/1100
f 3815/230/1100 3816/229/1099 3818/231/1101 3817/232/1102
f 3817/232/1102 3818/231/1101 3820/233/1103 3819/234/1104
f 3819/234/1104 3820/233/1103 3822/235/1105 3821/236/1106
f 3821/236/1106 3822/235/1105 3824/237/1107 3823/238/1108
f 3823/238/1108 3824/237/1107 3826/239/1109 3825/240/1110
f 3825/240/1110 3826/239/1109 3828/241/1111 3827/242/1112
f 3827/242/1112 3828/241/1111 3830/243/1113 3829/244/1114
f 3812/262/1095 3810/263/1094 3832/264/1115 3830/265/1113 3828/266/1111 3826/267/1109 3824/268/1107 3822/269/1105 3820/270/1103 3818/271/1101 3816/272/1099 3814/273/1097
f 3829/244/1114 3830/243/1113 3832/245/1115 3831/246/1116
f 3831/246/1116 3832/245/1115 3810/247/1094 3809/248/1093
f 3809/274/1093 3811/275/1096 3813/276/1098 3815/277/1100 3817/278/1102 3819/279/1104 3821/280/1106 3823/281/1108 3825/282/1110 3827/283/1112 3829/284/1114 3831/285/1116
f 3833/223/1093 3834/224/1094 3836/225/1095 3835/226/1096
f 3835/226/1096 3836/225/1095 3838/227/1097 3837/228/1098
f 3837/228/1098 3838/227/1097 3840/229/1099 3839/230/1100
f 3839/230/1100 3840/229/1099 3842/231/1101 3841/232/1102
f 3841/232/1102 3842/231/1101 3844/233/1103 3843/234/1104
f 3843/234/1104 3844/233/1103 3846/235/1105 3845/236/1106
f 3845/236/1106 3846/235/1105 3848/237/1107 3847/238/1108
f 3847/238/1108 3848/237/1107 3850/239/1109 3849/240/1110
f 3849/240/1110 3850/239/1109 3852/241/1111 3851/242/1112
f 3851/242/1112 3852/241/1111 3854/243/1113 3853/244/1114
f 3836/262/1095 3834/263/1094 3856/264/1115 3854/265/1113 3852/266/1111 3850/267/1109 3848/268/1107 3846/269/1105 3844/270/1103 3842/271/1101 3840/272/1099 3838/273/1097
f 3853/244/1114 3854/243/1113 3856/245/1115 3855/246/1116
f 3855/246/1116 3856/245/1115 3834/247/1094 3833/248/1093
f 3833/274/1093 3835/275/1096 3837/276/1098 3839/277/1100 3841/278/1102 3843/279/1104 3845/280/1106 3847/281/1108 3849/282/1110 3851/283/1112 3853/284/1114 3855/285/1116
f 3857/223/1093 3858/224/1094 3860/225/1095 3859/226/1096
f 3859/226/1096 3860/225/1095 3862/227/1097 3861/228/1098
f 3861/228/1098 3862/227/1097 3864/229/1099 3863/230/1100
f 3863/230/1100 3864/229/1099 3866/231/1101 3865/232/1102
f 3865/232/1102 3866/231/1101 3868/233/1103 3867/234/1104
f 3867/234/1104 3868/233/1103 3870/235/1105 3869/236/1106
f 3869/236/1106 3870/235/1105 3872/237/1107 3871/238/1108
f 3871/238/1108 3872/237/1107 3874/239/1109 3873/240/1110
f 3873/240/1110 3874/239/1109 3876/241/1111 3875/242/1112
f 3875/242/1112 3876/241/1111 3878/243/1113 3877/244/1114
f 3860/262/1095 3858/263/1094 3880/264/1115 3878/265/1113 3876/266/1111 3874/267/1109 3872/268/1107 3870/269/1105 3868/270/1103 3866/271/1101 3864/272/1099 3862/273/1097
f 3877/244/1114 3878/243/1113 3880/245/1115 3879/246/1116
f 3879/246/1116 3880/245/1115 3858/247/1094 3857/248/1093
f 3857/274/1093 3859/275/1096 3861/276/1098 3863/277/1100 3865/278/1102 3867/279/1104 3869/280/1106 3871/281/1108 3873/282/1110 3875/283/1112 3877/284/1114 3879/285/1116
f 3881/223/1093 3882/224/1094 3884/225/1095 3883/226/1096
f 3883/226/1096 3884/225/1095 3886/227/1097 3885/228/1098
f 3885/228/1098 3886/227/1097 3888/229/1099 3887/230/1100
f 3887/230/1100 3888/229/1099 3890/231/1101 3889/232/1102
f 3889/232/1102 3890/231/1101 3892/233/1103 3891/234/1104
f 3891/234/1104 3892/233/1103 3894/235/1105 3893/236/1106
f 3893/236/1106 3894/235/1105 3896/237/1107 3895/238/1108
f 3895/238/1108 3896/237/1107 3898/239/1109 3897/240/1110
f 3897/240/1110 3898/239/1109 3900/241/1111 3899/242/1112
f 3899/242/1112 3900/241/1111 3902/243/1113 3901/244/1114
f 3884/262/1095 3882/263/1094 3904/264/1115 3902/265/1113 3900/266/1111 3898/267/1109 3896/268/1107 3894/269/1105 3892/270/1103 3890/271/1101 3888/272/1099 3886/273/1097
f 3901/244/1114 3902/243/1113 3904/245/1115 3903/246/1116
f 3903/246/1116 3904/245/1115 3882/247/1094 3881/248/1093
f 3881/274/1093 3883/275/1096 3885/276/1098 3887/277/1100 3889/278/1102 3891/279/1104 3893/280/1106 3895/281/1108 3897/282/1110 3899/283/1112 3901/284/1114 3903/285/1116
f 3905/223/1093 3906/224/1094 3908/225/1095 3907/226/1096
f 3907/226/1096 3908/225/1095 3910/227/1097 3909/228/1098
f 3909/228/1098 3910/227/1097 3912/229/1099 3911/230/1100
f 3911/230/1100 3912/229/1099 3914/231/1101 3913/232/1102
f 3913/232/1102 3914/231/1101 3916/233/1103 3915/234/1104
f 3915/234/1104 3916/233/1103 3918/235/1105 3917/236/1106
f 3917/236/1106 3918/235/1105 3920/237/1107 3919/238/1108
f 3919/238/1108 3920/237/1107 3922/239/1109 3921/240/1110
f 3921/240/1110 3922/239/1109 3924/241/1111 3923/242/1112
f 3923/242/1112 3924/241/1111 3926/243/1113 3925/244/1114
f 3908/262/1095 3906/263/1094 3928/264/1115 3926/265/1113 3924/266/1111 3922/267/1109 3920/268/1107 3918/269/1105 3916/270/1103 3914/271/1101 3912/272/1099 3910/273/1097
f 3925/244/1114 3926/243/1113 3928/245/1115 3927/246/1116
f 3927/246/1116 3928/245/1115 3906/247/1094 3905/248/1093
f 3905/274/1093 3907/275/1096 3909/276/1098 3911/277/1100 3913/278/1102 3915/279/1104 3917/280/1106 3919/281/1108 3921/282/1110 3923/283/1112 3925/284/1114 3927/285/1116
f 3929/223/1093 3930/224/1094 3932/225/1095 3931/226/1096
f 3931/226/1096 3932/225/1095 3934/227/1097 3933/228/1098
f 3933/228/1098 3934/227/1097 3936/229/1099 3935/230/1100
f 3935/230/1100 3936/229/1099 3938/231/1101 3937/232/1102
f 3937/232/1102 3938/231/1101 3940/233/1103 3939/234/1104
f 3939/234/1104 3940/233/1103 3942/235/1105 3941/236/1106
f 3941/236/1106 3942/235/1105 3944/237/1107 3943/238/1108
f 3943/238/1108 3944/237/1107 3946/239/1109 3945/240/1110
f 3945/240/1110 3946/239/1109 3948/241/1111 3947/242/1112
f 3947/242/1112 3948/241/1111 3950/243/1113 3949/244/1114
f 3932/262/1095 3930/263/1094 3952/264/1115 3950/265/1113 3948/266/1111 3946/267/1109 3944/268/1107 3942/269/1105 3940/270/1103 3938/271/1101 3936/272/1099 3934/273/1097
f 3949/244/1114 3950/243/1113 3952/245/1115 3951/246/1116
f 3951/246/1116 3952/245/1115 3930/247/1094 3929/248/1093
f 3929/274/1093 3931/275/1096 3933/276/1098 3935/277/1100 3937/278/1102 3939/279/1104 3941/280/1106 3943/281/1108 3945/282/1110 3947/283/1112 3949/284/1114 3951/285/1116
f 3953/223/1093 3954/224/1094 3956/225/1095 3955/226/1096
f 3955/226/1096 3956/225/1095 3958/227/1097 3957/228/1098
f 3957/228/1098 3958/227/1097 3960/229/1099 3959/230/1100
f 3959/230/1100 3960/229/1099 3962/231/1101 3961/232/1102
f 3961/232/1102 3962/231/1101 3964/233/1103 3963/234/1104
f 3963/234/1104 3964/233/1103 3966/235/1105 3965/236/1106
f 3965/236/1106 3966/235/1105 3968/237/1107 3967/238/1108
f 3967/238/1108 3968/237/1107 3970/239/1109 3969/240/1110
f 3969/240/1110 3970/239/1109 3972/241/1111 3971/242/1112
f 3971/242/1112 3972/241/1111 3974/243/1113 3973/244/1114
f 3956/262/1095 3954/263/1094 3976/264/1115 3974/265/1113 3972/266/1111 3970/267/1109 3968/268/1107 3966/269/1105 3964/270/1103 3962/271/1101 3960/272/1099 3958/273/1097
f 3973/244/1114 3974/243/1113 3976/245/1115 3975/246/1116
f 3975/246/1116 3976/245/1115 3954/247/1094 3953/248/1093
f 3953/274/1093 3955/275/1096 3957/276/1098 3959/277/1100 3961/278/1102 3963/279/1104 3965/280/1106 3967/281/1108 3969/282/1110 3971/283/1112 3973/284/1114 3975/285/1116
f 3612/238/887 3611/236/888 3983/236/1117 3984/238/1118
f 3609/232/886 3608/230/893 3980/230/1119 3981/232/1120
f 3615/244/1121 3616/246/1121 3988/246/1121 3987/244/1121
f 3606/226/890 3605/223/894 3977/223/1122 3978/226/1123
f 3613/240/892 3612/238/887 3984/238/1118 3985/240/1124
f 3610/234/885 3609/232/886 3981/232/1120 3982/234/1125
f 3605/248/894 3616/246/1126 3988/246/1127 3977/248/1122
f 3607/228/889 3606/226/890 3978/226/1123 3979/228/1128
f 3614/242/870 3613/240/892 3985/240/1124 3986/242/1129
f 3611/236/888 3610/234/885 3982/234/1125 3983/236/1117
f 3608/230/893 3607/228/889 3979/228/1128 3980/230/1119
f 3615/244/1130 3614/242/870 3986/242/1129 3987/244/1131
f 3977/248/1122 3988/246/1127 3987/244/1131 3986/242/1129 3985/240/1124 3984/238/1118 3983/236/1117 3982/234/1125 3981/232/1120 3980/230/1119 3979/228/1128 3978/226/1123
f 3989/223/781 3990/224/782 3992/225/783 3991/226/784
f 3991/226/784 3992/225/783 3994/227/785 3993/228/786
f 3993/228/786 3994/227/785 3996/229/787 3995/230/788
f 3995/230/788 3996/229/787 3998/231/789 3997/232/790
f 3997/232/790 3998/231/789 4000/233/791 3999/234/792
f 3999/234/792 4000/233/791 4002/235/1148 4001/236/794
f 4001/236/794 4002/235/1148 4004/237/795 4003/238/796
f 4003/238/796 4004/237/795 4006/239/797 4005/240/798
f 4005/240/798 4006/239/797 4008/241/799 4007/242/800
f 4007/242/800 4008/241/799 4010/243/801 4009/244/802
f 4006/239/797 4004/237/795 4104/237/803 4105/239/804
f 4009/244/802 4010/243/801 4012/245/805 4011/246/806
f 4011/246/806 4012/245/805 3990/247/782 3989/248/781
f 3999/234/792 4001/236/794 4019/236/807 4018/234/808
f 4017/232/809 4018/234/808 4030/234/810 4029/232/1133
f 3997/232/790 3999/234/792 4018/234/808 4017/232/809
f 3995/230/788 3997/232/790 4017/232/809 4016/230/812
f 4011/246/806 3989/248/781 4013/248/813 4024/246/814
f 3989/223/781 3991/226/784 4014/226/815 4013/223/813
f 3993/228/786 3995/230/788 4016/230/812 4015/228/816
f 4009/244/802 4011/246/806 4024/246/814 4023/244/817
f 3991/226/784 3993/228/786 4015/228/816 4014/226/815
f 4007/242/800 4009/244/802 4023/244/817 4022/242/818
f 4005/240/798 4007/242/800 4022/242/818 4021/240/819
f 4003/238/796 4005/240/798 4021/240/819 4020/238/1134
f 4001/236/794 4003/238/796 4020/238/1134 4019/236/807
f 4032/238/821 4033/240/822 4045/240/823 4044/238/824
f 4024/246/814 4013/248/813 4025/248/825 4036/246/826
f 4014/226/815 4015/228/816 4027/228/1149 4026/226/1150
f 4021/240/819 4022/242/818 4034/242/829 4033/240/822
f 4018/234/808 4019/236/807 4031/236/830 4030/234/810
f 4015/228/816 4016/230/812 4028/230/831 4027/228/1149
f 4022/242/818 4023/244/817 4035/244/832 4034/242/829
f 4019/236/807 4020/238/1134 4032/238/821 4031/236/830
f 4016/230/812 4017/232/809 4029/232/1133 4028/230/831
f 4023/244/817 4024/246/814 4036/246/826 4035/244/832
f 4013/223/813 4014/226/815 4026/226/1150 4025/223/825
f 4020/238/1134 4021/240/819 4033/240/822 4032/238/821
f 4037/223/833 4038/226/834 4050/226/835 4049/223/1138
f 4029/232/1133 4030/234/810 4042/234/837 4041/232/838
f 4036/246/826 4025/248/825 4037/248/833 4048/246/839
f 4026/226/1150 4027/228/1149 4039/228/840 4038/226/834
f 4033/240/822 4034/242/829 4046/242/841 4045/240/823
f 4030/234/810 4031/236/830 4043/236/842 4042/234/837
f 4027/228/1149 4028/230/831 4040/230/843 4039/228/840
f 4034/242/829 4035/244/832 4047/244/844 4046/242/841
f 4031/236/830 4032/238/821 4044/238/824 4043/236/842
f 4028/230/831 4029/232/1133 4041/232/838 4040/230/843
f 4035/244/832 4036/246/826 4048/246/839 4047/244/844
f 4025/223/825 4026/226/1150 4038/226/834 4037/223/833
f 4059/244/845 4060/246/846 4072/246/847 4071/244/848
f 4044/238/824 4045/240/823 4057/240/849 4056/238/850
f 4041/232/838 4042/234/837 4054/234/851 4053/232/852
f 4048/246/839 4037/248/833 4049/248/1138 4060/246/846
f 4038/226/834 4039/228/840 4051/228/853 4050/226/835
f 4045/240/823 4046/242/841 4058/242/854 4057/240/849
f 4042/234/837 4043/236/842 4055/236/1139 4054/234/851
f 4039/228/840 4040/230/843 4052/230/856 4051/228/853
f 4046/242/841 4047/244/844 4059/244/845 4058/242/854
f 4043/236/842 4044/238/824 4056/238/850 4055/236/1139
f 4040/230/843 4041/232/838 4053/232/852 4052/230/856
f 4047/244/844 4048/246/839 4060/246/846 4059/244/845
f 4064/230/857 4065/232/858 4077/232/859 4076/230/860
f 4049/223/1138 4050/226/835 4062/226/861 4061/223/862
f 4056/238/850 4057/240/849 4069/240/863 4068/238/864
f 4053/232/852 4054/234/851 4066/234/865 4065/232/858
f 4060/246/846 4049/248/1138 4061/248/862 4072/246/847
f 4050/226/835 4051/228/853 4063/228/866 4062/226/861
f 4057/240/849 4058/242/854 4070/242/867 4069/240/863
f 4054/234/851 4055/236/1139 4067/236/1140 4066/234/865
f 4051/228/853 4052/230/856 4064/230/857 4063/228/866
f 4058/242/854 4059/244/845 4071/244/848 4070/242/867
f 4055/236/1139 4056/238/850 4068/238/864 4067/236/1140
f 4052/230/856 4053/232/852 4065/232/858 4064/230/857
f 4076/230/860 4077/232/859 4089/232/869 4088/230/870
f 4071/244/848 4072/246/847 4084/246/871 4083/244/872
f 4061/223/862 4062/226/861 4074/226/873 4073/223/874
f 4068/238/864 4069/240/863 4081/240/875 4080/238/1141
f 4065/232/858 4066/234/865 4078/234/877 4077/232/859
f 4072/246/847 4061/248/862 4073/248/874 4084/246/871
f 4062/226/861 4063/228/866 4075/228/878 4074/226/873
f 4069/240/863 4070/242/867 4082/242/879 4081/240/875
f 4066/234/865 4067/236/1140 4079/236/880 4078/234/877
f 4063/228/866 4064/230/857 4076/230/860 4075/228/878
f 4070/242/867 4071/244/848 4083/244/872 4082/242/879
f 4067/236/1140 4068/238/864 4080/238/1141 4079/236/880
f 4095/244/881 4096/246/882 4252/246/883 4251/244/884
f 4083/244/872 4084/246/871 4096/246/885 4095/244/886
f 4073/223/874 4074/226/873 4086/226/887 4085/223/888
f 4080/238/1141 4081/240/875 4093/240/889 4092/238/890
f 4077/232/859 4078/234/877 4090/234/891 4089/232/869
f 4084/246/871 4073/248/874 4085/248/888 4096/246/885
f 4074/226/873 4075/228/878 4087/228/892 4086/226/887
f 4081/240/875 4082/242/879 4094/242/893 4093/240/889
f 4078/234/877 4079/236/880 4091/236/894 4090/234/891
f 4075/228/878 4076/230/860 4088/230/870 4087/228/892
f 4082/242/879 4083/244/872 4095/244/886 4094/242/893
f 4079/236/880 4080/238/1141 4092/238/890 4091/236/894
f 4104/237/803 4103/235/895 4115/235/896 4116/237/897
f 4004/237/795 4002/235/1148 4103/235/895 4104/237/803
f 4002/235/1148 4000/233/791 4102/233/898 4103/235/895
f 4000/233/791 3998/231/789 4101/231/899 4102/233/898
f 3998/231/789 3996/229/787 4100/229/900 4101/231/899
f 3990/247/782 4012/245/805 4108/245/901 4097/247/902
f 3992/225/783 3990/224/782 4097/224/902 4098/225/903
f 3996/229/787 3994/227/785 4099/227/904 4100/229/900
f 4012/245/805 4010/243/801 4107/243/905 4108/245/901
f 3994/227/785 3992/225/783 4098/225/903 4099/227/904
f 4010/243/801 4008/241/799 4106/241/906 4107/243/905
f 4008/241/799 4006/239/797 4105/239/804 4106/241/906
f 4119/243/907 4118/241/908 4130/241/909 4131/243/910
f 4101/231/899 4100/229/900 4112/229/911 4113/231/912
f 4108/245/901 4107/243/905 4119/243/907 4120/245/913
f 4098/225/903 4097/224/902 4109/224/914 4110/225/915
f 4105/239/804 4104/237/803 4116/237/897 4117/239/916
f 4102/233/898 4101/231/899 4113/231/912 4114/233/917
f 4097/247/902 4108/245/901 4120/245/913 4109/247/914
f 4099/227/904 4098/225/903 4110/225/915 4111/227/918
f 4106/241/906 4105/239/804 4117/239/916 4118/241/908
f 4103/235/895 4102/233/898 4114/233/917 4115/235/896
f 4100/229/900 4099/227/904 4111/227/918 4112/229/911
f 4107/243/905 4106/241/906 4118/241/908 4119/243/907
f 4124/229/919 4123/227/920 4135/227/921 4136/229/922
f 4116/237/897 4115/235/896 4127/235/923 4128/237/924
f 4113/231/912 4112/229/911 4124/229/919 4125/231/925
f 4120/245/913 4119/243/907 4131/243/910 4132/245/926
f 4110/225/915 4109/224/914 4121/224/927 4122/225/928
f 4117/239/916 4116/237/897 4128/237/924 4129/239/929
f 4114/233/917 4113/231/912 4125/231/925 4126/233/930
f 4109/247/914 4120/245/913 4132/245/926 4121/247/927
f 4111/227/918 4110/225/915 4122/225/928 4123/227/920
f 4118/241/908 4117/239/916 4129/239/929 4130/241/909
f 4115/235/896 4114/233/917 4126/233/930 4127/235/923
f 4112/229/911 4111/227/918 4123/227/920 4124/229/919
f 4136/229/922 4135/227/921 4147/227/931 4148/229/932
f 4131/243/910 4130/241/909 4142/241/933 4143/243/934
f 4128/237/924 4127/235/923 4139/235/935 4140/237/936
f 4125/231/925 4124/229/919 4136/229/922 4137/231/937
f 4132/245/926 4131/243/910 4143/243/934 4144/245/938
f 4122/225/928 4121/224/927 4133/224/939 4134/225/940
f 4129/239/929 4128/237/924 4140/237/936 4141/239/941
f 4126/233/930 4125/231/925 4137/231/937 4138/233/942
f 4121/247/927 4132/245/926 4144/245/938 4133/247/939
f 4123/227/920 4122/225/928 4134/225/940 4135/227/921
f 4130/241/909 4129/239/929 4141/239/941 4142/241/933
f 4127/235/923 4126/233/930 4138/233/942 4139/235/935
f 4151/235/943 4150/233/944 4162/233/945 4163/235/946
f 4143/243/934 4142/241/933 4154/241/947 4155/243/948
f 4140/237/936 4139/235/935 4151/235/943 4152/237/949
f 4137/231/937 4136/229/922 4148/229/932 4149/231/950
f 4144/245/938 4143/243/934 4155/243/948 4156/245/951
f 4134/225/940 4133/224/939 4145/224/952 4146/225/953
f 4141/239/941 4140/237/936 4152/237/949 4153/239/954
f 4138/233/942 4137/231/937 4149/231/950 4150/233/944
f 4133/247/939 4144/245/938 4156/245/951 4145/247/952
f 4135/227/921 4134/225/940 4146/225/953 4147/227/931
f 4142/241/933 4141/239/941 4153/239/954 4154/241/947
f 4139/235/935 4138/233/942 4150/233/944 4151/235/943
f 4163/235/946 4162/233/945 4174/233/955 4175/235/956
f 4148/229/932 4147/227/931 4159/227/957 4160/229/958
f 4155/243/948 4154/241/947 4166/241/959 4167/243/960
f 4152/237/949 4151/235/943 4163/235/946 4164/237/961
f 4149/231/950 4148/229/932 4160/229/958 4161/231/962
f 4156/245/951 4155/243/948 4167/243/960 4168/245/963
f 4146/225/953 4145/224/952 4157/224/964 4158/225/965
f 4153/239/954 4152/237/949 4164/237/961 4165/239/966
f 4150/233/944 4149/231/950 4161/231/962 4162/233/945
f 4145/247/952 4156/245/951 4168/245/963 4157/247/964
f 4147/227/931 4146/225/953 4158/225/965 4159/227/957
f 4154/241/947 4153/239/954 4165/239/966 4166/241/959
f 4178/241/967 4177/239/968 4189/239/969 4190/241/970
f 4160/229/958 4159/227/957 4171/227/971 4172/229/972
f 4167/243/960 4166/241/959 4178/241/967 4179/243/973
f 4164/237/961 4163/235/946 4175/235/956 4176/237/974
f 4161/231/962 4160/229/958 4172/229/972 4173/231/975
f 4168/245/963 4167/243/960 4179/243/973 4180/245/976
f 4158/225/965 4157/224/964 4169/224/1151 4170/225/978
f 4165/239/966 4164/237/961 4176/237/974 4177/239/968
f 4162/233/945 4161/231/962 4173/231/975 4174/233/955
f 4157/247/964 4168/245/963 4180/245/976 4169/247/1151
f 4159/227/957 4158/225/965 4170/225/978 4171/227/971
f 4166/241/959 4165/239/966 4177/239/968 4178/241/967
f 4183/227/979 4182/225/980 4194/225/981 4195/227/1142
f 4175/235/956 4174/233/955 4186/233/983 4187/235/984
f 4172/229/972 4171/227/971 4183/227/979 4184/229/985
f 4179/243/973 4178/241/967 4190/241/970 4191/243/986
f 4176/237/974 4175/235/956 4187/235/984 4188/237/987
f 4173/231/975 4172/229/972 4184/229/985 4185/231/988
f 4180/245/976 4179/243/973 4191/243/986 4192/245/1152
f 4170/225/978 4169/224/1151 4181/224/990 4182/225/980
f 4177/239/968 4176/237/974 4188/237/987 4189/239/969
f 4174/233/955 4173/231/975 4185/231/988 4186/233/983
f 4169/247/1151 4180/245/976 4192/245/1152 4181/247/990
f 4171/227/971 4170/225/978 4182/225/980 4183/227/979
f 4193/247/991 4204/245/992 4216/245/1153 4205/247/994
f 4190/241/970 4189/239/969 4201/239/995 4202/241/996
f 4187/235/984 4186/233/983 4198/233/997 4199/235/998
f 4184/229/985 4183/227/979 4195/227/1142 4196/229/999
f 4191/243/986 4190/241/970 4202/241/996 4203/243/1000
f 4188/237/987 4187/235/984 4199/235/998 4200/237/1154
f 4185/231/988 4184/229/985 4196/229/999 4197/231/1002
f 4192/245/1152 4191/243/986 4203/243/1000 4204/245/992
f 4182/225/980 4181/224/990 4193/224/991 4194/225/981
f 4189/239/969 4188/237/987 4200/237/1154 4201/239/995
f 4186/233/983 4185/231/988 4197/231/1002 4198/233/997
f 4181/247/990 4192/245/1152 4204/245/992 4193/247/991
f 4210/233/1003 4209/231/1004 4221/231/1005 4222/233/1006
f 4195/227/1142 4194/225/981 4206/225/1007 4207/227/1008
f 4202/241/996 4201/239/995 4213/239/1009 4214/241/1010
f 4199/235/998 4198/233/997 4210/233/1003 4211/235/1011
f 4196/229/999 4195/227/1142 4207/227/1008 4208/229/1012
f 4203/243/1000 4202/241/996 4214/241/1010 4215/243/1013
f 4200/237/1154 4199/235/998 4211/235/1011 4212/237/1014
f 4197/231/1002 4196/229/999 4208/229/1012 4209/231/1004
f 4204/245/992 4203/243/1000 4215/243/1013 4216/245/1153
f 4194/225/981 4193/224/991 4205/224/994 4206/225/1007
f 4201/239/995 4200/237/1154 4212/237/1014 4213/239/1009
f 4198/233/997 4197/231/1002 4209/231/1004 4210/233/1003
f 4222/233/1006 4221/231/1005 4233/231/1015 4234/233/1016
f 4205/247/994 4216/245/1153 4228/245/1017 4217/247/1018
f 4207/227/1008 4206/225/1007 4218/225/1019 4219/227/1020
f 4214/241/1010 4213/239/1009 4225/239/1021 4226/241/1022
f 4211/235/1011 4210/233/1003 4222/233/1006 4223/235/1023
f 4208/229/1012 4207/227/1008 4219/227/1020 4220/229/1024
f 4215/243/1013 4214/241/1010 4226/241/1022 4227/243/1025
f 4212/237/1014 4211/235/1011 4223/235/1023 4224/237/1026
f 4209/231/1004 4208/229/1012 4220/229/1024 4221/231/1005
f 4216/245/1153 4215/243/1013 4227/243/1025 4228/245/1017
f 4206/225/1007 4205/224/994 4217/224/1018 4218/225/1019
f 4213/239/1009 4212/237/1014 4224/237/1026 4225/239/1021
f 4279/249/1027 4280/250/1028 4232/229/1029 4231/227/1030
f 4217/247/1018 4228/245/1017 4240/245/1031 4229/247/1032
f 4219/227/1020 4218/225/1019 4230/225/1033 4231/227/1030
f 4226/241/1022 4225/239/1021 4237/239/1034 4238/241/1035
f 4223/235/1023 4222/233/1006 4234/233/1016 4235/235/1145
f 4220/229/1024 4219/227/1020 4231/227/1030 4232/229/1029
f 4227/243/1025 4226/241/1022 4238/241/1035 4239/243/1037
f 4224/237/1026 4223/235/1023 4235/235/1145 4236/237/1038
f 4221/231/1005 4220/229/1024 4232/229/1029 4233/231/1015
f 4228/245/1017 4227/243/1025 4239/243/1037 4240/245/1031
f 4218/225/1019 4217/224/1018 4229/224/1032 4230/225/1033
f 4225/239/1021 4224/237/1026 4236/237/1038 4237/239/1034
f 4245/232/1039 4246/234/1040 4258/234/1041 4257/232/1042
f 4085/223/1043 4086/226/1044 4242/226/1045 4241/223/1046
f 4092/238/1047 4093/240/1048 4249/240/1049 4248/238/1050
f 4089/232/1051 4090/234/1052 4246/234/1040 4245/232/1039
f 4096/246/882 4085/248/1043 4241/248/1046 4252/246/883
f 4086/226/1044 4087/228/1053 4243/228/1054 4242/226/1045
f 4093/240/1048 4094/242/1055 4250/242/1056 4249/240/1049
f 4090/234/1052 4091/236/1057 4247/236/1058 4246/234/1040
f 4087/228/1053 4088/230/1059 4244/230/1060 4243/228/1054
f 4094/242/1055 4095/244/881 4251/244/884 4250/242/1056
f 4091/236/1057 4092/238/1047 4248/238/1050 4247/236/1058
f 4088/230/1059 4089/232/1051 4245/232/1039 4244/230/1060
f 4257/232/1042 4258/234/1041 4270/234/1061 4269/232/1062
f 4252/246/883 4241/248/1046 4253/248/1063 4264/246/1064
f 4242/226/1045 4243/228/1054 4255/228/1065 4254/226/1066
f 4249/240/1049 4250/242/1056 4262/242/1067 4261/240/1068
f 4246/234/1040 4247/236/1058 4259/236/1069 4258/234/1041
f 4243/228/1054 4244/230/1060 4256/230/1070 4255/228/1065
f 4250/242/1056 4251/244/884 4263/244/1071 4262/242/1067
f 4247/236/1058 4248/238/1050 4260/238/1072 4259/236/1069
f 4244/230/1060 4245/232/1039 4257/232/1042 4256/230/1070
f 4251/244/884 4252/246/883 4264/246/1064 4263/244/1071
f 4241/223/1046 4242/226/1045 4254/226/1066 4253/223/1063
f 4248/238/1050 4249/240/1049 4261/240/1068 4260/238/1072
f 4272/238/1073 4273/240/1074 4285/251/1075 4284/252/1076
f 4264/246/1064 4253/248/1063 4265/248/1077 4276/246/1078
f 4254/226/1066 4255/228/1065 4267/228/1079 4266/226/1080
f 4261/240/1068 4262/242/1067 4274/242/1081 4273/240/1074
f 4258/234/1041 4259/236/1069 4271/236/1082 4270/234/1061
f 4255/228/1065 4256/230/1070 4268/230/1083 4267/228/1079
f 4262/242/1067 4263/244/1071 4275/244/1084 4274/242/1081
f 4259/236/1069 4260/238/1072 4272/238/1073 4271/236/1082
f 4256/230/1070 4257/232/1042 4269/232/1062 4268/230/1083
f 4263/244/1071 4264/246/1064 4276/246/1078 4275/244/1084
f 4253/223/1063 4254/226/1066 4266/226/1080 4265/223/1077
f 4260/238/1072 4261/240/1068 4273/240/1074 4272/238/1073
f 4278/253/1085 4279/249/1027 4231/227/1030 4230/225/1033
f 4269/232/1062 4270/234/1061 4282/254/1086 4281/255/1087
f 4276/246/1078 4265/248/1077 4277/256/1088 4288/257/1147
f 4266/226/1080 4267/228/1079 4279/249/1027 4278/253/1085
f 4273/240/1074 4274/242/1081 4286/258/1090 4285/251/1075
f 4270/234/1061 4271/236/1082 4283/259/1091 4282/254/1086
f 4267/228/1079 4268/230/1083 4280/250/1028 4279/249/1027
f 4274/242/1081 4275/244/1084 4287/260/1092 4286/258/1090
f 4271/236/1082 4272/238/1073 4284/252/1076 4283/259/1091
f 4268/230/1083 4269/232/1062 4281/255/1087 4280/250/1028
f 4275/244/1084 4276/246/1078 4288/257/1147 4287/260/1092
f 4265/223/1077 4266/226/1080 4278/253/1085 4277/261/1088
f 4280/250/1028 4281/255/1087 4233/231/1015 4232/229/1029
f 4281/255/1087 4282/254/1086 4234/233/1016 4233/231/1015
f 4282/254/1086 4283/259/1091 4235/235/1145 4234/233/1016
f 4283/259/1091 4284/252/1076 4236/237/1038 4235/235/1145
f 4284/252/1076 4285/251/1075 4237/239/1034 4236/237/1038
f 4285/251/1075 4286/258/1090 4238/241/1035 4237/239/1034
f 4286/258/1090 4287/260/1092 4239/243/1037 4238/241/1035
f 4287/260/1092 4288/257/1147 4240/245/1031 4239/243/1037
f 4288/257/1147 4277/256/1088 4229/247/1032 4240/245/1031
f 4277/261/1088 4278/253/1085 4230/225/1033 4229/224/1032
f 4289/223/1093 4290/224/1094 4292/225/1095 4291/226/1096
f 4291/226/1096 4292/225/1095 4294/227/1097 4293/228/1098
f 4293/228/1098 4294/227/1097 4296/229/1099 4295/230/1100
f 4295/230/1100 4296/229/1099 4298/231/1101 4297/232/1102
f 4297/232/1102 4298/231/1101 4300/233/1103 4299/234/1104
f 4299/234/1104 4300/233/1103 4302/235/1105 4301/236/1106
f 4301/236/1106 4302/235/1105 4304/237/1107 4303/238/1108
f 4303/238/1108 4304/237/1107 4306/239/1109 4305/240/1110
f 4305/240/1110 4306/239/1109 4308/241/1111 4307/242/1112
f 4307/242/1112 4308/241/1111 4310/243/1113 4309/244/1114
f 4292/262/1095 4290/263/1094 4312/264/1115 4310/265/1113 4308/266/1111 4306/267/1109 4304/268/1107 4302/269/1105 4300/270/1103 4298/271/1101 4296/272/1099 4294/273/1097
f 4309/244/1114 4310/243/1113 4312/245/1115 4311/246/1116
f 4311/246/1116 4312/245/1115 4290/247/1094 4289/248/1093
f 4289/274/1093 4291/275/1096 4293/276/1098 4295/277/1100 4297/278/1102 4299/279/1104 4301/280/1106 4303/281/1108 4305/282/1110 4307/283/1112 4309/284/1114 4311/285/1116
f 4313/223/1093 4314/224/1094 4316/225/1095 4315/226/1096
f 4315/226/1096 4316/225/1095 4318/227/1097 4317/228/1098
f 4317/228/1098 4318/227/1097 4320/229/1099 4319/230/1100
f 4319/230/1100 4320/229/1099 4322/231/1101 4321/232/1102
f 4321/232/1102 4322/231/1101 4324/233/1103 4323/234/1104
f 4323/234/1104 4324/233/1103 4326/235/1105 4325/236/1106
f 4325/236/1106 4326/235/1105 4328/237/1107 4327/238/1108
f 4327/238/1108 4328/237/1107 4330/239/1109 4329/240/1110
f 4329/240/1110 4330/239/1109 4332/241/1111 4331/242/1112
f 4331/242/1112 4332/241/1111 4334/243/1113 4333/244/1114
f 4316/262/1095 4314/263/1094 4336/264/1115 4334/265/1113 4332/266/1111 4330/267/1109 4328/268/1107 4326/269/1105 4324/270/1103 4322/271/1101 4320/272/1099 4318/273/1097
f 4333/244/1114 4334/243/1113 4336/245/1115 4335/246/1116
f 4335/246/1116 4336/245/1115 4314/247/1094 4313/248/1093
f 4313/274/1093 4315/275/1096 4317/276/1098 4319/277/1100 4321/278/1102 4323/279/1104 4325/280/1106 4327/281/1108 4329/282/1110 4331/283/1112 4333/284/1114 4335/285/1116
f 4337/223/1093 4338/224/1094 4340/225/1095 4339/226/1096
f 4339/226/1096 4340/225/1095 4342/227/1097 4341/228/1098
f 4341/228/1098 4342/227/1097 4344/229/1099 4343/230/1100
f 4343/230/1100 4344/229/1099 4346/231/1101 4345/232/1102
f 4345/232/1102 4346/231/1101 4348/233/1103 4347/234/1104
f 4347/234/1104 4348/233/1103 4350/235/1105 4349/236/1106
f 4349/236/1106 4350/235/1105 4352/237/1107 4351/238/1108
f 4351/238/1108 4352/237/1107 4354/239/1109 4353/240/1110
f 4353/240/1110 4354/239/1109 4356/241/1111 4355/242/1112
f 4355/242/1112 4356/241/1111 4358/243/1113 4357/244/1114
f 4340/262/1095 4338/263/1094 4360/264/1115 4358/265/1113 4356/266/1111 4354/267/1109 4352/268/1107 4350/269/1105 4348/270/1103 4346/271/1101 4344/272/1099 4342/273/1097
f 4357/244/1114 4358/243/1113 4360/245/1115 4359/246/1116
f 4359/246/1116 4360/245/1115 4338/247/1094 4337/248/1093
f 4337/274/1093 4339/275/1096 4341/276/1098 4343/277/1100 4345/278/1102 4347/279/1104 4349/280/1106 4351/281/1108 4353/282/1110 4355/283/1112 4357/284/1114 4359/285/1116
f 4361/223/1093 4362/224/1094 4364/225/1095 4363/226/1096
f 4363/226/1096 4364/225/1095 4366/227/1097 4365/228/1098
f 4365/228/1098 4366/227/1097 4368/229/1099 4367/230/1100
f 4367/230/1100 4368/229/1099 4370/231/1101 4369/232/1102
f 4369/232/1102 4370/231/1101 4372/233/1103 4371/234/1104
f 4371/234/1104 4372/233/1103 4374/235/1105 4373/236/1106
f 4373/236/1106 4374/235/1105 4376/237/1107 4375/238/1108
f 4375/238/1108 4376/237/1107 4378/239/1109 4377/240/1110
f 4377/240/1110 4378/239/1109 4380/241/1111 4379/242/1112
f 4379/242/1112 4380/241/1111 4382/243/1113 4381/244/1114
f 4364/262/1095 4362/263/1094 4384/264/1115 4382/265/1113 4380/266/1111 4378/267/1109 4376/268/1107 4374/269/1105 4372/270/1103 4370/271/1101 4368/272/1099 4366/273/1097
f 4381/244/1114 4382/243/1113 4384/245/1115 4383/246/1116
f 4383/246/1116 4384/245/1115 4362/247/1094 4361/248/1093
f 4361/274/1093 4363/275/1096 4365/276/1098 4367/277/1100 4369/278/1102 4371/279/1104 4373/280/1106 4375/281/1108 4377/282/1110 4379/283/1112 4381/284/1114 4383/285/1116
f 4385/223/1093 4386/224/1094 4388/225/1095 4387/226/1096
f 4387/226/1096 4388/225/1095 4390/227/1097 4389/228/1098
f 4389/228/1098 4390/227/1097 4392/229/1099 4391/230/1100
f 4391/230/1100 4392/229/1099 4394/231/1101 4393/232/1102
f 4393/232/1102 4394/231/1101 4396/233/1103 4395/234/1104
f 4395/234/1104 4396/233/1103 4398/235/1105 4397/236/1106
f 4397/236/1106 4398/235/1105 4400/237/1107 4399/238/1108
f 4399/238/1108 4400/237/1107 4402/239/1109 4401/240/1110
f 4401/240/1110 4402/239/1109 4404/241/1111 4403/242/1112
f 4403/242/1112 4404/241/1111 4406/243/1113 4405/244/1114
f 4388/262/1095 4386/263/1094 4408/264/1115 4406/265/1113 4404/266/1111 4402/267/1109 4400/268/1107 4398/269/1105 4396/270/1103 4394/271/1101 4392/272/1099 4390/273/1097
f 4405/244/1114 4406/243/1113 4408/245/1115 4407/246/1116
f 4407/246/1116 4408/245/1115 4386/247/1094 4385/248/1093
f 4385/274/1093 4387/275/1096 4389/276/1098 4391/277/1100 4393/278/1102 4395/279/1104 4397/280/1106 4399/281/1108 4401/282/1110 4403/283/1112 4405/284/1114 4407/285/1116
f 4409/223/1093 4410/224/1094 4412/225/1095 4411/226/1096
f 4411/226/1096 4412/225/1095 4414/227/1097 4413/228/1098
f 4413/228/1098 4414/227/1097 4416/229/1099 4415/230/1100
f 4415/230/1100 4416/229/1099 4418/231/1101 4417/232/1102
f 4417/232/1102 4418/231/1101 4420/233/1103 4419/234/1104
f 4419/234/1104 4420/233/1103 4422/235/1105 4421/236/1106
f 4421/236/1106 4422/235/1105 4424/237/1107 4423/238/1108
f 4423/238/1108 4424/237/1107 4426/239/1109 4425/240/1110
f 4425/240/1110 4426/239/1109 4428/241/1111 4427/242/1112
f 4427/242/1112 4428/241/1111 4430/243/1113 4429/244/1114
f 4412/262/1095 4410/263/1094 4432/264/1115 4430/265/1113 4428/266/1111 4426/267/1109 4424/268/1107 4422/269/1105 4420/270/1103 4418/271/1101 4416/272/1099 4414/273/1097
f 4429/244/1114 4430/243/1113 4432/245/1115 4431/246/1116
f 4431/246/1116 4432/245/1115 4410/247/1094 4409/248/1093
f 4409/274/1093 4411/275/1096 4413/276/1098 4415/277/1100 4417/278/1102 4419/279/1104 4421/280/1106 4423/281/1108 4425/282/1110 4427/283/1112 4429/284/1114 4431/285/1116
f 4433/223/1093 4434/224/1094 4436/225/1095 4435/226/1096
f 4435/226/1096 4436/225/1095 4438/227/1097 4437/228/1098
f 4437/228/1098 4438/227/1097 4440/229/1099 4439/230/1100
f 4439/230/1100 4440/229/1099 4442/231/1101 4441/232/1102
f 4441/232/1102 4442/231/1101 4444/233/1103 4443/234/1104
f 4443/234/1104 4444/233/1103 4446/235/1105 4445/236/1106
f 4445/236/1106 4446/235/1105 4448/237/1107 4447/238/1108
f 4447/238/1108 4448/237/1107 4450/239/1109 4449/240/1110
f 4449/240/1110 4450/239/1109 4452/241/1111 4451/242/1112
f 4451/242/1112 4452/241/1111 4454/243/1113 4453/244/1114
f 4436/262/1095 4434/263/1094 4456/264/1115 4454/265/1113 4452/266/1111 4450/267/1109 4448/268/1107 4446/269/1105 4444/270/1103 4442/271/1101 4440/272/1099 4438/273/1097
f 4453/244/1114 4454/243/1113 4456/245/1115 4455/246/1116
f 4455/246/1116 4456/245/1115 4434/247/1094 4433/248/1093
f 4433/274/1093 4435/275/1096 4437/276/1098 4439/277/1100 4441/278/1102 4443/279/1104 4445/280/1106 4447/281/1108 4449/282/1110 4451/283/1112 4453/284/1114 4455/285/1116
f 4092/238/887 4091/236/888 4463/236/1117 4464/238/1118
f 4089/232/886 4088/230/893 4460/230/1119 4461/232/1120
f 4095/244/1121 4096/246/1121 4468/246/1121 4467/244/1121
f 4086/226/890 4085/223/894 4457/223/1122 4458/226/1123
f 4093/240/892 4092/238/887 4464/238/1118 4465/240/1124
f 4090/234/885 4089/232/886 4461/232/1120 4462/234/1125
f 4085/248/894 4096/246/1126 4468/246/1127 4457/248/1122
f 4087/228/889 4086/226/890 4458/226/1123 4459/228/1128
f 4094/242/870 4093/240/892 4465/240/1124 4466/242/1129
f 4091/236/888 4090/234/885 4462/234/1125 4463/236/1117
f 4088/230/893 4087/228/889 4459/228/1128 4460/230/1119
f 4095/244/1130 4094/242/870 4466/242/1129 4467/244/1131
f 4457/248/1122 4468/246/1127 4467/244/1131 4466/242/1129 4465/240/1124 4464/238/1118 4463/236/1117 4462/234/1125 4461/232/1120 4460/230/1119 4459/228/1128 4458/226/1123
s 0
f 4469/286/870 4470/287/870 4472/288/870 4471/289/870
f 4471/289/894 4472/288/894 4476/290/894 4475/291/894
f 4475/291/893 4476/290/893 4474/292/893 4473/293/893
f 4473/293/888 4474/292/888 4470/294/888 4469/295/888
f 4471/296/1155 4475/291/1155 4473/293/1155 4469/297/1155
f 4476/290/1156 4472/298/1156 4470/299/1156 4474/292/1156
f 4477/286/870 4478/287/870 4480/288/870 4479/289/870
f 4479/289/894 4480/288/894 4484/290/894 4483/291/894
f 4483/291/893 4484/290/893 4482/292/893 4481/293/893
f 4481/293/888 4482/292/888 4478/294/888 4477/295/888
f 4479/296/1155 4483/291/1155 4481/293/1155 4477/297/1155
f 4484/290/1156 4480/298/1156 4478/299/1156 4482/292/1156
f 4485/286/870 4486/287/870 4488/288/870 4487/289/870
f 4487/289/894 4488/288/894 4492/290/894 4491/291/894
f 4491/291/893 4492/290/893 4490/292/893 4489/293/893
f 4489/293/888 4490/292/888 4486/294/888 4485/295/888
f 4487/296/1155 4491/291/1155 4489/293/1155 4485/297/1155
f 4492/290/1156 4488/298/1156 4486/299/1156 4490/292/1156
f 4493/286/870 4494/287/870 4496/288/870 4495/289/870
f 4495/289/894 4496/288/894 4500/290/894 4499/291/894
f 4499/291/893 4500/290/893 4498/292/893 4497/293/893
f 4497/293/888 4498/292/888 4494/294/888 4493/295/888
f 4495/296/1155 4499/291/1155 4497/293/1155 4493/297/1155
f 4500/290/1156 4496/298/1156 4494/299/1156 4498/292/1156
f 4501/286/870 4502/287/870 4504/288/870 4503/289/870
f 4503/289/894 4504/288/894 4508/290/894 4507/291/894
f 4507/291/893 4508/290/893 4506/292/893 4505/293/893
f 4505/293/888 4506/292/888 4502/294/888 4501/295/888
f 4503/296/1155 4507/291/1155 4505/293/1155 4501/297/1155
f 4508/290/1156 4504/298/1156 4502/299/1156 4506/292/1156
f 4509/286/870 4510/287/870 4512/288/870 4511/289/870
f 4511/289/894 4512/288/894 4516/290/894 4515/291/894
f 4515/291/893 4516/290/893 4514/292/893 4513/293/893
f 4513/293/888 4514/292/888 4510/294/888 4509/295/888
f 4511/296/1155 4515/291/1155 4513/293/1155 4509/297/1155
f 4516/290/1156 4512/298/1156 4510/299/1156 4514/292/1156
o og-stor_circkel.002
v -1.838442 7.770544 -31.197254
v -1.838442 7.984188 -31.197254
v 6.075409 7.770544 -28.873539
v 6.075409 7.984188 -28.873539
v 11.476670 7.770544 -22.640152
v 11.476670 7.984188 -22.640152
v 12.650476 7.770544 -14.476151
v 12.650476 7.984188 -14.476151
v 9.224152 7.770544 -6.973550
v 9.224152 7.984188 -6.973550
v 6.440906 7.770544 -5.164571
v 6.440906 7.984187 -5.164571
v -5.962420 7.770544 -2.514372
v -5.962420 7.984188 -2.514372
v -12.901039 7.770544 -6.973554
v -12.901039 7.984188 -6.973554
v -16.327360 7.770544 -14.476157
v -16.327360 7.984188 -14.476157
v -15.153554 7.770544 -22.640154
v -15.153554 7.984188 -22.640154
v -9.752295 7.770544 -28.873537
v -9.752295 7.984188 -28.873537
v -1.838442 7.770544 -33.890076
v 7.531258 7.770544 -31.138882
v 7.531258 7.984188 -31.138882
v -1.838442 7.984188 -33.890076
v 13.926144 7.770544 -23.758789
v 13.926144 7.984188 -23.758789
v 15.315886 7.770544 -14.092922
v 15.315886 7.984188 -14.092922
v 11.259247 7.770544 -5.210129
v 11.259247 7.984188 -5.210129
v 7.873156 7.770544 -3.019714
v 7.873156 7.984187 -3.019714
v -6.721076 7.770544 0.069368
v -6.721076 7.984188 0.069368
v -14.936136 7.770544 -5.210134
v -14.936136 7.984188 -5.210134
v -18.992769 7.770544 -14.092930
v -18.992769 7.984188 -14.092930
v -17.603027 7.770544 -23.758791
v -17.603027 7.984188 -23.758791
v -11.208142 7.770544 -31.138880
v -11.208142 7.984188 -31.138880
v -0.744555 7.984188 0.179827
v -0.744555 7.770544 0.179827
v -0.744555 7.770544 -2.512992
v -0.744555 7.984188 -2.512992
vn 0.2817 -0.0000 -0.9595
vn 0.7557 -0.0000 -0.6549
vn 0.9898 -0.0000 -0.1423
vn 0.9096 -0.0000 0.4154
vn 0.5431 -0.0000 0.8396
vn -0.5406 -0.0000 0.8413
vn -0.9096 -0.0000 0.4154
vn -0.9898 -0.0000 -0.1423
vn -0.7557 -0.0000 -0.6549
vn -0.2817 -0.0000 -0.9595
vn -0.0000 -1.0000 -0.0000
vn -0.0000 1.0000 -0.0000
vn 0.9898 -0.0000 0.1423
vn 0.7557 -0.0000 0.6549
vn 0.2817 -0.0000 0.9595
vn -0.2817 -0.0000 0.9595
vn -0.7557 -0.0000 0.6549
vn -0.9898 -0.0000 0.1423
vn -0.9096 -0.0000 -0.4154
vn -0.5450 -0.0000 -0.8385
vn 0.5406 -0.0000 -0.8413
vn 0.9096 -0.0000 -0.4154
vn 1.0000 -0.0000 -0.0000
vn -0.0185 -0.0000 0.9998
vn 0.0003 -0.0000 -1.0000
vn -0.8316 -0.0000 0.5553
vt 1.000000 0.500000
vt 1.000000 1.000000
vt 0.909091 1.000000
vt 0.909091 0.500000
vt 0.818182 1.000000
vt 0.818182 0.500000
vt 0.727273 1.000000
vt 0.727273 0.500000
vt 0.636364 1.000000
vt 0.636364 0.500000
vt 0.545454 1.000000
vt 0.545454 0.500000
vt 0.454545 0.500000
vt 0.454545 1.000000
vt 0.363636 1.000000
vt 0.363636 0.500000
vt 0.272727 1.000000
vt 0.272727 0.500000
vt 0.181818 1.000000
vt 0.181818 0.500000
vt 0.090909 1.000000
vt 0.090909 0.500000
vt -0.000000 1.000000
vt -0.000000 0.500000
vt 0.859593 0.420530
vt 0.750000 0.452709
vt 0.750000 0.490000
vt 0.879754 0.451901
vt 0.250000 0.452709
vt 0.359593 0.420530
vt 0.379754 0.451901
vt 0.250000 0.490000
vt 0.934391 0.334208
vt 0.968312 0.349700
vt 0.434391 0.334208
vt 0.468312 0.349700
vt 0.950646 0.221151
vt 0.987557 0.215844
vt 0.450646 0.221151
vt 0.487557 0.215844
vt 0.903197 0.117254
vt 0.931380 0.092833
vt 0.403197 0.117254
vt 0.431380 0.092833
vt 0.807110 0.055502
vt 0.817616 0.019722
vt 0.307110 0.055502
vt 0.317616 0.019722
vt 0.596803 0.117254
vt 0.692890 0.055502
vt 0.682384 0.019722
vt 0.568620 0.092833
vt 0.192890 0.055502
vt 0.096803 0.117254
vt 0.068620 0.092833
vt 0.182384 0.019722
vt 0.549354 0.221152
vt 0.512443 0.215845
vt 0.049354 0.221152
vt 0.012443 0.215845
vt 0.565609 0.334208
vt 0.531688 0.349700
vt 0.065609 0.334208
vt 0.031688 0.349700
vt 0.640407 0.420530
vt 0.620246 0.451901
vt 0.140407 0.420530
vt 0.120246 0.451901
s 0
f 4539/300/1157 4542/301/1157 4541/302/1157 4540/303/1157
f 4540/303/1158 4541/302/1158 4544/304/1158 4543/305/1158
f 4543/305/1159 4544/304/1159 4546/306/1159 4545/307/1159
f 4545/307/1160 4546/306/1160 4548/308/1160 4547/309/1160
f 4547/309/1161 4548/308/1161 4550/310/1161 4549/311/1161
f 4551/312/1162 4552/313/1162 4554/314/1162 4553/315/1162
f 4553/315/1163 4554/314/1163 4556/316/1163 4555/317/1163
f 4555/317/1164 4556/316/1164 4558/318/1164 4557/319/1164
f 4557/319/1165 4558/318/1165 4560/320/1165 4559/321/1165
f 4559/321/1166 4560/320/1166 4542/322/1166 4539/323/1166
f 4519/324/1167 4517/325/1167 4539/326/1167 4540/327/1167
f 4518/328/1168 4520/329/1168 4541/330/1168 4542/331/1168
f 4521/332/1167 4519/324/1167 4540/327/1167 4543/333/1167
f 4520/329/1168 4522/334/1168 4544/335/1168 4541/330/1168
f 4523/336/1167 4521/332/1167 4543/333/1167 4545/337/1167
f 4522/334/1168 4524/338/1168 4546/339/1168 4544/335/1168
f 4525/340/1167 4523/336/1167 4545/337/1167 4547/341/1167
f 4524/338/1168 4526/342/1168 4548/343/1168 4546/339/1168
f 4527/344/1167 4525/340/1167 4547/341/1167 4549/345/1167
f 4526/342/1168 4528/346/1168 4550/347/1168 4548/343/1168
f 4531/348/1167 4529/349/1167 4551/350/1167 4553/351/1167
f 4530/352/1168 4532/353/1168 4554/354/1168 4552/355/1168
f 4533/356/1167 4531/348/1167 4553/351/1167 4555/357/1167
f 4532/353/1168 4534/358/1168 4556/359/1168 4554/354/1168
f 4535/360/1167 4533/356/1167 4555/357/1167 4557/361/1167
f 4534/358/1168 4536/362/1168 4558/363/1168 4556/359/1168
f 4537/364/1167 4535/360/1167 4557/361/1167 4559/365/1167
f 4536/362/1168 4538/366/1168 4560/367/1168 4558/363/1168
f 4517/325/1167 4537/364/1167 4559/365/1167 4539/326/1167
f 4538/366/1168 4518/328/1168 4542/331/1168 4560/367/1168
f 4533/356/1169 4535/360/1169 4536/362/1169 4534/358/1169
f 4535/360/1170 4537/364/1170 4538/366/1170 4536/362/1170
f 4537/364/1171 4517/325/1171 4518/328/1171 4538/366/1171
f 4517/325/1172 4519/324/1172 4520/329/1172 4518/328/1172
f 4519/324/1173 4521/332/1173 4522/334/1173 4520/329/1173
f 4521/332/1174 4523/336/1174 4524/338/1174 4522/334/1174
f 4523/336/1175 4525/340/1175 4526/342/1175 4524/338/1175
f 4525/340/1176 4527/344/1176 4528/346/1176 4526/342/1176
f 4529/349/1177 4531/348/1177 4532/353/1177 4530/352/1177
f 4531/348/1178 4533/356/1178 4534/358/1178 4532/353/1178
f 4551/350/1167 4529/349/1167 4563/349/1167 4562/350/1167
f 4561/355/1179 4562/350/1179 4563/349/1179 4564/352/1179
f 4530/352/1168 4552/355/1168 4561/355/1168 4564/352/1168
f 4552/313/1180 4551/312/1180 4562/312/1180 4561/313/1180
f 4529/349/1181 4530/352/1181 4564/352/1181 4563/349/1181
f 4550/347/1182 4528/346/1182 4527/344/1182 4549/345/1182
o Cylinder.003
v 7.876575 8.979504 -3.209251
v 5.618827 11.689346 -1.710645
v 7.888745 8.991175 -3.212021
v 5.630997 11.701017 -1.713414
v 7.902545 8.999719 -3.206679
v 5.644797 11.709560 -1.708072
v 7.914279 9.002846 -3.194657
v 5.656531 11.712688 -1.696050
v 7.920801 8.999719 -3.179176
v 5.663054 11.709560 -1.680569
v 7.920365 8.991175 -3.164384
v 5.662617 11.701017 -1.665776
v 7.913087 8.979504 -3.154244
v 5.655339 11.689346 -1.655637
v 7.900917 8.967833 -3.151475
v 5.643169 11.677675 -1.652868
v 7.887116 8.959289 -3.156817
v 5.629368 11.669131 -1.658210
v 7.875383 8.956161 -3.168839
v 5.617635 11.666004 -1.670232
v 7.868860 8.959289 -3.184320
v 5.611113 11.669130 -1.685713
v 7.869297 8.967833 -3.199112
v 5.611549 11.677675 -1.700505
v 7.879159 8.975787 -3.210967
v 7.892515 8.985835 -3.214524
v 7.907184 8.993191 -3.209758
v 7.919235 8.995883 -3.197947
v 7.925439 8.993191 -3.182254
v 7.924135 8.985835 -3.166886
v 7.915670 8.975787 -3.155959
v 7.902315 8.965739 -3.152403
v 7.887646 8.958384 -3.157168
v 7.875595 8.955691 -3.168980
v 7.869390 8.958384 -3.184672
v 7.870695 8.965739 -3.200040
v 7.881317 8.971698 -3.212399
v 7.895672 8.979950 -3.216619
v 7.911072 8.985991 -3.212339
v 7.923391 8.988203 -3.200705
v 7.929328 8.985991 -3.184835
v 7.927292 8.979950 -3.168981
v 7.917828 8.971698 -3.157392
v 7.903473 8.963445 -3.153171
v 7.888073 8.957403 -3.157452
v 7.875754 8.955192 -3.169085
v 7.869817 8.957403 -3.184955
v 7.871853 8.963445 -3.200809
v 7.883011 8.967304 -3.213523
v 7.898162 8.973621 -3.218272
v 7.914145 8.978245 -3.214378
v 7.926677 8.979938 -3.202886
v 7.932401 8.978245 -3.186875
v 7.929782 8.973621 -3.170634
v 7.919523 8.967304 -3.158516
v 7.904372 8.960988 -3.153768
v 7.888389 8.956365 -3.157661
v 7.875857 8.954672 -3.169154
v 7.870133 8.956365 -3.185165
v 7.872752 8.960988 -3.201406
v 7.884213 8.962684 -3.214321
v 7.899942 8.966956 -3.219453
v 7.916348 8.970083 -3.215841
v 7.929035 8.971228 -3.204452
v 7.934604 8.970083 -3.188337
v 7.931562 8.966956 -3.171816
v 7.920725 8.962684 -3.159314
v 7.904996 8.958412 -3.154182
v 7.888590 8.955285 -3.157795
v 7.875903 8.954140 -3.169184
v 7.870334 8.955285 -3.185298
v 7.873376 8.958412 -3.201820
v 7.884903 8.957914 -3.214779
v 7.900983 8.960069 -3.220144
v 7.917645 8.961646 -3.216702
v 7.930427 8.962223 -3.205375
v 7.935902 8.961646 -3.189198
v 7.932603 8.960069 -3.172506
v 7.921414 8.957914 -3.159772
v 7.905334 8.955760 -3.154407
v 7.888671 8.954183 -3.157849
v 7.875890 8.953606 -3.169176
v 7.870416 8.954183 -3.185352
v 7.873714 8.955760 -3.202044
v 7.885067 8.953078 -3.214888
v 7.901265 8.953078 -3.220331
v 7.918014 8.953078 -3.216947
v 7.930827 8.953078 -3.205641
v 7.936270 8.953078 -3.189443
v 7.932885 8.953078 -3.172694
v 7.921579 8.953078 -3.159881
v 7.905382 8.953078 -3.154438
v 7.888632 8.953078 -3.157823
v 7.875820 8.953078 -3.169129
v 7.870377 8.953078 -3.185327
v 7.873762 8.953078 -3.202075
v 7.885067 8.163583 -3.214889
v 7.901265 8.163583 -3.220331
v 7.918014 8.163583 -3.216947
v 7.930827 8.163583 -3.205641
v 7.936270 8.163583 -3.189443
v 7.932885 8.163583 -3.172694
v 7.921579 8.163583 -3.159881
v 7.905382 8.163583 -3.154438
v 7.888632 8.163583 -3.157823
v 7.875820 8.163583 -3.169129
v 7.870377 8.163583 -3.185327
v 7.873762 8.163583 -3.202075
v 5.609477 11.696918 -1.704438
v 5.618272 11.711559 -1.704968
v 5.629603 11.722276 -1.697987
v 5.640432 11.726199 -1.685364
v 5.647860 11.722276 -1.670483
v 5.649892 11.711559 -1.657331
v 5.645988 11.696918 -1.649431
v 5.637193 11.682278 -1.648901
v 5.625862 11.671560 -1.655883
v 5.615033 11.667637 -1.668505
v 5.607606 11.671560 -1.683386
v 5.605573 11.682278 -1.696539
v 5.598662 11.700766 -1.697260
v 5.603496 11.717020 -1.695160
v 5.611927 11.728919 -1.686254
v 5.621694 11.733274 -1.672926
v 5.630182 11.728919 -1.658750
v 5.635116 11.717020 -1.647522
v 5.635174 11.700766 -1.642253
v 5.630340 11.684510 -1.644352
v 5.621910 11.672611 -1.653259
v 5.612142 11.668256 -1.666586
v 5.603654 11.672611 -1.680763
v 5.598720 11.684510 -1.691990
v 5.587384 11.700531 -1.689774
v 5.588035 11.716895 -1.684898
v 5.593404 11.728874 -1.673959
v 5.602051 11.733259 -1.659888
v 5.611660 11.728874 -1.646455
v 5.619655 11.716895 -1.637260
v 5.623896 11.700531 -1.634767
v 5.623246 11.684166 -1.639643
v 5.617877 11.672188 -1.650582
v 5.609230 11.667802 -1.664653
v 5.599622 11.672188 -1.678086
v 5.591626 11.684166 -1.687281
v 5.576687 11.696238 -1.682673
v 5.573321 11.711197 -1.675131
v 5.575749 11.722147 -1.662240
v 5.583320 11.726155 -1.647455
v 5.594005 11.722147 -1.634737
v 5.604941 11.711197 -1.627493
v 5.613199 11.696238 -1.627666
v 5.616565 11.681278 -1.635209
v 5.614138 11.670327 -1.648100
v 5.606566 11.666319 -1.662885
v 5.595881 11.670327 -1.675603
v 5.584945 11.681278 -1.682846
v 5.567561 11.688281 -1.676616
v 5.560716 11.700451 -1.666764
v 5.560597 11.709358 -1.652183
v 5.567235 11.712620 -1.636779
v 5.578853 11.709358 -1.624679
v 5.592336 11.700451 -1.619126
v 5.604073 11.688281 -1.621608
v 5.610918 11.676112 -1.631460
v 5.611036 11.667204 -1.646042
v 5.604398 11.663942 -1.661446
v 5.592781 11.667204 -1.673545
v 5.579298 11.676112 -1.679098
v 5.560850 11.677400 -1.672161
v 5.551387 11.685652 -1.660571
v 5.549351 11.691694 -1.644718
v 5.555287 11.693905 -1.628848
v 5.567606 11.691694 -1.617214
v 5.583007 11.685652 -1.612934
v 5.597362 11.677400 -1.617154
v 5.606825 11.669147 -1.628744
v 5.608862 11.663105 -1.644598
v 5.602925 11.660894 -1.660468
v 5.590606 11.663105 -1.672101
v 5.575206 11.669147 -1.676382
v 5.557177 11.664599 -1.669723
v 5.546196 11.668172 -1.657126
v 5.543050 11.670788 -1.640536
v 5.548581 11.671744 -1.624396
v 5.561306 11.670788 -1.613032
v 5.577816 11.668172 -1.609489
v 5.593688 11.664599 -1.614716
v 5.604669 11.661027 -1.627312
v 5.607815 11.658412 -1.643903
v 5.602284 11.657454 -1.660042
v 5.589559 11.658412 -1.671406
v 5.573049 11.661027 -1.674950
v 5.556880 10.722317 -1.669526
v 5.545626 10.722317 -1.656748
v 5.542279 10.722317 -1.640024
v 5.547737 10.722317 -1.623836
v 5.560535 10.722317 -1.612520
v 5.577246 10.722317 -1.609110
v 5.593391 10.722317 -1.614519
v 5.604645 10.722317 -1.627297
v 5.607992 10.722317 -1.644020
v 5.602534 10.722317 -1.660208
v 5.589736 10.722317 -1.671524
v 5.573025 10.722317 -1.674934
v 5.557955 10.711622 -1.670239
v 5.547095 10.707710 -1.657722
v 5.544036 10.704847 -1.641190
v 5.549599 10.703799 -1.625072
v 5.562292 10.704847 -1.613687
v 5.578715 10.707710 -1.610085
v 5.594467 10.711622 -1.615232
v 5.605327 10.715535 -1.627749
v 5.608386 10.718398 -1.644282
v 5.602823 10.719446 -1.660400
v 5.590130 10.718398 -1.671785
v 5.573707 10.715535 -1.675387
v 5.561120 10.701542 -1.672339
v 5.551417 10.693943 -1.660591
v 5.549206 10.688380 -1.644621
v 5.555079 10.686344 -1.628709
v 5.567461 10.688380 -1.617117
v 5.583037 10.693943 -1.612954
v 5.597631 10.701543 -1.617332
v 5.607334 10.709142 -1.629081
v 5.609546 10.714705 -1.645051
v 5.603673 10.716742 -1.660964
v 5.591290 10.714705 -1.672555
v 5.575714 10.709142 -1.676719
v 5.566191 10.692656 -1.675706
v 5.558344 10.681805 -1.665189
v 5.557491 10.673862 -1.650120
v 5.563861 10.670956 -1.634538
v 5.575747 10.673862 -1.622617
v 5.589964 10.681805 -1.617551
v 5.602703 10.692656 -1.620699
v 5.610551 10.703506 -1.631216
v 5.611404 10.711449 -1.646285
v 5.605034 10.714355 -1.661867
v 5.593148 10.711449 -1.673788
v 5.578931 10.703506 -1.678854
v 5.572879 10.685472 -1.680145
v 5.565609 10.673880 -1.670011
v 5.565179 10.665394 -1.655223
v 5.571704 10.662287 -1.639744
v 5.583435 10.665394 -1.627720
v 5.597229 10.673880 -1.622374
v 5.609391 10.685472 -1.625138
v 5.616661 10.697064 -1.635272
v 5.617091 10.705550 -1.650059
v 5.610566 10.708656 -1.665539
v 5.598835 10.705550 -1.677563
v 5.585041 10.697064 -1.682909
v 7.877175 8.142114 -3.209650
v 7.891749 8.134333 -3.214015
v 7.907309 8.128636 -3.209841
v 7.919687 8.126551 -3.198246
v 7.925565 8.128636 -3.182337
v 7.923369 8.134333 -3.166377
v 7.913687 8.142114 -3.154643
v 7.899114 8.149895 -3.150277
v 7.883554 8.155591 -3.154452
v 7.871176 8.157676 -3.166046
v 7.865297 8.155591 -3.181955
v 7.867494 8.149895 -3.197915
v 7.861783 8.127645 -3.199433
v 7.871868 8.113921 -3.200818
v 7.884142 8.103874 -3.194463
v 7.895317 8.100196 -3.182070
v 7.902398 8.103874 -3.166960
v 7.903488 8.113921 -3.153181
v 7.898294 8.127645 -3.144425
v 7.888209 8.141370 -3.143039
v 7.875935 8.151417 -3.149395
v 7.864760 8.155094 -3.161788
v 7.857679 8.151417 -3.176898
v 7.856589 8.141370 -3.190677
v 7.842525 8.123595 -3.186650
v 7.846317 8.107169 -3.183859
v 7.853985 8.095144 -3.174446
v 7.863474 8.090743 -3.160934
v 7.872241 8.095144 -3.146943
v 7.877937 8.107169 -3.136221
v 7.879037 8.123595 -3.131643
v 7.875245 8.140021 -3.134434
v 7.867577 8.152046 -3.143847
v 7.858088 8.156447 -3.157359
v 7.849321 8.152046 -3.171350
v 7.843625 8.140021 -3.182071
v 7.823306 8.131652 -3.173893
v 7.819277 8.117091 -3.165910
v 7.821219 8.106432 -3.152697
v 7.828612 8.102530 -3.137794
v 7.839475 8.106432 -3.125194
v 7.850897 8.117091 -3.118273
v 7.859818 8.131652 -3.118886
v 7.863847 8.146214 -3.126869
v 7.861905 8.156873 -3.140082
v 7.854513 8.160774 -3.154985
v 7.843649 8.156873 -3.167585
v 7.832227 8.146214 -3.174506
v 7.605051 8.275599 -3.028246
v 7.605051 9.305128 -3.028246
v 7.621227 8.275599 -3.033682
v 7.621227 9.305127 -3.033682
v 7.637954 8.275599 -3.030302
v 7.637954 9.305128 -3.030302
v 7.650749 8.275599 -3.019011
v 7.650749 9.305128 -3.019011
v 7.656185 8.275599 -3.002835
v 7.656185 9.305128 -3.002835
v 7.652804 8.275599 -2.986108
v 7.652804 9.305127 -2.986108
v 7.641514 8.275599 -2.973312
v 7.641514 9.305128 -2.973312
v 7.625338 8.275599 -2.967877
v 7.625338 9.310292 -2.967876
v 7.608611 8.275599 -2.971257
v 7.608611 9.310292 -2.971257
v 7.595816 8.275599 -2.982548
v 7.595816 9.310292 -2.982548
v 7.590380 8.275599 -2.998724
v 7.590380 9.310292 -2.998724
v 7.593760 8.275599 -3.015450
v 7.593760 9.310292 -3.015450
v 7.308410 8.629463 -2.831347
v 7.308410 9.658993 -2.831347
v 7.324586 8.629463 -2.836783
v 7.324586 9.658993 -2.836783
v 7.341312 8.629463 -2.833402
v 7.341312 9.658993 -2.833402
v 7.354108 8.629463 -2.822112
v 7.354108 9.658993 -2.822112
v 7.359544 8.629463 -2.805936
v 7.359544 9.658993 -2.805936
v 7.356164 8.629463 -2.789209
v 7.356164 9.658993 -2.789209
v 7.344872 8.629463 -2.776413
v 7.344872 9.658993 -2.776413
v 7.328697 8.629463 -2.770977
v 7.328697 9.664157 -2.770977
v 7.311970 8.629463 -2.774358
v 7.311970 9.664158 -2.774358
v 7.299174 8.629463 -2.785649
v 7.299174 9.664158 -2.785649
v 7.293738 8.629463 -2.801825
v 7.293738 9.664157 -2.801825
v 7.297119 8.629463 -2.818551
v 7.297119 9.664157 -2.818551
v 7.011769 8.983329 -2.634448
v 7.011768 10.012858 -2.634448
v 7.027945 8.983329 -2.639884
v 7.027945 10.012858 -2.639884
v 7.044672 8.983329 -2.636503
v 7.044671 10.012858 -2.636503
v 7.057467 8.983329 -2.625213
v 7.057467 10.012858 -2.625212
v 7.062903 8.983329 -2.609036
v 7.062902 10.012858 -2.609036
v 7.059523 8.983329 -2.592310
v 7.059522 10.012858 -2.592310
v 7.048232 8.983329 -2.579515
v 7.048231 10.012858 -2.579514
v 7.032055 8.983329 -2.574079
v 7.032056 10.018023 -2.574079
v 7.015329 8.983329 -2.577459
v 7.015329 10.018023 -2.577459
v 7.002533 8.983329 -2.588750
v 7.002533 10.018023 -2.588750
v 6.997097 8.983329 -2.604926
v 6.997097 10.018023 -2.604926
v 7.000478 8.983329 -2.621652
v 7.000478 10.018023 -2.621652
v 6.715127 9.337194 -2.437549
v 6.715128 10.366723 -2.437549
v 6.731303 9.337194 -2.442985
v 6.731303 10.366724 -2.442985
v 6.748030 9.337194 -2.439604
v 6.748030 10.366724 -2.439604
v 6.760826 9.337194 -2.428313
v 6.760826 10.366724 -2.428313
v 6.766262 9.337194 -2.412138
v 6.766262 10.366724 -2.412138
v 6.762881 9.337194 -2.395411
v 6.762881 10.366724 -2.395411
v 6.751590 9.337194 -2.382615
v 6.751591 10.366723 -2.382615
v 6.735415 9.337194 -2.377179
v 6.735415 10.371887 -2.377179
v 6.718688 9.337194 -2.380560
v 6.718688 10.371888 -2.380560
v 6.705892 9.337194 -2.391850
v 6.705892 10.371888 -2.391850
v 6.700457 9.337194 -2.408026
v 6.700457 10.371888 -2.408027
v 6.703836 9.337194 -2.424753
v 6.703836 10.371887 -2.424753
v 6.418487 9.691059 -2.240650
v 6.418487 10.720589 -2.240650
v 6.434662 9.691059 -2.246086
v 6.434662 10.720589 -2.246086
v 6.451389 9.691059 -2.242705
v 6.451389 10.720589 -2.242705
v 6.464185 9.691059 -2.231414
v 6.464185 10.720589 -2.231414
v 6.469620 9.691059 -2.215238
v 6.469621 10.720589 -2.215239
v 6.466240 9.691059 -2.198512
v 6.466240 10.720589 -2.198512
v 6.454949 9.691059 -2.185716
v 6.454949 10.720589 -2.185716
v 6.438773 9.691059 -2.180280
v 6.438773 10.725753 -2.180280
v 6.422047 9.691059 -2.183661
v 6.422047 10.725754 -2.183661
v 6.409251 9.691059 -2.194952
v 6.409251 10.725753 -2.194952
v 6.403815 9.691059 -2.211128
v 6.403815 10.725754 -2.211127
v 6.407196 9.691059 -2.227854
v 6.407196 10.725753 -2.227854
v 6.121845 10.044925 -2.043751
v 6.121845 11.074453 -2.043751
v 6.138021 10.044925 -2.049186
v 6.138021 11.074454 -2.049186
v 6.154748 10.044925 -2.045806
v 6.154748 11.074453 -2.045806
v 6.167543 10.044925 -2.034515
v 6.167543 11.074454 -2.034515
v 6.172979 10.044925 -2.018339
v 6.172979 11.074453 -2.018339
v 6.169599 10.044925 -2.001613
v 6.169599 11.074454 -2.001613
v 6.158308 10.044925 -1.988817
v 6.158308 11.074453 -1.988817
v 6.142132 10.044925 -1.983381
v 6.142132 11.079618 -1.983381
v 6.125406 10.044925 -1.986762
v 6.125406 11.079618 -1.986762
v 6.112610 10.044925 -1.998053
v 6.112610 11.079618 -1.998052
v 6.107174 10.044925 -2.014228
v 6.107174 11.079618 -2.014228
v 6.110555 10.044925 -2.030955
v 6.110555 11.079618 -2.030955
v 5.825204 10.398789 -1.846851
v 5.825204 11.428319 -1.846851
v 5.841380 10.398790 -1.852287
v 5.841380 11.428320 -1.852287
v 5.858107 10.398790 -1.848907
v 5.858107 11.428320 -1.848907
v 5.870903 10.398789 -1.837616
v 5.870902 11.428319 -1.837616
v 5.876338 10.398790 -1.821440
v 5.876338 11.428320 -1.821440
v 5.872958 10.398790 -1.804713
v 5.872958 11.428320 -1.804713
v 5.861667 10.398789 -1.791918
v 5.861667 11.428319 -1.791918
v 5.845491 10.398790 -1.786482
v 5.845491 11.433483 -1.786482
v 5.828764 10.398789 -1.789862
v 5.828764 11.433483 -1.789863
v 5.815969 10.398789 -1.801153
v 5.815969 11.433483 -1.801153
v 5.810533 10.398789 -1.817329
v 5.810533 11.433483 -1.817329
v 5.813913 10.398790 -1.834056
v 5.813913 11.433483 -1.834056
v 7.885067 7.960965 -3.214888
v 7.901265 7.960965 -3.220331
v 7.918014 7.960965 -3.216947
v 7.930827 7.960965 -3.205641
v 7.936270 7.960965 -3.189443
v 7.932885 7.960965 -3.172694
v 7.921579 7.960965 -3.159881
v 7.905382 7.960965 -3.154438
v 7.888633 7.960965 -3.157823
v 7.875820 7.960965 -3.169129
v 7.870377 7.960965 -3.185327
v 7.873762 7.960965 -3.202075
v 7.221154 8.979504 -4.196686
v 4.963406 11.689346 -2.698079
v 7.233324 8.991175 -4.199456
v 4.975575 11.701017 -2.700849
v 7.247124 8.999719 -4.194114
v 4.989376 11.709560 -2.695507
v 7.258858 9.002846 -4.182091
v 5.001110 11.712688 -2.683484
v 7.265380 8.999719 -4.166610
v 5.007632 11.709560 -2.668003
v 7.264944 8.991175 -4.151818
v 5.007195 11.701017 -2.653211
v 7.257665 8.979504 -4.141679
v 4.999918 11.689346 -2.643072
v 7.245495 8.967833 -4.138909
v 4.987748 11.677675 -2.640302
v 7.231695 8.959289 -4.144251
v 4.973947 11.669131 -2.645644
v 7.219962 8.956161 -4.156273
v 4.962214 11.666004 -2.657667
v 7.213439 8.959289 -4.171755
v 4.955691 11.669131 -2.673148
v 7.213876 8.967833 -4.186547
v 4.956128 11.677675 -2.687940
v 7.223738 8.975787 -4.198401
v 7.237093 8.985835 -4.201958
v 7.251762 8.993191 -4.197192
v 7.263813 8.995883 -4.185381
v 7.270018 8.993191 -4.169689
v 7.268713 8.985835 -4.154320
v 7.260249 8.975787 -4.143394
v 7.246893 8.965739 -4.139837
v 7.232224 8.958384 -4.144603
v 7.220173 8.955691 -4.156414
v 7.213969 8.958384 -4.172106
v 7.215273 8.965739 -4.187475
v 7.225895 8.971698 -4.199833
v 7.240251 8.979950 -4.204053
v 7.255651 8.985991 -4.199773
v 7.267970 8.988203 -4.188139
v 7.273907 8.985991 -4.172270
v 7.271871 8.979950 -4.156416
v 7.262407 8.971698 -4.144826
v 7.248052 8.963445 -4.140606
v 7.232651 8.957403 -4.144886
v 7.220332 8.955193 -4.156519
v 7.214396 8.957403 -4.172390
v 7.216432 8.963445 -4.188243
v 7.227590 8.967304 -4.200958
v 7.242741 8.973621 -4.205706
v 7.258723 8.978245 -4.201813
v 7.271255 8.979938 -4.190320
v 7.276979 8.978245 -4.174309
v 7.274361 8.973621 -4.158069
v 7.264102 8.967304 -4.145951
v 7.248950 8.960988 -4.141202
v 7.232968 8.956365 -4.145096
v 7.220436 8.954672 -4.156588
v 7.214712 8.956365 -4.172599
v 7.217330 8.960988 -4.188840
v 7.228792 8.962684 -4.201756
v 7.244521 8.966956 -4.206888
v 7.260927 8.970083 -4.203275
v 7.273614 8.971228 -4.191886
v 7.279183 8.970083 -4.175772
v 7.276141 8.966956 -4.159250
v 7.265304 8.962684 -4.146749
v 7.249575 8.958412 -4.141616
v 7.233169 8.955285 -4.145229
v 7.220481 8.954140 -4.156619
v 7.214913 8.955285 -4.172733
v 7.217955 8.958412 -4.189254
v 7.229481 8.957914 -4.202213
v 7.245562 8.960069 -4.207578
v 7.262224 8.961646 -4.204136
v 7.275005 8.962223 -4.192810
v 7.280480 8.961646 -4.176633
v 7.277181 8.960069 -4.159941
v 7.265993 8.957914 -4.147206
v 7.249913 8.955760 -4.141841
v 7.233250 8.954183 -4.145283
v 7.220469 8.953606 -4.156610
v 7.214994 8.954183 -4.172787
v 7.218293 8.955760 -4.189479
v 7.229646 8.953078 -4.202323
v 7.245844 8.953078 -4.207766
v 7.262593 8.953078 -4.204381
v 7.275405 8.953078 -4.193075
v 7.280849 8.953078 -4.176877
v 7.277464 8.953078 -4.160128
v 7.266158 8.953078 -4.147316
v 7.249960 8.953078 -4.141872
v 7.233211 8.953078 -4.145257
v 7.220398 8.953078 -4.156563
v 7.214955 8.953078 -4.172761
v 7.218340 8.953078 -4.189510
v 7.229646 8.163583 -4.202323
v 7.245844 8.163583 -4.207766
v 7.262593 8.163583 -4.204381
v 7.275405 8.163583 -4.193075
v 7.280849 8.163583 -4.176877
v 7.277464 8.163583 -4.160128
v 7.266158 8.163583 -4.147316
v 7.249960 8.163583 -4.141872
v 7.233211 8.163583 -4.145257
v 7.220398 8.163583 -4.156563
v 7.214955 8.163583 -4.172761
v 7.218340 8.163583 -4.189510
v 4.954056 11.696918 -2.691873
v 4.962851 11.711559 -2.692403
v 4.974182 11.722276 -2.685421
v 4.985011 11.726199 -2.672799
v 4.992438 11.722276 -2.657917
v 4.994471 11.711559 -2.644765
v 4.990567 11.696918 -2.636865
v 4.981771 11.682278 -2.636336
v 4.970441 11.671560 -2.643317
v 4.959612 11.667637 -2.655939
v 4.952185 11.671560 -2.670820
v 4.950151 11.682278 -2.683973
v 4.943241 11.700766 -2.684694
v 4.948075 11.717020 -2.682594
v 4.956505 11.728919 -2.673688
v 4.966272 11.733274 -2.660361
v 4.974761 11.728919 -2.646184
v 4.979695 11.717020 -2.634957
v 4.979753 11.700766 -2.629687
v 4.974919 11.684510 -2.631787
v 4.966489 11.672611 -2.640694
v 4.956721 11.668256 -2.654021
v 4.948233 11.672611 -2.668197
v 4.943299 11.684510 -2.679424
v 4.931963 11.700531 -2.677208
v 4.932614 11.716895 -2.672332
v 4.937983 11.728874 -2.661393
v 4.946630 11.733259 -2.647322
v 4.956238 11.728874 -2.633890
v 4.964234 11.716895 -2.624694
v 4.968474 11.700531 -2.622201
v 4.967824 11.684166 -2.627078
v 4.962456 11.672188 -2.638017
v 4.953809 11.667802 -2.652088
v 4.944201 11.672188 -2.665520
v 4.936204 11.684166 -2.674715
v 4.921266 11.696238 -2.670108
v 4.917900 11.711197 -2.662565
v 4.920328 11.722147 -2.649675
v 4.927898 11.726155 -2.634889
v 4.938584 11.722147 -2.622171
v 4.949520 11.711197 -2.614928
v 4.957778 11.696238 -2.615101
v 4.961143 11.681278 -2.622643
v 4.958716 11.670327 -2.635534
v 4.951145 11.666319 -2.650320
v 4.940460 11.670327 -2.663038
v 4.929523 11.681278 -2.670281
v 4.912140 11.688281 -2.664050
v 4.905294 11.700451 -2.654199
v 4.905176 11.709359 -2.639617
v 4.911814 11.712620 -2.624213
v 4.923432 11.709359 -2.612113
v 4.936915 11.700451 -2.606561
v 4.948651 11.688281 -2.609043
v 4.955496 11.676112 -2.618895
v 4.955615 11.667204 -2.633476
v 4.948977 11.663942 -2.648880
v 4.937359 11.667204 -2.660980
v 4.923876 11.676112 -2.666532
v 4.905429 11.677400 -2.659595
v 4.895966 11.685652 -2.648006
v 4.893929 11.691694 -2.632152
v 4.899866 11.693905 -2.616282
v 4.912185 11.691694 -2.604649
v 4.927586 11.685652 -2.600368
v 4.941940 11.677400 -2.604589
v 4.951404 11.669147 -2.616179
v 4.953441 11.663105 -2.632032
v 4.947504 11.660894 -2.647902
v 4.935184 11.663105 -2.659536
v 4.919785 11.669147 -2.663816
v 4.901755 11.664599 -2.657157
v 4.890775 11.668172 -2.644561
v 4.887629 11.670788 -2.627970
v 4.893159 11.671744 -2.611831
v 4.905885 11.670788 -2.600467
v 4.922395 11.668172 -2.596923
v 4.938267 11.664599 -2.602150
v 4.949247 11.661027 -2.614747
v 4.952394 11.658412 -2.631337
v 4.946863 11.657454 -2.647477
v 4.934137 11.658412 -2.658841
v 4.917627 11.661027 -2.662384
v 4.901458 10.722317 -2.656960
v 4.890204 10.722317 -2.644182
v 4.886858 10.722317 -2.627459
v 4.892315 10.722317 -2.611270
v 4.905114 10.722317 -2.599955
v 4.921824 10.722317 -2.596545
v 4.937970 10.722317 -2.601953
v 4.949224 10.722317 -2.614731
v 4.952570 10.722317 -2.631454
v 4.947113 10.722317 -2.647643
v 4.934315 10.722317 -2.658958
v 4.917604 10.722317 -2.662369
v 4.902534 10.711622 -2.657674
v 4.891674 10.707710 -2.645157
v 4.888615 10.704847 -2.628624
v 4.894177 10.703799 -2.612506
v 4.906871 10.704847 -2.601121
v 4.923294 10.707710 -2.597519
v 4.939045 10.711622 -2.602667
v 4.949906 10.715535 -2.615184
v 4.952964 10.718398 -2.631716
v 4.947402 10.719446 -2.647835
v 4.934709 10.718398 -2.659220
v 4.918286 10.715535 -2.662821
v 4.905698 10.701543 -2.659774
v 4.895996 10.693943 -2.648026
v 4.893785 10.688380 -2.632056
v 4.899657 10.686344 -2.616143
v 4.912040 10.688380 -2.604552
v 4.927616 10.693943 -2.600388
v 4.942210 10.701543 -2.604767
v 4.951913 10.709142 -2.616516
v 4.954124 10.714705 -2.632486
v 4.948252 10.716742 -2.648398
v 4.935868 10.714705 -2.659989
v 4.920293 10.709142 -2.664153
v 4.910770 10.692656 -2.663140
v 4.902923 10.681806 -2.652623
v 4.902070 10.673862 -2.637555
v 4.908440 10.670956 -2.621972
v 4.920325 10.673862 -2.610051
v 4.934543 10.681806 -2.604986
v 4.947282 10.692656 -2.608133
v 4.955130 10.703506 -2.618650
v 4.955983 10.711449 -2.633719
v 4.949613 10.714355 -2.649302
v 4.937727 10.711449 -2.661223
v 4.923510 10.703506 -2.666288
v 4.917458 10.685472 -2.667579
v 4.910188 10.673880 -2.657446
v 4.909758 10.665394 -2.642658
v 4.916283 10.662287 -2.627178
v 4.928014 10.665394 -2.615154
v 4.941808 10.673880 -2.609808
v 4.953969 10.685472 -2.612572
v 4.961240 10.697064 -2.622706
v 4.961670 10.705550 -2.637494
v 4.955145 10.708656 -2.652974
v 4.943414 10.705550 -2.664997
v 4.929620 10.697064 -2.670343
v 7.221754 8.142114 -4.197084
v 7.236328 8.134333 -4.201449
v 7.251888 8.128636 -4.197275
v 7.264266 8.126552 -4.185680
v 7.270144 8.128636 -4.169772
v 7.267948 8.134333 -4.153811
v 7.258266 8.142114 -4.142077
v 7.243692 8.149895 -4.137712
v 7.228132 8.155591 -4.141886
v 7.215755 8.157676 -4.153481
v 7.209876 8.155591 -4.169389
v 7.212072 8.149895 -4.185349
v 7.206361 8.127645 -4.186867
v 7.216446 8.113921 -4.188253
v 7.228721 8.103874 -4.181898
v 7.239896 8.100196 -4.169505
v 7.246977 8.103874 -4.154394
v 7.248066 8.113921 -4.140615
v 7.242873 8.127645 -4.131860
v 7.232788 8.141370 -4.130474
v 7.220514 8.151417 -4.136829
v 7.209339 8.155094 -4.149222
v 7.202258 8.151417 -4.164333
v 7.201168 8.141370 -4.178112
v 7.187104 8.123595 -4.174084
v 7.190896 8.107169 -4.171293
v 7.198564 8.095145 -4.161880
v 7.208052 8.090743 -4.148368
v 7.216820 8.095145 -4.134377
v 7.222516 8.107169 -4.123656
v 7.223616 8.123595 -4.119077
v 7.219823 8.140021 -4.121868
v 7.212155 8.152046 -4.131281
v 7.202667 8.156447 -4.144794
v 7.193900 8.152046 -4.158785
v 7.188203 8.140021 -4.169506
v 7.167885 8.131652 -4.161327
v 7.163856 8.117091 -4.153345
v 7.165798 8.106432 -4.140131
v 7.173191 8.102530 -4.125228
v 7.184054 8.106432 -4.112628
v 7.195476 8.117091 -4.105707
v 7.204397 8.131652 -4.106320
v 7.208426 8.146214 -4.114303
v 7.206484 8.156873 -4.127516
v 7.199091 8.160774 -4.142420
v 7.188228 8.156873 -4.155020
v 7.176806 8.146214 -4.161941
v 6.949630 8.275599 -4.015680
v 6.949630 9.305128 -4.015680
v 6.965806 8.275599 -4.021116
v 6.965806 9.305128 -4.021116
v 6.982533 8.275599 -4.017736
v 6.982533 9.305128 -4.017736
v 6.995328 8.275599 -4.006445
v 6.995328 9.305128 -4.006445
v 7.000764 8.275599 -3.990269
v 7.000764 9.305128 -3.990269
v 6.997383 8.275599 -3.973542
v 6.997383 9.305128 -3.973542
v 6.986093 8.275599 -3.960747
v 6.986093 9.305128 -3.960747
v 6.969916 8.275599 -3.955311
v 6.969916 9.310292 -3.955311
v 6.953190 8.275599 -3.958691
v 6.953190 9.310292 -3.958691
v 6.940394 8.275599 -3.969982
v 6.940394 9.310292 -3.969982
v 6.934958 8.275599 -3.986158
v 6.934958 9.310292 -3.986158
v 6.938339 8.275599 -4.002885
v 6.938339 9.310292 -4.002885
v 6.652988 8.629463 -3.818781
v 6.652988 9.658993 -3.818781
v 6.669165 8.629463 -3.824217
v 6.669165 9.658993 -3.824217
v 6.685891 8.629463 -3.820837
v 6.685891 9.658993 -3.820837
v 6.698687 8.629463 -3.809546
v 6.698687 9.658993 -3.809546
v 6.704123 8.629463 -3.793370
v 6.704123 9.658993 -3.793370
v 6.700742 8.629463 -3.776643
v 6.700742 9.658993 -3.776643
v 6.689451 8.629463 -3.763848
v 6.689451 9.658993 -3.763848
v 6.673275 8.629463 -3.758412
v 6.673275 9.664157 -3.758412
v 6.656549 8.629463 -3.761792
v 6.656549 9.664158 -3.761792
v 6.643753 8.629463 -3.773083
v 6.643753 9.664158 -3.773083
v 6.638317 8.629463 -3.789259
v 6.638317 9.664158 -3.789259
v 6.641698 8.629463 -3.805986
v 6.641698 9.664157 -3.805986
v 6.356348 8.983329 -3.621882
v 6.356347 10.012858 -3.621882
v 6.372523 8.983329 -3.627318
v 6.372523 10.012858 -3.627318
v 6.389250 8.983329 -3.623938
v 6.389250 10.012858 -3.623938
v 6.402046 8.983329 -3.612647
v 6.402045 10.012858 -3.612647
v 6.407481 8.983329 -3.596471
v 6.407481 10.012858 -3.596471
v 6.404101 8.983329 -3.579744
v 6.404101 10.012858 -3.579744
v 6.392810 8.983329 -3.566949
v 6.392810 10.012858 -3.566949
v 6.376634 8.983329 -3.561513
v 6.376635 10.018023 -3.561513
v 6.359908 8.983329 -3.564893
v 6.359908 10.018023 -3.564893
v 6.347112 8.983329 -3.576184
v 6.347112 10.018023 -3.576184
v 6.341676 8.983329 -3.592360
v 6.341676 10.018023 -3.592360
v 6.345057 8.983329 -3.609087
v 6.345057 10.018023 -3.609087
v 6.059706 9.337194 -3.424983
v 6.059706 10.366724 -3.424983
v 6.075882 9.337194 -3.430419
v 6.075882 10.366724 -3.430419
v 6.092609 9.337194 -3.427039
v 6.092609 10.366724 -3.427039
v 6.105404 9.337194 -3.415748
v 6.105404 10.366724 -3.415748
v 6.110840 9.337194 -3.399572
v 6.110840 10.366724 -3.399572
v 6.107460 9.337194 -3.382845
v 6.107460 10.366724 -3.382845
v 6.096169 9.337194 -3.370049
v 6.096169 10.366724 -3.370050
v 6.079993 9.337194 -3.364614
v 6.079993 10.371888 -3.364614
v 6.063267 9.337194 -3.367994
v 6.063267 10.371888 -3.367994
v 6.050471 9.337194 -3.379285
v 6.050471 10.371888 -3.379285
v 6.045035 9.337194 -3.395461
v 6.045035 10.371888 -3.395461
v 6.048415 9.337194 -3.412188
v 6.048415 10.371888 -3.412188
v 5.763065 9.691059 -3.228084
v 5.763065 10.720589 -3.228084
v 5.779241 9.691059 -3.233520
v 5.779241 10.720589 -3.233520
v 5.795968 9.691059 -3.230139
v 5.795968 10.720589 -3.230140
v 5.808764 9.691059 -3.218849
v 5.808764 10.720589 -3.218849
v 5.814199 9.691059 -3.202673
v 5.814199 10.720589 -3.202673
v 5.810819 9.691059 -3.185946
v 5.810819 10.720589 -3.185946
v 5.799528 9.691059 -3.173151
v 5.799528 10.720589 -3.173151
v 5.783352 9.691059 -3.167715
v 5.783352 10.725754 -3.167715
v 5.766625 9.691059 -3.171095
v 5.766625 10.725754 -3.171095
v 5.753830 9.691059 -3.182386
v 5.753830 10.725753 -3.182386
v 5.748394 9.691059 -3.198562
v 5.748394 10.725754 -3.198562
v 5.751774 9.691059 -3.215289
v 5.751774 10.725754 -3.215289
v 5.466424 10.044925 -3.031185
v 5.466424 11.074454 -3.031185
v 5.482600 10.044925 -3.036621
v 5.482600 11.074454 -3.036621
v 5.499327 10.044925 -3.033241
v 5.499327 11.074453 -3.033241
v 5.512122 10.044925 -3.021950
v 5.512122 11.074454 -3.021950
v 5.517558 10.044925 -3.005774
v 5.517558 11.074453 -3.005774
v 5.514178 10.044925 -2.989047
v 5.514178 11.074454 -2.989047
v 5.502887 10.044925 -2.976252
v 5.502887 11.074454 -2.976251
v 5.486711 10.044925 -2.970816
v 5.486711 11.079618 -2.970816
v 5.469985 10.044925 -2.974196
v 5.469984 11.079618 -2.974196
v 5.457189 10.044925 -2.985487
v 5.457189 11.079618 -2.985487
v 5.451753 10.044925 -3.001663
v 5.451753 11.079618 -3.001663
v 5.455133 10.044925 -3.018389
v 5.455133 11.079618 -3.018389
v 5.169783 10.398789 -2.834286
v 5.169783 11.428319 -2.834286
v 5.185959 10.398790 -2.839722
v 5.185959 11.428320 -2.839722
v 5.202685 10.398790 -2.836341
v 5.202685 11.428320 -2.836341
v 5.215481 10.398789 -2.825051
v 5.215481 11.428320 -2.825051
v 5.220917 10.398790 -2.808875
v 5.220917 11.428320 -2.808875
v 5.217536 10.398790 -2.792148
v 5.217536 11.428320 -2.792148
v 5.206246 10.398789 -2.779352
v 5.206245 11.428319 -2.779352
v 5.190070 10.398790 -2.773916
v 5.190070 11.433483 -2.773916
v 5.173343 10.398789 -2.777297
v 5.173343 11.433483 -2.777297
v 5.160547 10.398790 -2.788588
v 5.160547 11.433483 -2.788588
v 5.155111 10.398789 -2.804764
v 5.155111 11.433483 -2.804764
v 5.158492 10.398790 -2.821490
v 5.158492 11.433483 -2.821490
v 7.229646 7.960965 -4.202323
v 7.245844 7.960965 -4.207766
v 7.262593 7.960965 -4.204381
v 7.275406 7.960965 -4.193075
v 7.280849 7.960965 -4.176877
v 7.277464 7.960965 -4.160128
v 7.266158 7.960965 -4.147316
v 7.249960 7.960965 -4.141872
v 7.233212 7.960965 -4.145257
v 7.220398 7.960965 -4.156563
v 7.214955 7.960965 -4.172761
v 7.218340 7.960965 -4.189510
v 6.565732 8.979504 -5.184120
v 4.307984 11.689346 -3.685513
v 6.577902 8.991175 -5.186890
v 4.320154 11.701017 -3.688283
v 6.591703 8.999719 -5.181548
v 4.333955 11.709561 -3.682941
v 6.603436 9.002846 -5.169526
v 4.345688 11.712688 -3.670919
v 6.609959 8.999719 -5.154044
v 4.352211 11.709561 -3.655437
v 6.609522 8.991175 -5.139252
v 4.351774 11.701017 -3.640646
v 6.602244 8.979504 -5.129113
v 4.344496 11.689346 -3.630506
v 6.590074 8.967833 -5.126344
v 4.332326 11.677675 -3.627737
v 6.576274 8.959289 -5.131686
v 4.318526 11.669131 -3.633079
v 6.564540 8.956161 -5.143708
v 4.306792 11.666004 -3.645101
v 6.558018 8.959289 -5.159189
v 4.300270 11.669131 -3.660582
v 6.558455 8.967833 -5.173981
v 4.300706 11.677675 -3.675374
v 6.568316 8.975787 -5.185836
v 6.581672 8.985835 -5.189392
v 6.596341 8.993191 -5.184627
v 6.608392 8.995883 -5.172815
v 6.614597 8.993191 -5.157123
v 6.613292 8.985835 -5.141755
v 6.604828 8.975787 -5.130828
v 6.591472 8.965739 -5.127271
v 6.576803 8.958384 -5.132037
v 6.564752 8.955691 -5.143848
v 6.558547 8.958384 -5.159541
v 6.559852 8.965739 -5.174909
v 6.570474 8.971698 -5.187268
v 6.584829 8.979950 -5.191488
v 6.600230 8.985991 -5.187208
v 6.612549 8.988203 -5.175574
v 6.618485 8.985991 -5.159704
v 6.616449 8.979950 -5.143850
v 6.606986 8.971698 -5.132260
v 6.592630 8.963445 -5.128040
v 6.577230 8.957403 -5.132320
v 6.564911 8.955193 -5.143954
v 6.558974 8.957403 -5.159824
v 6.561010 8.963445 -5.175678
v 6.572168 8.967305 -5.188392
v 6.587319 8.973621 -5.193141
v 6.603302 8.978245 -5.189247
v 6.615834 8.979938 -5.177755
v 6.621558 8.978245 -5.161743
v 6.618939 8.973621 -5.145503
v 6.608680 8.967305 -5.133385
v 6.593529 8.960988 -5.128637
v 6.577547 8.956365 -5.132530
v 6.565014 8.954672 -5.144022
v 6.559291 8.956365 -5.160034
v 6.561909 8.960988 -5.176274
v 6.573371 8.962684 -5.189190
v 6.589100 8.966956 -5.194323
v 6.605506 8.970083 -5.190710
v 6.618193 8.971228 -5.179320
v 6.623762 8.970083 -5.163206
v 6.620720 8.966956 -5.146685
v 6.609882 8.962684 -5.134183
v 6.594153 8.958412 -5.129051
v 6.577747 8.955285 -5.132664
v 6.565060 8.954141 -5.144053
v 6.559491 8.955285 -5.160167
v 6.562533 8.958412 -5.176688
v 6.574060 8.957914 -5.189648
v 6.590140 8.960069 -5.195013
v 6.606803 8.961646 -5.191571
v 6.619584 8.962223 -5.180244
v 6.625059 8.961646 -5.164067
v 6.621760 8.960069 -5.147375
v 6.610572 8.957914 -5.134641
v 6.594492 8.955760 -5.129276
v 6.577829 8.954184 -5.132718
v 6.565048 8.953606 -5.144045
v 6.559573 8.954184 -5.160221
v 6.562872 8.955760 -5.176913
v 6.574225 8.953078 -5.189757
v 6.590423 8.953078 -5.195200
v 6.607172 8.953078 -5.191815
v 6.619984 8.953078 -5.180510
v 6.625427 8.953078 -5.164312
v 6.622043 8.953078 -5.147563
v 6.610736 8.953078 -5.134750
v 6.594539 8.953078 -5.129307
v 6.577790 8.953078 -5.132692
v 6.564977 8.953078 -5.143998
v 6.559534 8.953078 -5.160195
v 6.562919 8.953078 -5.176945
v 6.574225 8.163583 -5.189757
v 6.590423 8.163583 -5.195200
v 6.607172 8.163583 -5.191815
v 6.619984 8.163583 -5.180510
v 6.625427 8.163583 -5.164312
v 6.622043 8.163583 -5.147563
v 6.610737 8.163583 -5.134750
v 6.594539 8.163583 -5.129307
v 6.577790 8.163583 -5.132692
v 6.564977 8.163583 -5.143998
v 6.559534 8.163583 -5.160195
v 6.562919 8.163583 -5.176944
v 4.298635 11.696918 -3.679307
v 4.307430 11.711559 -3.679837
v 4.318761 11.722276 -3.672856
v 4.329590 11.726199 -3.660233
v 4.337017 11.722276 -3.645352
v 4.339050 11.711559 -3.632199
v 4.335146 11.696918 -3.624300
v 4.326350 11.682278 -3.623770
v 4.315020 11.671560 -3.630751
v 4.304191 11.667637 -3.643374
v 4.296764 11.671560 -3.658255
v 4.294730 11.682278 -3.671408
v 4.287820 11.700766 -3.672129
v 4.292654 11.717020 -3.670029
v 4.301084 11.728920 -3.661122
v 4.310851 11.733274 -3.647795
v 4.319340 11.728920 -3.633619
v 4.324274 11.717020 -3.622391
v 4.324331 11.700766 -3.617122
v 4.319498 11.684510 -3.619221
v 4.311068 11.672611 -3.628128
v 4.301300 11.668256 -3.641455
v 4.292811 11.672611 -3.655632
v 4.287878 11.684510 -3.666859
v 4.276542 11.700531 -3.664643
v 4.277193 11.716895 -3.659767
v 4.282561 11.728874 -3.648828
v 4.291208 11.733259 -3.634757
v 4.300817 11.728874 -3.621324
v 4.308813 11.716895 -3.612129
v 4.313053 11.700531 -3.609636
v 4.312403 11.684166 -3.614512
v 4.307034 11.672188 -3.625451
v 4.298388 11.667803 -3.639522
v 4.288779 11.672188 -3.652955
v 4.280783 11.684166 -3.662149
v 4.265844 11.696238 -3.657542
v 4.262479 11.711197 -3.650000
v 4.264907 11.722147 -3.637109
v 4.272477 11.726155 -3.622324
v 4.283162 11.722147 -3.609606
v 4.294099 11.711197 -3.602362
v 4.302356 11.696238 -3.602535
v 4.305722 11.681278 -3.610077
v 4.303295 11.670327 -3.622969
v 4.295724 11.666319 -3.637754
v 4.285039 11.670327 -3.650472
v 4.274102 11.681278 -3.657715
v 4.256719 11.688281 -3.651484
v 4.249873 11.700451 -3.641633
v 4.249755 11.709359 -3.627052
v 4.256393 11.712620 -3.611647
v 4.268010 11.709359 -3.599548
v 4.281493 11.700451 -3.593995
v 4.293230 11.688281 -3.596478
v 4.300075 11.676112 -3.606329
v 4.300194 11.667204 -3.620910
v 4.293555 11.663943 -3.636314
v 4.281938 11.667204 -3.648414
v 4.268455 11.676112 -3.653966
v 4.250008 11.677400 -3.647030
v 4.240544 11.685652 -3.635440
v 4.238508 11.691694 -3.619587
v 4.244445 11.693905 -3.603717
v 4.256764 11.691694 -3.592083
v 4.272164 11.685652 -3.587803
v 4.286519 11.677400 -3.592023
v 4.295983 11.669147 -3.603613
v 4.298019 11.663105 -3.619467
v 4.292082 11.660894 -3.635337
v 4.279763 11.663105 -3.646971
v 4.264363 11.669147 -3.651250
v 4.246334 11.664599 -3.644591
v 4.235353 11.668172 -3.631995
v 4.232208 11.670788 -3.615405
v 4.237738 11.671744 -3.599265
v 4.250463 11.670788 -3.587901
v 4.266973 11.668172 -3.584358
v 4.282845 11.664599 -3.589585
v 4.293826 11.661027 -3.602181
v 4.296972 11.658412 -3.618772
v 4.291441 11.657454 -3.634911
v 4.278716 11.658412 -3.646275
v 4.262206 11.661027 -3.649818
v 4.246037 10.722317 -3.644394
v 4.234783 10.722317 -3.631617
v 4.231437 10.722317 -3.614893
v 4.236894 10.722317 -3.598705
v 4.249693 10.722317 -3.587389
v 4.266403 10.722317 -3.583979
v 4.282548 10.722317 -3.589387
v 4.293803 10.722317 -3.602166
v 4.297149 10.722317 -3.618889
v 4.291692 10.722317 -3.635077
v 4.278893 10.722317 -3.646393
v 4.262183 10.722317 -3.649803
v 4.247112 10.711622 -3.645108
v 4.236252 10.707710 -3.632591
v 4.233194 10.704847 -3.616059
v 4.238756 10.703799 -3.599941
v 4.251450 10.704847 -3.588555
v 4.267872 10.707710 -3.584954
v 4.283624 10.711623 -3.590101
v 4.294485 10.715535 -3.602618
v 4.297543 10.718399 -3.619151
v 4.291981 10.719446 -3.635269
v 4.279287 10.718399 -3.646654
v 4.262865 10.715535 -3.650256
v 4.250277 10.701543 -3.647208
v 4.240574 10.693943 -3.635460
v 4.238363 10.688380 -3.619490
v 4.244236 10.686344 -3.603577
v 4.256619 10.688380 -3.591986
v 4.272194 10.693943 -3.587822
v 4.286789 10.701543 -3.592201
v 4.296492 10.709142 -3.603950
v 4.298703 10.714705 -3.619920
v 4.292830 10.716742 -3.635833
v 4.280447 10.714705 -3.647424
v 4.264872 10.709142 -3.651588
v 4.255349 10.692656 -3.650575
v 4.247501 10.681806 -3.640058
v 4.246648 10.673862 -3.624989
v 4.253018 10.670956 -3.609406
v 4.264904 10.673862 -3.597486
v 4.279121 10.681806 -3.592420
v 4.291861 10.692656 -3.595568
v 4.299708 10.703506 -3.606085
v 4.300562 10.711449 -3.621154
v 4.294192 10.714355 -3.636736
v 4.282306 10.711449 -3.648657
v 4.268088 10.703506 -3.653722
v 4.262036 10.685472 -3.655014
v 4.254767 10.673880 -3.644880
v 4.254337 10.665394 -3.630092
v 4.260861 10.662287 -3.614613
v 4.272593 10.665394 -3.602589
v 4.286387 10.673880 -3.597243
v 4.298548 10.685472 -3.600007
v 4.305819 10.697064 -3.610140
v 4.306248 10.705550 -3.624928
v 4.299724 10.708656 -3.640408
v 4.287992 10.705550 -3.652432
v 4.274199 10.697064 -3.657778
v 6.566333 8.142114 -5.184519
v 6.580906 8.134333 -5.188884
v 6.596467 8.128636 -5.184710
v 6.608844 8.126552 -5.173115
v 6.614722 8.128636 -5.157206
v 6.612526 8.134333 -5.141246
v 6.602845 8.142114 -5.129511
v 6.588271 8.149895 -5.125146
v 6.572711 8.155591 -5.129320
v 6.560333 8.157676 -5.140915
v 6.554455 8.155591 -5.156824
v 6.556651 8.149895 -5.172784
v 6.550940 8.127645 -5.174301
v 6.561025 8.113921 -5.175687
v 6.573299 8.103874 -5.169333
v 6.584475 8.100197 -5.156939
v 6.591556 8.103874 -5.141829
v 6.592645 8.113921 -5.128050
v 6.587452 8.127645 -5.119294
v 6.577367 8.141370 -5.117908
v 6.565093 8.151417 -5.124263
v 6.553917 8.155094 -5.136657
v 6.546837 8.151417 -5.151767
v 6.545747 8.141370 -5.165546
v 6.531682 8.123595 -5.161519
v 6.535475 8.107169 -5.158728
v 6.543142 8.095145 -5.149315
v 6.552631 8.090743 -5.135802
v 6.561399 8.095145 -5.121811
v 6.567095 8.107169 -5.111090
v 6.568194 8.123595 -5.106512
v 6.564402 8.140021 -5.109303
v 6.556734 8.152046 -5.118715
v 6.547246 8.156447 -5.132228
v 6.538478 8.152046 -5.146219
v 6.532782 8.140021 -5.156940
v 6.512464 8.131652 -5.148762
v 6.508434 8.117091 -5.140779
v 6.510377 8.106432 -5.127566
v 6.517769 8.102530 -5.112662
v 6.528633 8.106432 -5.100062
v 6.540054 8.117091 -5.093142
v 6.548975 8.131652 -5.093755
v 6.553005 8.146214 -5.101737
v 6.551063 8.156873 -5.114951
v 6.543670 8.160774 -5.129854
v 6.532807 8.156873 -5.142454
v 6.521385 8.146214 -5.149375
v 6.294209 8.275599 -5.003115
v 6.294209 9.305128 -5.003115
v 6.310384 8.275599 -5.008551
v 6.310384 9.305128 -5.008551
v 6.327111 8.275599 -5.005170
v 6.327111 9.305128 -5.005170
v 6.339907 8.275599 -4.993879
v 6.339907 9.305128 -4.993879
v 6.345343 8.275599 -4.977704
v 6.345343 9.305128 -4.977704
v 6.341962 8.275599 -4.960977
v 6.341962 9.305128 -4.960977
v 6.330671 8.275599 -4.948181
v 6.330671 9.305128 -4.948181
v 6.314495 8.275599 -4.942745
v 6.314495 9.310292 -4.942745
v 6.297769 8.275599 -4.946126
v 6.297769 9.310292 -4.946126
v 6.284973 8.275599 -4.957417
v 6.284973 9.310292 -4.957417
v 6.279537 8.275599 -4.973593
v 6.279537 9.310292 -4.973593
v 6.282917 8.275599 -4.990319
v 6.282917 9.310292 -4.990319
v 5.997567 8.629463 -4.806216
v 5.997567 9.658993 -4.806216
v 6.013743 8.629463 -4.811652
v 6.013743 9.658993 -4.811652
v 6.030470 8.629463 -4.808271
v 6.030470 9.658993 -4.808271
v 6.043265 8.629463 -4.796980
v 6.043265 9.658993 -4.796980
v 6.048701 8.629463 -4.780805
v 6.048701 9.658993 -4.780805
v 6.045321 8.629463 -4.764078
v 6.045321 9.658993 -4.764078
v 6.034030 8.629463 -4.751282
v 6.034030 9.658993 -4.751282
v 6.017854 8.629463 -4.745846
v 6.017854 9.664158 -4.745846
v 6.001127 8.629463 -4.749227
v 6.001127 9.664158 -4.749227
v 5.988332 8.629463 -4.760518
v 5.988332 9.664158 -4.760518
v 5.982896 8.629463 -4.776693
v 5.982896 9.664158 -4.776693
v 5.986277 8.629463 -4.793420
v 5.986277 9.664157 -4.793420
v 5.700926 8.983329 -4.609317
v 5.700926 10.012858 -4.609317
v 5.717102 8.983329 -4.614753
v 5.717102 10.012858 -4.614753
v 5.733829 8.983329 -4.611372
v 5.733829 10.012858 -4.611372
v 5.746624 8.983329 -4.600081
v 5.746624 10.012858 -4.600081
v 5.752060 8.983329 -4.583905
v 5.752060 10.012858 -4.583905
v 5.748680 8.983329 -4.567179
v 5.748680 10.012858 -4.567179
v 5.737389 8.983329 -4.554383
v 5.737389 10.012858 -4.554383
v 5.721213 8.983329 -4.548947
v 5.721213 10.018023 -4.548947
v 5.704486 8.983329 -4.552328
v 5.704486 10.018023 -4.552328
v 5.691691 8.983329 -4.563619
v 5.691690 10.018023 -4.563619
v 5.686255 8.983329 -4.579794
v 5.686255 10.018023 -4.579794
v 5.689635 8.983329 -4.596521
v 5.689635 10.018023 -4.596521
v 5.404285 9.337194 -4.412417
v 5.404285 10.366724 -4.412417
v 5.420461 9.337194 -4.417853
v 5.420461 10.366724 -4.417853
v 5.437188 9.337194 -4.414473
v 5.437188 10.366724 -4.414473
v 5.449983 9.337194 -4.403182
v 5.449983 10.366724 -4.403182
v 5.455419 9.337194 -4.387006
v 5.455419 10.366724 -4.387006
v 5.452039 9.337194 -4.370280
v 5.452039 10.366724 -4.370279
v 5.440748 9.337194 -4.357484
v 5.440748 10.366724 -4.357484
v 5.424572 9.337194 -4.352048
v 5.424572 10.371888 -4.352048
v 5.407845 9.337194 -4.355429
v 5.407845 10.371888 -4.355429
v 5.395050 9.337194 -4.366719
v 5.395050 10.371888 -4.366719
v 5.389614 9.337194 -4.382895
v 5.389614 10.371888 -4.382895
v 5.392994 9.337194 -4.399622
v 5.392994 10.371888 -4.399622
v 5.107644 9.691059 -4.215518
v 5.107644 10.720589 -4.215518
v 5.123820 9.691059 -4.220954
v 5.123820 10.720589 -4.220954
v 5.140546 9.691059 -4.217574
v 5.140547 10.720589 -4.217574
v 5.153342 9.691059 -4.206283
v 5.153342 10.720589 -4.206283
v 5.158778 9.691059 -4.190107
v 5.158778 10.720589 -4.190107
v 5.155397 9.691059 -4.173381
v 5.155397 10.720589 -4.173380
v 5.144107 9.691059 -4.160585
v 5.144107 10.720589 -4.160585
v 5.127931 9.691059 -4.155149
v 5.127931 10.725754 -4.155149
v 5.111204 9.691059 -4.158530
v 5.111204 10.725754 -4.158529
v 5.098409 9.691059 -4.169820
v 5.098409 10.725754 -4.169820
v 5.092973 9.691059 -4.185997
v 5.092973 10.725754 -4.185996
v 5.096353 9.691059 -4.202723
v 5.096353 10.725754 -4.202723
v 4.811003 10.044925 -4.018620
v 4.811003 11.074454 -4.018620
v 4.827179 10.044925 -4.024055
v 4.827179 11.074454 -4.024055
v 4.843905 10.044925 -4.020675
v 4.843905 11.074454 -4.020675
v 4.856701 10.044925 -4.009384
v 4.856701 11.074454 -4.009384
v 4.862137 10.044925 -3.993208
v 4.862137 11.074454 -3.993208
v 4.858757 10.044925 -3.976481
v 4.858756 11.074454 -3.976481
v 4.847466 10.044925 -3.963686
v 4.847466 11.074454 -3.963686
v 4.831290 10.044925 -3.958250
v 4.831289 11.079618 -3.958250
v 4.814563 10.044925 -3.961630
v 4.814563 11.079618 -3.961631
v 4.801767 10.044925 -3.972921
v 4.801767 11.079618 -3.972921
v 4.796331 10.044925 -3.989097
v 4.796331 11.079618 -3.989097
v 4.799712 10.044925 -4.005824
v 4.799712 11.079618 -4.005824
v 4.514362 10.398789 -3.821720
v 4.514361 11.428319 -3.821720
v 4.530538 10.398790 -3.827156
v 4.530538 11.428320 -3.827156
v 4.547264 10.398790 -3.823776
v 4.547264 11.428320 -3.823776
v 4.560060 10.398790 -3.812485
v 4.560060 11.428320 -3.812485
v 4.565495 10.398790 -3.796309
v 4.565495 11.428320 -3.796309
v 4.562115 10.398790 -3.779582
v 4.562115 11.428320 -3.779582
v 4.550825 10.398789 -3.766787
v 4.550824 11.428319 -3.766787
v 4.534648 10.398790 -3.761351
v 4.534648 11.433483 -3.761351
v 4.517921 10.398789 -3.764731
v 4.517921 11.433484 -3.764731
v 4.505126 10.398790 -3.776022
v 4.505126 11.433483 -3.776022
v 4.499690 10.398789 -3.792198
v 4.499690 11.433484 -3.792198
v 4.503071 10.398790 -3.808925
v 4.503071 11.433483 -3.808925
v 6.574225 7.960965 -5.189757
v 6.590423 7.960965 -5.195200
v 6.607172 7.960965 -5.191815
v 6.619985 7.960965 -5.180510
v 6.625427 7.960965 -5.164312
v 6.622043 7.960965 -5.147563
v 6.610737 7.960965 -5.134750
v 6.594539 7.960965 -5.129307
v 6.577790 7.960965 -5.132692
v 6.564977 7.960965 -5.143998
v 6.559534 7.960965 -5.160195
v 6.562919 7.960965 -5.176944
v 6.775540 8.057058 -5.355804
v 6.775540 8.157059 -5.355804
v 8.158099 8.057058 -3.272891
v 8.158099 8.157059 -3.272891
v 6.275640 8.057058 -5.023991
v 6.275640 8.157059 -5.023991
v 7.658200 8.057058 -2.941077
v 7.658200 8.157059 -2.941077
v 6.375620 8.507058 -5.090353
v 6.375620 8.607058 -5.090353
v 7.758180 8.507058 -3.007440
v 7.758180 8.607059 -3.007440
v 5.875721 8.507058 -4.758539
v 5.875721 8.607059 -4.758539
v 7.258281 8.507058 -2.675625
v 7.258281 8.607058 -2.675625
v 5.975701 8.957058 -4.824902
v 5.975701 9.057058 -4.824902
v 7.358261 8.957058 -2.741989
v 7.358261 9.057058 -2.741989
v 5.475801 8.957058 -4.493087
v 5.475801 9.057058 -4.493087
v 6.858361 8.957058 -2.410174
v 6.858361 9.057058 -2.410174
v 5.575782 9.407058 -4.559450
v 5.575782 9.507057 -4.559450
v 6.958341 9.407058 -2.476537
v 6.958341 9.507057 -2.476537
v 5.075882 9.407058 -4.227636
v 5.075882 9.507058 -4.227636
v 6.458442 9.407058 -2.144722
v 6.458442 9.507057 -2.144723
v 5.175862 9.857058 -4.293999
v 5.175862 9.957058 -4.293999
v 6.558422 9.857058 -2.211086
v 6.558422 9.957057 -2.211086
v 4.675962 9.857058 -3.962184
v 4.675963 9.957057 -3.962184
v 6.058522 9.857058 -1.879271
v 6.058522 9.957057 -1.879271
v 4.775943 10.307056 -4.028547
v 4.775942 10.407057 -4.028547
v 6.158502 10.307057 -1.945634
v 6.158502 10.407057 -1.945634
v 4.276043 10.307056 -3.696733
v 4.276043 10.407057 -3.696733
v 5.658603 10.307057 -1.613820
v 5.658603 10.407057 -1.613820
vn -0.5487 0.0053 -0.8360
vn -0.5448 0.0127 -0.8384
vn -0.2026 0.3935 -0.8967
vn -0.1676 0.3422 -0.9246
vn 0.1928 0.6667 -0.7199
vn 0.2562 0.5887 -0.7667
vn 0.5359 0.7657 -0.3557
vn 0.6118 0.6789 -0.4061
vn 0.7383 0.6667 0.1019
vn 0.8060 0.5887 0.0617
vn 0.7477 0.3935 0.5349
vn 0.7869 0.3422 0.5135
vn 0.5611 0.0127 0.8277
vn 0.5573 0.0053 0.8303
vn 0.2294 -0.3797 0.8962
vn 0.1739 -0.3275 0.9287
vn -0.1548 -0.6825 0.7143
vn -0.2704 -0.5539 0.7874
vn -0.4991 -0.8008 0.3312
vn -0.6492 -0.6267 0.4309
vn -0.7184 -0.6825 -0.1347
vn -0.8306 -0.5539 -0.0566
vn 0.3242 -0.4412 0.8368
vn 0.0207 -0.8012 0.5980
vn -0.7368 -0.3797 -0.5594
vn -0.7883 -0.3275 -0.5209
vn 0.5596 0.0074 0.8287
vn 0.8164 0.3025 0.4919
vn 0.8543 0.5191 0.0275
vn 0.8464 0.2467 0.4720
vn 0.9058 0.4237 -0.0067
vn 0.6677 0.5982 -0.4432
vn -0.5464 0.0074 -0.8375
vn -0.8197 -0.2783 -0.5007
vn -0.1363 0.3025 -0.9434
vn 0.3064 0.5191 -0.7979
vn -0.8944 -0.4472 -0.0106
vn -0.7286 -0.4851 0.4836
vn -0.3376 -0.4472 0.8283
vn 0.1431 -0.2783 0.9498
vn 0.1157 -0.2229 0.9679
vn -0.3809 -0.3468 0.8571
vn -0.4130 -0.2406 0.8784
vn 0.0946 -0.1638 0.9820
vn -0.5456 0.0063 -0.8380
vn -0.8470 -0.2230 -0.4825
vn 0.3579 0.4237 -0.8321
vn -0.1063 0.2466 -0.9633
vn -0.7751 -0.3668 0.5145
vn 0.5603 0.0063 0.8282
vn 0.7270 0.4885 -0.4826
vn -0.9377 -0.3469 0.0182
vn -0.5450 0.0050 -0.8384
vn -0.0826 0.1866 -0.9790
vn -0.0657 0.1233 -0.9902
vn -0.5445 0.0038 -0.8387
vn 0.8700 0.1866 0.4563
vn 0.9464 0.3211 -0.0337
vn -0.8682 -0.1638 -0.4685
vn 0.3986 0.3211 -0.8591
vn -0.8083 -0.2422 0.5366
vn 0.5610 0.0051 0.8278
vn 0.7739 0.3704 -0.5137
vn -0.9698 -0.2406 0.0395
vn -0.9901 -0.1302 0.0529
vn -0.8827 -0.1018 -0.4589
vn -0.8903 -0.0380 -0.4538
vn -0.9981 -0.0176 0.0583
vn -0.4332 -0.1302 0.8918
vn 0.0801 -0.1018 0.9916
vn 0.8870 0.1233 0.4451
vn 0.9756 0.2130 -0.0530
vn 0.4277 0.2130 -0.8785
vn -0.8278 -0.1135 0.5495
vn 0.5614 0.0038 0.8275
vn 0.8076 0.2460 -0.5360
vn 0.8274 0.1174 -0.5492
vn 0.9928 0.1012 -0.0644
vn 0.9977 0.0222 -0.0646
vn 0.8329 0.0259 -0.5528
vn -0.0558 0.0579 -0.9968
vn -0.5442 0.0024 -0.8390
vn -0.4413 -0.0176 0.8972
vn 0.0724 -0.0380 0.9966
vn 0.8969 0.0579 0.4385
vn 0.4449 0.1012 -0.8898
vn -0.8330 0.0172 0.5529
vn 0.5618 0.0024 0.8273
vn 0.9981 -0.0000 -0.0624
vn 0.8332 -0.0000 -0.5530
vn -0.8951 -0.0028 -0.4458
vn -0.9977 0.0198 0.0650
vn -0.0587 0.0124 -0.9982
vn -0.5503 0.0009 -0.8350
vn -0.4473 0.0198 0.8942
vn 0.0632 -0.0028 0.9980
vn 0.8971 0.0124 0.4417
vn 0.4469 0.0222 -0.8943
vn -0.8325 0.0396 0.5526
vn 0.5558 0.0009 0.8313
vn -0.8622 0.5050 -0.0390
vn -0.8240 0.2281 -0.5186
vn -0.7753 0.3315 -0.5376
vn -0.7296 0.6749 -0.1105
vn -0.8955 -0.0000 -0.4450
vn -0.9981 -0.0000 0.0624
vn -0.0623 -0.0000 -0.9981
vn -0.5530 -0.0000 -0.8332
vn -0.4450 -0.0000 0.8955
vn 0.0623 -0.0000 0.9981
vn 0.8955 -0.0000 0.4450
vn 0.4450 -0.0000 -0.8955
vn -0.8332 -0.0000 0.5530
vn 0.5530 -0.0000 0.8332
vn 0.5625 0.0223 0.8265
vn 0.5565 0.0247 0.8305
vn 0.4422 -0.4787 0.7585
vn 0.6614 0.4665 0.5873
vn 0.5906 0.7830 0.1953
vn 0.3680 0.8972 -0.2442
vn -0.6452 -0.4412 -0.6237
vn -0.5432 0.0223 -0.8393
vn -0.2843 0.4665 -0.8376
vn 0.0494 0.7830 -0.6201
vn -0.5430 -0.8012 -0.2513
vn -0.2854 -0.9395 0.1894
vn -0.3302 -0.8584 -0.3926
vn -0.0368 -0.9990 0.0244
vn 0.2152 -0.9661 -0.1428
vn -0.1129 -0.8361 -0.5368
vn 0.1261 0.9885 -0.0837
vn 0.3797 0.8622 0.3353
vn -0.5273 -0.4787 -0.7020
vn -0.5492 0.0247 -0.8353
vn -0.4099 0.5130 -0.7542
vn 0.2335 -0.8584 0.4567
vn 0.5358 0.5130 0.6706
vn -0.1616 0.8622 -0.4801
vn -0.1273 0.9883 0.0845
vn -0.3826 0.8617 -0.3333
vn -0.5933 0.7814 -0.1935
vn -0.3690 0.8966 0.2450
vn 0.5501 0.0249 0.8347
vn 0.5641 -0.4719 0.6776
vn 0.1586 0.8617 0.4821
vn -0.4054 -0.4719 -0.7829
vn -0.5556 0.0249 -0.8311
vn -0.5414 0.5120 -0.6669
vn 0.4509 -0.8361 0.3125
vn 0.4044 0.5120 0.7579
vn -0.7742 0.6287 -0.0735
vn -0.5766 0.7219 0.3827
vn 0.4473 -0.8437 -0.2969
vn 0.0888 -0.7364 -0.6707
vn 0.5440 0.0228 0.8388
vn 0.6786 -0.4214 0.6015
vn -0.0521 0.7814 0.6219
vn -0.2908 -0.4214 -0.8590
vn -0.5617 0.0228 -0.8270
vn -0.6665 0.4635 -0.5839
vn 0.6525 -0.7364 0.1786
vn 0.2793 0.4635 0.8409
vn 0.5387 0.0185 0.8423
vn 0.1721 0.3722 0.9120
vn 0.0928 0.2464 0.9647
vn 0.5347 0.0126 0.8449
vn 0.6380 -0.6432 -0.4235
vn 0.2562 -0.5686 -0.7818
vn 0.7752 -0.3319 0.5374
vn -0.2329 0.6287 0.7419
vn -0.1942 -0.3319 -0.9231
vn -0.5670 0.0185 -0.8235
vn -0.7736 0.3722 -0.5128
vn 0.8199 -0.5686 0.0675
vn 0.0455 0.0883 0.9951
vn 0.5305 0.0041 0.8477
vn -0.9084 0.4179 0.0156
vn -0.7308 0.4803 0.4850
vn 0.7696 -0.3832 -0.5108
vn 0.3737 -0.3481 -0.8598
vn 0.8450 -0.2117 0.4911
vn -0.3671 0.4179 0.8310
vn -0.1245 -0.2117 -0.9694
vn -0.5710 0.0126 -0.8209
vn -0.8530 0.2464 -0.4601
vn 0.9374 -0.3481 -0.0105
vn 0.8272 -0.1196 -0.5491
vn 0.9924 -0.1127 -0.0496
vn 0.9968 0.0523 -0.0605
vn 0.8316 0.0607 -0.5520
vn -0.9861 0.1515 0.0679
vn -0.8203 0.1747 0.5445
vn 0.4311 -0.1127 -0.8953
vn 0.8812 -0.0728 0.4672
vn -0.4455 0.1515 0.8824
vn -0.0883 -0.0728 -0.9934
vn -0.5751 0.0041 -0.8181
vn -0.8993 0.0883 -0.4284
vn -0.9962 -0.0515 0.0703
vn -0.9003 -0.0307 -0.4343
vn -0.8912 -0.1227 -0.4367
vn -0.9765 -0.2073 0.0595
vn 0.0506 -0.0307 0.9982
vn 0.5447 -0.0012 0.8386
vn -0.8317 -0.0589 0.5521
vn 0.4428 0.0523 -0.8951
vn 0.8927 0.0295 0.4497
vn -0.4517 -0.0515 0.8907
vn -0.0677 0.0295 -0.9973
vn -0.5613 -0.0012 -0.8276
vn -0.5690 -0.0047 -0.8223
vn -0.0899 0.1156 -0.9892
vn -0.1241 0.2247 -0.9665
vn -0.5676 -0.0092 -0.8233
vn 0.9779 0.2050 -0.0400
vn 0.8092 0.2379 -0.5371
vn 0.0564 -0.1227 0.9908
vn 0.5368 -0.0047 0.8437
vn -0.8092 -0.2379 0.5371
vn 0.4166 0.2050 -0.8856
vn 0.8767 0.1157 0.4670
vn -0.4340 -0.2073 0.8767
vn 0.0927 -0.2384 0.9667
vn -0.3727 -0.4028 0.8360
vn -0.2765 -0.5708 0.7731
vn 0.1504 -0.3380 0.9290
vn -0.8549 -0.2384 -0.4608
vn -0.9151 -0.4028 0.0188
vn 0.9173 0.3983 0.0002
vn 0.7388 0.4622 -0.4904
vn 0.5382 -0.0092 0.8427
vn -0.7388 -0.4622 0.4904
vn 0.3560 0.3982 -0.8454
vn 0.8424 0.2247 0.4897
vn -0.2185 -0.6356 0.7405
vn 0.1927 -0.3689 0.9093
vn -0.1814 0.3219 -0.9292
vn -0.5656 -0.0127 -0.8246
vn -0.7977 -0.3380 -0.4994
vn -0.8198 -0.5708 -0.0454
vn 0.8163 0.5735 0.0687
vn 0.6206 0.6672 -0.4120
vn 0.5402 -0.0127 0.8415
vn -0.6296 -0.6549 0.4179
vn 0.2537 0.5735 -0.7789
vn 0.7859 0.3219 0.5280
vn -0.6278 -0.7613 -0.1619
vn -0.4109 -0.8699 0.2728
vn -0.5680 -0.7315 0.3770
vn -0.7672 -0.6356 -0.0862
vn -0.1924 0.3750 -0.9068
vn -0.5521 0.0021 -0.8337
vn -0.7631 -0.3689 -0.5307
vn 0.7592 0.6448 0.0885
vn 0.5584 0.7421 -0.3707
vn 0.5539 0.0021 0.8326
vn 0.2133 0.6448 -0.7340
vn 0.7609 0.3750 0.5295
vn 0.8703 -0.4926 0.0002
vn 0.8294 -0.3081 0.4661
vn 0.6657 -0.4760 0.5747
vn 0.6054 -0.7762 0.1760
vn -0.4956 -0.0210 -0.8683
vn -0.0236 -0.2008 -0.9793
vn -0.1074 -0.3081 -0.9453
vn -0.5261 -0.0237 -0.8501
vn 0.1579 0.2281 0.9607
vn -0.2988 0.5050 0.8097
vn -0.1815 0.6749 0.7153
vn 0.1944 0.3315 0.9232
vn 0.9486 -0.3073 -0.0751
vn 0.8933 -0.2008 0.4021
vn 0.4376 -0.3073 -0.8451
vn 0.3378 -0.4926 -0.8020
vn -0.6381 0.6430 0.4235
vn -0.4759 0.8209 0.3159
vn 0.6077 -0.0210 0.7939
vn 0.5791 -0.0237 0.8149
vn 0.7828 -0.3423 -0.5196
vn 0.6920 -0.5568 -0.4594
vn 0.4489 -0.5332 0.7170
vn 0.2507 -0.8771 0.4097
vn -0.5386 -0.0359 -0.8418
vn -0.6108 0.4567 -0.6468
vn 0.0729 -0.7762 -0.6263
vn -0.2711 -0.4760 -0.8366
vn -0.0972 0.9932 0.0645
vn 0.1374 0.8529 0.5036
vn 0.5666 -0.0359 0.8232
vn 0.3916 -0.8827 -0.2599
vn -0.4108 0.8529 -0.3222
vn 0.3589 0.4567 0.8140
vn 0.5581 0.4718 0.6826
vn 0.5106 0.8199 0.2589
vn 0.7289 0.6774 0.0991
vn 0.7138 0.4043 0.5719
vn -0.5555 -0.0413 -0.8305
vn -0.4123 0.4718 -0.7794
vn -0.2802 -0.8771 -0.3901
vn -0.4864 -0.5332 -0.6921
vn 0.3431 0.9113 -0.2277
vn 0.5496 -0.0413 0.8344
vn -0.0114 -0.9999 0.0076
vn -0.0403 0.8199 -0.5711
vn -0.6901 -0.4585 -0.5599
vn 0.2480 -0.4585 0.8534
vn -0.0946 -0.7613 0.6414
vn -0.5660 -0.0298 -0.8239
vn -0.2498 0.4043 -0.8798
vn 0.5525 0.7485 -0.3667
vn 0.5394 -0.0298 0.8415
vn 0.1918 0.6774 -0.7102
vn -0.4187 -0.6532 -0.6308
vn -0.4049 0.6067 -0.6841
vn 0.0054 0.6351 -0.7724
vn -0.0472 -0.6532 -0.7557
vn 0.3745 0.6247 -0.6852
vn 0.3370 -0.6532 -0.6781
vn 0.6530 0.6210 -0.4334
vn 0.6308 -0.6532 -0.4187
vn 0.7768 0.6247 -0.0790
vn 0.7557 -0.6532 -0.0472
vn 0.7139 0.6351 0.2949
vn 0.6781 -0.6532 0.3370
vn 0.4731 0.6067 0.6388
vn 0.4187 -0.6532 0.6308
vn 0.0825 0.6940 0.7152
vn 0.0472 -0.6532 0.7557
vn -0.2968 0.6790 0.6715
vn -0.3370 -0.6532 0.6781
vn -0.6080 0.6838 0.4035
vn -0.6308 -0.6532 0.4187
vn -0.7341 0.6790 0.0127
vn -0.7557 -0.6532 0.0472
vn -0.6271 0.6940 -0.3538
vn -0.6780 -0.6532 -0.3370
vn -0.3370 -0.6532 0.6780
vn -0.6781 -0.6532 -0.3370
vn -0.4050 0.6067 -0.6841
vn 0.6780 -0.6532 0.3370
vn 0.3370 -0.6532 -0.6780
vn -0.4187 0.6532 -0.6308
vn -0.0472 0.6532 -0.7557
vn -0.9981 -0.0000 0.0623
vn -0.6308 0.6532 0.4187
vn -0.7557 0.6532 0.0472
vn -0.9802 -0.0000 -0.1981
vn 0.4187 0.6532 0.6308
vn 0.0472 0.6532 0.7557
vn 0.3370 0.6532 -0.6780
vn -0.6781 0.6532 -0.3370
vn 0.7498 -0.0000 0.6616
vn 0.3858 0.8575 0.3404
vn -0.3370 0.6532 0.6781
vn 0.6308 0.6532 -0.4187
vn 0.9479 -0.0000 -0.3185
vn 0.4877 0.8575 -0.1639
vn 0.1157 -0.2230 0.9679
vn -0.5456 0.0062 -0.8380
vn -0.5445 0.0037 -0.8387
vn 0.0725 -0.0380 0.9966
vn -0.8622 0.5050 -0.0391
vn -0.9765 -0.2074 0.0595
vn -0.0677 0.0294 -0.9973
vn 0.6206 0.6672 -0.4119
vn -0.7631 -0.3690 -0.5307
vn -0.2498 0.4044 -0.8798
vn -0.4991 -0.8008 0.3313
vn -0.1063 0.2467 -0.9633
vn -0.8278 -0.1135 0.5494
vn -0.5442 0.0024 -0.8389
vn -0.0624 -0.0000 -0.9981
vn -0.5751 0.0040 -0.8181
vn -0.1241 0.2246 -0.9665
vn 0.4166 0.2050 -0.8857
vn 0.0730 -0.7762 -0.6263
vn -0.0000 -1.0000 -0.0000
vn -0.0000 1.0000 -0.0000
vt 1.000000 0.500000
vt 1.000000 1.000000
vt 0.916667 1.000000
vt 0.916667 0.500000
vt 0.833333 1.000000
vt 0.833333 0.500000
vt 0.750000 1.000000
vt 0.750000 0.500000
vt 0.666667 1.000000
vt 0.666667 0.500000
vt 0.583333 1.000000
vt 0.583333 0.500000
vt 0.500000 1.000000
vt 0.500000 0.500000
vt 0.416667 1.000000
vt 0.416667 0.500000
vt 0.333333 1.000000
vt 0.333333 0.500000
vt 0.250000 1.000000
vt 0.250000 0.500000
vt 0.166667 1.000000
vt 0.166667 0.500000
vt 0.083333 1.000000
vt 0.083333 0.500000
vt 0.000000 1.000000
vt 0.000000 0.500000
vt 0.833333 0.500143
vt 0.750000 0.500071
vt 0.333333 0.500143
vt 0.416667 0.500143
vt 0.916667 0.500143
vt 0.583333 0.500143
vt 0.666667 0.500143
vt 0.000000 0.500143
vt 0.083333 0.500143
vt 0.250000 0.500143
vt 0.500000 0.500143
vt 0.166667 0.500143
vt 1.000000 0.500143
vt 0.370000 0.457846
vt 0.250000 0.490000
vt 0.130000 0.457846
vt 0.042154 0.370000
vt 0.010000 0.250000
vt 0.042154 0.130000
vt 0.130000 0.042154
vt 0.250000 0.010000
vt 0.370000 0.042154
vt 0.457846 0.130000
vt 0.490000 0.250000
vt 0.457846 0.370000
vt 0.750000 0.490000
vt 0.870000 0.457846
vt 0.957846 0.370000
vt 0.990000 0.250000
vt 0.957846 0.130000
vt 0.870000 0.042154
vt 0.750000 0.010000
vt 0.630000 0.042154
vt 0.542154 0.130000
vt 0.510000 0.250000
vt 0.542154 0.370000
vt 0.630000 0.457846
vt 0.375000 0.000000
vt 0.625000 0.000000
vt 0.625000 0.250000
vt 0.375000 0.250000
vt 0.625000 0.500000
vt 0.375000 0.500000
vt 0.625000 0.750000
vt 0.375000 0.750000
vt 0.625000 1.000000
vt 0.375000 1.000000
vt 0.125000 0.500000
vt 0.125000 0.750000
vt 0.875000 0.500000
vt 0.875000 0.750000
s 1
f 4565/368/1183 4566/369/1184 4568/370/1185 4567/371/1186
f 4567/371/1186 4568/370/1185 4570/372/1187 4569/373/1188
f 4569/373/1188 4570/372/1187 4572/374/1189 4571/375/1190
f 4571/375/1190 4572/374/1189 4574/376/1191 4573/377/1192
f 4573/377/1192 4574/376/1191 4576/378/1193 4575/379/1194
f 4575/379/1194 4576/378/1193 4578/380/1195 4577/381/1196
f 4577/381/1196 4578/380/1195 4580/382/1197 4579/383/1198
f 4579/383/1198 4580/382/1197 4582/384/1199 4581/385/1200
f 4581/385/1200 4582/384/1199 4584/386/1201 4583/387/1202
f 4583/387/1202 4584/386/1201 4586/388/1203 4585/389/1204
f 4582/384/1199 4580/382/1197 4680/382/1205 4681/384/1206
f 4585/389/1204 4586/388/1203 4588/390/1207 4587/391/1208
f 4587/391/1208 4588/390/1207 4566/392/1184 4565/393/1183
f 4575/379/1194 4577/381/1196 4595/381/1209 4594/379/1210
f 4593/377/1211 4594/379/1210 4606/379/1212 4605/377/1213
f 4573/377/1192 4575/379/1194 4594/379/1210 4593/377/1211
f 4571/375/1190 4573/377/1192 4593/377/1211 4592/375/1214
f 4587/391/1208 4565/393/1183 4589/393/1215 4600/391/1216
f 4565/368/1183 4567/371/1186 4590/371/1217 4589/368/1215
f 4569/373/1188 4571/375/1190 4592/375/1214 4591/373/1218
f 4585/389/1204 4587/391/1208 4600/391/1216 4599/389/1219
f 4567/371/1186 4569/373/1188 4591/373/1218 4590/371/1217
f 4583/387/1202 4585/389/1204 4599/389/1219 4598/387/1220
f 4581/385/1200 4583/387/1202 4598/387/1220 4597/385/1221
f 4579/383/1198 4581/385/1200 4597/385/1221 4596/383/1222
f 4577/381/1196 4579/383/1198 4596/383/1222 4595/381/1209
f 4608/383/1223 4609/385/1224 4621/385/1225 4620/383/1226
f 4600/391/1216 4589/393/1215 4601/393/1227 4612/391/1228
f 4590/371/1217 4591/373/1218 4603/373/1229 4602/371/1230
f 4597/385/1221 4598/387/1220 4610/387/1231 4609/385/1224
f 4594/379/1210 4595/381/1209 4607/381/1232 4606/379/1212
f 4591/373/1218 4592/375/1214 4604/375/1233 4603/373/1229
f 4598/387/1220 4599/389/1219 4611/389/1234 4610/387/1231
f 4595/381/1209 4596/383/1222 4608/383/1223 4607/381/1232
f 4592/375/1214 4593/377/1211 4605/377/1213 4604/375/1233
f 4599/389/1219 4600/391/1216 4612/391/1228 4611/389/1234
f 4589/368/1215 4590/371/1217 4602/371/1230 4601/368/1227
f 4596/383/1222 4597/385/1221 4609/385/1224 4608/383/1223
f 4613/368/1235 4614/371/1236 4626/371/1237 4625/368/1238
f 4605/377/1213 4606/379/1212 4618/379/1239 4617/377/1240
f 4612/391/1228 4601/393/1227 4613/393/1235 4624/391/1241
f 4602/371/1230 4603/373/1229 4615/373/1242 4614/371/1236
f 4609/385/1224 4610/387/1231 4622/387/1243 4621/385/1225
f 4606/379/1212 4607/381/1232 4619/381/1244 4618/379/1239
f 4603/373/1229 4604/375/1233 4616/375/1245 4615/373/1242
f 4610/387/1231 4611/389/1234 4623/389/1246 4622/387/1243
f 4607/381/1232 4608/383/1223 4620/383/1226 4619/381/1244
f 4604/375/1233 4605/377/1213 4617/377/1240 4616/375/1245
f 4611/389/1234 4612/391/1228 4624/391/1241 4623/389/1246
f 4601/368/1227 4602/371/1230 4614/371/1236 4613/368/1235
f 4635/389/1247 4636/391/1248 4648/391/1249 4647/389/1250
f 4620/383/1226 4621/385/1225 4633/385/1251 4632/383/1252
f 4617/377/1240 4618/379/1239 4630/379/1253 4629/377/1254
f 4624/391/1241 4613/393/1235 4625/393/1238 4636/391/1248
f 4614/371/1236 4615/373/1242 4627/373/1255 4626/371/1237
f 4621/385/1225 4622/387/1243 4634/387/1256 4633/385/1251
f 4618/379/1239 4619/381/1244 4631/381/1257 4630/379/1253
f 4615/373/1242 4616/375/1245 4628/375/1258 4627/373/1255
f 4622/387/1243 4623/389/1246 4635/389/1247 4634/387/1256
f 4619/381/1244 4620/383/1226 4632/383/1252 4631/381/1257
f 4616/375/1245 4617/377/1240 4629/377/1254 4628/375/1258
f 4623/389/1246 4624/391/1241 4636/391/1248 4635/389/1247
f 4640/375/1259 4641/377/1260 4653/377/1261 4652/375/1262
f 4625/368/1238 4626/371/1237 4638/371/1263 4637/368/1264
f 4632/383/1252 4633/385/1251 4645/385/1265 4644/383/1266
f 4629/377/1254 4630/379/1253 4642/379/1267 4641/377/1260
f 4636/391/1248 4625/393/1238 4637/393/1264 4648/391/1249
f 4626/371/1237 4627/373/1255 4639/373/1268 4638/371/1263
f 4633/385/1251 4634/387/1256 4646/387/1269 4645/385/1265
f 4630/379/1253 4631/381/1257 4643/381/1270 4642/379/1267
f 4627/373/1255 4628/375/1258 4640/375/1259 4639/373/1268
f 4634/387/1256 4635/389/1247 4647/389/1250 4646/387/1269
f 4631/381/1257 4632/383/1252 4644/383/1266 4643/381/1270
f 4628/375/1258 4629/377/1254 4641/377/1260 4640/375/1259
f 4652/375/1262 4653/377/1261 4665/377/1271 4664/375/1272
f 4647/389/1250 4648/391/1249 4660/391/1273 4659/389/1274
f 4637/368/1264 4638/371/1263 4650/371/1275 4649/368/1276
f 4644/383/1266 4645/385/1265 4657/385/1277 4656/383/1278
f 4641/377/1260 4642/379/1267 4654/379/1279 4653/377/1261
f 4648/391/1249 4637/393/1264 4649/393/1276 4660/391/1273
f 4638/371/1263 4639/373/1268 4651/373/1280 4650/371/1275
f 4645/385/1265 4646/387/1269 4658/387/1281 4657/385/1277
f 4642/379/1267 4643/381/1270 4655/381/1282 4654/379/1279
f 4639/373/1268 4640/375/1259 4652/375/1262 4651/373/1280
f 4646/387/1269 4647/389/1250 4659/389/1274 4658/387/1281
f 4643/381/1270 4644/383/1266 4656/383/1278 4655/381/1282
f 4671/389/1283 4672/391/1284 4828/391/1285 4827/389/1286
f 4659/389/1274 4660/391/1273 4672/391/1287 4671/389/1288
f 4649/368/1276 4650/371/1275 4662/371/1289 4661/368/1290
f 4656/383/1278 4657/385/1277 4669/385/1291 4668/383/1292
f 4653/377/1261 4654/379/1279 4666/379/1293 4665/377/1271
f 4660/391/1273 4649/393/1276 4661/393/1290 4672/391/1287
f 4650/371/1275 4651/373/1280 4663/373/1294 4662/371/1289
f 4657/385/1277 4658/387/1281 4670/387/1295 4669/385/1291
f 4654/379/1279 4655/381/1282 4667/381/1296 4666/379/1293
f 4651/373/1280 4652/375/1262 4664/375/1272 4663/373/1294
f 4658/387/1281 4659/389/1274 4671/389/1288 4670/387/1295
f 4655/381/1282 4656/383/1278 4668/383/1292 4667/381/1296
f 4680/382/1205 4679/380/1297 4691/380/1298 4692/382/1299
f 4580/382/1197 4578/380/1195 4679/380/1297 4680/382/1205
f 4578/380/1195 4576/378/1193 4678/378/1300 4679/380/1297
f 4576/378/1193 4574/376/1191 4677/376/1301 4678/378/1300
f 4574/376/1191 4572/374/1189 4676/374/1302 4677/376/1301
f 4566/392/1184 4588/390/1207 4684/390/1303 4673/392/1304
f 4568/370/1185 4566/369/1184 4673/369/1304 4674/370/1305
f 4572/374/1189 4570/372/1187 4675/372/1306 4676/374/1302
f 4588/390/1207 4586/388/1203 4683/388/1307 4684/390/1303
f 4570/372/1187 4568/370/1185 4674/370/1305 4675/372/1306
f 4586/388/1203 4584/386/1201 4682/386/1308 4683/388/1307
f 4584/386/1201 4582/384/1199 4681/384/1206 4682/386/1308
f 4695/388/1309 4694/386/1310 4706/386/1311 4707/388/1312
f 4677/376/1301 4676/374/1302 4688/374/1313 4689/376/1314
f 4684/390/1303 4683/388/1307 4695/388/1309 4696/390/1315
f 4674/370/1305 4673/369/1304 4685/369/1316 4686/370/1317
f 4681/384/1206 4680/382/1205 4692/382/1299 4693/384/1318
f 4678/378/1300 4677/376/1301 4689/376/1314 4690/378/1319
f 4673/392/1304 4684/390/1303 4696/390/1315 4685/392/1316
f 4675/372/1306 4674/370/1305 4686/370/1317 4687/372/1320
f 4682/386/1308 4681/384/1206 4693/384/1318 4694/386/1310
f 4679/380/1297 4678/378/1300 4690/378/1319 4691/380/1298
f 4676/374/1302 4675/372/1306 4687/372/1320 4688/374/1313
f 4683/388/1307 4682/386/1308 4694/386/1310 4695/388/1309
f 4700/374/1321 4699/372/1322 4711/372/1323 4712/374/1324
f 4692/382/1299 4691/380/1298 4703/380/1325 4704/382/1326
f 4689/376/1314 4688/374/1313 4700/374/1321 4701/376/1327
f 4696/390/1315 4695/388/1309 4707/388/1312 4708/390/1328
f 4686/370/1317 4685/369/1316 4697/369/1329 4698/370/1330
f 4693/384/1318 4692/382/1299 4704/382/1326 4705/384/1331
f 4690/378/1319 4689/376/1314 4701/376/1327 4702/378/1332
f 4685/392/1316 4696/390/1315 4708/390/1328 4697/392/1329
f 4687/372/1320 4686/370/1317 4698/370/1330 4699/372/1322
f 4694/386/1310 4693/384/1318 4705/384/1331 4706/386/1311
f 4691/380/1298 4690/378/1319 4702/378/1332 4703/380/1325
f 4688/374/1313 4687/372/1320 4699/372/1322 4700/374/1321
f 4712/374/1324 4711/372/1323 4723/372/1333 4724/374/1334
f 4707/388/1312 4706/386/1311 4718/386/1335 4719/388/1336
f 4704/382/1326 4703/380/1325 4715/380/1337 4716/382/1338
f 4701/376/1327 4700/374/1321 4712/374/1324 4713/376/1339
f 4708/390/1328 4707/388/1312 4719/388/1336 4720/390/1340
f 4698/370/1330 4697/369/1329 4709/369/1341 4710/370/1342
f 4705/384/1331 4704/382/1326 4716/382/1338 4717/384/1343
f 4702/378/1332 4701/376/1327 4713/376/1339 4714/378/1344
f 4697/392/1329 4708/390/1328 4720/390/1340 4709/392/1341
f 4699/372/1322 4698/370/1330 4710/370/1342 4711/372/1323
f 4706/386/1311 4705/384/1331 4717/384/1343 4718/386/1335
f 4703/380/1325 4702/378/1332 4714/378/1344 4715/380/1337
f 4727/380/1345 4726/378/1346 4738/378/1347 4739/380/1348
f 4719/388/1336 4718/386/1335 4730/386/1349 4731/388/1350
f 4716/382/1338 4715/380/1337 4727/380/1345 4728/382/1351
f 4713/376/1339 4712/374/1324 4724/374/1334 4725/376/1352
f 4720/390/1340 4719/388/1336 4731/388/1350 4732/390/1353
f 4710/370/1342 4709/369/1341 4721/369/1354 4722/370/1355
f 4717/384/1343 4716/382/1338 4728/382/1351 4729/384/1356
f 4714/378/1344 4713/376/1339 4725/376/1352 4726/378/1346
f 4709/392/1341 4720/390/1340 4732/390/1353 4721/392/1354
f 4711/372/1323 4710/370/1342 4722/370/1355 4723/372/1333
f 4718/386/1335 4717/384/1343 4729/384/1356 4730/386/1349
f 4715/380/1337 4714/378/1344 4726/378/1346 4727/380/1345
f 4739/380/1348 4738/378/1347 4750/378/1357 4751/380/1358
f 4724/374/1334 4723/372/1333 4735/372/1359 4736/374/1360
f 4731/388/1350 4730/386/1349 4742/386/1361 4743/388/1362
f 4728/382/1351 4727/380/1345 4739/380/1348 4740/382/1363
f 4725/376/1352 4724/374/1334 4736/374/1360 4737/376/1364
f 4732/390/1353 4731/388/1350 4743/388/1362 4744/390/1365
f 4722/370/1355 4721/369/1354 4733/369/1366 4734/370/1367
f 4729/384/1356 4728/382/1351 4740/382/1363 4741/384/1368
f 4726/378/1346 4725/376/1352 4737/376/1364 4738/378/1347
f 4721/392/1354 4732/390/1353 4744/390/1365 4733/392/1366
f 4723/372/1333 4722/370/1355 4734/370/1367 4735/372/1359
f 4730/386/1349 4729/384/1356 4741/384/1368 4742/386/1361
f 4754/386/1369 4753/384/1370 4765/384/1371 4766/386/1372
f 4736/374/1360 4735/372/1359 4747/372/1373 4748/374/1374
f 4743/388/1362 4742/386/1361 4754/386/1369 4755/388/1375
f 4740/382/1363 4739/380/1348 4751/380/1358 4752/382/1376
f 4737/376/1364 4736/374/1360 4748/374/1374 4749/376/1377
f 4744/390/1365 4743/388/1362 4755/388/1375 4756/390/1378
f 4734/370/1367 4733/369/1366 4745/369/1379 4746/370/1380
f 4741/384/1368 4740/382/1363 4752/382/1376 4753/384/1370
f 4738/378/1347 4737/376/1364 4749/376/1377 4750/378/1357
f 4733/392/1366 4744/390/1365 4756/390/1378 4745/392/1379
f 4735/372/1359 4734/370/1367 4746/370/1380 4747/372/1373
f 4742/386/1361 4741/384/1368 4753/384/1370 4754/386/1369
f 4759/372/1381 4758/370/1382 4770/370/1383 4771/372/1384
f 4751/380/1358 4750/378/1357 4762/378/1385 4763/380/1386
f 4748/374/1374 4747/372/1373 4759/372/1381 4760/374/1387
f 4755/388/1375 4754/386/1369 4766/386/1372 4767/388/1388
f 4752/382/1376 4751/380/1358 4763/380/1386 4764/382/1389
f 4749/376/1377 4748/374/1374 4760/374/1387 4761/376/1390
f 4756/390/1378 4755/388/1375 4767/388/1388 4768/390/1391
f 4746/370/1380 4745/369/1379 4757/369/1392 4758/370/1382
f 4753/384/1370 4752/382/1376 4764/382/1389 4765/384/1371
f 4750/378/1357 4749/376/1377 4761/376/1390 4762/378/1385
f 4745/392/1379 4756/390/1378 4768/390/1391 4757/392/1392
f 4747/372/1373 4746/370/1380 4758/370/1382 4759/372/1381
f 4769/392/1393 4780/390/1394 4792/390/1395 4781/392/1396
f 4766/386/1372 4765/384/1371 4777/384/1397 4778/386/1398
f 4763/380/1386 4762/378/1385 4774/378/1399 4775/380/1400
f 4760/374/1387 4759/372/1381 4771/372/1384 4772/374/1401
f 4767/388/1388 4766/386/1372 4778/386/1398 4779/388/1402
f 4764/382/1389 4763/380/1386 4775/380/1400 4776/382/1403
f 4761/376/1390 4760/374/1387 4772/374/1401 4773/376/1404
f 4768/390/1391 4767/388/1388 4779/388/1402 4780/390/1394
f 4758/370/1382 4757/369/1392 4769/369/1393 4770/370/1383
f 4765/384/1371 4764/382/1389 4776/382/1403 4777/384/1397
f 4762/378/1385 4761/376/1390 4773/376/1404 4774/378/1399
f 4757/392/1392 4768/390/1391 4780/390/1394 4769/392/1393
f 4786/378/1405 4785/376/1406 4797/376/1407 4798/378/1408
f 4771/372/1384 4770/370/1383 4782/370/1409 4783/372/1410
f 4778/386/1398 4777/384/1397 4789/384/1411 4790/386/1412
f 4775/380/1400 4774/378/1399 4786/378/1405 4787/380/1413
f 4772/374/1401 4771/372/1384 4783/372/1410 4784/374/1414
f 4779/388/1402 4778/386/1398 4790/386/1412 4791/388/1415
f 4776/382/1403 4775/380/1400 4787/380/1413 4788/382/1416
f 4773/376/1404 4772/374/1401 4784/374/1414 4785/376/1406
f 4780/390/1394 4779/388/1402 4791/388/1415 4792/390/1395
f 4770/370/1383 4769/369/1393 4781/369/1396 4782/370/1409
f 4777/384/1397 4776/382/1403 4788/382/1416 4789/384/1411
f 4774/378/1399 4773/376/1404 4785/376/1406 4786/378/1405
f 4798/378/1408 4797/376/1407 4809/376/1417 4810/378/1418
f 4781/392/1396 4792/390/1395 4804/390/1419 4793/392/1420
f 4783/372/1410 4782/370/1409 4794/370/1421 4795/372/1422
f 4790/386/1412 4789/384/1411 4801/384/1423 4802/386/1424
f 4787/380/1413 4786/378/1405 4798/378/1408 4799/380/1425
f 4784/374/1414 4783/372/1410 4795/372/1422 4796/374/1426
f 4791/388/1415 4790/386/1412 4802/386/1424 4803/388/1427
f 4788/382/1416 4787/380/1413 4799/380/1425 4800/382/1428
f 4785/376/1406 4784/374/1414 4796/374/1426 4797/376/1407
f 4792/390/1395 4791/388/1415 4803/388/1427 4804/390/1419
f 4782/370/1409 4781/369/1396 4793/369/1420 4794/370/1421
f 4789/384/1411 4788/382/1416 4800/382/1428 4801/384/1423
f 4855/394/1429 4856/395/1430 4808/374/1431 4807/372/1432
f 4793/392/1420 4804/390/1419 4816/390/1433 4805/392/1434
f 4795/372/1422 4794/370/1421 4806/370/1435 4807/372/1432
f 4802/386/1424 4801/384/1423 4813/384/1436 4814/386/1437
f 4799/380/1425 4798/378/1408 4810/378/1418 4811/380/1438
f 4796/374/1426 4795/372/1422 4807/372/1432 4808/374/1431
f 4803/388/1427 4802/386/1424 4814/386/1437 4815/388/1439
f 4800/382/1428 4799/380/1425 4811/380/1438 4812/382/1440
f 4797/376/1407 4796/374/1426 4808/374/1431 4809/376/1417
f 4804/390/1419 4803/388/1427 4815/388/1439 4816/390/1433
f 4794/370/1421 4793/369/1420 4805/369/1434 4806/370/1435
f 4801/384/1423 4800/382/1428 4812/382/1440 4813/384/1436
f 4821/377/1441 4822/379/1442 4834/379/1443 4833/377/1444
f 4661/368/1445 4662/371/1446 4818/371/1447 4817/368/1448
f 4668/383/1449 4669/385/1450 4825/385/1451 4824/383/1452
f 4665/377/1453 4666/379/1454 4822/379/1442 4821/377/1441
f 4672/391/1284 4661/393/1445 4817/393/1448 4828/391/1285
f 4662/371/1446 4663/373/1455 4819/373/1456 4818/371/1447
f 4669/385/1450 4670/387/1457 4826/387/1458 4825/385/1451
f 4666/379/1454 4667/381/1459 4823/381/1460 4822/379/1442
f 4663/373/1455 4664/375/1461 4820/375/1462 4819/373/1456
f 4670/387/1457 4671/389/1283 4827/389/1286 4826/387/1458
f 4667/381/1459 4668/383/1449 4824/383/1452 4823/381/1460
f 4664/375/1461 4665/377/1453 4821/377/1441 4820/375/1462
f 4833/377/1444 4834/379/1443 4846/379/1463 4845/377/1464
f 4828/391/1285 4817/393/1448 4829/393/1465 4840/391/1466
f 4818/371/1447 4819/373/1456 4831/373/1467 4830/371/1468
f 4825/385/1451 4826/387/1458 4838/387/1469 4837/385/1470
f 4822/379/1442 4823/381/1460 4835/381/1471 4834/379/1443
f 4819/373/1456 4820/375/1462 4832/375/1472 4831/373/1467
f 4826/387/1458 4827/389/1286 4839/389/1473 4838/387/1469
f 4823/381/1460 4824/383/1452 4836/383/1474 4835/381/1471
f 4820/375/1462 4821/377/1441 4833/377/1444 4832/375/1472
f 4827/389/1286 4828/391/1285 4840/391/1466 4839/389/1473
f 4817/368/1448 4818/371/1447 4830/371/1468 4829/368/1465
f 4824/383/1452 4825/385/1451 4837/385/1470 4836/383/1474
f 4848/383/1475 4849/385/1476 4861/396/1477 4860/397/1478
f 4840/391/1466 4829/393/1465 4841/393/1479 4852/391/1480
f 4830/371/1468 4831/373/1467 4843/373/1481 4842/371/1482
f 4837/385/1470 4838/387/1469 4850/387/1483 4849/385/1476
f 4834/379/1443 4835/381/1471 4847/381/1484 4846/379/1463
f 4831/373/1467 4832/375/1472 4844/375/1485 4843/373/1481
f 4838/387/1469 4839/389/1473 4851/389/1486 4850/387/1483
f 4835/381/1471 4836/383/1474 4848/383/1475 4847/381/1484
f 4832/375/1472 4833/377/1444 4845/377/1464 4844/375/1485
f 4839/389/1473 4840/391/1466 4852/391/1480 4851/389/1486
f 4829/368/1465 4830/371/1468 4842/371/1482 4841/368/1479
f 4836/383/1474 4837/385/1470 4849/385/1476 4848/383/1475
f 4854/398/1487 4855/394/1429 4807/372/1432 4806/370/1435
f 4845/377/1464 4846/379/1463 4858/399/1488 4857/400/1489
f 4852/391/1480 4841/393/1479 4853/401/1490 4864/402/1491
f 4842/371/1482 4843/373/1481 4855/394/1429 4854/398/1487
f 4849/385/1476 4850/387/1483 4862/403/1492 4861/396/1477
f 4846/379/1463 4847/381/1484 4859/404/1493 4858/399/1488
f 4843/373/1481 4844/375/1485 4856/395/1430 4855/394/1429
f 4850/387/1483 4851/389/1486 4863/405/1494 4862/403/1492
f 4847/381/1484 4848/383/1475 4860/397/1478 4859/404/1493
f 4844/375/1485 4845/377/1464 4857/400/1489 4856/395/1430
f 4851/389/1486 4852/391/1480 4864/402/1491 4863/405/1494
f 4841/368/1479 4842/371/1482 4854/398/1487 4853/406/1490
f 4856/395/1430 4857/400/1489 4809/376/1417 4808/374/1431
f 4857/400/1489 4858/399/1488 4810/378/1418 4809/376/1417
f 4858/399/1488 4859/404/1493 4811/380/1438 4810/378/1418
f 4859/404/1493 4860/397/1478 4812/382/1440 4811/380/1438
f 4860/397/1478 4861/396/1477 4813/384/1436 4812/382/1440
f 4861/396/1477 4862/403/1492 4814/386/1437 4813/384/1436
f 4862/403/1492 4863/405/1494 4815/388/1439 4814/386/1437
f 4863/405/1494 4864/402/1491 4816/390/1433 4815/388/1439
f 4864/402/1491 4853/401/1490 4805/392/1434 4816/390/1433
f 4853/406/1490 4854/398/1487 4806/370/1435 4805/369/1434
f 4865/368/1495 4866/369/1496 4868/370/1497 4867/371/1498
f 4867/371/1498 4868/370/1497 4870/372/1499 4869/373/1500
f 4869/373/1500 4870/372/1499 4872/374/1501 4871/375/1502
f 4871/375/1502 4872/374/1501 4874/376/1503 4873/377/1504
f 4873/377/1504 4874/376/1503 4876/378/1505 4875/379/1506
f 4875/379/1506 4876/378/1505 4878/380/1507 4877/381/1508
f 4877/381/1508 4878/380/1507 4880/382/1509 4879/383/1510
f 4879/383/1510 4880/382/1509 4882/384/1511 4881/385/1512
f 4881/385/1512 4882/384/1511 4884/386/1513 4883/387/1514
f 4883/387/1514 4884/386/1513 4886/388/1515 4885/389/1516
f 4868/407/1497 4866/408/1496 4888/409/1517 4886/410/1515 4884/411/1513 4882/412/1511 4880/413/1509 4878/414/1507 4876/415/1505 4874/416/1503 4872/417/1501 4870/418/1499
f 4885/389/1516 4886/388/1515 4888/390/1517 4887/391/1518
f 4887/391/1518 4888/390/1517 4866/392/1496 4865/393/1495
f 4865/419/1495 4867/420/1498 4869/421/1500 4871/422/1502 4873/423/1504 4875/424/1506 4877/425/1508 4879/426/1510 4881/427/1512 4883/428/1514 4885/429/1516 4887/430/1518
f 4889/368/1495 4890/369/1496 4892/370/1497 4891/371/1498
f 4891/371/1498 4892/370/1497 4894/372/1499 4893/373/1500
f 4893/373/1500 4894/372/1499 4896/374/1501 4895/375/1502
f 4895/375/1502 4896/374/1501 4898/376/1503 4897/377/1504
f 4897/377/1504 4898/376/1503 4900/378/1505 4899/379/1506
f 4899/379/1506 4900/378/1505 4902/380/1507 4901/381/1508
f 4901/381/1508 4902/380/1507 4904/382/1509 4903/383/1510
f 4903/383/1510 4904/382/1509 4906/384/1511 4905/385/1519
f 4905/385/1519 4906/384/1511 4908/386/1513 4907/387/1514
f 4907/387/1514 4908/386/1513 4910/388/1515 4909/389/1516
f 4892/407/1497 4890/408/1496 4912/409/1517 4910/410/1515 4908/411/1513 4906/412/1511 4904/413/1509 4902/414/1507 4900/415/1505 4898/416/1503 4896/417/1501 4894/418/1499
f 4909/389/1516 4910/388/1515 4912/390/1517 4911/391/1520
f 4911/391/1520 4912/390/1517 4890/392/1496 4889/393/1495
f 4889/419/1495 4891/420/1498 4893/421/1500 4895/422/1502 4897/423/1504 4899/424/1506 4901/425/1508 4903/426/1510 4905/427/1519 4907/428/1514 4909/429/1516 4911/430/1520
f 4913/368/1495 4914/369/1521 4916/370/1497 4915/371/1498
f 4915/371/1498 4916/370/1497 4918/372/1499 4917/373/1500
f 4917/373/1500 4918/372/1499 4920/374/1501 4919/375/1502
f 4919/375/1502 4920/374/1501 4922/376/1503 4921/377/1504
f 4921/377/1504 4922/376/1503 4924/378/1505 4923/379/1522
f 4923/379/1522 4924/378/1505 4926/380/1507 4925/381/1508
f 4925/381/1508 4926/380/1507 4928/382/1509 4927/383/1510
f 4927/383/1510 4928/382/1509 4930/384/1511 4929/385/1512
f 4929/385/1512 4930/384/1511 4932/386/1513 4931/387/1514
f 4931/387/1514 4932/386/1513 4934/388/1515 4933/389/1516
f 4916/407/1497 4914/408/1521 4936/409/1517 4934/410/1515 4932/411/1513 4930/412/1511 4928/413/1509 4926/414/1507 4924/415/1505 4922/416/1503 4920/417/1501 4918/418/1499
f 4933/389/1516 4934/388/1515 4936/390/1517 4935/391/1520
f 4935/391/1520 4936/390/1517 4914/392/1521 4913/393/1495
f 4913/419/1495 4915/420/1498 4917/421/1500 4919/422/1502 4921/423/1504 4923/424/1522 4925/425/1508 4927/426/1510 4929/427/1512 4931/428/1514 4933/429/1516 4935/430/1520
f 4937/368/1495 4938/369/1521 4940/370/1497 4939/371/1498
f 4939/371/1498 4940/370/1497 4942/372/1499 4941/373/1523
f 4941/373/1523 4942/372/1499 4944/374/1501 4943/375/1502
f 4943/375/1502 4944/374/1501 4946/376/1503 4945/377/1504
f 4945/377/1504 4946/376/1503 4948/378/1505 4947/379/1506
f 4947/379/1506 4948/378/1505 4950/380/1507 4949/381/1508
f 4949/381/1508 4950/380/1507 4952/382/1509 4951/383/1510
f 4951/383/1510 4952/382/1509 4954/384/1511 4953/385/1519
f 4953/385/1519 4954/384/1511 4956/386/1513 4955/387/1514
f 4955/387/1514 4956/386/1513 4958/388/1515 4957/389/1516
f 4940/407/1497 4938/408/1521 4960/409/1517 4958/410/1515 4956/411/1513 4954/412/1511 4952/413/1509 4950/414/1507 4948/415/1505 4946/416/1503 4944/417/1501 4942/418/1499
f 4957/389/1516 4958/388/1515 4960/390/1517 4959/391/1520
f 4959/391/1520 4960/390/1517 4938/392/1521 4937/393/1495
f 4937/419/1495 4939/420/1498 4941/421/1523 4943/422/1502 4945/423/1504 4947/424/1506 4949/425/1508 4951/426/1510 4953/427/1519 4955/428/1514 4957/429/1516 4959/430/1520
f 4961/368/1495 4962/369/1521 4964/370/1497 4963/371/1498
f 4963/371/1498 4964/370/1497 4966/372/1499 4965/373/1500
f 4965/373/1500 4966/372/1499 4968/374/1501 4967/375/1502
f 4967/375/1502 4968/374/1501 4970/376/1503 4969/377/1504
f 4969/377/1504 4970/376/1503 4972/378/1505 4971/379/1522
f 4971/379/1522 4972/378/1505 4974/380/1507 4973/381/1508
f 4973/381/1508 4974/380/1507 4976/382/1509 4975/383/1510
f 4975/383/1510 4976/382/1509 4978/384/1511 4977/385/1519
f 4977/385/1519 4978/384/1511 4980/386/1513 4979/387/1514
f 4979/387/1514 4980/386/1513 4982/388/1515 4981/389/1516
f 4964/407/1497 4962/408/1521 4984/409/1517 4982/410/1515 4980/411/1513 4978/412/1511 4976/413/1509 4974/414/1507 4972/415/1505 4970/416/1503 4968/417/1501 4966/418/1499
f 4981/389/1516 4982/388/1515 4984/390/1517 4983/391/1520
f 4983/391/1520 4984/390/1517 4962/392/1521 4961/393/1495
f 4961/419/1495 4963/420/1498 4965/421/1500 4967/422/1502 4969/423/1504 4971/424/1522 4973/425/1508 4975/426/1510 4977/427/1519 4979/428/1514 4981/429/1516 4983/430/1520
f 4985/368/1495 4986/369/1521 4988/370/1497 4987/371/1498
f 4987/371/1498 4988/370/1497 4990/372/1499 4989/373/1500
f 4989/373/1500 4990/372/1499 4992/374/1501 4991/375/1502
f 4991/375/1502 4992/374/1501 4994/376/1503 4993/377/1504
f 4993/377/1504 4994/376/1503 4996/378/1505 4995/379/1506
f 4995/379/1506 4996/378/1505 4998/380/1507 4997/381/1508
f 4997/381/1508 4998/380/1507 5000/382/1509 4999/383/1510
f 4999/383/1510 5000/382/1509 5002/384/1511 5001/385/1512
f 5001/385/1512 5002/384/1511 5004/386/1513 5003/387/1514
f 5003/387/1514 5004/386/1513 5006/388/1515 5005/389/1516
f 4988/407/1497 4986/408/1521 5008/409/1517 5006/410/1515 5004/411/1513 5002/412/1511 5000/413/1509 4998/414/1507 4996/415/1505 4994/416/1503 4992/417/1501 4990/418/1499
f 5005/389/1516 5006/388/1515 5008/390/1517 5007/391/1520
f 5007/391/1520 5008/390/1517 4986/392/1521 4985/393/1495
f 4985/419/1495 4987/420/1498 4989/421/1500 4991/422/1502 4993/423/1504 4995/424/1506 4997/425/1508 4999/426/1510 5001/427/1512 5003/428/1514 5005/429/1516 5007/430/1520
f 5009/368/1495 5010/369/1496 5012/370/1497 5011/371/1498
f 5011/371/1498 5012/370/1497 5014/372/1499 5013/373/1500
f 5013/373/1500 5014/372/1499 5016/374/1501 5015/375/1502
f 5015/375/1502 5016/374/1501 5018/376/1503 5017/377/1504
f 5017/377/1504 5018/376/1503 5020/378/1505 5019/379/1506
f 5019/379/1506 5020/378/1505 5022/380/1507 5021/381/1508
f 5021/381/1508 5022/380/1507 5024/382/1509 5023/383/1510
f 5023/383/1510 5024/382/1509 5026/384/1511 5025/385/1519
f 5025/385/1519 5026/384/1511 5028/386/1513 5027/387/1514
f 5027/387/1514 5028/386/1513 5030/388/1515 5029/389/1516
f 5012/407/1497 5010/408/1496 5032/409/1517 5030/410/1515 5028/411/1513 5026/412/1511 5024/413/1509 5022/414/1507 5020/415/1505 5018/416/1503 5016/417/1501 5014/418/1499
f 5029/389/1516 5030/388/1515 5032/390/1517 5031/391/1520
f 5031/391/1520 5032/390/1517 5010/392/1496 5009/393/1495
f 5009/419/1495 5011/420/1498 5013/421/1500 5015/422/1502 5017/423/1504 5019/424/1506 5021/425/1508 5023/426/1510 5025/427/1519 5027/428/1514 5029/429/1516 5031/430/1520
f 4668/383/1289 4667/381/1290 5039/381/1524 5040/383/1525
f 4665/377/1526 4664/375/1295 5036/375/1527 5037/377/1528
f 4671/389/1529 4672/391/1529 5044/391/1529 5043/389/1529
f 4662/371/1292 4661/368/1296 5033/368/1530 5034/371/1531
f 4669/385/1294 4668/383/1289 5040/383/1525 5041/385/1532
f 4666/379/1287 4665/377/1526 5037/377/1528 5038/379/1533
f 4661/393/1296 4672/391/1534 5044/391/1535 5033/393/1530
f 4663/373/1291 4662/371/1292 5034/371/1531 5035/373/1536
f 4670/387/1272 4669/385/1294 5041/385/1532 5042/387/1537
f 4667/381/1290 4666/379/1287 5038/379/1533 5039/381/1524
f 4664/375/1295 4663/373/1291 5035/373/1536 5036/375/1527
f 4671/389/1538 4670/387/1272 5042/387/1537 5043/389/1539
f 5033/393/1530 5044/391/1535 5043/389/1539 5042/387/1537 5041/385/1532 5040/383/1525 5039/381/1524 5038/379/1533 5037/377/1528 5036/375/1527 5035/373/1536 5034/371/1531
f 5045/368/1183 5046/369/1184 5048/370/1185 5047/371/1186
f 5047/371/1186 5048/370/1185 5050/372/1187 5049/373/1188
f 5049/373/1188 5050/372/1187 5052/374/1189 5051/375/1190
f 5051/375/1190 5052/374/1189 5054/376/1191 5053/377/1192
f 5053/377/1192 5054/376/1191 5056/378/1193 5055/379/1194
f 5055/379/1194 5056/378/1193 5058/380/1195 5057/381/1196
f 5057/381/1196 5058/380/1195 5060/382/1197 5059/383/1198
f 5059/383/1198 5060/382/1197 5062/384/1199 5061/385/1200
f 5061/385/1200 5062/384/1199 5064/386/1201 5063/387/1202
f 5063/387/1202 5064/386/1201 5066/388/1203 5065/389/1204
f 5062/384/1199 5060/382/1197 5160/382/1205 5161/384/1206
f 5065/389/1204 5066/388/1203 5068/390/1207 5067/391/1208
f 5067/391/1208 5068/390/1207 5046/392/1184 5045/393/1183
f 5055/379/1194 5057/381/1196 5075/381/1209 5074/379/1210
f 5073/377/1211 5074/379/1210 5086/379/1212 5085/377/1213
f 5053/377/1192 5055/379/1194 5074/379/1210 5073/377/1211
f 5051/375/1190 5053/377/1192 5073/377/1211 5072/375/1214
f 5067/391/1208 5045/393/1183 5069/393/1215 5080/391/1216
f 5045/368/1183 5047/371/1186 5070/371/1217 5069/368/1215
f 5049/373/1188 5051/375/1190 5072/375/1214 5071/373/1218
f 5065/389/1204 5067/391/1208 5080/391/1216 5079/389/1219
f 5047/371/1186 5049/373/1188 5071/373/1218 5070/371/1217
f 5063/387/1202 5065/389/1204 5079/389/1219 5078/387/1220
f 5061/385/1200 5063/387/1202 5078/387/1220 5077/385/1221
f 5059/383/1198 5061/385/1200 5077/385/1221 5076/383/1222
f 5057/381/1196 5059/383/1198 5076/383/1222 5075/381/1209
f 5088/383/1540 5089/385/1224 5101/385/1225 5100/383/1226
f 5080/391/1216 5069/393/1215 5081/393/1541 5092/391/1228
f 5070/371/1217 5071/373/1218 5083/373/1229 5082/371/1230
f 5077/385/1221 5078/387/1220 5090/387/1231 5089/385/1224
f 5074/379/1210 5075/381/1209 5087/381/1232 5086/379/1212
f 5071/373/1218 5072/375/1214 5084/375/1233 5083/373/1229
f 5078/387/1220 5079/389/1219 5091/389/1234 5090/387/1231
f 5075/381/1209 5076/383/1222 5088/383/1540 5087/381/1232
f 5072/375/1214 5073/377/1211 5085/377/1213 5084/375/1233
f 5079/389/1219 5080/391/1216 5092/391/1228 5091/389/1234
f 5069/368/1215 5070/371/1217 5082/371/1230 5081/368/1541
f 5076/383/1222 5077/385/1221 5089/385/1224 5088/383/1540
f 5093/368/1235 5094/371/1236 5106/371/1237 5105/368/1542
f 5085/377/1213 5086/379/1212 5098/379/1239 5097/377/1240
f 5092/391/1228 5081/393/1541 5093/393/1235 5104/391/1241
f 5082/371/1230 5083/373/1229 5095/373/1242 5094/371/1236
f 5089/385/1224 5090/387/1231 5102/387/1243 5101/385/1225
f 5086/379/1212 5087/381/1232 5099/381/1244 5098/379/1239
f 5083/373/1229 5084/375/1233 5096/375/1245 5095/373/1242
f 5090/387/1231 5091/389/1234 5103/389/1246 5102/387/1243
f 5087/381/1232 5088/383/1540 5100/383/1226 5099/381/1244
f 5084/375/1233 5085/377/1213 5097/377/1240 5096/375/1245
f 5091/389/1234 5092/391/1228 5104/391/1241 5103/389/1246
f 5081/368/1541 5082/371/1230 5094/371/1236 5093/368/1235
f 5115/389/1247 5116/391/1248 5128/391/1249 5127/389/1250
f 5100/383/1226 5101/385/1225 5113/385/1251 5112/383/1252
f 5097/377/1240 5098/379/1239 5110/379/1253 5109/377/1254
f 5104/391/1241 5093/393/1235 5105/393/1542 5116/391/1248
f 5094/371/1236 5095/373/1242 5107/373/1255 5106/371/1237
f 5101/385/1225 5102/387/1243 5114/387/1256 5113/385/1251
f 5098/379/1239 5099/381/1244 5111/381/1257 5110/379/1253
f 5095/373/1242 5096/375/1245 5108/375/1258 5107/373/1255
f 5102/387/1243 5103/389/1246 5115/389/1247 5114/387/1256
f 5099/381/1244 5100/383/1226 5112/383/1252 5111/381/1257
f 5096/375/1245 5097/377/1240 5109/377/1254 5108/375/1258
f 5103/389/1246 5104/391/1241 5116/391/1248 5115/389/1247
f 5120/375/1259 5121/377/1260 5133/377/1261 5132/375/1262
f 5105/368/1542 5106/371/1237 5118/371/1263 5117/368/1264
f 5112/383/1252 5113/385/1251 5125/385/1265 5124/383/1543
f 5109/377/1254 5110/379/1253 5122/379/1267 5121/377/1260
f 5116/391/1248 5105/393/1542 5117/393/1264 5128/391/1249
f 5106/371/1237 5107/373/1255 5119/373/1268 5118/371/1263
f 5113/385/1251 5114/387/1256 5126/387/1269 5125/385/1265
f 5110/379/1253 5111/381/1257 5123/381/1270 5122/379/1267
f 5107/373/1255 5108/375/1258 5120/375/1259 5119/373/1268
f 5114/387/1256 5115/389/1247 5127/389/1250 5126/387/1269
f 5111/381/1257 5112/383/1252 5124/383/1543 5123/381/1270
f 5108/375/1258 5109/377/1254 5121/377/1260 5120/375/1259
f 5132/375/1262 5133/377/1261 5145/377/1271 5144/375/1272
f 5127/389/1250 5128/391/1249 5140/391/1273 5139/389/1274
f 5117/368/1264 5118/371/1263 5130/371/1275 5129/368/1276
f 5124/383/1543 5125/385/1265 5137/385/1277 5136/383/1278
f 5121/377/1260 5122/379/1267 5134/379/1279 5133/377/1261
f 5128/391/1249 5117/393/1264 5129/393/1276 5140/391/1273
f 5118/371/1263 5119/373/1268 5131/373/1280 5130/371/1275
f 5125/385/1265 5126/387/1269 5138/387/1281 5137/385/1277
f 5122/379/1267 5123/381/1270 5135/381/1282 5134/379/1279
f 5119/373/1268 5120/375/1259 5132/375/1262 5131/373/1280
f 5126/387/1269 5127/389/1250 5139/389/1274 5138/387/1281
f 5123/381/1270 5124/383/1543 5136/383/1278 5135/381/1282
f 5151/389/1544 5152/391/1284 5308/391/1285 5307/389/1286
f 5139/389/1274 5140/391/1273 5152/391/1287 5151/389/1288
f 5129/368/1276 5130/371/1275 5142/371/1289 5141/368/1290
f 5136/383/1278 5137/385/1277 5149/385/1291 5148/383/1292
f 5133/377/1261 5134/379/1279 5146/379/1293 5145/377/1271
f 5140/391/1273 5129/393/1276 5141/393/1290 5152/391/1287
f 5130/371/1275 5131/373/1280 5143/373/1294 5142/371/1289
f 5137/385/1277 5138/387/1281 5150/387/1295 5149/385/1291
f 5134/379/1279 5135/381/1282 5147/381/1296 5146/379/1293
f 5131/373/1280 5132/375/1262 5144/375/1272 5143/373/1294
f 5138/387/1281 5139/389/1274 5151/389/1288 5150/387/1295
f 5135/381/1282 5136/383/1278 5148/383/1292 5147/381/1296
f 5160/382/1205 5159/380/1297 5171/380/1298 5172/382/1299
f 5060/382/1197 5058/380/1195 5159/380/1297 5160/382/1205
f 5058/380/1195 5056/378/1193 5158/378/1300 5159/380/1297
f 5056/378/1193 5054/376/1191 5157/376/1301 5158/378/1300
f 5054/376/1191 5052/374/1189 5156/374/1302 5157/376/1301
f 5046/392/1184 5068/390/1207 5164/390/1303 5153/392/1304
f 5048/370/1185 5046/369/1184 5153/369/1304 5154/370/1305
f 5052/374/1189 5050/372/1187 5155/372/1306 5156/374/1302
f 5068/390/1207 5066/388/1203 5163/388/1307 5164/390/1303
f 5050/372/1187 5048/370/1185 5154/370/1305 5155/372/1306
f 5066/388/1203 5064/386/1201 5162/386/1308 5163/388/1307
f 5064/386/1201 5062/384/1199 5161/384/1206 5162/386/1308
f 5175/388/1309 5174/386/1310 5186/386/1311 5187/388/1312
f 5157/376/1301 5156/374/1302 5168/374/1313 5169/376/1314
f 5164/390/1303 5163/388/1307 5175/388/1309 5176/390/1315
f 5154/370/1305 5153/369/1304 5165/369/1316 5166/370/1317
f 5161/384/1206 5160/382/1205 5172/382/1299 5173/384/1318
f 5158/378/1300 5157/376/1301 5169/376/1314 5170/378/1319
f 5153/392/1304 5164/390/1303 5176/390/1315 5165/392/1316
f 5155/372/1306 5154/370/1305 5166/370/1317 5167/372/1320
f 5162/386/1308 5161/384/1206 5173/384/1318 5174/386/1310
f 5159/380/1297 5158/378/1300 5170/378/1319 5171/380/1298
f 5156/374/1302 5155/372/1306 5167/372/1320 5168/374/1313
f 5163/388/1307 5162/386/1308 5174/386/1310 5175/388/1309
f 5180/374/1321 5179/372/1322 5191/372/1323 5192/374/1324
f 5172/382/1299 5171/380/1298 5183/380/1325 5184/382/1326
f 5169/376/1314 5168/374/1313 5180/374/1321 5181/376/1327
f 5176/390/1315 5175/388/1309 5187/388/1312 5188/390/1328
f 5166/370/1317 5165/369/1316 5177/369/1329 5178/370/1330
f 5173/384/1318 5172/382/1299 5184/382/1326 5185/384/1331
f 5170/378/1319 5169/376/1314 5181/376/1327 5182/378/1332
f 5165/392/1316 5176/390/1315 5188/390/1328 5177/392/1329
f 5167/372/1320 5166/370/1317 5178/370/1330 5179/372/1322
f 5174/386/1310 5173/384/1318 5185/384/1331 5186/386/1311
f 5171/380/1298 5170/378/1319 5182/378/1332 5183/380/1325
f 5168/374/1313 5167/372/1320 5179/372/1322 5180/374/1321
f 5192/374/1324 5191/372/1323 5203/372/1333 5204/374/1334
f 5187/388/1312 5186/386/1311 5198/386/1335 5199/388/1336
f 5184/382/1326 5183/380/1325 5195/380/1337 5196/382/1338
f 5181/376/1327 5180/374/1321 5192/374/1324 5193/376/1339
f 5188/390/1328 5187/388/1312 5199/388/1336 5200/390/1340
f 5178/370/1330 5177/369/1329 5189/369/1341 5190/370/1342
f 5185/384/1331 5184/382/1326 5196/382/1338 5197/384/1343
f 5182/378/1332 5181/376/1327 5193/376/1339 5194/378/1344
f 5177/392/1329 5188/390/1328 5200/390/1340 5189/392/1341
f 5179/372/1322 5178/370/1330 5190/370/1342 5191/372/1323
f 5186/386/1311 5185/384/1331 5197/384/1343 5198/386/1335
f 5183/380/1325 5182/378/1332 5194/378/1344 5195/380/1337
f 5207/380/1345 5206/378/1346 5218/378/1347 5219/380/1348
f 5199/388/1336 5198/386/1335 5210/386/1349 5211/388/1350
f 5196/382/1338 5195/380/1337 5207/380/1345 5208/382/1351
f 5193/376/1339 5192/374/1324 5204/374/1334 5205/376/1352
f 5200/390/1340 5199/388/1336 5211/388/1350 5212/390/1353
f 5190/370/1342 5189/369/1341 5201/369/1354 5202/370/1355
f 5197/384/1343 5196/382/1338 5208/382/1351 5209/384/1356
f 5194/378/1344 5193/376/1339 5205/376/1352 5206/378/1346
f 5189/392/1341 5200/390/1340 5212/390/1353 5201/392/1354
f 5191/372/1323 5190/370/1342 5202/370/1355 5203/372/1333
f 5198/386/1335 5197/384/1343 5209/384/1356 5210/386/1349
f 5195/380/1337 5194/378/1344 5206/378/1346 5207/380/1345
f 5219/380/1348 5218/378/1347 5230/378/1357 5231/380/1358
f 5204/374/1334 5203/372/1333 5215/372/1359 5216/374/1360
f 5211/388/1350 5210/386/1349 5222/386/1361 5223/388/1362
f 5208/382/1351 5207/380/1345 5219/380/1348 5220/382/1363
f 5205/376/1352 5204/374/1334 5216/374/1360 5217/376/1364
f 5212/390/1353 5211/388/1350 5223/388/1362 5224/390/1365
f 5202/370/1355 5201/369/1354 5213/369/1366 5214/370/1367
f 5209/384/1356 5208/382/1351 5220/382/1363 5221/384/1368
f 5206/378/1346 5205/376/1352 5217/376/1364 5218/378/1347
f 5201/392/1354 5212/390/1353 5224/390/1365 5213/392/1366
f 5203/372/1333 5202/370/1355 5214/370/1367 5215/372/1359
f 5210/386/1349 5209/384/1356 5221/384/1368 5222/386/1361
f 5234/386/1369 5233/384/1370 5245/384/1371 5246/386/1372
f 5216/374/1360 5215/372/1359 5227/372/1373 5228/374/1374
f 5223/388/1362 5222/386/1361 5234/386/1369 5235/388/1375
f 5220/382/1363 5219/380/1348 5231/380/1358 5232/382/1376
f 5217/376/1364 5216/374/1360 5228/374/1374 5229/376/1377
f 5224/390/1365 5223/388/1362 5235/388/1375 5236/390/1378
f 5214/370/1367 5213/369/1366 5225/369/1379 5226/370/1380
f 5221/384/1368 5220/382/1363 5232/382/1376 5233/384/1370
f 5218/378/1347 5217/376/1364 5229/376/1377 5230/378/1357
f 5213/392/1366 5224/390/1365 5236/390/1378 5225/392/1379
f 5215/372/1359 5214/370/1367 5226/370/1380 5227/372/1373
f 5222/386/1361 5221/384/1368 5233/384/1370 5234/386/1369
f 5239/372/1381 5238/370/1382 5250/370/1383 5251/372/1545
f 5231/380/1358 5230/378/1357 5242/378/1385 5243/380/1386
f 5228/374/1374 5227/372/1373 5239/372/1381 5240/374/1387
f 5235/388/1375 5234/386/1369 5246/386/1372 5247/388/1388
f 5232/382/1376 5231/380/1358 5243/380/1386 5244/382/1389
f 5229/376/1377 5228/374/1374 5240/374/1387 5241/376/1390
f 5236/390/1378 5235/388/1375 5247/388/1388 5248/390/1546
f 5226/370/1380 5225/369/1379 5237/369/1392 5238/370/1382
f 5233/384/1370 5232/382/1376 5244/382/1389 5245/384/1371
f 5230/378/1357 5229/376/1377 5241/376/1390 5242/378/1385
f 5225/392/1379 5236/390/1378 5248/390/1546 5237/392/1392
f 5227/372/1373 5226/370/1380 5238/370/1382 5239/372/1381
f 5249/392/1393 5260/390/1394 5272/390/1395 5261/392/1396
f 5246/386/1372 5245/384/1371 5257/384/1397 5258/386/1398
f 5243/380/1386 5242/378/1385 5254/378/1399 5255/380/1400
f 5240/374/1387 5239/372/1381 5251/372/1545 5252/374/1401
f 5247/388/1388 5246/386/1372 5258/386/1398 5259/388/1402
f 5244/382/1389 5243/380/1386 5255/380/1400 5256/382/1403
f 5241/376/1390 5240/374/1387 5252/374/1401 5253/376/1404
f 5248/390/1546 5247/388/1388 5259/388/1402 5260/390/1394
f 5238/370/1382 5237/369/1392 5249/369/1393 5250/370/1383
f 5245/384/1371 5244/382/1389 5256/382/1403 5257/384/1397
f 5242/378/1385 5241/376/1390 5253/376/1404 5254/378/1399
f 5237/392/1392 5248/390/1546 5260/390/1394 5249/392/1393
f 5266/378/1405 5265/376/1406 5277/376/1407 5278/378/1408
f 5251/372/1545 5250/370/1383 5262/370/1409 5263/372/1410
f 5258/386/1398 5257/384/1397 5269/384/1411 5270/386/1412
f 5255/380/1400 5254/378/1399 5266/378/1405 5267/380/1413
f 5252/374/1401 5251/372/1545 5263/372/1410 5264/374/1414
f 5259/388/1402 5258/386/1398 5270/386/1412 5271/388/1415
f 5256/382/1403 5255/380/1400 5267/380/1413 5268/382/1416
f 5253/376/1404 5252/374/1401 5264/374/1414 5265/376/1406
f 5260/390/1394 5259/388/1402 5271/388/1415 5272/390/1395
f 5250/370/1383 5249/369/1393 5261/369/1396 5262/370/1409
f 5257/384/1397 5256/382/1403 5268/382/1416 5269/384/1411
f 5254/378/1399 5253/376/1404 5265/376/1406 5266/378/1405
f 5278/378/1408 5277/376/1407 5289/376/1417 5290/378/1418
f 5261/392/1396 5272/390/1395 5284/390/1419 5273/392/1420
f 5263/372/1410 5262/370/1409 5274/370/1421 5275/372/1422
f 5270/386/1412 5269/384/1411 5281/384/1423 5282/386/1547
f 5267/380/1413 5266/378/1405 5278/378/1408 5279/380/1425
f 5264/374/1414 5263/372/1410 5275/372/1422 5276/374/1426
f 5271/388/1415 5270/386/1412 5282/386/1547 5283/388/1427
f 5268/382/1416 5267/380/1413 5279/380/1425 5280/382/1428
f 5265/376/1406 5264/374/1414 5276/374/1426 5277/376/1407
f 5272/390/1395 5271/388/1415 5283/388/1427 5284/390/1419
f 5262/370/1409 5261/369/1396 5273/369/1420 5274/370/1421
f 5269/384/1411 5268/382/1416 5280/382/1428 5281/384/1423
f 5335/394/1429 5336/395/1430 5288/374/1431 5287/372/1432
f 5273/392/1420 5284/390/1419 5296/390/1433 5285/392/1434
f 5275/372/1422 5274/370/1421 5286/370/1548 5287/372/1432
f 5282/386/1547 5281/384/1423 5293/384/1436 5294/386/1437
f 5279/380/1425 5278/378/1408 5290/378/1418 5291/380/1438
f 5276/374/1426 5275/372/1422 5287/372/1432 5288/374/1431
f 5283/388/1427 5282/386/1547 5294/386/1437 5295/388/1439
f 5280/382/1428 5279/380/1425 5291/380/1438 5292/382/1440
f 5277/376/1407 5276/374/1426 5288/374/1431 5289/376/1417
f 5284/390/1419 5283/388/1427 5295/388/1439 5296/390/1433
f 5274/370/1421 5273/369/1420 5285/369/1434 5286/370/1548
f 5281/384/1423 5280/382/1428 5292/382/1440 5293/384/1436
f 5301/377/1441 5302/379/1442 5314/379/1443 5313/377/1444
f 5141/368/1445 5142/371/1446 5298/371/1447 5297/368/1448
f 5148/383/1449 5149/385/1450 5305/385/1451 5304/383/1452
f 5145/377/1453 5146/379/1454 5302/379/1442 5301/377/1441
f 5152/391/1284 5141/393/1445 5297/393/1448 5308/391/1285
f 5142/371/1446 5143/373/1455 5299/373/1456 5298/371/1447
f 5149/385/1450 5150/387/1457 5306/387/1458 5305/385/1451
f 5146/379/1454 5147/381/1459 5303/381/1460 5302/379/1442
f 5143/373/1455 5144/375/1461 5300/375/1462 5299/373/1456
f 5150/387/1457 5151/389/1544 5307/389/1286 5306/387/1458
f 5147/381/1459 5148/383/1449 5304/383/1452 5303/381/1460
f 5144/375/1461 5145/377/1453 5301/377/1441 5300/375/1462
f 5313/377/1444 5314/379/1443 5326/379/1463 5325/377/1464
f 5308/391/1285 5297/393/1448 5309/393/1465 5320/391/1466
f 5298/371/1447 5299/373/1456 5311/373/1467 5310/371/1468
f 5305/385/1451 5306/387/1458 5318/387/1469 5317/385/1470
f 5302/379/1442 5303/381/1460 5315/381/1471 5314/379/1443
f 5299/373/1456 5300/375/1462 5312/375/1472 5311/373/1467
f 5306/387/1458 5307/389/1286 5319/389/1473 5318/387/1469
f 5303/381/1460 5304/383/1452 5316/383/1474 5315/381/1471
f 5300/375/1462 5301/377/1441 5313/377/1444 5312/375/1472
f 5307/389/1286 5308/391/1285 5320/391/1466 5319/389/1473
f 5297/368/1448 5298/371/1447 5310/371/1468 5309/368/1465
f 5304/383/1452 5305/385/1451 5317/385/1470 5316/383/1474
f 5328/383/1475 5329/385/1476 5341/396/1477 5340/397/1478
f 5320/391/1466 5309/393/1465 5321/393/1479 5332/391/1480
f 5310/371/1468 5311/373/1467 5323/373/1481 5322/371/1482
f 5317/385/1470 5318/387/1469 5330/387/1483 5329/385/1476
f 5314/379/1443 5315/381/1471 5327/381/1484 5326/379/1463
f 5311/373/1467 5312/375/1472 5324/375/1485 5323/373/1481
f 5318/387/1469 5319/389/1473 5331/389/1486 5330/387/1483
f 5315/381/1471 5316/383/1474 5328/383/1475 5327/381/1484
f 5312/375/1472 5313/377/1444 5325/377/1464 5324/375/1485
f 5319/389/1473 5320/391/1466 5332/391/1480 5331/389/1486
f 5309/368/1465 5310/371/1468 5322/371/1482 5321/368/1479
f 5316/383/1474 5317/385/1470 5329/385/1476 5328/383/1475
f 5334/398/1487 5335/394/1429 5287/372/1432 5286/370/1548
f 5325/377/1464 5326/379/1463 5338/399/1488 5337/400/1489
f 5332/391/1480 5321/393/1479 5333/401/1490 5344/402/1549
f 5322/371/1482 5323/373/1481 5335/394/1429 5334/398/1487
f 5329/385/1476 5330/387/1483 5342/403/1492 5341/396/1477
f 5326/379/1463 5327/381/1484 5339/404/1493 5338/399/1488
f 5323/373/1481 5324/375/1485 5336/395/1430 5335/394/1429
f 5330/387/1483 5331/389/1486 5343/405/1494 5342/403/1492
f 5327/381/1484 5328/383/1475 5340/397/1478 5339/404/1493
f 5324/375/1485 5325/377/1464 5337/400/1489 5336/395/1430
f 5331/389/1486 5332/391/1480 5344/402/1549 5343/405/1494
f 5321/368/1479 5322/371/1482 5334/398/1487 5333/406/1490
f 5336/395/1430 5337/400/1489 5289/376/1417 5288/374/1431
f 5337/400/1489 5338/399/1488 5290/378/1418 5289/376/1417
f 5338/399/1488 5339/404/1493 5291/380/1438 5290/378/1418
f 5339/404/1493 5340/397/1478 5292/382/1440 5291/380/1438
f 5340/397/1478 5341/396/1477 5293/384/1436 5292/382/1440
f 5341/396/1477 5342/403/1492 5294/386/1437 5293/384/1436
f 5342/403/1492 5343/405/1494 5295/388/1439 5294/386/1437
f 5343/405/1494 5344/402/1549 5296/390/1433 5295/388/1439
f 5344/402/1549 5333/401/1490 5285/392/1434 5296/390/1433
f 5333/406/1490 5334/398/1487 5286/370/1548 5285/369/1434
f 5345/368/1495 5346/369/1496 5348/370/1497 5347/371/1498
f 5347/371/1498 5348/370/1497 5350/372/1499 5349/373/1500
f 5349/373/1500 5350/372/1499 5352/374/1501 5351/375/1502
f 5351/375/1502 5352/374/1501 5354/376/1503 5353/377/1504
f 5353/377/1504 5354/376/1503 5356/378/1505 5355/379/1506
f 5355/379/1506 5356/378/1505 5358/380/1507 5357/381/1508
f 5357/381/1508 5358/380/1507 5360/382/1509 5359/383/1510
f 5359/383/1510 5360/382/1509 5362/384/1511 5361/385/1512
f 5361/385/1512 5362/384/1511 5364/386/1513 5363/387/1514
f 5363/387/1514 5364/386/1513 5366/388/1515 5365/389/1516
f 5348/407/1497 5346/408/1496 5368/409/1517 5366/410/1515 5364/411/1513 5362/412/1511 5360/413/1509 5358/414/1507 5356/415/1505 5354/416/1503 5352/417/1501 5350/418/1499
f 5365/389/1516 5366/388/1515 5368/390/1517 5367/391/1518
f 5367/391/1518 5368/390/1517 5346/392/1496 5345/393/1495
f 5345/419/1495 5347/420/1498 5349/421/1500 5351/422/1502 5353/423/1504 5355/424/1506 5357/425/1508 5359/426/1510 5361/427/1512 5363/428/1514 5365/429/1516 5367/430/1518
f 5369/368/1495 5370/369/1521 5372/370/1497 5371/371/1498
f 5371/371/1498 5372/370/1497 5374/372/1499 5373/373/1500
f 5373/373/1500 5374/372/1499 5376/374/1501 5375/375/1502
f 5375/375/1502 5376/374/1501 5378/376/1503 5377/377/1504
f 5377/377/1504 5378/376/1503 5380/378/1505 5379/379/1506
f 5379/379/1506 5380/378/1505 5382/380/1507 5381/381/1508
f 5381/381/1508 5382/380/1507 5384/382/1509 5383/383/1510
f 5383/383/1510 5384/382/1509 5386/384/1511 5385/385/1512
f 5385/385/1512 5386/384/1511 5388/386/1513 5387/387/1514
f 5387/387/1514 5388/386/1513 5390/388/1515 5389/389/1516
f 5372/407/1497 5370/408/1521 5392/409/1517 5390/410/1515 5388/411/1513 5386/412/1511 5384/413/1509 5382/414/1507 5380/415/1505 5378/416/1503 5376/417/1501 5374/418/1499
f 5389/389/1516 5390/388/1515 5392/390/1517 5391/391/1520
f 5391/391/1520 5392/390/1517 5370/392/1521 5369/393/1495
f 5369/419/1495 5371/420/1498 5373/421/1500 5375/422/1502 5377/423/1504 5379/424/1506 5381/425/1508 5383/426/1510 5385/427/1512 5387/428/1514 5389/429/1516 5391/430/1520
f 5393/368/1495 5394/369/1521 5396/370/1497 5395/371/1498
f 5395/371/1498 5396/370/1497 5398/372/1499 5397/373/1500
f 5397/373/1500 5398/372/1499 5400/374/1501 5399/375/1502
f 5399/375/1502 5400/374/1501 5402/376/1503 5401/377/1504
f 5401/377/1504 5402/376/1503 5404/378/1505 5403/379/1522
f 5403/379/1522 5404/378/1505 5406/380/1507 5405/381/1508
f 5405/381/1508 5406/380/1507 5408/382/1509 5407/383/1510
f 5407/383/1510 5408/382/1509 5410/384/1511 5409/385/1512
f 5409/385/1512 5410/384/1511 5412/386/1513 5411/387/1514
f 5411/387/1514 5412/386/1513 5414/388/1515 5413/389/1516
f 5396/407/1497 5394/408/1521 5416/409/1517 5414/410/1515 5412/411/1513 5410/412/1511 5408/413/1509 5406/414/1507 5404/415/1505 5402/416/1503 5400/417/1501 5398/418/1499
f 5413/389/1516 5414/388/1515 5416/390/1517 5415/391/1520
f 5415/391/1520 5416/390/1517 5394/392/1521 5393/393/1495
f 5393/419/1495 5395/420/1498 5397/421/1500 5399/422/1502 5401/423/1504 5403/424/1522 5405/425/1508 5407/426/1510 5409/427/1512 5411/428/1514 5413/429/1516 5415/430/1520
f 5417/368/1495 5418/369/1521 5420/370/1497 5419/371/1498
f 5419/371/1498 5420/370/1497 5422/372/1499 5421/373/1500
f 5421/373/1500 5422/372/1499 5424/374/1501 5423/375/1502
f 5423/375/1502 5424/374/1501 5426/376/1503 5425/377/1504
f 5425/377/1504 5426/376/1503 5428/378/1505 5427/379/1506
f 5427/379/1506 5428/378/1505 5430/380/1507 5429/381/1508
f 5429/381/1508 5430/380/1507 5432/382/1509 5431/383/1510
f 5431/383/1510 5432/382/1509 5434/384/1511 5433/385/1519
f 5433/385/1519 5434/384/1511 5436/386/1513 5435/387/1514
f 5435/387/1514 5436/386/1513 5438/388/1515 5437/389/1516
f 5420/407/1497 5418/408/1521 5440/409/1517 5438/410/1515 5436/411/1513 5434/412/1511 5432/413/1509 5430/414/1507 5428/415/1505 5426/416/1503 5424/417/1501 5422/418/1499
f 5437/389/1516 5438/388/1515 5440/390/1517 5439/391/1520
f 5439/391/1520 5440/390/1517 5418/392/1521 5417/393/1495
f 5417/419/1495 5419/420/1498 5421/421/1500 5423/422/1502 5425/423/1504 5427/424/1506 5429/425/1508 5431/426/1510 5433/427/1519 5435/428/1514 5437/429/1516 5439/430/1520
f 5441/368/1495 5442/369/1521 5444/370/1497 5443/371/1498
f 5443/371/1498 5444/370/1497 5446/372/1499 5445/373/1500
f 5445/373/1500 5446/372/1499 5448/374/1501 5447/375/1502
f 5447/375/1502 5448/374/1501 5450/376/1503 5449/377/1504
f 5449/377/1504 5450/376/1503 5452/378/1505 5451/379/1522
f 5451/379/1522 5452/378/1505 5454/380/1507 5453/381/1508
f 5453/381/1508 5454/380/1507 5456/382/1509 5455/383/1510
f 5455/383/1510 5456/382/1509 5458/384/1511 5457/385/1519
f 5457/385/1519 5458/384/1511 5460/386/1513 5459/387/1514
f 5459/387/1514 5460/386/1513 5462/388/1515 5461/389/1516
f 5444/407/1497 5442/408/1521 5464/409/1517 5462/410/1515 5460/411/1513 5458/412/1511 5456/413/1509 5454/414/1507 5452/415/1505 5450/416/1503 5448/417/1501 5446/418/1499
f 5461/389/1516 5462/388/1515 5464/390/1517 5463/391/1520
f 5463/391/1520 5464/390/1517 5442/392/1521 5441/393/1495
f 5441/419/1495 5443/420/1498 5445/421/1500 5447/422/1502 5449/423/1504 5451/424/1522 5453/425/1508 5455/426/1510 5457/427/1519 5459/428/1514 5461/429/1516 5463/430/1520
f 5465/368/1495 5466/369/1521 5468/370/1497 5467/371/1498
f 5467/371/1498 5468/370/1497 5470/372/1499 5469/373/1500
f 5469/373/1500 5470/372/1499 5472/374/1501 5471/375/1502
f 5471/375/1502 5472/374/1501 5474/376/1503 5473/377/1504
f 5473/377/1504 5474/376/1503 5476/378/1505 5475/379/1506
f 5475/379/1506 5476/378/1505 5478/380/1507 5477/381/1508
f 5477/381/1508 5478/380/1507 5480/382/1509 5479/383/1510
f 5479/383/1510 5480/382/1509 5482/384/1511 5481/385/1512
f 5481/385/1512 5482/384/1511 5484/386/1513 5483/387/1514
f 5483/387/1514 5484/386/1513 5486/388/1515 5485/389/1516
f 5468/407/1497 5466/408/1521 5488/409/1517 5486/410/1515 5484/411/1513 5482/412/1511 5480/413/1509 5478/414/1507 5476/415/1505 5474/416/1503 5472/417/1501 5470/418/1499
f 5485/389/1516 5486/388/1515 5488/390/1517 5487/391/1520
f 5487/391/1520 5488/390/1517 5466/392/1521 5465/393/1495
f 5465/419/1495 5467/420/1498 5469/421/1500 5471/422/1502 5473/423/1504 5475/424/1506 5477/425/1508 5479/426/1510 5481/427/1512 5483/428/1514 5485/429/1516 5487/430/1520
f 5489/368/1495 5490/369/1496 5492/370/1497 5491/371/1498
f 5491/371/1498 5492/370/1497 5494/372/1499 5493/373/1500
f 5493/373/1500 5494/372/1499 5496/374/1501 5495/375/1502
f 5495/375/1502 5496/374/1501 5498/376/1503 5497/377/1504
f 5497/377/1504 5498/376/1503 5500/378/1505 5499/379/1506
f 5499/379/1506 5500/378/1505 5502/380/1507 5501/381/1508
f 5501/381/1508 5502/380/1507 5504/382/1509 5503/383/1510
f 5503/383/1510 5504/382/1509 5506/384/1511 5505/385/1519
f 5505/385/1519 5506/384/1511 5508/386/1513 5507/387/1514
f 5507/387/1514 5508/386/1513 5510/388/1515 5509/389/1516
f 5492/407/1497 5490/408/1496 5512/409/1517 5510/410/1515 5508/411/1513 5506/412/1511 5504/413/1509 5502/414/1507 5500/415/1505 5498/416/1503 5496/417/1501 5494/418/1499
f 5509/389/1516 5510/388/1515 5512/390/1517 5511/391/1520
f 5511/391/1520 5512/390/1517 5490/392/1496 5489/393/1495
f 5489/419/1495 5491/420/1498 5493/421/1500 5495/422/1502 5497/423/1504 5499/424/1506 5501/425/1508 5503/426/1510 5505/427/1519 5507/428/1514 5509/429/1516 5511/430/1520
f 5148/383/1289 5147/381/1290 5519/381/1524 5520/383/1525
f 5145/377/1526 5144/375/1295 5516/375/1527 5517/377/1528
f 5151/389/1529 5152/391/1529 5524/391/1529 5523/389/1529
f 5142/371/1292 5141/368/1296 5513/368/1530 5514/371/1531
f 5149/385/1294 5148/383/1289 5520/383/1525 5521/385/1532
f 5146/379/1287 5145/377/1526 5517/377/1528 5518/379/1533
f 5141/393/1296 5152/391/1534 5524/391/1535 5513/393/1530
f 5143/373/1291 5142/371/1292 5514/371/1531 5515/373/1536
f 5150/387/1272 5149/385/1294 5521/385/1532 5522/387/1537
f 5147/381/1290 5146/379/1287 5518/379/1533 5519/381/1524
f 5144/375/1295 5143/373/1291 5515/373/1536 5516/375/1527
f 5151/389/1538 5150/387/1272 5522/387/1537 5523/389/1539
f 5513/393/1530 5524/391/1535 5523/389/1539 5522/387/1537 5521/385/1532 5520/383/1525 5519/381/1524 5518/379/1533 5517/377/1528 5516/375/1527 5515/373/1536 5514/371/1531
f 5525/368/1183 5526/369/1184 5528/370/1185 5527/371/1186
f 5527/371/1186 5528/370/1185 5530/372/1187 5529/373/1188
f 5529/373/1188 5530/372/1187 5532/374/1189 5531/375/1190
f 5531/375/1190 5532/374/1189 5534/376/1191 5533/377/1192
f 5533/377/1192 5534/376/1191 5536/378/1193 5535/379/1194
f 5535/379/1194 5536/378/1193 5538/380/1195 5537/381/1196
f 5537/381/1196 5538/380/1195 5540/382/1197 5539/383/1198
f 5539/383/1198 5540/382/1197 5542/384/1199 5541/385/1200
f 5541/385/1200 5542/384/1199 5544/386/1550 5543/387/1202
f 5543/387/1202 5544/386/1550 5546/388/1203 5545/389/1204
f 5542/384/1199 5540/382/1197 5640/382/1205 5641/384/1206
f 5545/389/1204 5546/388/1203 5548/390/1207 5547/391/1208
f 5547/391/1208 5548/390/1207 5526/392/1184 5525/393/1183
f 5535/379/1194 5537/381/1196 5555/381/1209 5554/379/1210
f 5553/377/1211 5554/379/1210 5566/379/1212 5565/377/1213
f 5533/377/1192 5535/379/1194 5554/379/1210 5553/377/1211
f 5531/375/1190 5533/377/1192 5553/377/1211 5552/375/1214
f 5547/391/1208 5525/393/1183 5549/393/1215 5560/391/1216
f 5525/368/1183 5527/371/1186 5550/371/1217 5549/368/1215
f 5529/373/1188 5531/375/1190 5552/375/1214 5551/373/1218
f 5545/389/1204 5547/391/1208 5560/391/1216 5559/389/1219
f 5527/371/1186 5529/373/1188 5551/373/1218 5550/371/1217
f 5543/387/1202 5545/389/1204 5559/389/1219 5558/387/1220
f 5541/385/1200 5543/387/1202 5558/387/1220 5557/385/1221
f 5539/383/1198 5541/385/1200 5557/385/1221 5556/383/1222
f 5537/381/1196 5539/383/1198 5556/383/1222 5555/381/1209
f 5568/383/1223 5569/385/1224 5581/385/1225 5580/383/1226
f 5560/391/1216 5549/393/1215 5561/393/1227 5572/391/1228
f 5550/371/1217 5551/373/1218 5563/373/1229 5562/371/1551
f 5557/385/1221 5558/387/1220 5570/387/1231 5569/385/1224
f 5554/379/1210 5555/381/1209 5567/381/1232 5566/379/1212
f 5551/373/1218 5552/375/1214 5564/375/1233 5563/373/1229
f 5558/387/1220 5559/389/1219 5571/389/1234 5570/387/1231
f 5555/381/1209 5556/383/1222 5568/383/1223 5567/381/1232
f 5552/375/1214 5553/377/1211 5565/377/1213 5564/375/1233
f 5559/389/1219 5560/391/1216 5572/391/1228 5571/389/1234
f 5549/368/1215 5550/371/1217 5562/371/1551 5561/368/1227
f 5556/383/1222 5557/385/1221 5569/385/1224 5568/383/1223
f 5573/368/1235 5574/371/1236 5586/371/1237 5585/368/1542
f 5565/377/1213 5566/379/1212 5578/379/1239 5577/377/1240
f 5572/391/1228 5561/393/1227 5573/393/1235 5584/391/1241
f 5562/371/1551 5563/373/1229 5575/373/1242 5574/371/1236
f 5569/385/1224 5570/387/1231 5582/387/1243 5581/385/1225
f 5566/379/1212 5567/381/1232 5579/381/1244 5578/379/1239
f 5563/373/1229 5564/375/1233 5576/375/1245 5575/373/1242
f 5570/387/1231 5571/389/1234 5583/389/1246 5582/387/1243
f 5567/381/1232 5568/383/1223 5580/383/1226 5579/381/1244
f 5564/375/1233 5565/377/1213 5577/377/1240 5576/375/1245
f 5571/389/1234 5572/391/1228 5584/391/1241 5583/389/1246
f 5561/368/1227 5562/371/1551 5574/371/1236 5573/368/1235
f 5595/389/1247 5596/391/1248 5608/391/1249 5607/389/1250
f 5580/383/1226 5581/385/1225 5593/385/1251 5592/383/1252
f 5577/377/1240 5578/379/1239 5590/379/1253 5589/377/1254
f 5584/391/1241 5573/393/1235 5585/393/1542 5596/391/1248
f 5574/371/1236 5575/373/1242 5587/373/1255 5586/371/1237
f 5581/385/1225 5582/387/1243 5594/387/1552 5593/385/1251
f 5578/379/1239 5579/381/1244 5591/381/1257 5590/379/1253
f 5575/373/1242 5576/375/1245 5588/375/1258 5587/373/1255
f 5582/387/1243 5583/389/1246 5595/389/1247 5594/387/1552
f 5579/381/1244 5580/383/1226 5592/383/1252 5591/381/1257
f 5576/375/1245 5577/377/1240 5589/377/1254 5588/375/1258
f 5583/389/1246 5584/391/1241 5596/391/1248 5595/389/1247
f 5600/375/1259 5601/377/1260 5613/377/1261 5612/375/1262
f 5585/368/1542 5586/371/1237 5598/371/1263 5597/368/1553
f 5592/383/1252 5593/385/1251 5605/385/1265 5604/383/1543
f 5589/377/1254 5590/379/1253 5602/379/1267 5601/377/1260
f 5596/391/1248 5585/393/1542 5597/393/1553 5608/391/1249
f 5586/371/1237 5587/373/1255 5599/373/1268 5598/371/1263
f 5593/385/1251 5594/387/1552 5606/387/1269 5605/385/1265
f 5590/379/1253 5591/381/1257 5603/381/1270 5602/379/1267
f 5587/373/1255 5588/375/1258 5600/375/1259 5599/373/1268
f 5594/387/1552 5595/389/1247 5607/389/1250 5606/387/1269
f 5591/381/1257 5592/383/1252 5604/383/1543 5603/381/1270
f 5588/375/1258 5589/377/1254 5601/377/1260 5600/375/1259
f 5612/375/1262 5613/377/1261 5625/377/1271 5624/375/1272
f 5607/389/1250 5608/391/1249 5620/391/1273 5619/389/1274
f 5597/368/1553 5598/371/1263 5610/371/1275 5609/368/1276
f 5604/383/1543 5605/385/1265 5617/385/1277 5616/383/1278
f 5601/377/1260 5602/379/1267 5614/379/1279 5613/377/1261
f 5608/391/1249 5597/393/1553 5609/393/1276 5620/391/1273
f 5598/371/1263 5599/373/1268 5611/373/1280 5610/371/1275
f 5605/385/1265 5606/387/1269 5618/387/1281 5617/385/1277
f 5602/379/1267 5603/381/1270 5615/381/1282 5614/379/1279
f 5599/373/1268 5600/375/1259 5612/375/1262 5611/373/1280
f 5606/387/1269 5607/389/1250 5619/389/1274 5618/387/1281
f 5603/381/1270 5604/383/1543 5616/383/1278 5615/381/1282
f 5631/389/1544 5632/391/1284 5788/391/1285 5787/389/1286
f 5619/389/1274 5620/391/1273 5632/391/1287 5631/389/1288
f 5609/368/1276 5610/371/1275 5622/371/1554 5621/368/1290
f 5616/383/1278 5617/385/1277 5629/385/1291 5628/383/1292
f 5613/377/1261 5614/379/1279 5626/379/1293 5625/377/1271
f 5620/391/1273 5609/393/1276 5621/393/1290 5632/391/1287
f 5610/371/1275 5611/373/1280 5623/373/1294 5622/371/1554
f 5617/385/1277 5618/387/1281 5630/387/1295 5629/385/1291
f 5614/379/1279 5615/381/1282 5627/381/1296 5626/379/1293
f 5611/373/1280 5612/375/1262 5624/375/1272 5623/373/1294
f 5618/387/1281 5619/389/1274 5631/389/1288 5630/387/1295
f 5615/381/1282 5616/383/1278 5628/383/1292 5627/381/1296
f 5640/382/1205 5639/380/1297 5651/380/1298 5652/382/1299
f 5540/382/1197 5538/380/1195 5639/380/1297 5640/382/1205
f 5538/380/1195 5536/378/1193 5638/378/1300 5639/380/1297
f 5536/378/1193 5534/376/1191 5637/376/1301 5638/378/1300
f 5534/376/1191 5532/374/1189 5636/374/1302 5637/376/1301
f 5526/392/1184 5548/390/1207 5644/390/1303 5633/392/1304
f 5528/370/1185 5526/369/1184 5633/369/1304 5634/370/1305
f 5532/374/1189 5530/372/1187 5635/372/1306 5636/374/1302
f 5548/390/1207 5546/388/1203 5643/388/1307 5644/390/1303
f 5530/372/1187 5528/370/1185 5634/370/1305 5635/372/1306
f 5546/388/1203 5544/386/1550 5642/386/1308 5643/388/1307
f 5544/386/1550 5542/384/1199 5641/384/1206 5642/386/1308
f 5655/388/1309 5654/386/1310 5666/386/1311 5667/388/1312
f 5637/376/1301 5636/374/1302 5648/374/1313 5649/376/1314
f 5644/390/1303 5643/388/1307 5655/388/1309 5656/390/1315
f 5634/370/1305 5633/369/1304 5645/369/1316 5646/370/1317
f 5641/384/1206 5640/382/1205 5652/382/1299 5653/384/1318
f 5638/378/1300 5637/376/1301 5649/376/1314 5650/378/1319
f 5633/392/1304 5644/390/1303 5656/390/1315 5645/392/1316
f 5635/372/1306 5634/370/1305 5646/370/1317 5647/372/1320
f 5642/386/1308 5641/384/1206 5653/384/1318 5654/386/1310
f 5639/380/1297 5638/378/1300 5650/378/1319 5651/380/1298
f 5636/374/1302 5635/372/1306 5647/372/1320 5648/374/1313
f 5643/388/1307 5642/386/1308 5654/386/1310 5655/388/1309
f 5660/374/1321 5659/372/1322 5671/372/1323 5672/374/1324
f 5652/382/1299 5651/380/1298 5663/380/1325 5664/382/1326
f 5649/376/1314 5648/374/1313 5660/374/1321 5661/376/1327
f 5656/390/1315 5655/388/1309 5667/388/1312 5668/390/1328
f 5646/370/1317 5645/369/1316 5657/369/1329 5658/370/1330
f 5653/384/1318 5652/382/1299 5664/382/1326 5665/384/1331
f 5650/378/1319 5649/376/1314 5661/376/1327 5662/378/1332
f 5645/392/1316 5656/390/1315 5668/390/1328 5657/392/1329
f 5647/372/1320 5646/370/1317 5658/370/1330 5659/372/1322
f 5654/386/1310 5653/384/1318 5665/384/1331 5666/386/1311
f 5651/380/1298 5650/378/1319 5662/378/1332 5663/380/1325
f 5648/374/1313 5647/372/1320 5659/372/1322 5660/374/1321
f 5672/374/1324 5671/372/1323 5683/372/1333 5684/374/1334
f 5667/388/1312 5666/386/1311 5678/386/1335 5679/388/1336
f 5664/382/1326 5663/380/1325 5675/380/1337 5676/382/1338
f 5661/376/1327 5660/374/1321 5672/374/1324 5673/376/1339
f 5668/390/1328 5667/388/1312 5679/388/1336 5680/390/1340
f 5658/370/1330 5657/369/1329 5669/369/1341 5670/370/1342
f 5665/384/1331 5664/382/1326 5676/382/1338 5677/384/1343
f 5662/378/1332 5661/376/1327 5673/376/1339 5674/378/1344
f 5657/392/1329 5668/390/1328 5680/390/1340 5669/392/1341
f 5659/372/1322 5658/370/1330 5670/370/1342 5671/372/1323
f 5666/386/1311 5665/384/1331 5677/384/1343 5678/386/1335
f 5663/380/1325 5662/378/1332 5674/378/1344 5675/380/1337
f 5687/380/1345 5686/378/1346 5698/378/1347 5699/380/1348
f 5679/388/1336 5678/386/1335 5690/386/1349 5691/388/1350
f 5676/382/1338 5675/380/1337 5687/380/1345 5688/382/1351
f 5673/376/1339 5672/374/1324 5684/374/1334 5685/376/1352
f 5680/390/1340 5679/388/1336 5691/388/1350 5692/390/1353
f 5670/370/1342 5669/369/1341 5681/369/1354 5682/370/1355
f 5677/384/1343 5676/382/1338 5688/382/1351 5689/384/1356
f 5674/378/1344 5673/376/1339 5685/376/1352 5686/378/1346
f 5669/392/1341 5680/390/1340 5692/390/1353 5681/392/1354
f 5671/372/1323 5670/370/1342 5682/370/1355 5683/372/1333
f 5678/386/1335 5677/384/1343 5689/384/1356 5690/386/1349
f 5675/380/1337 5674/378/1344 5686/378/1346 5687/380/1345
f 5699/380/1348 5698/378/1347 5710/378/1357 5711/380/1358
f 5684/374/1334 5683/372/1333 5695/372/1359 5696/374/1360
f 5691/388/1350 5690/386/1349 5702/386/1361 5703/388/1362
f 5688/382/1351 5687/380/1345 5699/380/1348 5700/382/1363
f 5685/376/1352 5684/374/1334 5696/374/1360 5697/376/1364
f 5692/390/1353 5691/388/1350 5703/388/1362 5704/390/1365
f 5682/370/1355 5681/369/1354 5693/369/1366 5694/370/1367
f 5689/384/1356 5688/382/1351 5700/382/1363 5701/384/1368
f 5686/378/1346 5685/376/1352 5697/376/1364 5698/378/1347
f 5681/392/1354 5692/390/1353 5704/390/1365 5693/392/1366
f 5683/372/1333 5682/370/1355 5694/370/1367 5695/372/1359
f 5690/386/1349 5689/384/1356 5701/384/1368 5702/386/1361
f 5714/386/1369 5713/384/1370 5725/384/1371 5726/386/1372
f 5696/374/1360 5695/372/1359 5707/372/1373 5708/374/1374
f 5703/388/1362 5702/386/1361 5714/386/1369 5715/388/1375
f 5700/382/1363 5699/380/1348 5711/380/1358 5712/382/1376
f 5697/376/1364 5696/374/1360 5708/374/1374 5709/376/1377
f 5704/390/1365 5703/388/1362 5715/388/1375 5716/390/1378
f 5694/370/1367 5693/369/1366 5705/369/1555 5706/370/1380
f 5701/384/1368 5700/382/1363 5712/382/1376 5713/384/1370
f 5698/378/1347 5697/376/1364 5709/376/1377 5710/378/1357
f 5693/392/1366 5704/390/1365 5716/390/1378 5705/392/1555
f 5695/372/1359 5694/370/1367 5706/370/1380 5707/372/1373
f 5702/386/1361 5701/384/1368 5713/384/1370 5714/386/1369
f 5719/372/1381 5718/370/1382 5730/370/1383 5731/372/1545
f 5711/380/1358 5710/378/1357 5722/378/1385 5723/380/1386
f 5708/374/1374 5707/372/1373 5719/372/1381 5720/374/1387
f 5715/388/1375 5714/386/1369 5726/386/1372 5727/388/1388
f 5712/382/1376 5711/380/1358 5723/380/1386 5724/382/1389
f 5709/376/1377 5708/374/1374 5720/374/1387 5721/376/1390
f 5716/390/1378 5715/388/1375 5727/388/1388 5728/390/1391
f 5706/370/1380 5705/369/1555 5717/369/1392 5718/370/1382
f 5713/384/1370 5712/382/1376 5724/382/1389 5725/384/1371
f 5710/378/1357 5709/376/1377 5721/376/1390 5722/378/1385
f 5705/392/1555 5716/390/1378 5728/390/1391 5717/392/1392
f 5707/372/1373 5706/370/1380 5718/370/1382 5719/372/1381
f 5729/392/1393 5740/390/1394 5752/390/1556 5741/392/1396
f 5726/386/1372 5725/384/1371 5737/384/1397 5738/386/1398
f 5723/380/1386 5722/378/1385 5734/378/1399 5735/380/1400
f 5720/374/1387 5719/372/1381 5731/372/1545 5732/374/1401
f 5727/388/1388 5726/386/1372 5738/386/1398 5739/388/1557
f 5724/382/1389 5723/380/1386 5735/380/1400 5736/382/1403
f 5721/376/1390 5720/374/1387 5732/374/1401 5733/376/1404
f 5728/390/1391 5727/388/1388 5739/388/1557 5740/390/1394
f 5718/370/1382 5717/369/1392 5729/369/1393 5730/370/1383
f 5725/384/1371 5724/382/1389 5736/382/1403 5737/384/1397
f 5722/378/1385 5721/376/1390 5733/376/1404 5734/378/1399
f 5717/392/1392 5728/390/1391 5740/390/1394 5729/392/1393
f 5746/378/1405 5745/376/1406 5757/376/1407 5758/378/1408
f 5731/372/1545 5730/370/1383 5742/370/1409 5743/372/1410
f 5738/386/1398 5737/384/1397 5749/384/1411 5750/386/1412
f 5735/380/1400 5734/378/1399 5746/378/1405 5747/380/1413
f 5732/374/1401 5731/372/1545 5743/372/1410 5744/374/1414
f 5739/388/1557 5738/386/1398 5750/386/1412 5751/388/1415
f 5736/382/1403 5735/380/1400 5747/380/1413 5748/382/1416
f 5733/376/1404 5732/374/1401 5744/374/1414 5745/376/1406
f 5740/390/1394 5739/388/1557 5751/388/1415 5752/390/1556
f 5730/370/1383 5729/369/1393 5741/369/1396 5742/370/1409
f 5737/384/1397 5736/382/1403 5748/382/1416 5749/384/1411
f 5734/378/1399 5733/376/1404 5745/376/1406 5746/378/1405
f 5758/378/1408 5757/376/1407 5769/376/1417 5770/378/1418
f 5741/392/1396 5752/390/1556 5764/390/1419 5753/392/1420
f 5743/372/1410 5742/370/1409 5754/370/1421 5755/372/1422
f 5750/386/1412 5749/384/1411 5761/384/1423 5762/386/1424
f 5747/380/1413 5746/378/1405 5758/378/1408 5759/380/1425
f 5744/374/1414 5743/372/1410 5755/372/1422 5756/374/1426
f 5751/388/1415 5750/386/1412 5762/386/1424 5763/388/1427
f 5748/382/1416 5747/380/1413 5759/380/1425 5760/382/1428
f 5745/376/1406 5744/374/1414 5756/374/1426 5757/376/1407
f 5752/390/1556 5751/388/1415 5763/388/1427 5764/390/1419
f 5742/370/1409 5741/369/1396 5753/369/1420 5754/370/1421
f 5749/384/1411 5748/382/1416 5760/382/1428 5761/384/1423
f 5815/394/1429 5816/395/1430 5768/374/1431 5767/372/1432
f 5753/392/1420 5764/390/1419 5776/390/1433 5765/392/1434
f 5755/372/1422 5754/370/1421 5766/370/1435 5767/372/1432
f 5762/386/1424 5761/384/1423 5773/384/1436 5774/386/1437
f 5759/380/1425 5758/378/1408 5770/378/1418 5771/380/1438
f 5756/374/1426 5755/372/1422 5767/372/1432 5768/374/1431
f 5763/388/1427 5762/386/1424 5774/386/1437 5775/388/1439
f 5760/382/1428 5759/380/1425 5771/380/1438 5772/382/1440
f 5757/376/1407 5756/374/1426 5768/374/1431 5769/376/1417
f 5764/390/1419 5763/388/1427 5775/388/1439 5776/390/1433
f 5754/370/1421 5753/369/1420 5765/369/1434 5766/370/1435
f 5761/384/1423 5760/382/1428 5772/382/1440 5773/384/1436
f 5781/377/1441 5782/379/1442 5794/379/1443 5793/377/1444
f 5621/368/1445 5622/371/1446 5778/371/1447 5777/368/1448
f 5628/383/1449 5629/385/1450 5785/385/1451 5784/383/1452
f 5625/377/1453 5626/379/1454 5782/379/1442 5781/377/1441
f 5632/391/1284 5621/393/1445 5777/393/1448 5788/391/1285
f 5622/371/1446 5623/373/1455 5779/373/1456 5778/371/1447
f 5629/385/1450 5630/387/1457 5786/387/1458 5785/385/1451
f 5626/379/1454 5627/381/1459 5783/381/1460 5782/379/1442
f 5623/373/1455 5624/375/1461 5780/375/1462 5779/373/1456
f 5630/387/1457 5631/389/1544 5787/389/1286 5786/387/1458
f 5627/381/1459 5628/383/1449 5784/383/1452 5783/381/1460
f 5624/375/1461 5625/377/1453 5781/377/1441 5780/375/1462
f 5793/377/1444 5794/379/1443 5806/379/1463 5805/377/1464
f 5788/391/1285 5777/393/1448 5789/393/1465 5800/391/1466
f 5778/371/1447 5779/373/1456 5791/373/1558 5790/371/1468
f 5785/385/1451 5786/387/1458 5798/387/1469 5797/385/1470
f 5782/379/1442 5783/381/1460 5795/381/1471 5794/379/1443
f 5779/373/1456 5780/375/1462 5792/375/1472 5791/373/1558
f 5786/387/1458 5787/389/1286 5799/389/1473 5798/387/1469
f 5783/381/1460 5784/383/1452 5796/383/1474 5795/381/1471
f 5780/375/1462 5781/377/1441 5793/377/1444 5792/375/1472
f 5787/389/1286 5788/391/1285 5800/391/1466 5799/389/1473
f 5777/368/1448 5778/371/1447 5790/371/1468 5789/368/1465
f 5784/383/1452 5785/385/1451 5797/385/1470 5796/383/1474
f 5808/383/1475 5809/385/1476 5821/396/1477 5820/397/1478
f 5800/391/1466 5789/393/1465 5801/393/1479 5812/391/1480
f 5790/371/1468 5791/373/1558 5803/373/1481 5802/371/1482
f 5797/385/1470 5798/387/1469 5810/387/1483 5809/385/1476
f 5794/379/1443 5795/381/1471 5807/381/1484 5806/379/1463
f 5791/373/1558 5792/375/1472 5804/375/1485 5803/373/1481
f 5798/387/1469 5799/389/1473 5811/389/1486 5810/387/1483
f 5795/381/1471 5796/383/1474 5808/383/1475 5807/381/1484
f 5792/375/1472 5793/377/1444 5805/377/1464 5804/375/1485
f 5799/389/1473 5800/391/1466 5812/391/1480 5811/389/1486
f 5789/368/1465 5790/371/1468 5802/371/1482 5801/368/1479
f 5796/383/1474 5797/385/1470 5809/385/1476 5808/383/1475
f 5814/398/1487 5815/394/1429 5767/372/1432 5766/370/1435
f 5805/377/1464 5806/379/1463 5818/399/1488 5817/400/1489
f 5812/391/1480 5801/393/1479 5813/401/1490 5824/402/1549
f 5802/371/1482 5803/373/1481 5815/394/1429 5814/398/1487
f 5809/385/1476 5810/387/1483 5822/403/1492 5821/396/1477
f 5806/379/1463 5807/381/1484 5819/404/1493 5818/399/1488
f 5803/373/1481 5804/375/1485 5816/395/1430 5815/394/1429
f 5810/387/1483 5811/389/1486 5823/405/1494 5822/403/1492
f 5807/381/1484 5808/383/1475 5820/397/1478 5819/404/1493
f 5804/375/1485 5805/377/1464 5817/400/1489 5816/395/1430
f 5811/389/1486 5812/391/1480 5824/402/1549 5823/405/1494
f 5801/368/1479 5802/371/1482 5814/398/1487 5813/406/1490
f 5816/395/1430 5817/400/1489 5769/376/1417 5768/374/1431
f 5817/400/1489 5818/399/1488 5770/378/1418 5769/376/1417
f 5818/399/1488 5819/404/1493 5771/380/1438 5770/378/1418
f 5819/404/1493 5820/397/1478 5772/382/1440 5771/380/1438
f 5820/397/1478 5821/396/1477 5773/384/1436 5772/382/1440
f 5821/396/1477 5822/403/1492 5774/386/1437 5773/384/1436
f 5822/403/1492 5823/405/1494 5775/388/1439 5774/386/1437
f 5823/405/1494 5824/402/1549 5776/390/1433 5775/388/1439
f 5824/402/1549 5813/401/1490 5765/392/1434 5776/390/1433
f 5813/406/1490 5814/398/1487 5766/370/1435 5765/369/1434
f 5825/368/1495 5826/369/1496 5828/370/1497 5827/371/1498
f 5827/371/1498 5828/370/1497 5830/372/1499 5829/373/1500
f 5829/373/1500 5830/372/1499 5832/374/1501 5831/375/1502
f 5831/375/1502 5832/374/1501 5834/376/1503 5833/377/1504
f 5833/377/1504 5834/376/1503 5836/378/1505 5835/379/1506
f 5835/379/1506 5836/378/1505 5838/380/1507 5837/381/1508
f 5837/381/1508 5838/380/1507 5840/382/1509 5839/383/1510
f 5839/383/1510 5840/382/1509 5842/384/1511 5841/385/1512
f 5841/385/1512 5842/384/1511 5844/386/1513 5843/387/1514
f 5843/387/1514 5844/386/1513 5846/388/1515 5845/389/1516
f 5828/407/1497 5826/408/1496 5848/409/1517 5846/410/1515 5844/411/1513 5842/412/1511 5840/413/1509 5838/414/1507 5836/415/1505 5834/416/1503 5832/417/1501 5830/418/1499
f 5845/389/1516 5846/388/1515 5848/390/1517 5847/391/1518
f 5847/391/1518 5848/390/1517 5826/392/1496 5825/393/1495
f 5825/419/1495 5827/420/1498 5829/421/1500 5831/422/1502 5833/423/1504 5835/424/1506 5837/425/1508 5839/426/1510 5841/427/1512 5843/428/1514 5845/429/1516 5847/430/1518
f 5849/368/1495 5850/369/1496 5852/370/1497 5851/371/1498
f 5851/371/1498 5852/370/1497 5854/372/1499 5853/373/1500
f 5853/373/1500 5854/372/1499 5856/374/1501 5855/375/1502
f 5855/375/1502 5856/374/1501 5858/376/1503 5857/377/1504
f 5857/377/1504 5858/376/1503 5860/378/1505 5859/379/1506
f 5859/379/1506 5860/378/1505 5862/380/1507 5861/381/1508
f 5861/381/1508 5862/380/1507 5864/382/1509 5863/383/1510
f 5863/383/1510 5864/382/1509 5866/384/1511 5865/385/1512
f 5865/385/1512 5866/384/1511 5868/386/1513 5867/387/1514
f 5867/387/1514 5868/386/1513 5870/388/1515 5869/389/1516
f 5852/407/1497 5850/408/1496 5872/409/1517 5870/410/1515 5868/411/1513 5866/412/1511 5864/413/1509 5862/414/1507 5860/415/1505 5858/416/1503 5856/417/1501 5854/418/1499
f 5869/389/1516 5870/388/1515 5872/390/1517 5871/391/1520
f 5871/391/1520 5872/390/1517 5850/392/1496 5849/393/1495
f 5849/419/1495 5851/420/1498 5853/421/1500 5855/422/1502 5857/423/1504 5859/424/1506 5861/425/1508 5863/426/1510 5865/427/1512 5867/428/1514 5869/429/1516 5871/430/1520
f 5873/368/1495 5874/369/1521 5876/370/1497 5875/371/1498
f 5875/371/1498 5876/370/1497 5878/372/1499 5877/373/1500
f 5877/373/1500 5878/372/1499 5880/374/1501 5879/375/1502
f 5879/375/1502 5880/374/1501 5882/376/1503 5881/377/1504
f 5881/377/1504 5882/376/1503 5884/378/1505 5883/379/1506
f 5883/379/1506 5884/378/1505 5886/380/1507 5885/381/1508
f 5885/381/1508 5886/380/1507 5888/382/1509 5887/383/1510
f 5887/383/1510 5888/382/1509 5890/384/1511 5889/385/1512
f 5889/385/1512 5890/384/1511 5892/386/1513 5891/387/1514
f 5891/387/1514 5892/386/1513 5894/388/1515 5893/389/1516
f 5876/407/1497 5874/408/1521 5896/409/1517 5894/410/1515 5892/411/1513 5890/412/1511 5888/413/1509 5886/414/1507 5884/415/1505 5882/416/1503 5880/417/1501 5878/418/1499
f 5893/389/1516 5894/388/1515 5896/390/1517 5895/391/1520
f 5895/391/1520 5896/390/1517 5874/392/1521 5873/393/1495
f 5873/419/1495 5875/420/1498 5877/421/1500 5879/422/1502 5881/423/1504 5883/424/1506 5885/425/1508 5887/426/1510 5889/427/1512 5891/428/1514 5893/429/1516 5895/430/1520
f 5897/368/1495 5898/369/1521 5900/370/1497 5899/371/1498
f 5899/371/1498 5900/370/1497 5902/372/1499 5901/373/1523
f 5901/373/1523 5902/372/1499 5904/374/1501 5903/375/1502
f 5903/375/1502 5904/374/1501 5906/376/1503 5905/377/1504
f 5905/377/1504 5906/376/1503 5908/378/1505 5907/379/1506
f 5907/379/1506 5908/378/1505 5910/380/1507 5909/381/1508
f 5909/381/1508 5910/380/1507 5912/382/1509 5911/383/1510
f 5911/383/1510 5912/382/1509 5914/384/1511 5913/385/1519
f 5913/385/1519 5914/384/1511 5916/386/1513 5915/387/1514
f 5915/387/1514 5916/386/1513 5918/388/1515 5917/389/1516
f 5900/407/1497 5898/408/1521 5920/409/1517 5918/410/1515 5916/411/1513 5914/412/1511 5912/413/1509 5910/414/1507 5908/415/1505 5906/416/1503 5904/417/1501 5902/418/1499
f 5917/389/1516 5918/388/1515 5920/390/1517 5919/391/1520
f 5919/391/1520 5920/390/1517 5898/392/1521 5897/393/1495
f 5897/419/1495 5899/420/1498 5901/421/1523 5903/422/1502 5905/423/1504 5907/424/1506 5909/425/1508 5911/426/1510 5913/427/1519 5915/428/1514 5917/429/1516 5919/430/1520
f 5921/368/1495 5922/369/1521 5924/370/1497 5923/371/1498
f 5923/371/1498 5924/370/1497 5926/372/1499 5925/373/1500
f 5925/373/1500 5926/372/1499 5928/374/1501 5927/375/1502
f 5927/375/1502 5928/374/1501 5930/376/1503 5929/377/1504
f 5929/377/1504 5930/376/1503 5932/378/1505 5931/379/1522
f 5931/379/1522 5932/378/1505 5934/380/1507 5933/381/1508
f 5933/381/1508 5934/380/1507 5936/382/1509 5935/383/1510
f 5935/383/1510 5936/382/1509 5938/384/1511 5937/385/1519
f 5937/385/1519 5938/384/1511 5940/386/1513 5939/387/1514
f 5939/387/1514 5940/386/1513 5942/388/1515 5941/389/1516
f 5924/407/1497 5922/408/1521 5944/409/1517 5942/410/1515 5940/411/1513 5938/412/1511 5936/413/1509 5934/414/1507 5932/415/1505 5930/416/1503 5928/417/1501 5926/418/1499
f 5941/389/1516 5942/388/1515 5944/390/1517 5943/391/1520
f 5943/391/1520 5944/390/1517 5922/392/1521 5921/393/1495
f 5921/419/1495 5923/420/1498 5925/421/1500 5927/422/1502 5929/423/1504 5931/424/1522 5933/425/1508 5935/426/1510 5937/427/1519 5939/428/1514 5941/429/1516 5943/430/1520
f 5945/368/1495 5946/369/1521 5948/370/1497 5947/371/1498
f 5947/371/1498 5948/370/1497 5950/372/1499 5949/373/1500
f 5949/373/1500 5950/372/1499 5952/374/1501 5951/375/1502
f 5951/375/1502 5952/374/1501 5954/376/1503 5953/377/1504
f 5953/377/1504 5954/376/1503 5956/378/1505 5955/379/1506
f 5955/379/1506 5956/378/1505 5958/380/1507 5957/381/1508
f 5957/381/1508 5958/380/1507 5960/382/1509 5959/383/1510
f 5959/383/1510 5960/382/1509 5962/384/1511 5961/385/1512
f 5961/385/1512 5962/384/1511 5964/386/1513 5963/387/1514
f 5963/387/1514 5964/386/1513 5966/388/1515 5965/389/1516
f 5948/407/1497 5946/408/1521 5968/409/1517 5966/410/1515 5964/411/1513 5962/412/1511 5960/413/1509 5958/414/1507 5956/415/1505 5954/416/1503 5952/417/1501 5950/418/1499
f 5965/389/1516 5966/388/1515 5968/390/1517 5967/391/1520
f 5967/391/1520 5968/390/1517 5946/392/1521 5945/393/1495
f 5945/419/1495 5947/420/1498 5949/421/1500 5951/422/1502 5953/423/1504 5955/424/1506 5957/425/1508 5959/426/1510 5961/427/1512 5963/428/1514 5965/429/1516 5967/430/1520
f 5969/368/1495 5970/369/1496 5972/370/1497 5971/371/1498
f 5971/371/1498 5972/370/1497 5974/372/1499 5973/373/1500
f 5973/373/1500 5974/372/1499 5976/374/1501 5975/375/1502
f 5975/375/1502 5976/374/1501 5978/376/1503 5977/377/1504
f 5977/377/1504 5978/376/1503 5980/378/1505 5979/379/1506
f 5979/379/1506 5980/378/1505 5982/380/1507 5981/381/1508
f 5981/381/1508 5982/380/1507 5984/382/1509 5983/383/1510
f 5983/383/1510 5984/382/1509 5986/384/1511 5985/385/1519
f 5985/385/1519 5986/384/1511 5988/386/1513 5987/387/1514
f 5987/387/1514 5988/386/1513 5990/388/1515 5989/389/1516
f 5972/407/1497 5970/408/1496 5992/409/1517 5990/410/1515 5988/411/1513 5986/412/1511 5984/413/1509 5982/414/1507 5980/415/1505 5978/416/1503 5976/417/1501 5974/418/1499
f 5989/389/1516 5990/388/1515 5992/390/1517 5991/391/1520
f 5991/391/1520 5992/390/1517 5970/392/1496 5969/393/1495
f 5969/419/1495 5971/420/1498 5973/421/1500 5975/422/1502 5977/423/1504 5979/424/1506 5981/425/1508 5983/426/1510 5985/427/1519 5987/428/1514 5989/429/1516 5991/430/1520
f 5628/383/1289 5627/381/1290 5999/381/1524 6000/383/1525
f 5625/377/1526 5624/375/1295 5996/375/1527 5997/377/1528
f 5631/389/1529 5632/391/1529 6004/391/1529 6003/389/1529
f 5622/371/1292 5621/368/1296 5993/368/1530 5994/371/1531
f 5629/385/1294 5628/383/1289 6000/383/1525 6001/385/1532
f 5626/379/1287 5625/377/1526 5997/377/1528 5998/379/1533
f 5621/393/1296 5632/391/1534 6004/391/1535 5993/393/1530
f 5623/373/1291 5622/371/1292 5994/371/1531 5995/373/1536
f 5630/387/1272 5629/385/1294 6001/385/1532 6002/387/1537
f 5627/381/1290 5626/379/1287 5998/379/1533 5999/381/1524
f 5624/375/1295 5623/373/1291 5995/373/1536 5996/375/1527
f 5631/389/1538 5630/387/1272 6002/387/1537 6003/389/1539
f 5993/393/1530 6004/391/1535 6003/389/1539 6002/387/1537 6001/385/1532 6000/383/1525 5999/381/1524 5998/379/1533 5997/377/1528 5996/375/1527 5995/373/1536 5994/371/1531
s 0
f 6005/431/1272 6006/432/1272 6008/433/1272 6007/434/1272
f 6007/434/1296 6008/433/1296 6012/435/1296 6011/436/1296
f 6011/436/1295 6012/435/1295 6010/437/1295 6009/438/1295
f 6009/438/1290 6010/437/1290 6006/439/1290 6005/440/1290
f 6007/441/1559 6011/436/1559 6009/438/1559 6005/442/1559
f 6012/435/1560 6008/443/1560 6006/444/1560 6010/437/1560
f 6013/431/1272 6014/432/1272 6016/433/1272 6015/434/1272
f 6015/434/1296 6016/433/1296 6020/435/1296 6019/436/1296
f 6019/436/1295 6020/435/1295 6018/437/1295 6017/438/1295
f 6017/438/1290 6018/437/1290 6014/439/1290 6013/440/1290
f 6015/441/1559 6019/436/1559 6017/438/1559 6013/442/1559
f 6020/435/1560 6016/443/1560 6014/444/1560 6018/437/1560
f 6021/431/1272 6022/432/1272 6024/433/1272 6023/434/1272
f 6023/434/1296 6024/433/1296 6028/435/1296 6027/436/1296
f 6027/436/1295 6028/435/1295 6026/437/1295 6025/438/1295
f 6025/438/1290 6026/437/1290 6022/439/1290 6021/440/1290
f 6023/441/1559 6027/436/1559 6025/438/1559 6021/442/1559
f 6028/435/1560 6024/443/1560 6022/444/1560 6026/437/1560
f 6029/431/1272 6030/432/1272 6032/433/1272 6031/434/1272
f 6031/434/1296 6032/433/1296 6036/435/1296 6035/436/1296
f 6035/436/1295 6036/435/1295 6034/437/1295 6033/438/1295
f 6033/438/1290 6034/437/1290 6030/439/1290 6029/440/1290
f 6031/441/1559 6035/436/1559 6033/438/1559 6029/442/1559
f 6036/435/1560 6032/443/1560 6030/444/1560 6034/437/1560
f 6037/431/1272 6038/432/1272 6040/433/1272 6039/434/1272
f 6039/434/1296 6040/433/1296 6044/435/1296 6043/436/1296
f 6043/436/1295 6044/435/1295 6042/437/1295 6041/438/1295
f 6041/438/1290 6042/437/1290 6038/439/1290 6037/440/1290
f 6039/441/1559 6043/436/1559 6041/438/1559 6037/442/1559
f 6044/435/1560 6040/443/1560 6038/444/1560 6042/437/1560
f 6045/431/1272 6046/432/1272 6048/433/1272 6047/434/1272
f 6047/434/1296 6048/433/1296 6052/435/1296 6051/436/1296
f 6051/436/1295 6052/435/1295 6050/437/1295 6049/438/1295
f 6049/438/1290 6050/437/1290 6046/439/1290 6045/440/1290
f 6047/441/1559 6051/436/1559 6049/438/1559 6045/442/1559
f 6052/435/1560 6048/443/1560 6046/444/1560 6050/437/1560
o og-stor_circkel.003
v -1.838442 10.403351 -31.197254
v -1.838442 10.616995 -31.197254
v 6.075409 10.403351 -28.873539
v 6.075409 10.616995 -28.873539
v 11.476670 10.403351 -22.640152
v 11.476670 10.616995 -22.640152
v 12.650476 10.403351 -14.476151
v 12.650476 10.616995 -14.476151
v 10.466176 10.403351 -9.534553
v 10.466176 10.616995 -9.534553
v 2.285531 10.403351 -2.514370
v 2.285531 10.616995 -2.514370
v -5.962420 10.403351 -2.514372
v -5.962420 10.616995 -2.514372
v -12.901039 10.403351 -6.973554
v -12.901039 10.616995 -6.973554
v -16.327360 10.403351 -14.476157
v -16.327360 10.616995 -14.476157
v -15.153554 10.403351 -22.640154
v -15.153554 10.616995 -22.640154
v -9.752295 10.403351 -28.873537
v -9.752295 10.616995 -28.873537
v -1.838442 10.403351 -33.890076
v 7.531258 10.403351 -31.138882
v 7.531258 10.616995 -31.138882
v -1.838442 10.616995 -33.890076
v 13.926144 10.403351 -23.758789
v 13.926144 10.616995 -23.758789
v 15.315886 10.403351 -14.092922
v 15.315886 10.616995 -14.092922
v 12.718630 10.403351 -8.410742
v 12.718630 10.616995 -8.410742
v 3.044185 10.403351 0.069368
v 3.044185 10.616995 0.069368
v -6.721076 10.403351 0.069368
v -6.721076 10.616995 0.069368
v -14.936136 10.403351 -5.210134
v -14.936136 10.616995 -5.210134
v -18.992769 10.403351 -14.092930
v -18.992769 10.616995 -14.092930
v -17.603027 10.403351 -23.758791
v -17.603027 10.616995 -23.758791
v -11.208142 10.403351 -31.138880
v -11.208142 10.616995 -31.138880
v 5.685130 10.403351 -1.580983
v 5.685130 10.616995 -1.580983
v 4.270688 10.403351 -3.747796
v 4.270688 10.616995 -3.747796
vn 0.2817 -0.0000 -0.9595
vn 0.7557 -0.0000 -0.6549
vn 0.9898 -0.0000 -0.1423
vn 0.9095 -0.0000 0.4157
vn 0.5299 -0.0000 0.8480
vn -0.5406 -0.0000 0.8413
vn -0.9096 -0.0000 0.4154
vn -0.9898 -0.0000 -0.1423
vn -0.7557 -0.0000 -0.6549
vn -0.2817 -0.0000 -0.9595
vn -0.0000 -1.0000 -0.0000
vn -0.0000 1.0000 -0.0000
vn 0.9898 -0.0000 0.1423
vn 0.7557 -0.0000 0.6549
vn 0.2817 -0.0000 0.9595
vn -0.2817 -0.0000 0.9595
vn -0.7557 -0.0000 0.6549
vn -0.9898 -0.0000 0.1423
vn -0.9146 -0.0000 -0.4043
vn -0.5278 -0.0000 -0.8494
vn 0.5406 -0.0000 -0.8413
vn 0.9096 -0.0000 -0.4154
vn -0.0000 -0.0000 1.0000
vn -0.0000 -0.0000 -1.0000
vn 0.8374 -0.0000 -0.5466
vn -0.4464 -0.0000 0.8948
vt 1.000000 0.500000
vt 1.000000 1.000000
vt 0.909091 1.000000
vt 0.909091 0.500000
vt 0.818182 1.000000
vt 0.818182 0.500000
vt 0.727273 1.000000
vt 0.727273 0.500000
vt 0.636364 1.000000
vt 0.636364 0.500000
vt 0.570324 0.500000
vt 0.570324 1.000000
vt 0.545454 1.000000
vt 0.545454 0.500000
vt 0.454545 0.500000
vt 0.454545 1.000000
vt 0.363636 1.000000
vt 0.363636 0.500000
vt 0.272727 1.000000
vt 0.272727 0.500000
vt 0.181818 1.000000
vt 0.181818 0.500000
vt 0.090909 1.000000
vt 0.090909 0.500000
vt -0.000000 1.000000
vt -0.000000 0.500000
vt 0.859593 0.420530
vt 0.750000 0.452709
vt 0.750000 0.490000
vt 0.879754 0.451901
vt 0.250000 0.452709
vt 0.359593 0.420530
vt 0.379754 0.451901
vt 0.250000 0.490000
vt 0.934391 0.334208
vt 0.968312 0.349700
vt 0.434391 0.334208
vt 0.468312 0.349700
vt 0.950646 0.221151
vt 0.987557 0.215844
vt 0.450646 0.221151
vt 0.487557 0.215844
vt 0.903197 0.117254
vt 0.931380 0.092833
vt 0.403197 0.117254
vt 0.431380 0.092833
vt 0.333396 0.072395
vt 0.307110 0.055502
vt 0.317616 0.019722
vt 0.348738 0.039723
vt 0.596803 0.117254
vt 0.692890 0.055502
vt 0.682384 0.019722
vt 0.568620 0.092833
vt 0.192890 0.055502
vt 0.096803 0.117254
vt 0.068620 0.092833
vt 0.182384 0.019722
vt 0.549354 0.221152
vt 0.512443 0.215845
vt 0.049354 0.221152
vt 0.012443 0.215845
vt 0.565609 0.334208
vt 0.531688 0.349700
vt 0.065609 0.334208
vt 0.031688 0.349700
vt 0.640407 0.420530
vt 0.620246 0.451901
vt 0.140407 0.420530
vt 0.120246 0.451901
vt 0.833396 0.072395
vt 0.807110 0.055502
vt 0.817616 0.019722
vt 0.848738 0.039723
s 0
f 6075/445/1561 6078/446/1561 6077/447/1561 6076/448/1561
f 6076/448/1562 6077/447/1562 6080/449/1562 6079/450/1562
f 6079/450/1563 6080/449/1563 6082/451/1563 6081/452/1563
f 6081/452/1564 6082/451/1564 6084/453/1564 6083/454/1564
f 6097/455/1565 6098/456/1565 6086/457/1565 6085/458/1565
f 6087/459/1566 6088/460/1566 6090/461/1566 6089/462/1566
f 6089/462/1567 6090/461/1567 6092/463/1567 6091/464/1567
f 6091/464/1568 6092/463/1568 6094/465/1568 6093/466/1568
f 6093/466/1569 6094/465/1569 6096/467/1569 6095/468/1569
f 6095/468/1570 6096/467/1570 6078/469/1570 6075/470/1570
f 6055/471/1571 6053/472/1571 6075/473/1571 6076/474/1571
f 6054/475/1572 6056/476/1572 6077/477/1572 6078/478/1572
f 6057/479/1571 6055/471/1571 6076/474/1571 6079/480/1571
f 6056/476/1572 6058/481/1572 6080/482/1572 6077/477/1572
f 6059/483/1571 6057/479/1571 6079/480/1571 6081/484/1571
f 6058/481/1572 6060/485/1572 6082/486/1572 6080/482/1572
f 6061/487/1571 6059/483/1571 6081/484/1571 6083/488/1571
f 6060/485/1572 6062/489/1572 6084/490/1572 6082/486/1572
f 6100/491/1572 6064/492/1572 6086/493/1572 6098/494/1572
f 6067/495/1571 6065/496/1571 6087/497/1571 6089/498/1571
f 6066/499/1572 6068/500/1572 6090/501/1572 6088/502/1572
f 6069/503/1571 6067/495/1571 6089/498/1571 6091/504/1571
f 6068/500/1572 6070/505/1572 6092/506/1572 6090/501/1572
f 6071/507/1571 6069/503/1571 6091/504/1571 6093/508/1571
f 6070/505/1572 6072/509/1572 6094/510/1572 6092/506/1572
f 6073/511/1571 6071/507/1571 6093/508/1571 6095/512/1571
f 6072/509/1572 6074/513/1572 6096/514/1572 6094/510/1572
f 6053/472/1571 6073/511/1571 6095/512/1571 6075/473/1571
f 6074/513/1572 6054/475/1572 6078/478/1572 6096/514/1572
f 6069/503/1573 6071/507/1573 6072/509/1573 6070/505/1573
f 6071/507/1574 6073/511/1574 6074/513/1574 6072/509/1574
f 6073/511/1575 6053/472/1575 6054/475/1575 6074/513/1575
f 6053/472/1576 6055/471/1576 6056/476/1576 6054/475/1576
f 6055/471/1577 6057/479/1577 6058/481/1577 6056/476/1577
f 6057/479/1578 6059/483/1578 6060/485/1578 6058/481/1578
f 6059/483/1579 6061/487/1579 6062/489/1579 6060/485/1579
f 6099/515/1580 6063/516/1580 6064/492/1580 6100/491/1580
f 6065/496/1581 6067/495/1581 6068/500/1581 6066/499/1581
f 6067/495/1582 6069/503/1582 6070/505/1582 6068/500/1582
f 6064/492/1572 6066/499/1572 6088/502/1572 6086/493/1572
f 6086/457/1583 6088/460/1583 6087/459/1583 6085/458/1583
f 6085/517/1571 6087/497/1571 6065/496/1571 6063/516/1571
f 6063/516/1584 6065/496/1584 6066/499/1584 6064/492/1584
f 6063/516/1571 6099/515/1571 6097/518/1571 6085/517/1571
f 6099/515/1585 6100/491/1585 6098/456/1585 6097/518/1585
f 6084/490/1586 6062/489/1586 6061/487/1586 6083/488/1586
o Cylinder.004
v 12.721110 11.625834 -8.696695
v 11.556425 14.335676 -6.249910
v 12.730120 11.637505 -8.705333
v 11.565434 14.347347 -6.258548
v 12.744701 11.646049 -8.707854
v 11.580016 14.355890 -6.261069
v 12.760949 11.649176 -8.703584
v 11.596264 14.359018 -6.256799
v 12.774508 11.646049 -8.693666
v 11.609823 14.355890 -6.246881
v 12.781746 11.637505 -8.680758
v 11.617061 14.347347 -6.233974
v 12.780724 11.625834 -8.668320
v 11.616037 14.335676 -6.221534
v 12.771713 11.614162 -8.659682
v 11.607028 14.324005 -6.212897
v 12.757132 11.605618 -8.657161
v 11.592446 14.315461 -6.210376
v 12.740885 11.602491 -8.661431
v 11.576199 14.312334 -6.214646
v 12.727325 11.605618 -8.671349
v 11.562639 14.315460 -6.224564
v 12.720087 11.614162 -8.684257
v 11.555402 14.324005 -6.237472
v 12.722444 11.622117 -8.699495
v 12.732065 11.632165 -8.709418
v 12.747095 11.639521 -8.712880
v 12.763506 11.642213 -8.708955
v 12.776901 11.639521 -8.698692
v 12.783691 11.632165 -8.684844
v 12.782056 11.622117 -8.671120
v 12.772434 11.612069 -8.661197
v 12.757404 11.604713 -8.657735
v 12.740993 11.602021 -8.661660
v 12.727598 11.604713 -8.671923
v 12.720808 11.612069 -8.685771
v 12.723557 11.618028 -8.701834
v 12.733693 11.626280 -8.712839
v 12.749101 11.632321 -8.717094
v 12.765650 11.634533 -8.713459
v 12.778907 11.632321 -8.702907
v 12.785319 11.626280 -8.688265
v 12.783169 11.618028 -8.673458
v 12.773032 11.609775 -8.662452
v 12.757626 11.603733 -8.658197
v 12.741076 11.601521 -8.661833
v 12.727818 11.603733 -8.672385
v 12.721406 11.609775 -8.687027
v 12.724430 11.613634 -8.703671
v 12.734978 11.619951 -8.715538
v 12.750686 11.624575 -8.720425
v 12.767345 11.626267 -8.717020
v 12.780492 11.624575 -8.706236
v 12.786604 11.619951 -8.690964
v 12.784043 11.613634 -8.675294
v 12.773496 11.607318 -8.663426
v 12.757788 11.602695 -8.658540
v 12.741129 11.601002 -8.661944
v 12.727982 11.602695 -8.672728
v 12.721869 11.607318 -8.688001
v 12.725051 11.609014 -8.704973
v 12.735896 11.613286 -8.717467
v 12.751822 11.616413 -8.722813
v 12.768561 11.617558 -8.719576
v 12.781629 11.616413 -8.708625
v 12.787522 11.613286 -8.692893
v 12.784663 11.609014 -8.676597
v 12.773818 11.604742 -8.664103
v 12.757892 11.601615 -8.658757
v 12.741153 11.600470 -8.661994
v 12.728086 11.601615 -8.672945
v 12.722192 11.604742 -8.688677
v 12.725407 11.604244 -8.705720
v 12.736433 11.606399 -8.718595
v 12.752492 11.607976 -8.724218
v 12.769279 11.608553 -8.721084
v 12.782298 11.607976 -8.710031
v 12.788059 11.606399 -8.694020
v 12.785019 11.604244 -8.677344
v 12.773993 11.602090 -8.664469
v 12.757934 11.600513 -8.658846
v 12.741146 11.599936 -8.661981
v 12.728127 11.600513 -8.673034
v 12.722366 11.602090 -8.689044
v 12.725492 11.599408 -8.705898
v 12.736579 11.599408 -8.718901
v 12.752682 11.599408 -8.724618
v 12.769485 11.599408 -8.721517
v 12.782488 11.599408 -8.710430
v 12.788205 11.599408 -8.694326
v 12.785104 11.599408 -8.677523
v 12.774016 11.599408 -8.664520
v 12.757914 11.599408 -8.658804
v 12.741110 11.599408 -8.661904
v 12.728107 11.599408 -8.672992
v 12.722391 11.599408 -8.689095
v 12.725492 10.809913 -8.705899
v 12.736579 10.809913 -8.718901
v 12.752682 10.809913 -8.724618
v 12.769485 10.809913 -8.721518
v 12.782488 10.809913 -8.710430
v 12.788205 10.809913 -8.694326
v 12.785104 10.809913 -8.677523
v 12.774016 10.809913 -8.664520
v 12.757914 10.809913 -8.658804
v 12.741110 10.809913 -8.661904
v 12.728107 10.809913 -8.672992
v 12.722390 10.809913 -8.689095
v 11.551601 14.343248 -6.239778
v 11.558870 14.357889 -6.244758
v 11.572178 14.368606 -6.244603
v 11.587959 14.372529 -6.239352
v 11.601985 14.368606 -6.230414
v 11.610497 14.357889 -6.220183
v 11.611214 14.343248 -6.211401
v 11.603945 14.328608 -6.206421
v 11.590637 14.317890 -6.206576
v 11.574857 14.313967 -6.211826
v 11.560831 14.317890 -6.220764
v 11.552319 14.328608 -6.230995
v 11.546022 14.347095 -6.228057
v 11.551248 14.363350 -6.228745
v 11.563060 14.375249 -6.225446
v 11.578293 14.379604 -6.219045
v 11.592866 14.375249 -6.211258
v 11.602874 14.363350 -6.204170
v 11.605636 14.347095 -6.199681
v 11.600410 14.330840 -6.198994
v 11.588598 14.318941 -6.202293
v 11.573365 14.314586 -6.208694
v 11.558792 14.318941 -6.216481
v 11.548784 14.330840 -6.223568
v 11.540205 14.346861 -6.215835
v 11.543272 14.363225 -6.211989
v 11.553505 14.375204 -6.205372
v 11.568159 14.379589 -6.197757
v 11.583311 14.375204 -6.191184
v 11.594898 14.363225 -6.187414
v 11.599817 14.346861 -6.187459
v 11.596750 14.330496 -6.191305
v 11.586518 14.318518 -6.197923
v 11.571863 14.314132 -6.205538
v 11.556712 14.318518 -6.212111
v 11.545124 14.330496 -6.215879
v 11.534686 14.342567 -6.204242
v 11.535682 14.357527 -6.196043
v 11.544397 14.368477 -6.186239
v 11.558496 14.372485 -6.177457
v 11.574203 14.368477 -6.172051
v 11.587308 14.357527 -6.171469
v 11.594299 14.342567 -6.175866
v 11.593304 14.327608 -6.184065
v 11.584589 14.316657 -6.193870
v 11.570489 14.312649 -6.202651
v 11.554783 14.316657 -6.208057
v 11.541677 14.327608 -6.208640
v 11.529979 14.334611 -6.194352
v 11.529180 14.346781 -6.182383
v 11.536581 14.355688 -6.169818
v 11.550200 14.358950 -6.160027
v 11.566387 14.355688 -6.155631
v 11.580806 14.346781 -6.157808
v 11.589591 14.334611 -6.165976
v 11.590391 14.322442 -6.177945
v 11.582990 14.313534 -6.190509
v 11.569370 14.310272 -6.200301
v 11.553183 14.313534 -6.204697
v 11.538765 14.322442 -6.202519
v 11.526517 14.323730 -6.187079
v 11.524366 14.331982 -6.172272
v 11.530779 14.338024 -6.157630
v 11.544036 14.340235 -6.147078
v 11.560586 14.338024 -6.143442
v 11.575993 14.331982 -6.147697
v 11.586130 14.323730 -6.158703
v 11.588280 14.315477 -6.173511
v 11.581867 14.309435 -6.188152
v 11.568611 14.307224 -6.198704
v 11.552061 14.309435 -6.202340
v 11.536654 14.315477 -6.198085
v 11.524622 14.310929 -6.183098
v 11.521689 14.314502 -6.166647
v 11.527529 14.317118 -6.150803
v 11.540577 14.318074 -6.139810
v 11.557336 14.317118 -6.136615
v 11.573316 14.314502 -6.142073
v 11.584234 14.310929 -6.154722
v 11.587168 14.307357 -6.171173
v 11.581327 14.304742 -6.187017
v 11.568280 14.303784 -6.198009
v 11.551521 14.304742 -6.201205
v 11.535542 14.307357 -6.195747
v 11.524468 13.368647 -6.182775
v 11.521395 13.368647 -6.166028
v 11.527131 13.368647 -6.149967
v 11.540141 13.368647 -6.138895
v 11.556938 13.368647 -6.135779
v 11.573021 13.368647 -6.141454
v 11.584082 13.368647 -6.154400
v 11.587155 13.368647 -6.171147
v 11.581419 13.368647 -6.187209
v 11.568409 13.368647 -6.198281
v 11.551612 13.368647 -6.201397
v 11.535529 13.368647 -6.195722
v 11.525023 13.357952 -6.183941
v 11.522153 13.354040 -6.167620
v 11.528038 13.351177 -6.151871
v 11.541101 13.350129 -6.140913
v 11.557844 13.351177 -6.137683
v 11.573779 13.354040 -6.143046
v 11.584637 13.357952 -6.155565
v 11.587507 13.361865 -6.171886
v 11.581622 13.364728 -6.187636
v 11.568559 13.365776 -6.198594
v 11.551816 13.364728 -6.201824
v 11.535881 13.361865 -6.196461
v 11.526656 13.347872 -6.187370
v 11.524383 13.340273 -6.172304
v 11.530704 13.334710 -6.157473
v 11.543928 13.332674 -6.146852
v 11.560511 13.334710 -6.143285
v 11.576009 13.340273 -6.147729
v 11.586269 13.347873 -6.158995
v 11.588543 13.355472 -6.174061
v 11.582220 13.361034 -6.188892
v 11.568996 13.363071 -6.199514
v 11.552414 13.361034 -6.203080
v 11.536917 13.355472 -6.198636
v 11.529272 13.338985 -6.192867
v 11.527956 13.328135 -6.179811
v 11.534979 13.320192 -6.166451
v 11.548459 13.317286 -6.156368
v 11.564785 13.320192 -6.152264
v 11.579582 13.328135 -6.155236
v 11.588885 13.338985 -6.164491
v 11.590202 13.349835 -6.177547
v 11.583179 13.357779 -6.190907
v 11.569699 13.360685 -6.200990
v 11.553373 13.357779 -6.205094
v 11.538576 13.349835 -6.202122
v 11.532722 13.331801 -6.200114
v 11.531704 13.320210 -6.187685
v 11.538945 13.311724 -6.174784
v 11.552505 13.308617 -6.164869
v 11.568751 13.311724 -6.160596
v 11.583330 13.320210 -6.163110
v 11.592336 13.331801 -6.171738
v 11.593354 13.343394 -6.184169
v 11.586113 13.351880 -6.197069
v 11.572553 13.354986 -6.206985
v 11.556307 13.351880 -6.211257
v 11.541728 13.343394 -6.208743
v 12.721420 10.788444 -8.697346
v 12.731669 10.780663 -8.708588
v 12.747160 10.774966 -8.713017
v 12.763739 10.772881 -8.709444
v 12.776966 10.774966 -8.698829
v 12.783296 10.780663 -8.684013
v 12.781033 10.788444 -8.668970
v 12.770783 10.796225 -8.657727
v 12.755294 10.801921 -8.653299
v 12.738714 10.804006 -8.656872
v 12.725488 10.801921 -8.667487
v 12.719157 10.796225 -8.682302
v 12.713480 10.773975 -8.680664
v 12.721414 10.760251 -8.687042
v 12.735209 10.750204 -8.687910
v 12.751168 10.746526 -8.683034
v 12.765015 10.750204 -8.673721
v 12.773040 10.760251 -8.662468
v 12.773092 10.773975 -8.652288
v 12.765159 10.787700 -8.645910
v 12.751364 10.797747 -8.645042
v 12.735405 10.801424 -8.649919
v 12.721558 10.797747 -8.659231
v 12.713532 10.787700 -8.670485
v 12.703546 10.769925 -8.659794
v 12.708233 10.753499 -8.659352
v 12.719652 10.741474 -8.655228
v 12.734741 10.737073 -8.648524
v 12.749458 10.741474 -8.641039
v 12.759859 10.753499 -8.634778
v 12.763159 10.769925 -8.631418
v 12.758471 10.786351 -8.631860
v 12.747052 10.798376 -8.635984
v 12.731963 10.802777 -8.642688
v 12.717246 10.798376 -8.650173
v 12.706844 10.786351 -8.656434
v 12.693631 10.777982 -8.638966
v 12.694284 10.763421 -8.630048
v 12.702749 10.752762 -8.619718
v 12.716758 10.748860 -8.610744
v 12.732555 10.752762 -8.605530
v 12.745911 10.763421 -8.605474
v 12.753244 10.777982 -8.610590
v 12.752591 10.792543 -8.619508
v 12.744126 10.803203 -8.629838
v 12.730119 10.807104 -8.638813
v 12.714320 10.803203 -8.644026
v 12.700965 10.792543 -8.644082
v 12.581442 10.921928 -8.401770
v 12.581442 11.951458 -8.401770
v 12.592514 10.921928 -8.414755
v 12.592514 11.951457 -8.414755
v 12.608596 10.921928 -8.420464
v 12.608596 11.951458 -8.420464
v 12.625378 10.921928 -8.417367
v 12.625378 11.951458 -8.417367
v 12.638363 10.921928 -8.406295
v 12.638362 11.951458 -8.406295
v 12.644072 10.921928 -8.390213
v 12.644072 11.951457 -8.390213
v 12.640975 10.921928 -8.373432
v 12.640975 11.951458 -8.373432
v 12.629903 10.921928 -8.360447
v 12.629903 11.956622 -8.360447
v 12.613821 10.921928 -8.354738
v 12.613821 11.956622 -8.354738
v 12.597039 10.921928 -8.357834
v 12.597039 11.956622 -8.357834
v 12.584055 10.921928 -8.368907
v 12.584055 11.956622 -8.368907
v 12.578345 10.921928 -8.384989
v 12.578345 11.956622 -8.384989
v 12.428416 11.275793 -8.080292
v 12.428416 12.305323 -8.080292
v 12.439488 11.275793 -8.093277
v 12.439488 12.305323 -8.093277
v 12.455570 11.275793 -8.098986
v 12.455570 12.305323 -8.098986
v 12.472352 11.275793 -8.095889
v 12.472352 12.305323 -8.095889
v 12.485336 11.275793 -8.084816
v 12.485336 12.305323 -8.084816
v 12.491046 11.275793 -8.068735
v 12.491046 12.305323 -8.068735
v 12.487949 11.275793 -8.051953
v 12.487949 12.305323 -8.051953
v 12.476877 11.275793 -8.038968
v 12.476876 12.310487 -8.038968
v 12.460795 11.275793 -8.033259
v 12.460795 12.310488 -8.033259
v 12.444014 11.275793 -8.036356
v 12.444014 12.310488 -8.036356
v 12.431028 11.275793 -8.047428
v 12.431028 12.310487 -8.047428
v 12.425320 11.275793 -8.063510
v 12.425320 12.310487 -8.063510
v 12.275391 11.629659 -7.758813
v 12.275391 12.659188 -7.758813
v 12.286463 11.629659 -7.771798
v 12.286463 12.659188 -7.771798
v 12.302545 11.629659 -7.777507
v 12.302545 12.659188 -7.777507
v 12.319325 11.629659 -7.774411
v 12.319326 12.659188 -7.774411
v 12.332311 11.629659 -7.763338
v 12.332311 12.659188 -7.763338
v 12.338020 11.629659 -7.747257
v 12.338020 12.659188 -7.747256
v 12.334924 11.629659 -7.730475
v 12.334924 12.659188 -7.730475
v 12.323851 11.629659 -7.717490
v 12.323851 12.664352 -7.717490
v 12.307770 11.629659 -7.711781
v 12.307770 12.664352 -7.711781
v 12.290988 11.629659 -7.714878
v 12.290988 12.664352 -7.714878
v 12.278003 11.629659 -7.725950
v 12.278003 12.664352 -7.725950
v 12.272294 11.629659 -7.742032
v 12.272294 12.664352 -7.742032
v 12.122365 11.983524 -7.437335
v 12.122365 13.013053 -7.437335
v 12.133437 11.983524 -7.450320
v 12.133437 13.013054 -7.450320
v 12.149519 11.983524 -7.456029
v 12.149519 13.013054 -7.456029
v 12.166300 11.983524 -7.452932
v 12.166300 13.013054 -7.452932
v 12.179285 11.983524 -7.441860
v 12.179285 13.013054 -7.441860
v 12.184994 11.983524 -7.425778
v 12.184994 13.013054 -7.425778
v 12.181898 11.983524 -7.408997
v 12.181898 13.013053 -7.408997
v 12.170825 11.983524 -7.396012
v 12.170825 13.018217 -7.396012
v 12.154743 11.983524 -7.390303
v 12.154744 13.018218 -7.390303
v 12.137962 11.983524 -7.393399
v 12.137962 13.018218 -7.393399
v 12.124977 11.983524 -7.404472
v 12.124977 13.018218 -7.404472
v 12.119267 11.983524 -7.420553
v 12.119268 13.018217 -7.420553
v 11.969339 12.337389 -7.115857
v 11.969339 13.366919 -7.115857
v 11.980412 12.337389 -7.128841
v 11.980412 13.366919 -7.128841
v 11.996492 12.337389 -7.134551
v 11.996493 13.366919 -7.134551
v 12.013274 12.337389 -7.131454
v 12.013274 13.366919 -7.131454
v 12.026259 12.337389 -7.120381
v 12.026259 13.366919 -7.120381
v 12.031968 12.337389 -7.104300
v 12.031968 13.366919 -7.104300
v 12.028872 12.337389 -7.087519
v 12.028872 13.366919 -7.087519
v 12.017799 12.337389 -7.074533
v 12.017799 13.372083 -7.074533
v 12.001718 12.337389 -7.068825
v 12.001718 13.372084 -7.068825
v 11.984937 12.337389 -7.071921
v 11.984937 13.372083 -7.071921
v 11.971951 12.337389 -7.082994
v 11.971951 13.372084 -7.082994
v 11.966242 12.337389 -7.099075
v 11.966242 13.372083 -7.099075
v 11.816313 12.691255 -6.794378
v 11.816313 13.720783 -6.794378
v 11.827385 12.691255 -6.807364
v 11.827386 13.720784 -6.807363
v 11.843467 12.691255 -6.813072
v 11.843467 13.720783 -6.813072
v 11.860249 12.691255 -6.809976
v 11.860249 13.720784 -6.809976
v 11.873234 12.691255 -6.798903
v 11.873234 13.720783 -6.798903
v 11.878942 12.691255 -6.782822
v 11.878942 13.720784 -6.782822
v 11.875846 12.691255 -6.766040
v 11.875846 13.720783 -6.766040
v 11.864774 12.691255 -6.753055
v 11.864774 13.725948 -6.753056
v 11.848692 12.691255 -6.747346
v 11.848692 13.725948 -6.747346
v 11.831910 12.691255 -6.750443
v 11.831911 13.725948 -6.750443
v 11.818926 12.691255 -6.761516
v 11.818926 13.725948 -6.761516
v 11.813216 12.691255 -6.777596
v 11.813216 13.725948 -6.777597
v 11.663287 13.045119 -6.472900
v 11.663287 14.074649 -6.472900
v 11.674359 13.045120 -6.485885
v 11.674359 14.074650 -6.485885
v 11.690441 13.045120 -6.491594
v 11.690441 14.074650 -6.491594
v 11.707223 13.045119 -6.488497
v 11.707223 14.074649 -6.488497
v 11.720208 13.045120 -6.477425
v 11.720207 14.074650 -6.477425
v 11.725917 13.045120 -6.461343
v 11.725917 14.074650 -6.461343
v 11.722820 13.045119 -6.444562
v 11.722820 14.074649 -6.444562
v 11.711748 13.045120 -6.431577
v 11.711748 14.079813 -6.431577
v 11.695666 13.045119 -6.425868
v 11.695666 14.079813 -6.425868
v 11.678885 13.045119 -6.428964
v 11.678885 14.079813 -6.428964
v 11.665900 13.045119 -6.440037
v 11.665899 14.079813 -6.440037
v 11.660191 13.045120 -6.456118
v 11.660191 14.079813 -6.456118
v 12.725492 10.607295 -8.705899
v 12.736579 10.607295 -8.718901
v 12.752682 10.607295 -8.724618
v 12.769485 10.607295 -8.721518
v 12.782488 10.607295 -8.710430
v 12.788205 10.607295 -8.694326
v 12.785104 10.607295 -8.677523
v 12.774017 10.607295 -8.664520
v 12.757914 10.607295 -8.658804
v 12.741110 10.607295 -8.661904
v 12.728107 10.607295 -8.672992
v 12.722391 10.607295 -8.689095
v 11.651000 11.625834 -9.206075
v 10.486315 14.335676 -6.759290
v 11.660009 11.637505 -9.214712
v 10.495324 14.347347 -6.767927
v 11.674591 11.646049 -9.217234
v 10.509906 14.355890 -6.770449
v 11.690839 11.649176 -9.212963
v 10.526154 14.359018 -6.766178
v 11.704398 11.646049 -9.203046
v 10.539712 14.355890 -6.756261
v 11.711636 11.637505 -9.190138
v 10.546950 14.347347 -6.743353
v 11.710612 11.625834 -9.177699
v 10.545927 14.335676 -6.730914
v 11.701603 11.614162 -9.169062
v 10.536918 14.324005 -6.722277
v 11.687021 11.605618 -9.166540
v 10.522336 14.315461 -6.719755
v 11.670774 11.602491 -9.170811
v 10.506088 14.312334 -6.724026
v 11.657215 11.605618 -9.180728
v 10.492529 14.315461 -6.733943
v 11.649977 11.614162 -9.193636
v 10.485291 14.324005 -6.746851
v 11.652333 11.622117 -9.208876
v 11.661954 11.632165 -9.218798
v 11.676984 11.639521 -9.222260
v 11.693396 11.642213 -9.218334
v 11.706791 11.639521 -9.208072
v 11.713580 11.632165 -9.194223
v 11.711946 11.622117 -9.180499
v 11.702325 11.612069 -9.170576
v 11.687294 11.604713 -9.167114
v 11.670883 11.602021 -9.171041
v 11.657488 11.604713 -9.181302
v 11.650698 11.612069 -9.195151
v 11.653446 11.618028 -9.211213
v 11.663583 11.626280 -9.222219
v 11.678990 11.632321 -9.226475
v 11.695539 11.634533 -9.222838
v 11.708797 11.632321 -9.212286
v 11.715209 11.626280 -9.197645
v 11.713058 11.618028 -9.182837
v 11.702922 11.609775 -9.171832
v 11.687514 11.603733 -9.167577
v 11.670965 11.601522 -9.171212
v 11.657708 11.603733 -9.181765
v 11.651296 11.609775 -9.196406
v 11.654320 11.613634 -9.213050
v 11.664867 11.619951 -9.224917
v 11.680575 11.624575 -9.229804
v 11.697234 11.626267 -9.226399
v 11.710382 11.624575 -9.215616
v 11.716494 11.619951 -9.200343
v 11.713933 11.613634 -9.184673
v 11.703385 11.607318 -9.172806
v 11.687677 11.602695 -9.167919
v 11.671019 11.601002 -9.171324
v 11.657871 11.602695 -9.182108
v 11.651759 11.607318 -9.197380
v 11.654941 11.609014 -9.214353
v 11.665786 11.613286 -9.226847
v 11.681712 11.616413 -9.232192
v 11.698451 11.617558 -9.228955
v 11.711518 11.616413 -9.218004
v 11.717412 11.613286 -9.202272
v 11.714553 11.609014 -9.185977
v 11.703708 11.604742 -9.173482
v 11.687781 11.601615 -9.168137
v 11.671042 11.600470 -9.171373
v 11.657975 11.601615 -9.182325
v 11.652081 11.604742 -9.198056
v 11.655296 11.604244 -9.215099
v 11.666323 11.606399 -9.227975
v 11.682382 11.607976 -9.233598
v 11.699169 11.608553 -9.230463
v 11.712188 11.607976 -9.219410
v 11.717949 11.606399 -9.203401
v 11.714909 11.604244 -9.186724
v 11.703882 11.602090 -9.173849
v 11.687823 11.600513 -9.168225
v 11.671036 11.599936 -9.171360
v 11.658017 11.600513 -9.182413
v 11.652256 11.602090 -9.198423
v 11.655381 11.599408 -9.215279
v 11.666469 11.599408 -9.228281
v 11.682571 11.599408 -9.233997
v 11.699375 11.599408 -9.230897
v 11.712378 11.599408 -9.219810
v 11.718095 11.599408 -9.203707
v 11.714993 11.599408 -9.186902
v 11.703906 11.599408 -9.173900
v 11.687803 11.599408 -9.168183
v 11.671000 11.599408 -9.171284
v 11.657997 11.599408 -9.182371
v 11.652280 11.599408 -9.198474
v 11.655381 10.809913 -9.215279
v 11.666469 10.809913 -9.228281
v 11.682571 10.809913 -9.233997
v 11.699375 10.809913 -9.230897
v 11.712378 10.809913 -9.219810
v 11.718095 10.809913 -9.203707
v 11.714993 10.809913 -9.186902
v 11.703906 10.809913 -9.173900
v 11.687803 10.809913 -9.168183
v 11.671000 10.809913 -9.171284
v 11.657997 10.809913 -9.182371
v 11.652280 10.809913 -9.198474
v 10.481491 14.343248 -6.749157
v 10.488760 14.357889 -6.754138
v 10.502068 14.368606 -6.753983
v 10.517849 14.372529 -6.748732
v 10.531875 14.368606 -6.739794
v 10.540386 14.357889 -6.729563
v 10.541103 14.343248 -6.720781
v 10.533834 14.328608 -6.715800
v 10.520527 14.317890 -6.715956
v 10.504746 14.313967 -6.721206
v 10.490721 14.317890 -6.730144
v 10.482208 14.328608 -6.740375
v 10.475912 14.347095 -6.737437
v 10.481137 14.363350 -6.738124
v 10.492949 14.375249 -6.734825
v 10.508183 14.379604 -6.728425
v 10.522756 14.375249 -6.720637
v 10.532763 14.363350 -6.713550
v 10.535525 14.347095 -6.709061
v 10.530300 14.330840 -6.708374
v 10.518488 14.318941 -6.711673
v 10.503255 14.314586 -6.718073
v 10.488682 14.318941 -6.725861
v 10.478674 14.330840 -6.732948
v 10.470095 14.346861 -6.725214
v 10.473162 14.363225 -6.721369
v 10.483394 14.375204 -6.714752
v 10.498049 14.379589 -6.707136
v 10.513201 14.375204 -6.700563
v 10.524788 14.363225 -6.696794
v 10.529707 14.346861 -6.696838
v 10.526640 14.330496 -6.700685
v 10.516408 14.318518 -6.707302
v 10.501753 14.314132 -6.714917
v 10.486602 14.318518 -6.721490
v 10.475014 14.330496 -6.725259
v 10.464576 14.342567 -6.713622
v 10.465571 14.357527 -6.705422
v 10.474287 14.368477 -6.695619
v 10.488386 14.372485 -6.686837
v 10.504093 14.368477 -6.681431
v 10.517198 14.357527 -6.680848
v 10.524189 14.342567 -6.685246
v 10.523193 14.327608 -6.693445
v 10.514479 14.316657 -6.703249
v 10.500379 14.312649 -6.712030
v 10.484673 14.316657 -6.717437
v 10.471567 14.327608 -6.718019
v 10.459868 14.334611 -6.703732
v 10.459069 14.346781 -6.691762
v 10.466471 14.355689 -6.679198
v 10.480089 14.358950 -6.669406
v 10.496277 14.355689 -6.665010
v 10.510695 14.346781 -6.667188
v 10.519481 14.334611 -6.675355
v 10.520281 14.322442 -6.687325
v 10.512879 14.313534 -6.699888
v 10.499260 14.310272 -6.709681
v 10.483072 14.313534 -6.714077
v 10.468655 14.322442 -6.711899
v 10.456407 14.323730 -6.696458
v 10.454256 14.331982 -6.681651
v 10.460669 14.338024 -6.667010
v 10.473926 14.340235 -6.656458
v 10.490475 14.338024 -6.652822
v 10.505882 14.331982 -6.657077
v 10.516019 14.323730 -6.668082
v 10.518169 14.315477 -6.682890
v 10.511757 14.309435 -6.697532
v 10.498500 14.307224 -6.708084
v 10.481951 14.309435 -6.711720
v 10.466543 14.315477 -6.707464
v 10.454512 14.310929 -6.692477
v 10.451579 14.314502 -6.676026
v 10.457418 14.317118 -6.660182
v 10.470467 14.318074 -6.649189
v 10.487225 14.317118 -6.645994
v 10.503205 14.314502 -6.651452
v 10.514124 14.310929 -6.664102
v 10.517057 14.307357 -6.680552
v 10.511217 14.304742 -6.696397
v 10.498170 14.303784 -6.707389
v 10.481411 14.304742 -6.710585
v 10.465431 14.307357 -6.705127
v 10.454358 13.368647 -6.692155
v 10.451284 13.368647 -6.675408
v 10.457021 13.368647 -6.659347
v 10.470031 13.368647 -6.648274
v 10.486828 13.368647 -6.645159
v 10.502911 13.368647 -6.650834
v 10.513971 13.368647 -6.663779
v 10.517045 13.368647 -6.680527
v 10.511309 13.368647 -6.696589
v 10.498299 13.368647 -6.707661
v 10.481502 13.368647 -6.710776
v 10.465419 13.368647 -6.705101
v 10.454913 13.357952 -6.693321
v 10.452043 13.354040 -6.677000
v 10.457928 13.351177 -6.661250
v 10.470991 13.350129 -6.650293
v 10.487734 13.351177 -6.647062
v 10.503669 13.354040 -6.652426
v 10.514526 13.357952 -6.664945
v 10.517397 13.361865 -6.681266
v 10.511512 13.364728 -6.697015
v 10.498447 13.365776 -6.707973
v 10.481706 13.364728 -6.711204
v 10.465771 13.361865 -6.705841
v 10.456546 13.347873 -6.696750
v 10.454272 13.340273 -6.681684
v 10.460594 13.334710 -6.666852
v 10.473818 13.332674 -6.656231
v 10.490400 13.334710 -6.652665
v 10.505898 13.340273 -6.657109
v 10.516159 13.347873 -6.668374
v 10.518433 13.355472 -6.683441
v 10.512110 13.361034 -6.698272
v 10.498886 13.363071 -6.708894
v 10.482304 13.361034 -6.712460
v 10.466806 13.355472 -6.708015
v 10.459162 13.338985 -6.702247
v 10.457846 13.328135 -6.689190
v 10.464869 13.320192 -6.675831
v 10.478349 13.317286 -6.665748
v 10.494675 13.320192 -6.661643
v 10.509472 13.328135 -6.664616
v 10.518775 13.338985 -6.673870
v 10.520092 13.349835 -6.686927
v 10.513069 13.357779 -6.700286
v 10.499589 13.360685 -6.710369
v 10.483263 13.357779 -6.714474
v 10.468466 13.349835 -6.711501
v 10.462612 13.331801 -6.709494
v 10.461594 13.320210 -6.697064
v 10.468835 13.311724 -6.684163
v 10.482395 13.308617 -6.674248
v 10.498641 13.311724 -6.669975
v 10.513220 13.320210 -6.672490
v 10.522224 13.331801 -6.681118
v 10.523244 13.343394 -6.693548
v 10.516003 13.351880 -6.706449
v 10.502442 13.354986 -6.716365
v 10.486197 13.351880 -6.720637
v 10.471618 13.343394 -6.718122
v 11.651310 10.788444 -9.206725
v 11.661559 10.780663 -9.217968
v 11.677049 10.774966 -9.222396
v 11.693628 10.772882 -9.218823
v 11.706856 10.774966 -9.208208
v 11.713185 10.780663 -9.193394
v 11.710922 10.788444 -9.178349
v 11.700673 10.796225 -9.167107
v 11.685184 10.801921 -9.162679
v 11.668604 10.804006 -9.166251
v 11.655377 10.801921 -9.176867
v 11.649047 10.796225 -9.191681
v 11.643370 10.773975 -9.190043
v 11.651303 10.760251 -9.196422
v 11.665098 10.750204 -9.197289
v 11.681057 10.746526 -9.192413
v 11.694904 10.750204 -9.183102
v 11.702929 10.760251 -9.171847
v 11.702982 10.773975 -9.161668
v 11.695048 10.787700 -9.155290
v 11.681253 10.797747 -9.154423
v 11.665295 10.801424 -9.159298
v 11.651447 10.797747 -9.168611
v 11.643422 10.787700 -9.179864
v 11.633435 10.769925 -9.169173
v 11.638124 10.753499 -9.168732
v 11.649542 10.741475 -9.164607
v 11.664631 10.737073 -9.157904
v 11.679348 10.741475 -9.150419
v 11.689749 10.753499 -9.144157
v 11.693048 10.769925 -9.140798
v 11.688360 10.786351 -9.141239
v 11.676942 10.798376 -9.145365
v 11.661853 10.802777 -9.152067
v 11.647136 10.798376 -9.159553
v 11.636734 10.786351 -9.165813
v 11.623521 10.777982 -9.148345
v 11.624174 10.763421 -9.139427
v 11.632639 10.752762 -9.129098
v 11.646646 10.748860 -9.120123
v 11.662445 10.752762 -9.114909
v 11.675800 10.763421 -9.114853
v 11.683134 10.777982 -9.119969
v 11.682481 10.792543 -9.128887
v 11.674016 10.803203 -9.139217
v 11.660008 10.807104 -9.148192
v 11.644210 10.803203 -9.153406
v 11.630855 10.792543 -9.153462
v 11.511332 10.921928 -8.911150
v 11.511332 11.951458 -8.911149
v 11.522404 10.921928 -8.924134
v 11.522404 11.951458 -8.924134
v 11.538486 10.921928 -8.929844
v 11.538486 11.951458 -8.929844
v 11.555267 10.921928 -8.926747
v 11.555267 11.951458 -8.926747
v 11.568253 10.921928 -8.915674
v 11.568252 11.951458 -8.915674
v 11.573961 10.921928 -8.899593
v 11.573961 11.951458 -8.899593
v 11.570865 10.921928 -8.882812
v 11.570865 11.951458 -8.882812
v 11.559793 10.921928 -8.869826
v 11.559793 11.956622 -8.869826
v 11.543711 10.921928 -8.864118
v 11.543711 11.956622 -8.864118
v 11.526929 10.921928 -8.867214
v 11.526929 11.956622 -8.867214
v 11.513944 10.921928 -8.878286
v 11.513944 11.956622 -8.878286
v 11.508235 10.921928 -8.894368
v 11.508235 11.956622 -8.894368
v 11.358306 11.275793 -8.589671
v 11.358306 12.305323 -8.589671
v 11.369378 11.275793 -8.602656
v 11.369378 12.305323 -8.602656
v 11.385460 11.275793 -8.608365
v 11.385460 12.305323 -8.608365
v 11.402242 11.275793 -8.605268
v 11.402242 12.305323 -8.605268
v 11.415226 11.275793 -8.594196
v 11.415226 12.305323 -8.594196
v 11.420936 11.275793 -8.578115
v 11.420936 12.305323 -8.578115
v 11.417839 11.275793 -8.561333
v 11.417839 12.305323 -8.561333
v 11.406766 11.275793 -8.548348
v 11.406766 12.310487 -8.548348
v 11.390685 11.275793 -8.542639
v 11.390685 12.310488 -8.542639
v 11.373903 11.275793 -8.545735
v 11.373903 12.310488 -8.545735
v 11.360918 11.275793 -8.556808
v 11.360918 12.310488 -8.556808
v 11.355209 11.275793 -8.572889
v 11.355209 12.310487 -8.572889
v 11.205280 11.629659 -8.268193
v 11.205280 12.659188 -8.268192
v 11.216352 11.629659 -8.281178
v 11.216352 12.659188 -8.281178
v 11.232434 11.629659 -8.286887
v 11.232434 12.659188 -8.286887
v 11.249215 11.629659 -8.283791
v 11.249215 12.659188 -8.283791
v 11.262200 11.629659 -8.272717
v 11.262200 12.659188 -8.272717
v 11.267910 11.629659 -8.256637
v 11.267910 12.659188 -8.256637
v 11.264812 11.629659 -8.239855
v 11.264813 12.659188 -8.239855
v 11.253740 11.629659 -8.226870
v 11.253740 12.664352 -8.226870
v 11.237659 11.629659 -8.221161
v 11.237659 12.664352 -8.221161
v 11.220878 11.629659 -8.224257
v 11.220878 12.664352 -8.224257
v 11.207892 11.629659 -8.235330
v 11.207892 12.664352 -8.235330
v 11.202184 11.629659 -8.251411
v 11.202184 12.664352 -8.251411
v 11.052255 11.983524 -7.946714
v 11.052254 13.013054 -7.946714
v 11.063327 11.983524 -7.959700
v 11.063327 13.013054 -7.959700
v 11.079409 11.983524 -7.965409
v 11.079409 13.013054 -7.965408
v 11.096189 11.983524 -7.962312
v 11.096189 13.013054 -7.962312
v 11.109175 11.983524 -7.951240
v 11.109175 13.013054 -7.951240
v 11.114883 11.983524 -7.935158
v 11.114883 13.013054 -7.935158
v 11.111787 11.983524 -7.918376
v 11.111787 13.013054 -7.918376
v 11.100715 11.983524 -7.905391
v 11.100715 13.018218 -7.905391
v 11.084633 11.983524 -7.899683
v 11.084633 13.018218 -7.899683
v 11.067852 11.983524 -7.902779
v 11.067852 13.018218 -7.902779
v 11.054867 11.983524 -7.913851
v 11.054867 13.018218 -7.913852
v 11.049158 11.983524 -7.929933
v 11.049158 13.018218 -7.929933
v 10.899228 12.337389 -7.625236
v 10.899228 13.366919 -7.625237
v 10.910301 12.337389 -7.638221
v 10.910301 13.366919 -7.638221
v 10.926382 12.337389 -7.643930
v 10.926382 13.366919 -7.643930
v 10.943164 12.337389 -7.640834
v 10.943164 13.366919 -7.640834
v 10.956149 12.337389 -7.629761
v 10.956149 13.366919 -7.629761
v 10.961858 12.337389 -7.613680
v 10.961858 13.366919 -7.613679
v 10.958761 12.337389 -7.596898
v 10.958761 13.366919 -7.596898
v 10.947689 12.337389 -7.583913
v 10.947689 13.372084 -7.583913
v 10.931607 12.337389 -7.578204
v 10.931607 13.372084 -7.578204
v 10.914825 12.337389 -7.581301
v 10.914826 13.372083 -7.581301
v 10.901841 12.337389 -7.592373
v 10.901841 13.372084 -7.592373
v 10.896132 12.337389 -7.608455
v 10.896132 13.372084 -7.608455
v 10.746202 12.691255 -7.303758
v 10.746202 13.720784 -7.303758
v 10.757275 12.691255 -7.316743
v 10.757276 13.720784 -7.316743
v 10.773356 12.691255 -7.322452
v 10.773356 13.720783 -7.322452
v 10.790138 12.691255 -7.319355
v 10.790138 13.720784 -7.319355
v 10.803123 12.691255 -7.308283
v 10.803123 13.720783 -7.308283
v 10.808832 12.691255 -7.292201
v 10.808832 13.720784 -7.292201
v 10.805736 12.691255 -7.275420
v 10.805736 13.720784 -7.275420
v 10.794663 12.691255 -7.262435
v 10.794663 13.725948 -7.262435
v 10.778582 12.691255 -7.256726
v 10.778582 13.725948 -7.256726
v 10.761800 12.691255 -7.259822
v 10.761800 13.725948 -7.259822
v 10.748816 12.691255 -7.270895
v 10.748816 13.725948 -7.270895
v 10.743106 12.691255 -7.286976
v 10.743106 13.725948 -7.286976
v 10.593177 13.045119 -6.982280
v 10.593177 14.074649 -6.982280
v 10.604249 13.045120 -6.995264
v 10.604249 14.074650 -6.995264
v 10.620331 13.045120 -7.000974
v 10.620331 14.074650 -7.000974
v 10.637113 13.045119 -6.997877
v 10.637113 14.074650 -6.997877
v 10.650097 13.045120 -6.986804
v 10.650097 14.074650 -6.986804
v 10.655807 13.045120 -6.970723
v 10.655807 14.074650 -6.970723
v 10.652710 13.045119 -6.953941
v 10.652710 14.074649 -6.953941
v 10.641638 13.045120 -6.940956
v 10.641638 14.079813 -6.940956
v 10.625556 13.045119 -6.935247
v 10.625556 14.079813 -6.935247
v 10.608774 13.045120 -6.938344
v 10.608774 14.079813 -6.938344
v 10.595789 13.045119 -6.949416
v 10.595789 14.079813 -6.949416
v 10.590080 13.045120 -6.965498
v 10.590080 14.079813 -6.965498
v 11.655381 10.607295 -9.215279
v 11.666469 10.607295 -9.228281
v 11.682571 10.607295 -9.233997
v 11.699375 10.607295 -9.230897
v 11.712378 10.607295 -9.219810
v 11.718095 10.607295 -9.203707
v 11.714993 10.607295 -9.186902
v 11.703906 10.607295 -9.173900
v 11.687803 10.607295 -9.168183
v 11.671000 10.607295 -9.171284
v 11.657997 10.607295 -9.182371
v 11.652280 10.607295 -9.198474
v 10.580890 11.625834 -9.715454
v 9.416204 14.335676 -7.268670
v 10.589899 11.637505 -9.724092
v 9.425214 14.347347 -7.277307
v 10.604481 11.646049 -9.726613
v 9.439795 14.355891 -7.279828
v 10.620728 11.649176 -9.722342
v 9.456043 14.359018 -7.275558
v 10.634288 11.646049 -9.712425
v 9.469603 14.355891 -7.265640
v 10.641525 11.637505 -9.699517
v 9.476840 14.347347 -7.252732
v 10.640502 11.625834 -9.687078
v 9.475817 14.335676 -7.240294
v 10.631493 11.614162 -9.678441
v 9.466807 14.324005 -7.231656
v 10.616911 11.605618 -9.675920
v 9.452225 14.315461 -7.229135
v 10.600663 11.602491 -9.680190
v 9.435978 14.312334 -7.233405
v 10.587105 11.605618 -9.690108
v 9.422419 14.315461 -7.243323
v 10.579866 11.614162 -9.703015
v 9.415181 14.324005 -7.256230
v 10.582222 11.622117 -9.718255
v 10.591844 11.632165 -9.728177
v 10.606874 11.639521 -9.731640
v 10.623285 11.642213 -9.727714
v 10.636681 11.639521 -9.717452
v 10.643470 11.632165 -9.703603
v 10.641835 11.622117 -9.689878
v 10.632214 11.612069 -9.679956
v 10.617184 11.604713 -9.676494
v 10.600773 11.602021 -9.680420
v 10.587378 11.604713 -9.690681
v 10.580587 11.612069 -9.704531
v 10.583336 11.618028 -9.720593
v 10.593472 11.626280 -9.731599
v 10.608880 11.632321 -9.735854
v 10.625429 11.634533 -9.732218
v 10.638686 11.632321 -9.721666
v 10.645099 11.626280 -9.707025
v 10.642948 11.618028 -9.692217
v 10.632812 11.609775 -9.681211
v 10.617404 11.603733 -9.676956
v 10.600855 11.601522 -9.680592
v 10.587598 11.603733 -9.691144
v 10.581185 11.609775 -9.705786
v 10.584209 11.613635 -9.722429
v 10.594757 11.619951 -9.734297
v 10.610465 11.624575 -9.739183
v 10.627124 11.626267 -9.735779
v 10.640271 11.624575 -9.724996
v 10.646383 11.619951 -9.709723
v 10.643823 11.613635 -9.694054
v 10.633275 11.607318 -9.682185
v 10.617567 11.602695 -9.677299
v 10.600908 11.601002 -9.680704
v 10.587761 11.602695 -9.691487
v 10.581649 11.607318 -9.706759
v 10.584829 11.609014 -9.723732
v 10.595675 11.613286 -9.736227
v 10.611602 11.616413 -9.741571
v 10.628341 11.617558 -9.738335
v 10.641408 11.616413 -9.727384
v 10.647302 11.613286 -9.711653
v 10.644443 11.609014 -9.695356
v 10.633597 11.604742 -9.682861
v 10.617671 11.601615 -9.677517
v 10.600932 11.600471 -9.680754
v 10.587865 11.601615 -9.691705
v 10.581971 11.604742 -9.707436
v 10.585186 11.604244 -9.724480
v 10.596212 11.606399 -9.737354
v 10.612270 11.607976 -9.742977
v 10.629059 11.608553 -9.739842
v 10.642077 11.607976 -9.728789
v 10.647839 11.606399 -9.712780
v 10.644798 11.604244 -9.696103
v 10.633772 11.602090 -9.683228
v 10.617713 11.600513 -9.677605
v 10.600925 11.599936 -9.680740
v 10.587907 11.600513 -9.691793
v 10.582146 11.602090 -9.707803
v 10.585271 11.599408 -9.724658
v 10.596358 11.599408 -9.737660
v 10.612461 11.599408 -9.743377
v 10.629265 11.599408 -9.740276
v 10.642267 11.599408 -9.729189
v 10.647984 11.599408 -9.713086
v 10.644883 11.599408 -9.696281
v 10.633796 11.599408 -9.683279
v 10.617693 11.599408 -9.677563
v 10.600889 11.599408 -9.680664
v 10.587887 11.599408 -9.691751
v 10.582170 11.599408 -9.707854
v 10.585271 10.809913 -9.724658
v 10.596357 10.809913 -9.737660
v 10.612461 10.809913 -9.743377
v 10.629265 10.809913 -9.740276
v 10.642267 10.809913 -9.729189
v 10.647985 10.809913 -9.713086
v 10.644883 10.809913 -9.696282
v 10.633796 10.809913 -9.683279
v 10.617693 10.809913 -9.677563
v 10.600889 10.809913 -9.680664
v 10.587887 10.809913 -9.691751
v 10.582170 10.809913 -9.707854
v 9.411381 14.343248 -7.258536
v 9.418650 14.357889 -7.263517
v 9.431957 14.368606 -7.263362
v 9.447739 14.372529 -7.258112
v 9.461763 14.368606 -7.249174
v 9.470276 14.357889 -7.238943
v 9.470993 14.343248 -7.230161
v 9.463724 14.328608 -7.225180
v 9.450417 14.317890 -7.225336
v 9.434635 14.313967 -7.230586
v 9.420610 14.317890 -7.239523
v 9.412098 14.328608 -7.249754
v 9.405802 14.347095 -7.246817
v 9.411027 14.363350 -7.247504
v 9.422838 14.375250 -7.244205
v 9.438072 14.379604 -7.237804
v 9.452645 14.375250 -7.230017
v 9.462653 14.363350 -7.222929
v 9.465414 14.347095 -7.218441
v 9.460190 14.330840 -7.217753
v 9.448378 14.318941 -7.221052
v 9.433145 14.314586 -7.227453
v 9.418571 14.318941 -7.235240
v 9.408564 14.330840 -7.242328
v 9.399984 14.346861 -7.234594
v 9.403051 14.363225 -7.230748
v 9.413283 14.375204 -7.224132
v 9.427938 14.379589 -7.216516
v 9.443090 14.375204 -7.209943
v 9.454678 14.363225 -7.206174
v 9.459597 14.346861 -7.206218
v 9.456530 14.330496 -7.210064
v 9.446298 14.318518 -7.216681
v 9.431643 14.314133 -7.224297
v 9.416491 14.318518 -7.230870
v 9.404903 14.330496 -7.234639
v 9.394465 14.342567 -7.223001
v 9.395461 14.357527 -7.214802
v 9.404177 14.368477 -7.204998
v 9.418276 14.372485 -7.196217
v 9.433983 14.368477 -7.190811
v 9.447087 14.357527 -7.190228
v 9.454079 14.342567 -7.194625
v 9.453083 14.327608 -7.202825
v 9.444368 14.316657 -7.212629
v 9.430268 14.312649 -7.221410
v 9.414562 14.316657 -7.226817
v 9.401457 14.327608 -7.227399
v 9.389758 14.334611 -7.213111
v 9.388958 14.346781 -7.201141
v 9.396360 14.355689 -7.188578
v 9.409979 14.358950 -7.178786
v 9.426167 14.355689 -7.174390
v 9.440584 14.346781 -7.176567
v 9.449370 14.334611 -7.184735
v 9.450171 14.322442 -7.196704
v 9.442768 14.313534 -7.209268
v 9.429150 14.310273 -7.219060
v 9.412962 14.313534 -7.223456
v 9.398544 14.322442 -7.221279
v 9.386296 14.323730 -7.205838
v 9.384146 14.331982 -7.191031
v 9.390558 14.338024 -7.176390
v 9.403815 14.340235 -7.165837
v 9.420364 14.338024 -7.162202
v 9.435772 14.331982 -7.166457
v 9.445910 14.323730 -7.177462
v 9.448059 14.315477 -7.192270
v 9.441647 14.309435 -7.206911
v 9.428390 14.307224 -7.217463
v 9.411840 14.309435 -7.221099
v 9.396433 14.315477 -7.216844
v 9.384401 14.310929 -7.201857
v 9.381468 14.314502 -7.185406
v 9.387308 14.317118 -7.169562
v 9.400355 14.318074 -7.158569
v 9.417114 14.317118 -7.155374
v 9.433094 14.314502 -7.160831
v 9.444014 14.310929 -7.173481
v 9.446947 14.307357 -7.189932
v 9.441107 14.304742 -7.205776
v 9.428059 14.303784 -7.216769
v 9.411301 14.304742 -7.219964
v 9.395321 14.307357 -7.214506
v 9.384248 13.368647 -7.201535
v 9.381174 13.368647 -7.184788
v 9.386910 13.368647 -7.168726
v 9.399920 13.368647 -7.157654
v 9.416718 13.368647 -7.154538
v 9.432800 13.368647 -7.160213
v 9.443861 13.368647 -7.173159
v 9.446935 13.368647 -7.189907
v 9.441198 13.368647 -7.205968
v 9.428188 13.368647 -7.217040
v 9.411391 13.368647 -7.220156
v 9.395308 13.368647 -7.214481
v 9.384803 13.357952 -7.202701
v 9.381932 13.354040 -7.186379
v 9.387817 13.351177 -7.170630
v 9.400881 13.350129 -7.159673
v 9.417624 13.351177 -7.156442
v 9.433558 13.354040 -7.161805
v 9.444416 13.357953 -7.174325
v 9.447287 13.361865 -7.190646
v 9.441401 13.364729 -7.206395
v 9.428337 13.365776 -7.217353
v 9.411594 13.364729 -7.220583
v 9.395660 13.361865 -7.215220
v 9.386436 13.347873 -7.206130
v 9.384162 13.340273 -7.191063
v 9.390484 13.334710 -7.176232
v 9.403708 13.332674 -7.165610
v 9.420290 13.334710 -7.162044
v 9.435788 13.340273 -7.166489
v 9.446049 13.347873 -7.177753
v 9.448322 13.355472 -7.192821
v 9.441999 13.361034 -7.207652
v 9.428776 13.363071 -7.218274
v 9.412193 13.361034 -7.221840
v 9.396696 13.355472 -7.217395
v 9.389051 13.338985 -7.211626
v 9.387735 13.328135 -7.198570
v 9.394758 13.320192 -7.185211
v 9.408238 13.317286 -7.175128
v 9.424564 13.320192 -7.171022
v 9.439362 13.328135 -7.173995
v 9.448665 13.338985 -7.183250
v 9.449982 13.349835 -7.196306
v 9.442959 13.357779 -7.209666
v 9.429478 13.360685 -7.219749
v 9.413153 13.357779 -7.223854
v 9.398355 13.349835 -7.220881
v 9.392502 13.331801 -7.218874
v 9.391483 13.320210 -7.206444
v 9.398725 13.311724 -7.193543
v 9.412285 13.308617 -7.183628
v 9.428531 13.311724 -7.179355
v 9.443110 13.320210 -7.181870
v 9.452114 13.331801 -7.190497
v 9.453134 13.343394 -7.202928
v 9.445892 13.351880 -7.215829
v 9.432332 13.354986 -7.225744
v 9.416086 13.351880 -7.230017
v 9.401507 13.343394 -7.227502
v 10.581200 10.788444 -9.716105
v 10.591449 10.780663 -9.727347
v 10.606938 10.774966 -9.731775
v 10.623518 10.772882 -9.728204
v 10.636745 10.774966 -9.717587
v 10.643075 10.780663 -9.702773
v 10.640812 10.788444 -9.687729
v 10.630563 10.796225 -9.676487
v 10.615073 10.801921 -9.672058
v 10.598494 10.804006 -9.675631
v 10.585266 10.801921 -9.686247
v 10.578937 10.796225 -9.701061
v 10.573259 10.773975 -9.699424
v 10.581193 10.760251 -9.705801
v 10.594988 10.750204 -9.706669
v 10.610947 10.746527 -9.701794
v 10.624794 10.750204 -9.692481
v 10.632819 10.760251 -9.681227
v 10.632872 10.773975 -9.671047
v 10.624938 10.787700 -9.664669
v 10.611143 10.797747 -9.663802
v 10.595184 10.801424 -9.668678
v 10.581337 10.797747 -9.677990
v 10.573312 10.787700 -9.689244
v 10.563325 10.769925 -9.678554
v 10.568012 10.753499 -9.678112
v 10.579432 10.741475 -9.673986
v 10.594521 10.737073 -9.667283
v 10.609238 10.741475 -9.659799
v 10.619638 10.753499 -9.653537
v 10.622938 10.769925 -9.650177
v 10.618250 10.786351 -9.650619
v 10.606832 10.798376 -9.654744
v 10.591742 10.802777 -9.661448
v 10.577024 10.798376 -9.668932
v 10.566624 10.786351 -9.675194
v 10.553411 10.777982 -9.657725
v 10.554064 10.763421 -9.648808
v 10.562529 10.752762 -9.638477
v 10.576536 10.748860 -9.629502
v 10.592335 10.752762 -9.624290
v 10.605690 10.763421 -9.624232
v 10.613024 10.777982 -9.629349
v 10.612370 10.792543 -9.638268
v 10.603906 10.803203 -9.648598
v 10.589897 10.807104 -9.657572
v 10.574100 10.803203 -9.662786
v 10.560744 10.792543 -9.662842
v 10.441221 10.921928 -9.420529
v 10.441221 11.951458 -9.420529
v 10.452293 10.921928 -9.433514
v 10.452293 11.951458 -9.433514
v 10.468375 10.921928 -9.439223
v 10.468375 11.951458 -9.439223
v 10.485157 10.921928 -9.436127
v 10.485157 11.951458 -9.436127
v 10.498141 10.921928 -9.425055
v 10.498141 11.951458 -9.425055
v 10.503851 10.921928 -9.408973
v 10.503851 11.951458 -9.408973
v 10.500754 10.921928 -9.392191
v 10.500754 11.951458 -9.392191
v 10.489682 10.921928 -9.379206
v 10.489681 11.956622 -9.379206
v 10.473600 10.921928 -9.373497
v 10.473600 11.956622 -9.373497
v 10.456819 10.921928 -9.376594
v 10.456819 11.956622 -9.376594
v 10.443833 10.921928 -9.387666
v 10.443833 11.956622 -9.387666
v 10.438125 10.921928 -9.403748
v 10.438125 11.956622 -9.403748
v 10.288196 11.275793 -9.099051
v 10.288196 12.305323 -9.099051
v 10.299268 11.275793 -9.112036
v 10.299268 12.305323 -9.112036
v 10.315350 11.275793 -9.117744
v 10.315350 12.305323 -9.117744
v 10.332130 11.275793 -9.114648
v 10.332130 12.305323 -9.114648
v 10.345116 11.275793 -9.103576
v 10.345116 12.305323 -9.103576
v 10.350825 11.275793 -9.087494
v 10.350825 12.305323 -9.087494
v 10.347729 11.275793 -9.070713
v 10.347729 12.305323 -9.070713
v 10.336657 11.275793 -9.057728
v 10.336656 12.310488 -9.057728
v 10.320575 11.275793 -9.052019
v 10.320575 12.310488 -9.052019
v 10.303793 11.275793 -9.055116
v 10.303793 12.310488 -9.055115
v 10.290808 11.275793 -9.066188
v 10.290808 12.310488 -9.066188
v 10.285099 11.275793 -9.082269
v 10.285099 12.310487 -9.082269
v 10.135170 11.629659 -8.777573
v 10.135170 12.659188 -8.777573
v 10.146242 11.629659 -8.790558
v 10.146242 12.659188 -8.790557
v 10.162324 11.629659 -8.796267
v 10.162324 12.659188 -8.796267
v 10.179105 11.629659 -8.793170
v 10.179105 12.659188 -8.793170
v 10.192090 11.629659 -8.782098
v 10.192090 12.659188 -8.782098
v 10.197800 11.629659 -8.766016
v 10.197800 12.659188 -8.766016
v 10.194702 11.629659 -8.749234
v 10.194702 12.659188 -8.749234
v 10.183630 11.629659 -8.736249
v 10.183630 12.664352 -8.736249
v 10.167549 11.629659 -8.730540
v 10.167549 12.664352 -8.730540
v 10.150767 11.629659 -8.733637
v 10.150767 12.664352 -8.733637
v 10.137782 11.629659 -8.744709
v 10.137782 12.664352 -8.744709
v 10.132073 11.629659 -8.760791
v 10.132073 12.664352 -8.760791
v 9.982143 11.983524 -8.456094
v 9.982143 13.013054 -8.456094
v 9.993217 11.983524 -8.469079
v 9.993217 13.013054 -8.469079
v 10.009298 11.983524 -8.474789
v 10.009298 13.013054 -8.474788
v 10.026079 11.983524 -8.471691
v 10.026079 13.013054 -8.471691
v 10.039064 11.983524 -8.460619
v 10.039064 13.013054 -8.460619
v 10.044773 11.983524 -8.444537
v 10.044773 13.013054 -8.444537
v 10.041677 11.983524 -8.427756
v 10.041677 13.013054 -8.427756
v 10.030604 11.983524 -8.414771
v 10.030604 13.018218 -8.414771
v 10.014523 11.983524 -8.409062
v 10.014523 13.018218 -8.409062
v 9.997742 11.983524 -8.412159
v 9.997742 13.018218 -8.412159
v 9.984756 11.983524 -8.423231
v 9.984756 13.018218 -8.423231
v 9.979047 11.983524 -8.439313
v 9.979048 13.018218 -8.439312
v 9.829118 12.337389 -8.134616
v 9.829118 13.366919 -8.134616
v 9.840191 12.337389 -8.147601
v 9.840191 13.366919 -8.147600
v 9.856272 12.337389 -8.153310
v 9.856272 13.366919 -8.153310
v 9.873054 12.337389 -8.150213
v 9.873054 13.366919 -8.150213
v 9.886039 12.337389 -8.139141
v 9.886039 13.366919 -8.139141
v 9.891747 12.337389 -8.123059
v 9.891747 13.366919 -8.123059
v 9.888651 12.337389 -8.106277
v 9.888651 13.366919 -8.106277
v 9.877579 12.337389 -8.093293
v 9.877579 13.372084 -8.093292
v 9.861497 12.337389 -8.087584
v 9.861497 13.372084 -8.087584
v 9.844715 12.337389 -8.090680
v 9.844715 13.372084 -8.090680
v 9.831731 12.337389 -8.101753
v 9.831731 13.372084 -8.101753
v 9.826021 12.337389 -8.117834
v 9.826021 13.372084 -8.117834
v 9.676092 12.691255 -7.813138
v 9.676092 13.720784 -7.813138
v 9.687164 12.691255 -7.826122
v 9.687164 13.720784 -7.826122
v 9.703246 12.691255 -7.831831
v 9.703246 13.720784 -7.831831
v 9.720028 12.691255 -7.828735
v 9.720028 13.720784 -7.828735
v 9.733013 12.691255 -7.817662
v 9.733013 13.720784 -7.817662
v 9.738722 12.691255 -7.801581
v 9.738722 13.720784 -7.801581
v 9.735625 12.691255 -7.784800
v 9.735625 13.720784 -7.784800
v 9.724553 12.691255 -7.771814
v 9.724553 13.725948 -7.771814
v 9.708471 12.691255 -7.766106
v 9.708471 13.725948 -7.766106
v 9.691689 12.691255 -7.769202
v 9.691689 13.725948 -7.769202
v 9.678705 12.691255 -7.780274
v 9.678705 13.725948 -7.780274
v 9.672996 12.691255 -7.796356
v 9.672996 13.725948 -7.796356
v 9.523067 13.045119 -7.491659
v 9.523067 14.074649 -7.491659
v 9.534139 13.045120 -7.504644
v 9.534139 14.074650 -7.504644
v 9.550220 13.045120 -7.510353
v 9.550220 14.074650 -7.510353
v 9.567002 13.045120 -7.507257
v 9.567002 14.074650 -7.507257
v 9.579987 13.045120 -7.496184
v 9.579987 14.074650 -7.496184
v 9.585696 13.045120 -7.480103
v 9.585696 14.074650 -7.480103
v 9.582600 13.045119 -7.463321
v 9.582600 14.074649 -7.463321
v 9.571527 13.045120 -7.450336
v 9.571527 14.079813 -7.450336
v 9.555446 13.045119 -7.444627
v 9.555446 14.079814 -7.444627
v 9.538664 13.045120 -7.447723
v 9.538664 14.079813 -7.447723
v 9.525679 13.045119 -7.458796
v 9.525679 14.079814 -7.458796
v 9.519970 13.045120 -7.474877
v 9.519970 14.079813 -7.474877
v 10.585271 10.607295 -9.724658
v 10.596358 10.607295 -9.737660
v 10.612461 10.607295 -9.743377
v 10.629265 10.607295 -9.740276
v 10.642267 10.607295 -9.729189
v 10.647985 10.607295 -9.713086
v 10.644883 10.607295 -9.696282
v 10.633796 10.607295 -9.683279
v 10.617693 10.607295 -9.677563
v 10.600889 10.607295 -9.680664
v 10.587887 10.607295 -9.691751
v 10.582170 10.607295 -9.707854
v 10.672437 10.703388 -9.970629
v 10.672437 10.803389 -9.970629
v 12.929749 10.703388 -8.896134
v 12.929749 10.803389 -8.896134
v 10.414558 10.703388 -9.428873
v 10.414558 10.803389 -9.428873
v 12.671871 10.703388 -8.354379
v 12.671871 10.803389 -8.354379
v 10.466134 11.153388 -9.537225
v 10.466134 11.253387 -9.537225
v 12.723447 11.153388 -8.462729
v 12.723447 11.253388 -8.462729
v 10.208256 11.153388 -8.995469
v 10.208256 11.253388 -8.995469
v 12.465568 11.153388 -7.920975
v 12.465568 11.253387 -7.920975
v 10.259830 11.603388 -9.103821
v 10.259830 11.703388 -9.103821
v 12.517143 11.603388 -8.029325
v 12.517143 11.703388 -8.029325
v 10.001952 11.603388 -8.562065
v 10.001952 11.703388 -8.562065
v 12.259265 11.603388 -7.487571
v 12.259265 11.703388 -7.487571
v 10.053528 12.053388 -8.670416
v 10.053528 12.153387 -8.670416
v 12.310841 12.053388 -7.595922
v 12.310841 12.153387 -7.595922
v 9.795649 12.053388 -8.128661
v 9.795649 12.153388 -8.128661
v 12.052961 12.053388 -7.054167
v 12.052961 12.153387 -7.054167
v 9.847225 12.503387 -8.237012
v 9.847225 12.603388 -8.237012
v 12.104537 12.503387 -7.162518
v 12.104537 12.603387 -7.162518
v 9.589346 12.503387 -7.695257
v 9.589346 12.603387 -7.695257
v 11.846659 12.503387 -6.620763
v 11.846659 12.603387 -6.620762
v 9.640922 12.953386 -7.803608
v 9.640922 13.053387 -7.803608
v 11.898234 12.953387 -6.729114
v 11.898234 13.053387 -6.729114
v 9.383043 12.953386 -7.261853
v 9.383043 13.053387 -7.261853
v 11.640356 12.953387 -6.187358
v 11.640356 13.053387 -6.187359
vn -0.9007 0.0053 -0.4345
vn -0.8986 0.0127 -0.4385
vn -0.6352 0.3935 -0.6646
vn -0.6195 0.3422 -0.7065
vn -0.2052 0.6667 -0.7165
vn -0.1749 0.5887 -0.7892
vn 0.2765 0.7657 -0.5808
vn 0.3156 0.6789 -0.6630
vn 0.6855 0.6667 -0.2926
vn 0.7228 0.5887 -0.3619
vn 0.9164 0.3935 0.0739
vn 0.9390 0.3422 0.0354
vn 0.9070 0.0127 0.4209
vn 0.9051 0.0053 0.4251
vn 0.6579 -0.3797 0.6504
vn 0.6270 -0.3275 0.7068
vn 0.2348 -0.6825 0.6922
vn 0.1734 -0.5539 0.8143
vn -0.2574 -0.8008 0.5408
vn -0.3349 -0.6267 0.7036
vn -0.6853 -0.6825 0.2542
vn -0.7413 -0.5539 0.3789
vn 0.7086 -0.4412 0.5507
vn 0.3255 -0.8012 0.5021
vn -0.9196 -0.3797 -0.1005
vn -0.9440 -0.3275 -0.0410
vn 0.9063 0.0074 0.4226
vn 0.9531 0.3025 0.0017
vn 0.7466 0.5191 -0.4160
vn 0.9686 0.2467 -0.0308
vn 0.7732 0.4237 -0.4718
vn 0.3444 0.5982 -0.7236
vn -0.8995 0.0074 -0.4369
vn -0.9605 -0.2783 -0.0075
vn -0.6023 0.3025 -0.7387
vn -0.1479 0.5191 -0.8418
vn -0.7723 -0.4472 0.4512
vn -0.3759 -0.4851 0.7896
vn 0.1368 -0.4472 0.8839
vn 0.6114 -0.2783 0.7407
vn 0.5973 -0.2229 0.7704
vn 0.1144 -0.3468 0.9309
vn 0.0979 -0.2406 0.9657
vn 0.5864 -0.1638 0.7933
vn -0.8991 0.0063 -0.4377
vn -0.9746 -0.2230 0.0222
vn -0.1213 0.4237 -0.8976
vn -0.5868 0.2466 -0.7712
vn -0.3998 -0.3668 0.8400
vn 0.9067 0.0063 0.4218
vn 0.3750 0.4885 -0.7879
vn -0.7947 -0.3469 0.4982
vn -0.8988 0.0050 -0.4384
vn -0.5746 0.1866 -0.7969
vn -0.5659 0.1233 -0.8152
vn -0.8985 0.0038 -0.4389
vn 0.9808 0.1866 -0.0565
vn 0.7942 0.3211 -0.5159
vn -0.9855 -0.1638 0.0451
vn -0.1003 0.3211 -0.9417
vn -0.4170 -0.2422 0.8760
vn 0.9070 0.0051 0.4211
vn 0.3992 0.3704 -0.8387
vn -0.8112 -0.2406 0.5329
vn -0.8217 -0.1302 0.5549
vn -0.9929 -0.1018 0.0608
vn -0.9969 -0.0380 0.0690
vn -0.8258 -0.0176 0.5636
vn 0.0874 -0.1302 0.9876
vn 0.5789 -0.1018 0.8090
vn 0.9895 0.1233 -0.0748
vn 0.8092 0.2130 -0.5475
vn -0.0853 0.2130 -0.9733
vn -0.4270 -0.1135 0.8971
vn 0.9072 0.0038 0.4206
vn 0.4166 0.2460 -0.8752
vn 0.4268 0.1174 -0.8967
vn 0.8181 0.1012 -0.5661
vn 0.8222 0.0222 -0.5688
vn 0.4297 0.0259 -0.9026
vn -0.5608 0.0579 -0.8259
vn -0.8983 0.0024 -0.4393
vn 0.0833 -0.0176 0.9964
vn 0.5750 -0.0380 0.8173
vn 0.9947 0.0579 -0.0855
vn -0.0765 0.1012 -0.9919
vn -0.4297 0.0172 0.9028
vn 0.9074 0.0024 0.4202
vn 0.8237 -0.0000 -0.5671
vn 0.4298 -0.0000 -0.9029
vn -0.9969 -0.0028 0.0784
vn -0.8220 0.0198 0.5691
vn -0.5640 0.0124 -0.8257
vn -0.9015 0.0009 -0.4328
vn 0.0766 0.0198 0.9969
vn 0.5678 -0.0028 0.8232
vn 0.9965 0.0124 -0.0829
vn -0.0770 0.0222 -0.9968
vn -0.4295 0.0396 0.9022
vn 0.9043 0.0009 0.4268
vn -0.7594 0.5050 0.4102
vn -0.9734 0.2281 -0.0206
vn -0.9414 0.3315 -0.0620
vn -0.6825 0.6749 0.2807
vn -0.9969 -0.0000 0.0793
vn -0.8237 -0.0000 0.5671
vn -0.5671 -0.0000 -0.8237
vn -0.9029 -0.0000 -0.4298
vn 0.0792 -0.0000 0.9969
vn 0.5671 -0.0000 0.8237
vn 0.9969 -0.0000 -0.0792
vn -0.0792 -0.0000 -0.9969
vn -0.4298 -0.0000 0.9029
vn 0.9029 -0.0000 0.4298
vn 0.9076 0.0223 0.4192
vn 0.9045 0.0247 0.4257
vn 0.7694 -0.4787 0.4228
vn 0.8693 0.4665 0.1632
vn 0.6069 0.7830 -0.1365
vn 0.1898 0.8972 -0.3988
vn -0.8742 -0.4412 -0.2027
vn -0.8977 0.0223 -0.4401
vn -0.6748 0.4665 -0.5718
vn -0.2768 0.7830 -0.5571
vn -0.5949 -0.8012 0.0640
vn -0.1472 -0.9395 0.3093
vn -0.4851 -0.8584 -0.1667
vn -0.0190 -0.9990 0.0399
vn 0.1110 -0.9661 -0.2332
vn -0.3730 -0.8361 -0.4022
vn 0.0651 0.9885 -0.1367
vn 0.4981 0.8622 0.0921
vn -0.8134 -0.4787 -0.3306
vn -0.9008 0.0247 -0.4336
vn -0.7396 0.5130 -0.4357
vn 0.4353 -0.8584 0.2714
vn 0.8045 0.5130 0.2993
vn -0.3856 0.8622 -0.3285
vn -0.0657 0.9883 0.1380
vn -0.4996 0.8617 -0.0889
vn -0.6083 0.7814 0.1394
vn -0.1904 0.8966 0.3999
vn 0.9012 0.0249 0.4326
vn 0.8323 -0.4719 0.2907
vn 0.3840 0.8617 0.3317
vn -0.7505 -0.4719 -0.4627
vn -0.9041 0.0249 -0.4267
vn -0.8074 0.5120 -0.2933
vn 0.5474 -0.8361 0.0359
vn 0.7367 0.5120 0.4417
vn -0.7016 0.6287 0.3354
vn -0.2974 0.7219 0.6249
vn 0.2307 -0.8437 -0.4847
vn -0.2690 -0.7364 -0.6207
vn 0.8981 0.0228 0.4392
vn 0.8914 -0.4214 0.1666
vn 0.2754 0.7814 0.5601
vn -0.6914 -0.4214 -0.5869
vn -0.9072 0.0228 -0.4201
vn -0.8719 0.4635 -0.1577
vn 0.6514 -0.7364 -0.1826
vn 0.6722 0.4635 0.5773
vn 0.8954 0.0185 0.4450
vn 0.6169 0.3722 0.6935
vn 0.5760 0.2464 0.7794
vn 0.8933 0.0126 0.4493
vn 0.3291 -0.6432 -0.6914
vn -0.1827 -0.5686 -0.8021
vn 0.9413 -0.3319 0.0618
vn 0.1821 0.6287 0.7560
vn -0.6415 -0.3319 -0.6916
vn -0.9099 0.0185 -0.4144
vn -0.9272 0.3722 -0.0416
vn 0.7377 -0.5686 -0.3640
vn 0.5511 0.0883 0.8298
vn 0.8911 0.0041 0.4538
vn -0.7708 0.4179 0.4808
vn -0.3770 0.4803 0.7919
vn 0.3970 -0.3832 -0.8340
vn -0.1220 -0.3481 -0.9295
vn 0.9772 -0.2117 -0.0137
vn 0.1128 0.4179 0.9015
vn -0.6056 -0.2117 -0.7671
vn -0.9120 0.0126 -0.4100
vn -0.9681 0.2464 0.0444
vn 0.7984 -0.3481 -0.4914
vn 0.4267 -0.1196 -0.8964
vn 0.8254 -0.1127 -0.5532
vn 0.8235 0.0523 -0.5648
vn 0.4290 0.0607 -0.9013
vn -0.8106 0.1515 0.5657
vn -0.4232 0.1747 0.8890
vn -0.0911 -0.1127 -0.9895
vn 0.9959 -0.0728 -0.0529
vn 0.0721 0.1515 0.9858
vn -0.5869 -0.0728 -0.8063
vn -0.9141 0.0041 -0.4055
vn -0.9915 0.0883 0.0955
vn -0.8180 -0.0515 0.5729
vn -0.9954 -0.0307 0.0909
vn -0.9889 -0.1227 0.0841
vn -0.8066 -0.2073 0.5535
vn 0.5571 -0.0307 0.8299
vn 0.8986 -0.0012 0.4388
vn -0.4291 -0.0589 0.9014
vn -0.0809 0.0523 -0.9953
vn 0.9968 0.0295 -0.0738
vn 0.0711 -0.0515 0.9961
vn -0.5713 0.0295 -0.8202
vn -0.9072 -0.0012 -0.4208
vn -0.9110 -0.0047 -0.4123
vn -0.5861 0.1156 -0.8019
vn -0.6038 0.2247 -0.7648
vn -0.9103 -0.0092 -0.4138
vn 0.8179 0.2050 -0.5376
vn 0.4175 0.2379 -0.8770
vn 0.5582 -0.1227 0.8206
vn 0.8945 -0.0047 0.4471
vn -0.4175 -0.2379 0.8770
vn -0.0985 0.2050 -0.9738
vn 0.9920 0.1157 -0.0507
vn 0.0790 -0.2073 0.9751
vn 0.5770 -0.2384 0.7812
vn 0.1107 -0.4028 0.9086
vn 0.1608 -0.5708 0.8052
vn 0.6071 -0.3380 0.7192
vn -0.9701 -0.2384 0.0448
vn -0.7750 -0.4028 0.4870
vn 0.7866 0.3983 -0.4718
vn 0.3811 0.4622 -0.8007
vn 0.8952 -0.0092 0.4456
vn -0.3811 -0.4622 0.8007
vn -0.1298 0.3982 -0.9081
vn 0.9743 0.2247 -0.0136
vn 0.1937 -0.6356 0.7474
vn 0.6331 -0.3689 0.6805
vn -0.6337 0.3219 -0.7034
vn -0.9093 -0.0127 -0.4159
vn -0.9410 -0.3380 -0.0177
vn -0.7263 -0.5708 0.3829
vn 0.7353 0.5735 -0.3612
vn 0.3202 0.6672 -0.6726
vn 0.8962 -0.0127 0.4435
vn -0.3248 -0.6549 0.6823
vn -0.1833 0.5735 -0.7985
vn 0.9455 0.3219 0.0483
vn -0.6216 -0.7613 0.1843
vn -0.2120 -0.8699 0.4453
vn -0.2930 -0.7315 0.6156
vn -0.7022 -0.6356 0.3209
vn -0.6316 0.3750 -0.6785
vn -0.9025 0.0021 -0.4307
vn -0.9274 -0.3689 -0.0623
vn 0.6965 0.6448 -0.3148
vn 0.2881 0.7421 -0.6052
vn 0.9034 0.0021 0.4288
vn -0.1949 0.6448 -0.7391
vn 0.9249 0.3750 0.0624
vn 0.7463 -0.4926 -0.4477
vn 0.9510 -0.3081 -0.0272
vn 0.8665 -0.4760 0.1502
vn 0.6097 -0.7762 -0.1607
vn -0.8718 -0.0210 -0.4895
vn -0.5242 -0.2008 -0.8276
vn -0.5785 -0.3081 -0.7552
vn -0.8886 -0.0237 -0.4582
vn 0.6298 0.2281 0.7425
vn 0.1604 0.5050 0.8481
vn 0.2125 0.6749 0.7067
vn 0.6417 0.3315 0.6916
vn 0.7748 -0.3073 -0.5525
vn 0.9729 -0.2008 -0.1150
vn -0.0597 -0.3073 -0.9497
vn -0.1231 -0.4926 -0.8615
vn -0.3292 0.6430 0.6915
vn -0.2455 0.8209 0.5157
vn 0.9296 -0.0210 0.3680
vn 0.9159 -0.0237 0.4008
vn 0.4038 -0.3423 -0.8484
vn 0.3570 -0.5568 -0.7500
vn 0.7539 -0.5332 0.3838
vn 0.4258 -0.8771 0.2223
vn -0.8950 -0.0359 -0.4447
vn -0.8566 0.4567 -0.2403
vn -0.2597 -0.7762 -0.5745
vn -0.6630 -0.4760 -0.5779
vn -0.0502 0.9932 0.1054
vn 0.3770 0.8529 0.3611
vn 0.9095 -0.0359 0.4143
vn 0.2020 -0.8827 -0.4244
vn -0.5180 0.8529 -0.0649
vn 0.7266 0.4567 0.5133
vn 0.8298 0.4718 0.2981
vn 0.5711 0.8199 -0.0408
vn 0.6759 0.6774 -0.2901
vn 0.9063 0.4043 0.1230
vn -0.9037 -0.0413 -0.4262
vn -0.7546 0.4718 -0.4561
vn -0.4410 -0.8771 -0.1903
vn -0.7733 -0.5332 -0.3431
vn 0.1770 0.9113 -0.3718
vn 0.9006 -0.0413 0.4326
vn -0.0059 -0.9999 0.0124
vn -0.3284 0.8199 -0.4689
vn -0.8799 -0.4585 -0.1250
vn 0.6518 -0.4585 0.6041
vn 0.2489 -0.7613 0.5987
vn -0.9093 -0.0298 -0.4152
vn -0.6670 0.4043 -0.6258
vn 0.2850 0.7485 -0.5988
vn 0.8956 -0.0298 0.4439
vn -0.2010 0.6774 -0.7076
vn -0.6837 -0.6532 -0.3254
vn -0.6992 0.6067 -0.3782
vn -0.3928 0.6351 -0.6651
vn -0.4294 -0.6532 -0.6237
vn -0.0315 0.6247 -0.7802
vn -0.0600 -0.6532 -0.7548
vn 0.3369 0.6210 -0.7077
vn 0.3254 -0.6532 -0.6837
vn 0.6254 0.6247 -0.4675
vn 0.6237 -0.6532 -0.4294
vn 0.7639 0.6351 -0.1145
vn 0.7548 -0.6532 -0.0600
vn 0.7344 0.6067 0.3043
vn 0.6837 -0.6532 0.3254
vn 0.4388 0.6940 0.5708
vn 0.4294 -0.6532 0.6237
vn 0.0911 0.6790 0.7285
vn 0.0600 -0.6532 0.7548
vn -0.3136 0.6838 0.6589
vn -0.3254 -0.6532 0.6837
vn -0.6229 0.6790 0.3886
vn -0.6237 -0.6532 0.4294
vn -0.7197 0.6940 0.0193
vn -0.7548 -0.6532 0.0600
vn -0.7197 0.6940 0.0194
vn -0.6837 0.6532 -0.3254
vn -0.4294 0.6532 -0.6237
vn -0.3254 0.6532 0.6837
vn -0.6237 0.6532 0.4294
vn -0.9424 -0.0000 0.3346
vn 0.6837 0.6532 0.3254
vn 0.4294 0.6532 0.6237
vn -0.0600 0.6532 -0.7548
vn -0.9969 -0.0000 0.0792
vn -0.7548 0.6532 0.0600
vn 0.9834 -0.0000 0.1815
vn 0.5060 0.8575 0.0934
vn 0.0600 0.6532 0.7548
vn 0.3254 0.6532 -0.6837
vn 0.6488 -0.0000 -0.7609
vn 0.3338 0.8575 -0.3915
vn 0.7467 0.5191 -0.4160
vn -0.7723 -0.4472 0.4511
vn 0.5973 -0.2230 0.7704
vn -0.8991 0.0062 -0.4377
vn -0.8985 0.0037 -0.4389
vn -0.8066 -0.2074 0.5535
vn -0.5713 0.0294 -0.8202
vn -0.1298 0.3982 -0.9080
vn -0.9025 0.0021 -0.4308
vn -0.9274 -0.3690 -0.0623
vn -0.8886 -0.0237 -0.4581
vn 0.9729 -0.2008 -0.1149
vn -0.6670 0.4044 -0.6258
vn -0.5868 0.2467 -0.7712
vn 0.0875 -0.1302 0.9876
vn -0.8133 -0.4787 -0.3306
vn -0.9099 0.0185 -0.4143
vn -0.9141 0.0040 -0.4055
vn -0.6038 0.2246 -0.7648
vn -0.6317 0.3750 -0.6785
vn 0.6760 0.6774 -0.2901
vn -0.0000 -1.0000 -0.0000
vn -0.0000 1.0000 -0.0000
vt 1.000000 0.500000
vt 1.000000 1.000000
vt 0.916667 1.000000
vt 0.916667 0.500000
vt 0.833333 1.000000
vt 0.833333 0.500000
vt 0.750000 1.000000
vt 0.750000 0.500000
vt 0.666667 1.000000
vt 0.666667 0.500000
vt 0.583333 1.000000
vt 0.583333 0.500000
vt 0.500000 1.000000
vt 0.500000 0.500000
vt 0.416667 1.000000
vt 0.416667 0.500000
vt 0.333333 1.000000
vt 0.333333 0.500000
vt 0.250000 1.000000
vt 0.250000 0.500000
vt 0.166667 1.000000
vt 0.166667 0.500000
vt 0.083333 1.000000
vt 0.083333 0.500000
vt 0.000000 1.000000
vt 0.000000 0.500000
vt 0.833333 0.500143
vt 0.750000 0.500071
vt 0.333333 0.500143
vt 0.416667 0.500143
vt 0.916667 0.500143
vt 0.583333 0.500143
vt 0.666667 0.500143
vt 0.000000 0.500143
vt 0.083333 0.500143
vt 0.250000 0.500143
vt 0.500000 0.500143
vt 0.166667 0.500143
vt 1.000000 0.500143
vt 0.370000 0.457846
vt 0.250000 0.490000
vt 0.130000 0.457846
vt 0.042154 0.370000
vt 0.010000 0.250000
vt 0.042154 0.130000
vt 0.130000 0.042154
vt 0.250000 0.010000
vt 0.370000 0.042154
vt 0.457846 0.130000
vt 0.490000 0.250000
vt 0.457846 0.370000
vt 0.750000 0.490000
vt 0.870000 0.457846
vt 0.957846 0.370000
vt 0.990000 0.250000
vt 0.957846 0.130000
vt 0.870000 0.042154
vt 0.750000 0.010000
vt 0.630000 0.042154
vt 0.542154 0.130000
vt 0.510000 0.250000
vt 0.542154 0.370000
vt 0.630000 0.457846
vt 0.375000 0.000000
vt 0.625000 0.000000
vt 0.625000 0.250000
vt 0.375000 0.250000
vt 0.625000 0.500000
vt 0.375000 0.500000
vt 0.625000 0.750000
vt 0.375000 0.750000
vt 0.625000 1.000000
vt 0.375000 1.000000
vt 0.125000 0.500000
vt 0.125000 0.750000
vt 0.875000 0.500000
vt 0.875000 0.750000
s 1
f 6101/519/1587 6102/520/1588 6104/521/1589 6103/522/1590
f 6103/522/1590 6104/521/1589 6106/523/1591 6105/524/1592
f 6105/524/1592 6106/523/1591 6108/525/1593 6107/526/1594
f 6107/526/1594 6108/525/1593 6110/527/1595 6109/528/1596
f 6109/528/1596 6110/527/1595 6112/529/1597 6111/530/1598
f 6111/530/1598 6112/529/1597 6114/531/1599 6113/532/1600
f 6113/532/1600 6114/531/1599 6116/533/1601 6115/534/1602
f 6115/534/1602 6116/533/1601 6118/535/1603 6117/536/1604
f 6117/536/1604 6118/535/1603 6120/537/1605 6119/538/1606
f 6119/538/1606 6120/537/1605 6122/539/1607 6121/540/1608
f 6118/535/1603 6116/533/1601 6216/533/1609 6217/535/1610
f 6121/540/1608 6122/539/1607 6124/541/1611 6123/542/1612
f 6123/542/1612 6124/541/1611 6102/543/1588 6101/544/1587
f 6111/530/1598 6113/532/1600 6131/532/1613 6130/530/1614
f 6129/528/1615 6130/530/1614 6142/530/1616 6141/528/1617
f 6109/528/1596 6111/530/1598 6130/530/1614 6129/528/1615
f 6107/526/1594 6109/528/1596 6129/528/1615 6128/526/1618
f 6123/542/1612 6101/544/1587 6125/544/1619 6136/542/1620
f 6101/519/1587 6103/522/1590 6126/522/1621 6125/519/1619
f 6105/524/1592 6107/526/1594 6128/526/1618 6127/524/1622
f 6121/540/1608 6123/542/1612 6136/542/1620 6135/540/1623
f 6103/522/1590 6105/524/1592 6127/524/1622 6126/522/1621
f 6119/538/1606 6121/540/1608 6135/540/1623 6134/538/1624
f 6117/536/1604 6119/538/1606 6134/538/1624 6133/536/1625
f 6115/534/1602 6117/536/1604 6133/536/1625 6132/534/1626
f 6113/532/1600 6115/534/1602 6132/534/1626 6131/532/1613
f 6144/534/1627 6145/536/1628 6157/536/1629 6156/534/1630
f 6136/542/1620 6125/544/1619 6137/544/1631 6148/542/1632
f 6126/522/1621 6127/524/1622 6139/524/1633 6138/522/1634
f 6133/536/1625 6134/538/1624 6146/538/1635 6145/536/1628
f 6130/530/1614 6131/532/1613 6143/532/1636 6142/530/1616
f 6127/524/1622 6128/526/1618 6140/526/1637 6139/524/1633
f 6134/538/1624 6135/540/1623 6147/540/1638 6146/538/1635
f 6131/532/1613 6132/534/1626 6144/534/1627 6143/532/1636
f 6128/526/1618 6129/528/1615 6141/528/1617 6140/526/1637
f 6135/540/1623 6136/542/1620 6148/542/1632 6147/540/1638
f 6125/519/1619 6126/522/1621 6138/522/1634 6137/519/1631
f 6132/534/1626 6133/536/1625 6145/536/1628 6144/534/1627
f 6149/519/1639 6150/522/1640 6162/522/1641 6161/519/1642
f 6141/528/1617 6142/530/1616 6154/530/1643 6153/528/1644
f 6148/542/1632 6137/544/1631 6149/544/1639 6160/542/1645
f 6138/522/1634 6139/524/1633 6151/524/1646 6150/522/1640
f 6145/536/1628 6146/538/1635 6158/538/1647 6157/536/1629
f 6142/530/1616 6143/532/1636 6155/532/1648 6154/530/1643
f 6139/524/1633 6140/526/1637 6152/526/1649 6151/524/1646
f 6146/538/1635 6147/540/1638 6159/540/1650 6158/538/1647
f 6143/532/1636 6144/534/1627 6156/534/1630 6155/532/1648
f 6140/526/1637 6141/528/1617 6153/528/1644 6152/526/1649
f 6147/540/1638 6148/542/1632 6160/542/1645 6159/540/1650
f 6137/519/1631 6138/522/1634 6150/522/1640 6149/519/1639
f 6171/540/1651 6172/542/1652 6184/542/1653 6183/540/1654
f 6156/534/1630 6157/536/1629 6169/536/1655 6168/534/1656
f 6153/528/1644 6154/530/1643 6166/530/1657 6165/528/1658
f 6160/542/1645 6149/544/1639 6161/544/1642 6172/542/1652
f 6150/522/1640 6151/524/1646 6163/524/1659 6162/522/1641
f 6157/536/1629 6158/538/1647 6170/538/1660 6169/536/1655
f 6154/530/1643 6155/532/1648 6167/532/1661 6166/530/1657
f 6151/524/1646 6152/526/1649 6164/526/1662 6163/524/1659
f 6158/538/1647 6159/540/1650 6171/540/1651 6170/538/1660
f 6155/532/1648 6156/534/1630 6168/534/1656 6167/532/1661
f 6152/526/1649 6153/528/1644 6165/528/1658 6164/526/1662
f 6159/540/1650 6160/542/1645 6172/542/1652 6171/540/1651
f 6176/526/1663 6177/528/1664 6189/528/1665 6188/526/1666
f 6161/519/1642 6162/522/1641 6174/522/1667 6173/519/1668
f 6168/534/1656 6169/536/1655 6181/536/1669 6180/534/1670
f 6165/528/1658 6166/530/1657 6178/530/1671 6177/528/1664
f 6172/542/1652 6161/544/1642 6173/544/1668 6184/542/1653
f 6162/522/1641 6163/524/1659 6175/524/1672 6174/522/1667
f 6169/536/1655 6170/538/1660 6182/538/1673 6181/536/1669
f 6166/530/1657 6167/532/1661 6179/532/1674 6178/530/1671
f 6163/524/1659 6164/526/1662 6176/526/1663 6175/524/1672
f 6170/538/1660 6171/540/1651 6183/540/1654 6182/538/1673
f 6167/532/1661 6168/534/1656 6180/534/1670 6179/532/1674
f 6164/526/1662 6165/528/1658 6177/528/1664 6176/526/1663
f 6188/526/1666 6189/528/1665 6201/528/1675 6200/526/1676
f 6183/540/1654 6184/542/1653 6196/542/1677 6195/540/1678
f 6173/519/1668 6174/522/1667 6186/522/1679 6185/519/1680
f 6180/534/1670 6181/536/1669 6193/536/1681 6192/534/1682
f 6177/528/1664 6178/530/1671 6190/530/1683 6189/528/1665
f 6184/542/1653 6173/544/1668 6185/544/1680 6196/542/1677
f 6174/522/1667 6175/524/1672 6187/524/1684 6186/522/1679
f 6181/536/1669 6182/538/1673 6194/538/1685 6193/536/1681
f 6178/530/1671 6179/532/1674 6191/532/1686 6190/530/1683
f 6175/524/1672 6176/526/1663 6188/526/1666 6187/524/1684
f 6182/538/1673 6183/540/1654 6195/540/1678 6194/538/1685
f 6179/532/1674 6180/534/1670 6192/534/1682 6191/532/1686
f 6207/540/1687 6208/542/1688 6364/542/1689 6363/540/1690
f 6195/540/1678 6196/542/1677 6208/542/1691 6207/540/1692
f 6185/519/1680 6186/522/1679 6198/522/1693 6197/519/1694
f 6192/534/1682 6193/536/1681 6205/536/1695 6204/534/1696
f 6189/528/1665 6190/530/1683 6202/530/1697 6201/528/1675
f 6196/542/1677 6185/544/1680 6197/544/1694 6208/542/1691
f 6186/522/1679 6187/524/1684 6199/524/1698 6198/522/1693
f 6193/536/1681 6194/538/1685 6206/538/1699 6205/536/1695
f 6190/530/1683 6191/532/1686 6203/532/1700 6202/530/1697
f 6187/524/1684 6188/526/1666 6200/526/1676 6199/524/1698
f 6194/538/1685 6195/540/1678 6207/540/1692 6206/538/1699
f 6191/532/1686 6192/534/1682 6204/534/1696 6203/532/1700
f 6216/533/1609 6215/531/1701 6227/531/1702 6228/533/1703
f 6116/533/1601 6114/531/1599 6215/531/1701 6216/533/1609
f 6114/531/1599 6112/529/1597 6214/529/1704 6215/531/1701
f 6112/529/1597 6110/527/1595 6213/527/1705 6214/529/1704
f 6110/527/1595 6108/525/1593 6212/525/1706 6213/527/1705
f 6102/543/1588 6124/541/1611 6220/541/1707 6209/543/1708
f 6104/521/1589 6102/520/1588 6209/520/1708 6210/521/1709
f 6108/525/1593 6106/523/1591 6211/523/1710 6212/525/1706
f 6124/541/1611 6122/539/1607 6219/539/1711 6220/541/1707
f 6106/523/1591 6104/521/1589 6210/521/1709 6211/523/1710
f 6122/539/1607 6120/537/1605 6218/537/1712 6219/539/1711
f 6120/537/1605 6118/535/1603 6217/535/1610 6218/537/1712
f 6231/539/1713 6230/537/1714 6242/537/1715 6243/539/1716
f 6213/527/1705 6212/525/1706 6224/525/1717 6225/527/1718
f 6220/541/1707 6219/539/1711 6231/539/1713 6232/541/1719
f 6210/521/1709 6209/520/1708 6221/520/1720 6222/521/1721
f 6217/535/1610 6216/533/1609 6228/533/1703 6229/535/1722
f 6214/529/1704 6213/527/1705 6225/527/1718 6226/529/1723
f 6209/543/1708 6220/541/1707 6232/541/1719 6221/543/1720
f 6211/523/1710 6210/521/1709 6222/521/1721 6223/523/1724
f 6218/537/1712 6217/535/1610 6229/535/1722 6230/537/1714
f 6215/531/1701 6214/529/1704 6226/529/1723 6227/531/1702
f 6212/525/1706 6211/523/1710 6223/523/1724 6224/525/1717
f 6219/539/1711 6218/537/1712 6230/537/1714 6231/539/1713
f 6236/525/1725 6235/523/1726 6247/523/1727 6248/525/1728
f 6228/533/1703 6227/531/1702 6239/531/1729 6240/533/1730
f 6225/527/1718 6224/525/1717 6236/525/1725 6237/527/1731
f 6232/541/1719 6231/539/1713 6243/539/1716 6244/541/1732
f 6222/521/1721 6221/520/1720 6233/520/1733 6234/521/1734
f 6229/535/1722 6228/533/1703 6240/533/1730 6241/535/1735
f 6226/529/1723 6225/527/1718 6237/527/1731 6238/529/1736
f 6221/543/1720 6232/541/1719 6244/541/1732 6233/543/1733
f 6223/523/1724 6222/521/1721 6234/521/1734 6235/523/1726
f 6230/537/1714 6229/535/1722 6241/535/1735 6242/537/1715
f 6227/531/1702 6226/529/1723 6238/529/1736 6239/531/1729
f 6224/525/1717 6223/523/1724 6235/523/1726 6236/525/1725
f 6248/525/1728 6247/523/1727 6259/523/1737 6260/525/1738
f 6243/539/1716 6242/537/1715 6254/537/1739 6255/539/1740
f 6240/533/1730 6239/531/1729 6251/531/1741 6252/533/1742
f 6237/527/1731 6236/525/1725 6248/525/1728 6249/527/1743
f 6244/541/1732 6243/539/1716 6255/539/1740 6256/541/1744
f 6234/521/1734 6233/520/1733 6245/520/1745 6246/521/1746
f 6241/535/1735 6240/533/1730 6252/533/1742 6253/535/1747
f 6238/529/1736 6237/527/1731 6249/527/1743 6250/529/1748
f 6233/543/1733 6244/541/1732 6256/541/1744 6245/543/1745
f 6235/523/1726 6234/521/1734 6246/521/1746 6247/523/1727
f 6242/537/1715 6241/535/1735 6253/535/1747 6254/537/1739
f 6239/531/1729 6238/529/1736 6250/529/1748 6251/531/1741
f 6263/531/1749 6262/529/1750 6274/529/1751 6275/531/1752
f 6255/539/1740 6254/537/1739 6266/537/1753 6267/539/1754
f 6252/533/1742 6251/531/1741 6263/531/1749 6264/533/1755
f 6249/527/1743 6248/525/1728 6260/525/1738 6261/527/1756
f 6256/541/1744 6255/539/1740 6267/539/1754 6268/541/1757
f 6246/521/1746 6245/520/1745 6257/520/1758 6258/521/1759
f 6253/535/1747 6252/533/1742 6264/533/1755 6265/535/1760
f 6250/529/1748 6249/527/1743 6261/527/1756 6262/529/1750
f 6245/543/1745 6256/541/1744 6268/541/1757 6257/543/1758
f 6247/523/1727 6246/521/1746 6258/521/1759 6259/523/1737
f 6254/537/1739 6253/535/1747 6265/535/1760 6266/537/1753
f 6251/531/1741 6250/529/1748 6262/529/1750 6263/531/1749
f 6275/531/1752 6274/529/1751 6286/529/1761 6287/531/1762
f 6260/525/1738 6259/523/1737 6271/523/1763 6272/525/1764
f 6267/539/1754 6266/537/1753 6278/537/1765 6279/539/1766
f 6264/533/1755 6263/531/1749 6275/531/1752 6276/533/1767
f 6261/527/1756 6260/525/1738 6272/525/1764 6273/527/1768
f 6268/541/1757 6267/539/1754 6279/539/1766 6280/541/1769
f 6258/521/1759 6257/520/1758 6269/520/1770 6270/521/1771
f 6265/535/1760 6264/533/1755 6276/533/1767 6277/535/1772
f 6262/529/1750 6261/527/1756 6273/527/1768 6274/529/1751
f 6257/543/1758 6268/541/1757 6280/541/1769 6269/543/1770
f 6259/523/1737 6258/521/1759 6270/521/1771 6271/523/1763
f 6266/537/1753 6265/535/1760 6277/535/1772 6278/537/1765
f 6290/537/1773 6289/535/1774 6301/535/1775 6302/537/1776
f 6272/525/1764 6271/523/1763 6283/523/1777 6284/525/1778
f 6279/539/1766 6278/537/1765 6290/537/1773 6291/539/1779
f 6276/533/1767 6275/531/1752 6287/531/1762 6288/533/1780
f 6273/527/1768 6272/525/1764 6284/525/1778 6285/527/1781
f 6280/541/1769 6279/539/1766 6291/539/1779 6292/541/1782
f 6270/521/1771 6269/520/1770 6281/520/1783 6282/521/1784
f 6277/535/1772 6276/533/1767 6288/533/1780 6289/535/1774
f 6274/529/1751 6273/527/1768 6285/527/1781 6286/529/1761
f 6269/543/1770 6280/541/1769 6292/541/1782 6281/543/1783
f 6271/523/1763 6270/521/1771 6282/521/1784 6283/523/1777
f 6278/537/1765 6277/535/1772 6289/535/1774 6290/537/1773
f 6295/523/1785 6294/521/1786 6306/521/1787 6307/523/1788
f 6287/531/1762 6286/529/1761 6298/529/1789 6299/531/1790
f 6284/525/1778 6283/523/1777 6295/523/1785 6296/525/1791
f 6291/539/1779 6290/537/1773 6302/537/1776 6303/539/1792
f 6288/533/1780 6287/531/1762 6299/531/1790 6300/533/1793
f 6285/527/1781 6284/525/1778 6296/525/1791 6297/527/1794
f 6292/541/1782 6291/539/1779 6303/539/1792 6304/541/1795
f 6282/521/1784 6281/520/1783 6293/520/1796 6294/521/1786
f 6289/535/1774 6288/533/1780 6300/533/1793 6301/535/1775
f 6286/529/1761 6285/527/1781 6297/527/1794 6298/529/1789
f 6281/543/1783 6292/541/1782 6304/541/1795 6293/543/1796
f 6283/523/1777 6282/521/1784 6294/521/1786 6295/523/1785
f 6305/543/1797 6316/541/1798 6328/541/1799 6317/543/1800
f 6302/537/1776 6301/535/1775 6313/535/1801 6314/537/1802
f 6299/531/1790 6298/529/1789 6310/529/1803 6311/531/1804
f 6296/525/1791 6295/523/1785 6307/523/1788 6308/525/1805
f 6303/539/1792 6302/537/1776 6314/537/1802 6315/539/1806
f 6300/533/1793 6299/531/1790 6311/531/1804 6312/533/1807
f 6297/527/1794 6296/525/1791 6308/525/1805 6309/527/1808
f 6304/541/1795 6303/539/1792 6315/539/1806 6316/541/1798
f 6294/521/1786 6293/520/1796 6305/520/1797 6306/521/1787
f 6301/535/1775 6300/533/1793 6312/533/1807 6313/535/1801
f 6298/529/1789 6297/527/1794 6309/527/1808 6310/529/1803
f 6293/543/1796 6304/541/1795 6316/541/1798 6305/543/1797
f 6322/529/1809 6321/527/1810 6333/527/1811 6334/529/1812
f 6307/523/1788 6306/521/1787 6318/521/1813 6319/523/1814
f 6314/537/1802 6313/535/1801 6325/535/1815 6326/537/1816
f 6311/531/1804 6310/529/1803 6322/529/1809 6323/531/1817
f 6308/525/1805 6307/523/1788 6319/523/1814 6320/525/1818
f 6315/539/1806 6314/537/1802 6326/537/1816 6327/539/1819
f 6312/533/1807 6311/531/1804 6323/531/1817 6324/533/1820
f 6309/527/1808 6308/525/1805 6320/525/1818 6321/527/1810
f 6316/541/1798 6315/539/1806 6327/539/1819 6328/541/1799
f 6306/521/1787 6305/520/1797 6317/520/1800 6318/521/1813
f 6313/535/1801 6312/533/1807 6324/533/1820 6325/535/1815
f 6310/529/1803 6309/527/1808 6321/527/1810 6322/529/1809
f 6334/529/1812 6333/527/1811 6345/527/1821 6346/529/1822
f 6317/543/1800 6328/541/1799 6340/541/1823 6329/543/1824
f 6319/523/1814 6318/521/1813 6330/521/1825 6331/523/1826
f 6326/537/1816 6325/535/1815 6337/535/1827 6338/537/1828
f 6323/531/1817 6322/529/1809 6334/529/1812 6335/531/1829
f 6320/525/1818 6319/523/1814 6331/523/1826 6332/525/1830
f 6327/539/1819 6326/537/1816 6338/537/1828 6339/539/1831
f 6324/533/1820 6323/531/1817 6335/531/1829 6336/533/1832
f 6321/527/1810 6320/525/1818 6332/525/1830 6333/527/1811
f 6328/541/1799 6327/539/1819 6339/539/1831 6340/541/1823
f 6318/521/1813 6317/520/1800 6329/520/1824 6330/521/1825
f 6325/535/1815 6324/533/1820 6336/533/1832 6337/535/1827
f 6391/545/1833 6392/546/1834 6344/525/1835 6343/523/1836
f 6329/543/1824 6340/541/1823 6352/541/1837 6341/543/1838
f 6331/523/1826 6330/521/1825 6342/521/1839 6343/523/1836
f 6338/537/1828 6337/535/1827 6349/535/1840 6350/537/1841
f 6335/531/1829 6334/529/1812 6346/529/1822 6347/531/1842
f 6332/525/1830 6331/523/1826 6343/523/1836 6344/525/1835
f 6339/539/1831 6338/537/1828 6350/537/1841 6351/539/1843
f 6336/533/1832 6335/531/1829 6347/531/1842 6348/533/1844
f 6333/527/1811 6332/525/1830 6344/525/1835 6345/527/1821
f 6340/541/1823 6339/539/1831 6351/539/1843 6352/541/1837
f 6330/521/1825 6329/520/1824 6341/520/1838 6342/521/1839
f 6337/535/1827 6336/533/1832 6348/533/1844 6349/535/1840
f 6357/528/1845 6358/530/1846 6370/530/1847 6369/528/1848
f 6197/519/1849 6198/522/1850 6354/522/1851 6353/519/1852
f 6204/534/1853 6205/536/1854 6361/536/1855 6360/534/1856
f 6201/528/1857 6202/530/1858 6358/530/1846 6357/528/1845
f 6208/542/1688 6197/544/1849 6353/544/1852 6364/542/1689
f 6198/522/1850 6199/524/1859 6355/524/1860 6354/522/1851
f 6205/536/1854 6206/538/1861 6362/538/1862 6361/536/1855
f 6202/530/1858 6203/532/1863 6359/532/1864 6358/530/1846
f 6199/524/1859 6200/526/1865 6356/526/1866 6355/524/1860
f 6206/538/1861 6207/540/1687 6363/540/1690 6362/538/1862
f 6203/532/1863 6204/534/1853 6360/534/1856 6359/532/1864
f 6200/526/1865 6201/528/1857 6357/528/1845 6356/526/1866
f 6369/528/1848 6370/530/1847 6382/530/1867 6381/528/1868
f 6364/542/1689 6353/544/1852 6365/544/1869 6376/542/1870
f 6354/522/1851 6355/524/1860 6367/524/1871 6366/522/1872
f 6361/536/1855 6362/538/1862 6374/538/1873 6373/536/1874
f 6358/530/1846 6359/532/1864 6371/532/1875 6370/530/1847
f 6355/524/1860 6356/526/1866 6368/526/1876 6367/524/1871
f 6362/538/1862 6363/540/1690 6375/540/1877 6374/538/1873
f 6359/532/1864 6360/534/1856 6372/534/1878 6371/532/1875
f 6356/526/1866 6357/528/1845 6369/528/1848 6368/526/1876
f 6363/540/1690 6364/542/1689 6376/542/1870 6375/540/1877
f 6353/519/1852 6354/522/1851 6366/522/1872 6365/519/1869
f 6360/534/1856 6361/536/1855 6373/536/1874 6372/534/1878
f 6384/534/1879 6385/536/1880 6397/547/1881 6396/548/1882
f 6376/542/1870 6365/544/1869 6377/544/1883 6388/542/1884
f 6366/522/1872 6367/524/1871 6379/524/1885 6378/522/1886
f 6373/536/1874 6374/538/1873 6386/538/1887 6385/536/1880
f 6370/530/1847 6371/532/1875 6383/532/1888 6382/530/1867
f 6367/524/1871 6368/526/1876 6380/526/1889 6379/524/1885
f 6374/538/1873 6375/540/1877 6387/540/1890 6386/538/1887
f 6371/532/1875 6372/534/1878 6384/534/1879 6383/532/1888
f 6368/526/1876 6369/528/1848 6381/528/1868 6380/526/1889
f 6375/540/1877 6376/542/1870 6388/542/1884 6387/540/1890
f 6365/519/1869 6366/522/1872 6378/522/1886 6377/519/1883
f 6372/534/1878 6373/536/1874 6385/536/1880 6384/534/1879
f 6390/549/1891 6391/545/1833 6343/523/1836 6342/521/1839
f 6381/528/1868 6382/530/1867 6394/550/1892 6393/551/1893
f 6388/542/1884 6377/544/1883 6389/552/1894 6400/553/1895
f 6378/522/1886 6379/524/1885 6391/545/1833 6390/549/1891
f 6385/536/1880 6386/538/1887 6398/554/1896 6397/547/1881
f 6382/530/1867 6383/532/1888 6395/555/1897 6394/550/1892
f 6379/524/1885 6380/526/1889 6392/546/1834 6391/545/1833
f 6386/538/1887 6387/540/1890 6399/556/1898 6398/554/1896
f 6383/532/1888 6384/534/1879 6396/548/1882 6395/555/1897
f 6380/526/1889 6381/528/1868 6393/551/1893 6392/546/1834
f 6387/540/1890 6388/542/1884 6400/553/1895 6399/556/1898
f 6377/519/1883 6378/522/1886 6390/549/1891 6389/557/1894
f 6392/546/1834 6393/551/1893 6345/527/1821 6344/525/1835
f 6393/551/1893 6394/550/1892 6346/529/1822 6345/527/1821
f 6394/550/1892 6395/555/1897 6347/531/1842 6346/529/1822
f 6395/555/1897 6396/548/1882 6348/533/1844 6347/531/1842
f 6396/548/1882 6397/547/1881 6349/535/1840 6348/533/1844
f 6397/547/1881 6398/554/1896 6350/537/1841 6349/535/1840
f 6398/554/1896 6399/556/1898 6351/539/1843 6350/537/1841
f 6399/556/1898 6400/553/1895 6352/541/1837 6351/539/1843
f 6400/553/1895 6389/552/1894 6341/543/1838 6352/541/1837
f 6389/557/1894 6390/549/1891 6342/521/1839 6341/520/1838
f 6401/519/1899 6402/520/1900 6404/521/1901 6403/522/1902
f 6403/522/1902 6404/521/1901 6406/523/1903 6405/524/1904
f 6405/524/1904 6406/523/1903 6408/525/1905 6407/526/1906
f 6407/526/1906 6408/525/1905 6410/527/1907 6409/528/1908
f 6409/528/1908 6410/527/1907 6412/529/1909 6411/530/1910
f 6411/530/1910 6412/529/1909 6414/531/1911 6413/532/1912
f 6413/532/1912 6414/531/1911 6416/533/1913 6415/534/1914
f 6415/534/1914 6416/533/1913 6418/535/1915 6417/536/1916
f 6417/536/1916 6418/535/1915 6420/537/1917 6419/538/1918
f 6419/538/1918 6420/537/1917 6422/539/1919 6421/540/1920
f 6404/558/1901 6402/559/1900 6424/560/1921 6422/561/1919 6420/562/1917 6418/563/1915 6416/564/1913 6414/565/1911 6412/566/1909 6410/567/1907 6408/568/1905 6406/569/1903
f 6421/540/1920 6422/539/1919 6424/541/1921 6423/542/1922
f 6423/542/1922 6424/541/1921 6402/543/1900 6401/544/1899
f 6401/570/1899 6403/571/1902 6405/572/1904 6407/573/1906 6409/574/1908 6411/575/1910 6413/576/1912 6415/577/1914 6417/578/1916 6419/579/1918 6421/580/1920 6423/581/1922
f 6425/519/1899 6426/520/1900 6428/521/1901 6427/522/1902
f 6427/522/1902 6428/521/1901 6430/523/1903 6429/524/1904
f 6429/524/1904 6430/523/1903 6432/525/1905 6431/526/1906
f 6431/526/1906 6432/525/1905 6434/527/1907 6433/528/1908
f 6433/528/1908 6434/527/1907 6436/529/1909 6435/530/1910
f 6435/530/1910 6436/529/1909 6438/531/1911 6437/532/1912
f 6437/532/1912 6438/531/1911 6440/533/1913 6439/534/1914
f 6439/534/1914 6440/533/1913 6442/535/1915 6441/536/1916
f 6441/536/1916 6442/535/1915 6444/537/1917 6443/538/1918
f 6443/538/1918 6444/537/1917 6446/539/1919 6445/540/1920
f 6428/558/1901 6426/559/1900 6448/560/1921 6446/561/1919 6444/562/1917 6442/563/1915 6440/564/1913 6438/565/1911 6436/566/1909 6434/567/1907 6432/568/1905 6430/569/1903
f 6445/540/1920 6446/539/1919 6448/541/1921 6447/542/1922
f 6447/542/1922 6448/541/1921 6426/543/1900 6425/544/1899
f 6425/570/1899 6427/571/1902 6429/572/1904 6431/573/1906 6433/574/1908 6435/575/1910 6437/576/1912 6439/577/1914 6441/578/1916 6443/579/1918 6445/580/1920 6447/581/1922
f 6449/519/1899 6450/520/1900 6452/521/1901 6451/522/1902
f 6451/522/1902 6452/521/1901 6454/523/1903 6453/524/1904
f 6453/524/1904 6454/523/1903 6456/525/1905 6455/526/1906
f 6455/526/1906 6456/525/1905 6458/527/1907 6457/528/1908
f 6457/528/1908 6458/527/1907 6460/529/1909 6459/530/1910
f 6459/530/1910 6460/529/1909 6462/531/1911 6461/532/1912
f 6461/532/1912 6462/531/1911 6464/533/1913 6463/534/1914
f 6463/534/1914 6464/533/1913 6466/535/1915 6465/536/1916
f 6465/536/1916 6466/535/1915 6468/537/1917 6467/538/1918
f 6467/538/1918 6468/537/1917 6470/539/1919 6469/540/1920
f 6452/558/1901 6450/559/1900 6472/560/1923 6470/561/1919 6468/562/1917 6466/563/1915 6464/564/1913 6462/565/1911 6460/566/1909 6458/567/1907 6456/568/1905 6454/569/1903
f 6469/540/1920 6470/539/1919 6472/541/1923 6471/542/1922
f 6471/542/1922 6472/541/1923 6450/543/1900 6449/544/1899
f 6449/570/1899 6451/571/1902 6453/572/1904 6455/573/1906 6457/574/1908 6459/575/1910 6461/576/1912 6463/577/1914 6465/578/1916 6467/579/1918 6469/580/1920 6471/581/1922
f 6473/519/1899 6474/520/1900 6476/521/1901 6475/522/1902
f 6475/522/1902 6476/521/1901 6478/523/1903 6477/524/1904
f 6477/524/1904 6478/523/1903 6480/525/1905 6479/526/1906
f 6479/526/1906 6480/525/1905 6482/527/1907 6481/528/1908
f 6481/528/1908 6482/527/1907 6484/529/1909 6483/530/1910
f 6483/530/1910 6484/529/1909 6486/531/1911 6485/532/1912
f 6485/532/1912 6486/531/1911 6488/533/1913 6487/534/1914
f 6487/534/1914 6488/533/1913 6490/535/1915 6489/536/1916
f 6489/536/1916 6490/535/1915 6492/537/1917 6491/538/1918
f 6491/538/1918 6492/537/1917 6494/539/1919 6493/540/1920
f 6476/558/1901 6474/559/1900 6496/560/1921 6494/561/1919 6492/562/1917 6490/563/1915 6488/564/1913 6486/565/1911 6484/566/1909 6482/567/1907 6480/568/1905 6478/569/1903
f 6493/540/1920 6494/539/1919 6496/541/1921 6495/542/1922
f 6495/542/1922 6496/541/1921 6474/543/1900 6473/544/1899
f 6473/570/1899 6475/571/1902 6477/572/1904 6479/573/1906 6481/574/1908 6483/575/1910 6485/576/1912 6487/577/1914 6489/578/1916 6491/579/1918 6493/580/1920 6495/581/1922
f 6497/519/1899 6498/520/1900 6500/521/1901 6499/522/1902
f 6499/522/1902 6500/521/1901 6502/523/1903 6501/524/1904
f 6501/524/1904 6502/523/1903 6504/525/1905 6503/526/1906
f 6503/526/1906 6504/525/1905 6506/527/1907 6505/528/1908
f 6505/528/1908 6506/527/1907 6508/529/1909 6507/530/1910
f 6507/530/1910 6508/529/1909 6510/531/1911 6509/532/1912
f 6509/532/1912 6510/531/1911 6512/533/1913 6511/534/1914
f 6511/534/1914 6512/533/1913 6514/535/1915 6513/536/1916
f 6513/536/1916 6514/535/1915 6516/537/1917 6515/538/1918
f 6515/538/1918 6516/537/1917 6518/539/1919 6517/540/1920
f 6500/558/1901 6498/559/1900 6520/560/1921 6518/561/1919 6516/562/1917 6514/563/1915 6512/564/1913 6510/565/1911 6508/566/1909 6506/567/1907 6504/568/1905 6502/569/1903
f 6517/540/1920 6518/539/1919 6520/541/1921 6519/542/1922
f 6519/542/1922 6520/541/1921 6498/543/1900 6497/544/1899
f 6497/570/1899 6499/571/1902 6501/572/1904 6503/573/1906 6505/574/1908 6507/575/1910 6509/576/1912 6511/577/1914 6513/578/1916 6515/579/1918 6517/580/1920 6519/581/1922
f 6521/519/1899 6522/520/1900 6524/521/1901 6523/522/1902
f 6523/522/1902 6524/521/1901 6526/523/1903 6525/524/1904
f 6525/524/1904 6526/523/1903 6528/525/1905 6527/526/1906
f 6527/526/1906 6528/525/1905 6530/527/1907 6529/528/1908
f 6529/528/1908 6530/527/1907 6532/529/1909 6531/530/1910
f 6531/530/1910 6532/529/1909 6534/531/1911 6533/532/1912
f 6533/532/1912 6534/531/1911 6536/533/1913 6535/534/1914
f 6535/534/1914 6536/533/1913 6538/535/1915 6537/536/1916
f 6537/536/1916 6538/535/1915 6540/537/1917 6539/538/1918
f 6539/538/1918 6540/537/1917 6542/539/1919 6541/540/1920
f 6524/558/1901 6522/559/1900 6544/560/1921 6542/561/1919 6540/562/1917 6538/563/1915 6536/564/1913 6534/565/1911 6532/566/1909 6530/567/1907 6528/568/1905 6526/569/1903
f 6541/540/1920 6542/539/1919 6544/541/1921 6543/542/1922
f 6543/542/1922 6544/541/1921 6522/543/1900 6521/544/1899
f 6521/570/1899 6523/571/1902 6525/572/1904 6527/573/1906 6529/574/1908 6531/575/1910 6533/576/1912 6535/577/1914 6537/578/1916 6539/579/1918 6541/580/1920 6543/581/1922
f 6545/519/1899 6546/520/1900 6548/521/1901 6547/522/1902
f 6547/522/1902 6548/521/1901 6550/523/1903 6549/524/1904
f 6549/524/1904 6550/523/1903 6552/525/1905 6551/526/1906
f 6551/526/1906 6552/525/1905 6554/527/1907 6553/528/1908
f 6553/528/1908 6554/527/1907 6556/529/1909 6555/530/1910
f 6555/530/1910 6556/529/1909 6558/531/1911 6557/532/1912
f 6557/532/1912 6558/531/1911 6560/533/1913 6559/534/1914
f 6559/534/1914 6560/533/1913 6562/535/1915 6561/536/1916
f 6561/536/1916 6562/535/1915 6564/537/1917 6563/538/1918
f 6563/538/1918 6564/537/1917 6566/539/1919 6565/540/1920
f 6548/558/1901 6546/559/1900 6568/560/1921 6566/561/1919 6564/562/1917 6562/563/1915 6560/564/1913 6558/565/1911 6556/566/1909 6554/567/1907 6552/568/1905 6550/569/1903
f 6565/540/1920 6566/539/1919 6568/541/1921 6567/542/1922
f 6567/542/1922 6568/541/1921 6546/543/1900 6545/544/1899
f 6545/570/1899 6547/571/1902 6549/572/1904 6551/573/1906 6553/574/1908 6555/575/1910 6557/576/1912 6559/577/1914 6561/578/1916 6563/579/1918 6565/580/1920 6567/581/1922
f 6204/534/1693 6203/532/1694 6575/532/1924 6576/534/1925
f 6201/528/1692 6200/526/1699 6572/526/1926 6573/528/1927
f 6207/540/1928 6208/542/1928 6580/542/1928 6579/540/1928
f 6198/522/1696 6197/519/1700 6569/519/1929 6570/522/1930
f 6205/536/1698 6204/534/1693 6576/534/1925 6577/536/1931
f 6202/530/1932 6201/528/1692 6573/528/1927 6574/530/1933
f 6197/544/1700 6208/542/1934 6580/542/1935 6569/544/1929
f 6199/524/1695 6198/522/1696 6570/522/1930 6571/524/1936
f 6206/538/1676 6205/536/1698 6577/536/1931 6578/538/1937
f 6203/532/1694 6202/530/1932 6574/530/1933 6575/532/1924
f 6200/526/1699 6199/524/1695 6571/524/1936 6572/526/1926
f 6207/540/1938 6206/538/1676 6578/538/1937 6579/540/1939
f 6569/544/1929 6580/542/1935 6579/540/1939 6578/538/1937 6577/536/1931 6576/534/1925 6575/532/1924 6574/530/1933 6573/528/1927 6572/526/1926 6571/524/1936 6570/522/1930
f 6581/519/1587 6582/520/1588 6584/521/1589 6583/522/1590
f 6583/522/1590 6584/521/1589 6586/523/1591 6585/524/1592
f 6585/524/1592 6586/523/1591 6588/525/1593 6587/526/1594
f 6587/526/1594 6588/525/1593 6590/527/1595 6589/528/1596
f 6589/528/1596 6590/527/1595 6592/529/1597 6591/530/1598
f 6591/530/1598 6592/529/1597 6594/531/1599 6593/532/1600
f 6593/532/1600 6594/531/1599 6596/533/1601 6595/534/1602
f 6595/534/1602 6596/533/1601 6598/535/1603 6597/536/1604
f 6597/536/1604 6598/535/1603 6600/537/1605 6599/538/1606
f 6599/538/1606 6600/537/1605 6602/539/1607 6601/540/1608
f 6598/535/1603 6596/533/1601 6696/533/1609 6697/535/1610
f 6601/540/1608 6602/539/1607 6604/541/1611 6603/542/1612
f 6603/542/1612 6604/541/1611 6582/543/1588 6581/544/1587
f 6591/530/1598 6593/532/1600 6611/532/1613 6610/530/1614
f 6609/528/1940 6610/530/1614 6622/530/1616 6621/528/1617
f 6589/528/1596 6591/530/1598 6610/530/1614 6609/528/1940
f 6587/526/1594 6589/528/1596 6609/528/1940 6608/526/1618
f 6603/542/1612 6581/544/1587 6605/544/1619 6616/542/1620
f 6581/519/1587 6583/522/1590 6606/522/1621 6605/519/1619
f 6585/524/1592 6587/526/1594 6608/526/1618 6607/524/1622
f 6601/540/1608 6603/542/1612 6616/542/1620 6615/540/1941
f 6583/522/1590 6585/524/1592 6607/524/1622 6606/522/1621
f 6599/538/1606 6601/540/1608 6615/540/1941 6614/538/1624
f 6597/536/1604 6599/538/1606 6614/538/1624 6613/536/1625
f 6595/534/1602 6597/536/1604 6613/536/1625 6612/534/1626
f 6593/532/1600 6595/534/1602 6612/534/1626 6611/532/1613
f 6624/534/1942 6625/536/1628 6637/536/1629 6636/534/1630
f 6616/542/1620 6605/544/1619 6617/544/1943 6628/542/1632
f 6606/522/1621 6607/524/1622 6619/524/1633 6618/522/1634
f 6613/536/1625 6614/538/1624 6626/538/1635 6625/536/1628
f 6610/530/1614 6611/532/1613 6623/532/1636 6622/530/1616
f 6607/524/1622 6608/526/1618 6620/526/1637 6619/524/1633
f 6614/538/1624 6615/540/1941 6627/540/1638 6626/538/1635
f 6611/532/1613 6612/534/1626 6624/534/1942 6623/532/1636
f 6608/526/1618 6609/528/1940 6621/528/1617 6620/526/1637
f 6615/540/1941 6616/542/1620 6628/542/1632 6627/540/1638
f 6605/519/1619 6606/522/1621 6618/522/1634 6617/519/1943
f 6612/534/1626 6613/536/1625 6625/536/1628 6624/534/1942
f 6629/519/1639 6630/522/1640 6642/522/1641 6641/519/1944
f 6621/528/1617 6622/530/1616 6634/530/1643 6633/528/1644
f 6628/542/1632 6617/544/1943 6629/544/1639 6640/542/1645
f 6618/522/1634 6619/524/1633 6631/524/1646 6630/522/1640
f 6625/536/1628 6626/538/1635 6638/538/1647 6637/536/1629
f 6622/530/1616 6623/532/1636 6635/532/1648 6634/530/1643
f 6619/524/1633 6620/526/1637 6632/526/1649 6631/524/1646
f 6626/538/1635 6627/540/1638 6639/540/1650 6638/538/1647
f 6623/532/1636 6624/534/1942 6636/534/1630 6635/532/1648
f 6620/526/1637 6621/528/1617 6633/528/1644 6632/526/1649
f 6627/540/1638 6628/542/1632 6640/542/1645 6639/540/1650
f 6617/519/1943 6618/522/1634 6630/522/1640 6629/519/1639
f 6651/540/1651 6652/542/1652 6664/542/1653 6663/540/1654
f 6636/534/1630 6637/536/1629 6649/536/1655 6648/534/1656
f 6633/528/1644 6634/530/1643 6646/530/1657 6645/528/1658
f 6640/542/1645 6629/544/1639 6641/544/1944 6652/542/1652
f 6630/522/1640 6631/524/1646 6643/524/1659 6642/522/1641
f 6637/536/1629 6638/538/1647 6650/538/1660 6649/536/1655
f 6634/530/1643 6635/532/1648 6647/532/1661 6646/530/1657
f 6631/524/1646 6632/526/1649 6644/526/1662 6643/524/1659
f 6638/538/1647 6639/540/1650 6651/540/1651 6650/538/1660
f 6635/532/1648 6636/534/1630 6648/534/1656 6647/532/1661
f 6632/526/1649 6633/528/1644 6645/528/1658 6644/526/1662
f 6639/540/1650 6640/542/1645 6652/542/1652 6651/540/1651
f 6656/526/1663 6657/528/1664 6669/528/1665 6668/526/1666
f 6641/519/1944 6642/522/1641 6654/522/1667 6653/519/1668
f 6648/534/1656 6649/536/1655 6661/536/1669 6660/534/1670
f 6645/528/1658 6646/530/1657 6658/530/1671 6657/528/1664
f 6652/542/1652 6641/544/1944 6653/544/1668 6664/542/1653
f 6642/522/1641 6643/524/1659 6655/524/1672 6654/522/1667
f 6649/536/1655 6650/538/1660 6662/538/1673 6661/536/1669
f 6646/530/1657 6647/532/1661 6659/532/1674 6658/530/1671
f 6643/524/1659 6644/526/1662 6656/526/1663 6655/524/1672
f 6650/538/1660 6651/540/1651 6663/540/1654 6662/538/1673
f 6647/532/1661 6648/534/1656 6660/534/1670 6659/532/1674
f 6644/526/1662 6645/528/1658 6657/528/1664 6656/526/1663
f 6668/526/1666 6669/528/1665 6681/528/1675 6680/526/1676
f 6663/540/1654 6664/542/1653 6676/542/1677 6675/540/1678
f 6653/519/1668 6654/522/1667 6666/522/1679 6665/519/1680
f 6660/534/1670 6661/536/1669 6673/536/1681 6672/534/1682
f 6657/528/1664 6658/530/1671 6670/530/1683 6669/528/1665
f 6664/542/1653 6653/544/1668 6665/544/1680 6676/542/1677
f 6654/522/1667 6655/524/1672 6667/524/1684 6666/522/1679
f 6661/536/1669 6662/538/1673 6674/538/1685 6673/536/1681
f 6658/530/1671 6659/532/1674 6671/532/1686 6670/530/1683
f 6655/524/1672 6656/526/1663 6668/526/1666 6667/524/1684
f 6662/538/1673 6663/540/1654 6675/540/1678 6674/538/1685
f 6659/532/1674 6660/534/1670 6672/534/1682 6671/532/1686
f 6687/540/1687 6688/542/1688 6844/542/1689 6843/540/1690
f 6675/540/1678 6676/542/1677 6688/542/1932 6687/540/1692
f 6665/519/1680 6666/522/1679 6678/522/1693 6677/519/1694
f 6672/534/1682 6673/536/1681 6685/536/1695 6684/534/1696
f 6669/528/1665 6670/530/1683 6682/530/1697 6681/528/1675
f 6676/542/1677 6665/544/1680 6677/544/1694 6688/542/1932
f 6666/522/1679 6667/524/1684 6679/524/1698 6678/522/1693
f 6673/536/1681 6674/538/1685 6686/538/1699 6685/536/1695
f 6670/530/1683 6671/532/1686 6683/532/1700 6682/530/1697
f 6667/524/1684 6668/526/1666 6680/526/1676 6679/524/1698
f 6674/538/1685 6675/540/1678 6687/540/1692 6686/538/1699
f 6671/532/1686 6672/534/1682 6684/534/1696 6683/532/1700
f 6696/533/1609 6695/531/1701 6707/531/1702 6708/533/1703
f 6596/533/1601 6594/531/1599 6695/531/1701 6696/533/1609
f 6594/531/1599 6592/529/1597 6694/529/1704 6695/531/1701
f 6592/529/1597 6590/527/1595 6693/527/1705 6694/529/1704
f 6590/527/1595 6588/525/1593 6692/525/1706 6693/527/1705
f 6582/543/1588 6604/541/1611 6700/541/1707 6689/543/1708
f 6584/521/1589 6582/520/1588 6689/520/1708 6690/521/1709
f 6588/525/1593 6586/523/1591 6691/523/1710 6692/525/1706
f 6604/541/1611 6602/539/1607 6699/539/1711 6700/541/1707
f 6586/523/1591 6584/521/1589 6690/521/1709 6691/523/1710
f 6602/539/1607 6600/537/1605 6698/537/1712 6699/539/1711
f 6600/537/1605 6598/535/1603 6697/535/1610 6698/537/1712
f 6711/539/1713 6710/537/1714 6722/537/1715 6723/539/1716
f 6693/527/1705 6692/525/1706 6704/525/1717 6705/527/1718
f 6700/541/1707 6699/539/1711 6711/539/1713 6712/541/1719
f 6690/521/1709 6689/520/1708 6701/520/1720 6702/521/1721
f 6697/535/1610 6696/533/1609 6708/533/1703 6709/535/1722
f 6694/529/1704 6693/527/1705 6705/527/1718 6706/529/1723
f 6689/543/1708 6700/541/1707 6712/541/1719 6701/543/1720
f 6691/523/1710 6690/521/1709 6702/521/1721 6703/523/1724
f 6698/537/1712 6697/535/1610 6709/535/1722 6710/537/1714
f 6695/531/1701 6694/529/1704 6706/529/1723 6707/531/1702
f 6692/525/1706 6691/523/1710 6703/523/1724 6704/525/1717
f 6699/539/1711 6698/537/1712 6710/537/1714 6711/539/1713
f 6716/525/1725 6715/523/1726 6727/523/1727 6728/525/1728
f 6708/533/1703 6707/531/1702 6719/531/1729 6720/533/1730
f 6705/527/1718 6704/525/1717 6716/525/1725 6717/527/1731
f 6712/541/1719 6711/539/1713 6723/539/1716 6724/541/1732
f 6702/521/1721 6701/520/1720 6713/520/1733 6714/521/1734
f 6709/535/1722 6708/533/1703 6720/533/1730 6721/535/1735
f 6706/529/1723 6705/527/1718 6717/527/1731 6718/529/1736
f 6701/543/1720 6712/541/1719 6724/541/1732 6713/543/1733
f 6703/523/1724 6702/521/1721 6714/521/1734 6715/523/1726
f 6710/537/1714 6709/535/1722 6721/535/1735 6722/537/1715
f 6707/531/1702 6706/529/1723 6718/529/1736 6719/531/1729
f 6704/525/1717 6703/523/1724 6715/523/1726 6716/525/1725
f 6728/525/1728 6727/523/1727 6739/523/1737 6740/525/1738
f 6723/539/1716 6722/537/1715 6734/537/1739 6735/539/1740
f 6720/533/1730 6719/531/1729 6731/531/1741 6732/533/1742
f 6717/527/1731 6716/525/1725 6728/525/1728 6729/527/1743
f 6724/541/1732 6723/539/1716 6735/539/1740 6736/541/1744
f 6714/521/1734 6713/520/1733 6725/520/1745 6726/521/1746
f 6721/535/1735 6720/533/1730 6732/533/1742 6733/535/1747
f 6718/529/1736 6717/527/1731 6729/527/1743 6730/529/1748
f 6713/543/1733 6724/541/1732 6736/541/1744 6725/543/1745
f 6715/523/1726 6714/521/1734 6726/521/1746 6727/523/1727
f 6722/537/1715 6721/535/1735 6733/535/1747 6734/537/1739
f 6719/531/1729 6718/529/1736 6730/529/1748 6731/531/1741
f 6743/531/1749 6742/529/1750 6754/529/1751 6755/531/1752
f 6735/539/1740 6734/537/1739 6746/537/1753 6747/539/1754
f 6732/533/1742 6731/531/1741 6743/531/1749 6744/533/1755
f 6729/527/1743 6728/525/1728 6740/525/1738 6741/527/1756
f 6736/541/1744 6735/539/1740 6747/539/1754 6748/541/1757
f 6726/521/1746 6725/520/1745 6737/520/1758 6738/521/1759
f 6733/535/1747 6732/533/1742 6744/533/1755 6745/535/1760
f 6730/529/1748 6729/527/1743 6741/527/1756 6742/529/1750
f 6725/543/1745 6736/541/1744 6748/541/1757 6737/543/1758
f 6727/523/1727 6726/521/1746 6738/521/1759 6739/523/1737
f 6734/537/1739 6733/535/1747 6745/535/1760 6746/537/1753
f 6731/531/1741 6730/529/1748 6742/529/1750 6743/531/1749
f 6755/531/1752 6754/529/1751 6766/529/1761 6767/531/1762
f 6740/525/1738 6739/523/1737 6751/523/1763 6752/525/1764
f 6747/539/1754 6746/537/1753 6758/537/1765 6759/539/1766
f 6744/533/1755 6743/531/1749 6755/531/1752 6756/533/1767
f 6741/527/1756 6740/525/1738 6752/525/1764 6753/527/1768
f 6748/541/1757 6747/539/1754 6759/539/1766 6760/541/1769
f 6738/521/1759 6737/520/1758 6749/520/1770 6750/521/1771
f 6745/535/1760 6744/533/1755 6756/533/1767 6757/535/1772
f 6742/529/1750 6741/527/1756 6753/527/1768 6754/529/1751
f 6737/543/1758 6748/541/1757 6760/541/1769 6749/543/1770
f 6739/523/1737 6738/521/1759 6750/521/1771 6751/523/1763
f 6746/537/1753 6745/535/1760 6757/535/1772 6758/537/1765
f 6770/537/1773 6769/535/1774 6781/535/1775 6782/537/1776
f 6752/525/1764 6751/523/1763 6763/523/1777 6764/525/1778
f 6759/539/1766 6758/537/1765 6770/537/1773 6771/539/1779
f 6756/533/1767 6755/531/1752 6767/531/1762 6768/533/1780
f 6753/527/1768 6752/525/1764 6764/525/1778 6765/527/1781
f 6760/541/1769 6759/539/1766 6771/539/1779 6772/541/1782
f 6750/521/1771 6749/520/1770 6761/520/1783 6762/521/1784
f 6757/535/1772 6756/533/1767 6768/533/1780 6769/535/1774
f 6754/529/1751 6753/527/1768 6765/527/1781 6766/529/1761
f 6749/543/1770 6760/541/1769 6772/541/1782 6761/543/1783
f 6751/523/1763 6750/521/1771 6762/521/1784 6763/523/1777
f 6758/537/1765 6757/535/1772 6769/535/1774 6770/537/1773
f 6775/523/1785 6774/521/1786 6786/521/1787 6787/523/1945
f 6767/531/1762 6766/529/1761 6778/529/1789 6779/531/1790
f 6764/525/1778 6763/523/1777 6775/523/1785 6776/525/1791
f 6771/539/1779 6770/537/1773 6782/537/1776 6783/539/1792
f 6768/533/1780 6767/531/1762 6779/531/1790 6780/533/1793
f 6765/527/1781 6764/525/1778 6776/525/1791 6777/527/1794
f 6772/541/1782 6771/539/1779 6783/539/1792 6784/541/1946
f 6762/521/1784 6761/520/1783 6773/520/1796 6774/521/1786
f 6769/535/1774 6768/533/1780 6780/533/1793 6781/535/1775
f 6766/529/1761 6765/527/1781 6777/527/1794 6778/529/1789
f 6761/543/1783 6772/541/1782 6784/541/1946 6773/543/1796
f 6763/523/1777 6762/521/1784 6774/521/1786 6775/523/1785
f 6785/543/1797 6796/541/1798 6808/541/1799 6797/543/1800
f 6782/537/1776 6781/535/1775 6793/535/1801 6794/537/1802
f 6779/531/1790 6778/529/1789 6790/529/1803 6791/531/1804
f 6776/525/1791 6775/523/1785 6787/523/1945 6788/525/1805
f 6783/539/1792 6782/537/1776 6794/537/1802 6795/539/1806
f 6780/533/1793 6779/531/1790 6791/531/1804 6792/533/1807
f 6777/527/1794 6776/525/1791 6788/525/1805 6789/527/1808
f 6784/541/1946 6783/539/1792 6795/539/1806 6796/541/1798
f 6774/521/1786 6773/520/1796 6785/520/1797 6786/521/1787
f 6781/535/1775 6780/533/1793 6792/533/1807 6793/535/1801
f 6778/529/1789 6777/527/1794 6789/527/1808 6790/529/1803
f 6773/543/1796 6784/541/1946 6796/541/1798 6785/543/1797
f 6802/529/1809 6801/527/1810 6813/527/1811 6814/529/1812
f 6787/523/1945 6786/521/1787 6798/521/1813 6799/523/1814
f 6794/537/1802 6793/535/1801 6805/535/1815 6806/537/1816
f 6791/531/1804 6790/529/1803 6802/529/1809 6803/531/1817
f 6788/525/1805 6787/523/1945 6799/523/1814 6800/525/1818
f 6795/539/1806 6794/537/1802 6806/537/1816 6807/539/1947
f 6792/533/1807 6791/531/1804 6803/531/1817 6804/533/1820
f 6789/527/1808 6788/525/1805 6800/525/1818 6801/527/1810
f 6796/541/1798 6795/539/1806 6807/539/1947 6808/541/1799
f 6786/521/1787 6785/520/1797 6797/520/1800 6798/521/1813
f 6793/535/1801 6792/533/1807 6804/533/1820 6805/535/1815
f 6790/529/1803 6789/527/1808 6801/527/1810 6802/529/1809
f 6814/529/1812 6813/527/1811 6825/527/1821 6826/529/1822
f 6797/543/1800 6808/541/1799 6820/541/1823 6809/543/1824
f 6799/523/1814 6798/521/1813 6810/521/1825 6811/523/1826
f 6806/537/1816 6805/535/1815 6817/535/1827 6818/537/1828
f 6803/531/1817 6802/529/1809 6814/529/1812 6815/531/1829
f 6800/525/1818 6799/523/1814 6811/523/1826 6812/525/1830
f 6807/539/1947 6806/537/1816 6818/537/1828 6819/539/1831
f 6804/533/1820 6803/531/1817 6815/531/1829 6816/533/1832
f 6801/527/1810 6800/525/1818 6812/525/1830 6813/527/1811
f 6808/541/1799 6807/539/1947 6819/539/1831 6820/541/1823
f 6798/521/1813 6797/520/1800 6809/520/1824 6810/521/1825
f 6805/535/1815 6804/533/1820 6816/533/1832 6817/535/1827
f 6871/545/1833 6872/546/1834 6824/525/1835 6823/523/1836
f 6809/543/1824 6820/541/1823 6832/541/1837 6821/543/1948
f 6811/523/1826 6810/521/1825 6822/521/1949 6823/523/1836
f 6818/537/1828 6817/535/1827 6829/535/1840 6830/537/1841
f 6815/531/1829 6814/529/1812 6826/529/1822 6827/531/1842
f 6812/525/1830 6811/523/1826 6823/523/1836 6824/525/1835
f 6819/539/1831 6818/537/1828 6830/537/1841 6831/539/1843
f 6816/533/1832 6815/531/1829 6827/531/1842 6828/533/1844
f 6813/527/1811 6812/525/1830 6824/525/1835 6825/527/1821
f 6820/541/1823 6819/539/1831 6831/539/1843 6832/541/1837
f 6810/521/1825 6809/520/1824 6821/520/1948 6822/521/1949
f 6817/535/1827 6816/533/1832 6828/533/1844 6829/535/1840
f 6837/528/1845 6838/530/1846 6850/530/1847 6849/528/1848
f 6677/519/1849 6678/522/1850 6834/522/1851 6833/519/1950
f 6684/534/1853 6685/536/1854 6841/536/1855 6840/534/1856
f 6681/528/1857 6682/530/1951 6838/530/1846 6837/528/1845
f 6688/542/1688 6677/544/1849 6833/544/1950 6844/542/1689
f 6678/522/1850 6679/524/1859 6835/524/1860 6834/522/1851
f 6685/536/1854 6686/538/1861 6842/538/1862 6841/536/1855
f 6682/530/1951 6683/532/1863 6839/532/1864 6838/530/1846
f 6679/524/1859 6680/526/1865 6836/526/1866 6835/524/1860
f 6686/538/1861 6687/540/1687 6843/540/1690 6842/538/1862
f 6683/532/1863 6684/534/1853 6840/534/1856 6839/532/1864
f 6680/526/1865 6681/528/1857 6837/528/1845 6836/526/1866
f 6849/528/1848 6850/530/1847 6862/530/1867 6861/528/1868
f 6844/542/1689 6833/544/1950 6845/544/1869 6856/542/1870
f 6834/522/1851 6835/524/1860 6847/524/1871 6846/522/1872
f 6841/536/1855 6842/538/1862 6854/538/1873 6853/536/1874
f 6838/530/1846 6839/532/1864 6851/532/1875 6850/530/1847
f 6835/524/1860 6836/526/1866 6848/526/1876 6847/524/1871
f 6842/538/1862 6843/540/1690 6855/540/1877 6854/538/1873
f 6839/532/1864 6840/534/1856 6852/534/1878 6851/532/1875
f 6836/526/1866 6837/528/1845 6849/528/1848 6848/526/1876
f 6843/540/1690 6844/542/1689 6856/542/1870 6855/540/1877
f 6833/519/1950 6834/522/1851 6846/522/1872 6845/519/1869
f 6840/534/1856 6841/536/1855 6853/536/1874 6852/534/1878
f 6864/534/1879 6865/536/1880 6877/547/1881 6876/548/1882
f 6856/542/1870 6845/544/1869 6857/544/1883 6868/542/1884
f 6846/522/1872 6847/524/1871 6859/524/1885 6858/522/1886
f 6853/536/1874 6854/538/1873 6866/538/1887 6865/536/1880
f 6850/530/1847 6851/532/1875 6863/532/1888 6862/530/1867
f 6847/524/1871 6848/526/1876 6860/526/1889 6859/524/1885
f 6854/538/1873 6855/540/1877 6867/540/1890 6866/538/1887
f 6851/532/1875 6852/534/1878 6864/534/1879 6863/532/1888
f 6848/526/1876 6849/528/1848 6861/528/1868 6860/526/1889
f 6855/540/1877 6856/542/1870 6868/542/1884 6867/540/1890
f 6845/519/1869 6846/522/1872 6858/522/1886 6857/519/1883
f 6852/534/1878 6853/536/1874 6865/536/1880 6864/534/1879
f 6870/549/1891 6871/545/1833 6823/523/1836 6822/521/1949
f 6861/528/1868 6862/530/1867 6874/550/1892 6873/551/1893
f 6868/542/1884 6857/544/1883 6869/552/1894 6880/553/1952
f 6858/522/1886 6859/524/1885 6871/545/1833 6870/549/1891
f 6865/536/1880 6866/538/1887 6878/554/1896 6877/547/1881
f 6862/530/1867 6863/532/1888 6875/555/1897 6874/550/1892
f 6859/524/1885 6860/526/1889 6872/546/1834 6871/545/1833
f 6866/538/1887 6867/540/1890 6879/556/1898 6878/554/1896
f 6863/532/1888 6864/534/1879 6876/548/1882 6875/555/1897
f 6860/526/1889 6861/528/1868 6873/551/1893 6872/546/1834
f 6867/540/1890 6868/542/1884 6880/553/1952 6879/556/1898
f 6857/519/1883 6858/522/1886 6870/549/1891 6869/557/1894
f 6872/546/1834 6873/551/1893 6825/527/1821 6824/525/1835
f 6873/551/1893 6874/550/1892 6826/529/1822 6825/527/1821
f 6874/550/1892 6875/555/1897 6827/531/1842 6826/529/1822
f 6875/555/1897 6876/548/1882 6828/533/1844 6827/531/1842
f 6876/548/1882 6877/547/1881 6829/535/1840 6828/533/1844
f 6877/547/1881 6878/554/1896 6830/537/1841 6829/535/1840
f 6878/554/1896 6879/556/1898 6831/539/1843 6830/537/1841
f 6879/556/1898 6880/553/1952 6832/541/1837 6831/539/1843
f 6880/553/1952 6869/552/1894 6821/543/1948 6832/541/1837
f 6869/557/1894 6870/549/1891 6822/521/1949 6821/520/1948
f 6881/519/1899 6882/520/1900 6884/521/1901 6883/522/1902
f 6883/522/1902 6884/521/1901 6886/523/1903 6885/524/1904
f 6885/524/1904 6886/523/1903 6888/525/1905 6887/526/1906
f 6887/526/1906 6888/525/1905 6890/527/1907 6889/528/1908
f 6889/528/1908 6890/527/1907 6892/529/1909 6891/530/1910
f 6891/530/1910 6892/529/1909 6894/531/1911 6893/532/1912
f 6893/532/1912 6894/531/1911 6896/533/1913 6895/534/1914
f 6895/534/1914 6896/533/1913 6898/535/1915 6897/536/1916
f 6897/536/1916 6898/535/1915 6900/537/1917 6899/538/1918
f 6899/538/1918 6900/537/1917 6902/539/1919 6901/540/1920
f 6884/558/1901 6882/559/1900 6904/560/1921 6902/561/1919 6900/562/1917 6898/563/1915 6896/564/1913 6894/565/1911 6892/566/1909 6890/567/1907 6888/568/1905 6886/569/1903
f 6901/540/1920 6902/539/1919 6904/541/1921 6903/542/1922
f 6903/542/1922 6904/541/1921 6882/543/1900 6881/544/1899
f 6881/570/1899 6883/571/1902 6885/572/1904 6887/573/1906 6889/574/1908 6891/575/1910 6893/576/1912 6895/577/1914 6897/578/1916 6899/579/1918 6901/580/1920 6903/581/1922
f 6905/519/1899 6906/520/1900 6908/521/1901 6907/522/1902
f 6907/522/1902 6908/521/1901 6910/523/1903 6909/524/1904
f 6909/524/1904 6910/523/1903 6912/525/1905 6911/526/1906
f 6911/526/1906 6912/525/1905 6914/527/1907 6913/528/1908
f 6913/528/1908 6914/527/1907 6916/529/1909 6915/530/1910
f 6915/530/1910 6916/529/1909 6918/531/1911 6917/532/1912
f 6917/532/1912 6918/531/1911 6920/533/1913 6919/534/1914
f 6919/534/1914 6920/533/1913 6922/535/1915 6921/536/1916
f 6921/536/1916 6922/535/1915 6924/537/1917 6923/538/1918
f 6923/538/1918 6924/537/1917 6926/539/1919 6925/540/1920
f 6908/558/1901 6906/559/1900 6928/560/1921 6926/561/1919 6924/562/1917 6922/563/1915 6920/564/1913 6918/565/1911 6916/566/1909 6914/567/1907 6912/568/1905 6910/569/1903
f 6925/540/1920 6926/539/1919 6928/541/1921 6927/542/1922
f 6927/542/1922 6928/541/1921 6906/543/1900 6905/544/1899
f 6905/570/1899 6907/571/1902 6909/572/1904 6911/573/1906 6913/574/1908 6915/575/1910 6917/576/1912 6919/577/1914 6921/578/1916 6923/579/1918 6925/580/1920 6927/581/1922
f 6929/519/1899 6930/520/1900 6932/521/1901 6931/522/1902
f 6931/522/1902 6932/521/1901 6934/523/1903 6933/524/1904
f 6933/524/1904 6934/523/1903 6936/525/1905 6935/526/1906
f 6935/526/1906 6936/525/1905 6938/527/1907 6937/528/1908
f 6937/528/1908 6938/527/1907 6940/529/1909 6939/530/1910
f 6939/530/1910 6940/529/1909 6942/531/1911 6941/532/1912
f 6941/532/1912 6942/531/1911 6944/533/1913 6943/534/1914
f 6943/534/1914 6944/533/1913 6946/535/1915 6945/536/1916
f 6945/536/1916 6946/535/1915 6948/537/1917 6947/538/1918
f 6947/538/1918 6948/537/1917 6950/539/1919 6949/540/1920
f 6932/558/1901 6930/559/1900 6952/560/1923 6950/561/1919 6948/562/1917 6946/563/1915 6944/564/1913 6942/565/1911 6940/566/1909 6938/567/1907 6936/568/1905 6934/569/1903
f 6949/540/1920 6950/539/1919 6952/541/1923 6951/542/1922
f 6951/542/1922 6952/541/1923 6930/543/1900 6929/544/1899
f 6929/570/1899 6931/571/1902 6933/572/1904 6935/573/1906 6937/574/1908 6939/575/1910 6941/576/1912 6943/577/1914 6945/578/1916 6947/579/1918 6949/580/1920 6951/581/1922
f 6953/519/1899 6954/520/1900 6956/521/1901 6955/522/1902
f 6955/522/1902 6956/521/1901 6958/523/1903 6957/524/1904
f 6957/524/1904 6958/523/1903 6960/525/1905 6959/526/1906
f 6959/526/1906 6960/525/1905 6962/527/1907 6961/528/1908
f 6961/528/1908 6962/527/1907 6964/529/1909 6963/530/1910
f 6963/530/1910 6964/529/1909 6966/531/1911 6965/532/1912
f 6965/532/1912 6966/531/1911 6968/533/1913 6967/534/1914
f 6967/534/1914 6968/533/1913 6970/535/1915 6969/536/1916
f 6969/536/1916 6970/535/1915 6972/537/1917 6971/538/1918
f 6971/538/1918 6972/537/1917 6974/539/1919 6973/540/1920
f 6956/558/1901 6954/559/1900 6976/560/1921 6974/561/1919 6972/562/1917 6970/563/1915 6968/564/1913 6966/565/1911 6964/566/1909 6962/567/1907 6960/568/1905 6958/569/1903
f 6973/540/1920 6974/539/1919 6976/541/1921 6975/542/1922
f 6975/542/1922 6976/541/1921 6954/543/1900 6953/544/1899
f 6953/570/1899 6955/571/1902 6957/572/1904 6959/573/1906 6961/574/1908 6963/575/1910 6965/576/1912 6967/577/1914 6969/578/1916 6971/579/1918 6973/580/1920 6975/581/1922
f 6977/519/1899 6978/520/1900 6980/521/1901 6979/522/1902
f 6979/522/1902 6980/521/1901 6982/523/1903 6981/524/1904
f 6981/524/1904 6982/523/1903 6984/525/1905 6983/526/1906
f 6983/526/1906 6984/525/1905 6986/527/1907 6985/528/1908
f 6985/528/1908 6986/527/1907 6988/529/1909 6987/530/1910
f 6987/530/1910 6988/529/1909 6990/531/1911 6989/532/1912
f 6989/532/1912 6990/531/1911 6992/533/1913 6991/534/1914
f 6991/534/1914 6992/533/1913 6994/535/1915 6993/536/1916
f 6993/536/1916 6994/535/1915 6996/537/1917 6995/538/1918
f 6995/538/1918 6996/537/1917 6998/539/1919 6997/540/1920
f 6980/558/1901 6978/559/1900 7000/560/1921 6998/561/1919 6996/562/1917 6994/563/1915 6992/564/1913 6990/565/1911 6988/566/1909 6986/567/1907 6984/568/1905 6982/569/1903
f 6997/540/1920 6998/539/1919 7000/541/1921 6999/542/1922
f 6999/542/1922 7000/541/1921 6978/543/1900 6977/544/1899
f 6977/570/1899 6979/571/1902 6981/572/1904 6983/573/1906 6985/574/1908 6987/575/1910 6989/576/1912 6991/577/1914 6993/578/1916 6995/579/1918 6997/580/1920 6999/581/1922
f 7001/519/1899 7002/520/1900 7004/521/1901 7003/522/1902
f 7003/522/1902 7004/521/1901 7006/523/1903 7005/524/1904
f 7005/524/1904 7006/523/1903 7008/525/1905 7007/526/1906
f 7007/526/1906 7008/525/1905 7010/527/1907 7009/528/1908
f 7009/528/1908 7010/527/1907 7012/529/1909 7011/530/1910
f 7011/530/1910 7012/529/1909 7014/531/1911 7013/532/1912
f 7013/532/1912 7014/531/1911 7016/533/1913 7015/534/1914
f 7015/534/1914 7016/533/1913 7018/535/1915 7017/536/1916
f 7017/536/1916 7018/535/1915 7020/537/1917 7019/538/1918
f 7019/538/1918 7020/537/1917 7022/539/1919 7021/540/1920
f 7004/558/1901 7002/559/1900 7024/560/1921 7022/561/1919 7020/562/1917 7018/563/1915 7016/564/1913 7014/565/1911 7012/566/1909 7010/567/1907 7008/568/1905 7006/569/1903
f 7021/540/1920 7022/539/1919 7024/541/1921 7023/542/1922
f 7023/542/1922 7024/541/1921 7002/543/1900 7001/544/1899
f 7001/570/1899 7003/571/1902 7005/572/1904 7007/573/1906 7009/574/1908 7011/575/1910 7013/576/1912 7015/577/1914 7017/578/1916 7019/579/1918 7021/580/1920 7023/581/1922
f 7025/519/1899 7026/520/1900 7028/521/1901 7027/522/1902
f 7027/522/1902 7028/521/1901 7030/523/1903 7029/524/1904
f 7029/524/1904 7030/523/1903 7032/525/1905 7031/526/1906
f 7031/526/1906 7032/525/1905 7034/527/1907 7033/528/1908
f 7033/528/1908 7034/527/1907 7036/529/1909 7035/530/1910
f 7035/530/1910 7036/529/1909 7038/531/1911 7037/532/1912
f 7037/532/1912 7038/531/1911 7040/533/1913 7039/534/1914
f 7039/534/1914 7040/533/1913 7042/535/1915 7041/536/1916
f 7041/536/1916 7042/535/1915 7044/537/1917 7043/538/1918
f 7043/538/1918 7044/537/1917 7046/539/1919 7045/540/1920
f 7028/558/1901 7026/559/1900 7048/560/1921 7046/561/1919 7044/562/1917 7042/563/1915 7040/564/1913 7038/565/1911 7036/566/1909 7034/567/1907 7032/568/1905 7030/569/1903
f 7045/540/1920 7046/539/1919 7048/541/1921 7047/542/1922
f 7047/542/1922 7048/541/1921 7026/543/1900 7025/544/1899
f 7025/570/1899 7027/571/1902 7029/572/1904 7031/573/1906 7033/574/1908 7035/575/1910 7037/576/1912 7039/577/1914 7041/578/1916 7043/579/1918 7045/580/1920 7047/581/1922
f 6684/534/1693 6683/532/1694 7055/532/1924 7056/534/1925
f 6681/528/1692 6680/526/1699 7052/526/1926 7053/528/1927
f 6687/540/1928 6688/542/1928 7060/542/1928 7059/540/1928
f 6678/522/1696 6677/519/1700 7049/519/1929 7050/522/1930
f 6685/536/1698 6684/534/1693 7056/534/1925 7057/536/1931
f 6682/530/1932 6681/528/1692 7053/528/1927 7054/530/1933
f 6677/544/1700 6688/542/1934 7060/542/1935 7049/544/1929
f 6679/524/1695 6678/522/1696 7050/522/1930 7051/524/1936
f 6686/538/1676 6685/536/1698 7057/536/1931 7058/538/1937
f 6683/532/1694 6682/530/1932 7054/530/1933 7055/532/1924
f 6680/526/1699 6679/524/1695 7051/524/1936 7052/526/1926
f 6687/540/1938 6686/538/1676 7058/538/1937 7059/540/1939
f 7049/544/1929 7060/542/1935 7059/540/1939 7058/538/1937 7057/536/1931 7056/534/1925 7055/532/1924 7054/530/1933 7053/528/1927 7052/526/1926 7051/524/1936 7050/522/1930
f 7061/519/1587 7062/520/1588 7064/521/1589 7063/522/1590
f 7063/522/1590 7064/521/1589 7066/523/1591 7065/524/1592
f 7065/524/1592 7066/523/1591 7068/525/1593 7067/526/1594
f 7067/526/1594 7068/525/1593 7070/527/1595 7069/528/1596
f 7069/528/1596 7070/527/1595 7072/529/1597 7071/530/1598
f 7071/530/1598 7072/529/1597 7074/531/1599 7073/532/1600
f 7073/532/1600 7074/531/1599 7076/533/1601 7075/534/1602
f 7075/534/1602 7076/533/1601 7078/535/1603 7077/536/1604
f 7077/536/1604 7078/535/1603 7080/537/1605 7079/538/1606
f 7079/538/1606 7080/537/1605 7082/539/1607 7081/540/1608
f 7078/535/1603 7076/533/1601 7176/533/1609 7177/535/1610
f 7081/540/1608 7082/539/1607 7084/541/1611 7083/542/1612
f 7083/542/1612 7084/541/1611 7062/543/1588 7061/544/1587
f 7071/530/1598 7073/532/1600 7091/532/1613 7090/530/1614
f 7089/528/1615 7090/530/1614 7102/530/1616 7101/528/1617
f 7069/528/1596 7071/530/1598 7090/530/1614 7089/528/1615
f 7067/526/1594 7069/528/1596 7089/528/1615 7088/526/1618
f 7083/542/1612 7061/544/1587 7085/544/1619 7096/542/1620
f 7061/519/1587 7063/522/1590 7086/522/1621 7085/519/1619
f 7065/524/1592 7067/526/1594 7088/526/1618 7087/524/1622
f 7081/540/1608 7083/542/1612 7096/542/1620 7095/540/1623
f 7063/522/1590 7065/524/1592 7087/524/1622 7086/522/1621
f 7079/538/1606 7081/540/1608 7095/540/1623 7094/538/1624
f 7077/536/1604 7079/538/1606 7094/538/1624 7093/536/1625
f 7075/534/1602 7077/536/1604 7093/536/1625 7092/534/1626
f 7073/532/1600 7075/534/1602 7092/534/1626 7091/532/1613
f 7104/534/1627 7105/536/1628 7117/536/1629 7116/534/1630
f 7096/542/1620 7085/544/1619 7097/544/1631 7108/542/1632
f 7086/522/1621 7087/524/1622 7099/524/1633 7098/522/1953
f 7093/536/1625 7094/538/1624 7106/538/1635 7105/536/1628
f 7090/530/1614 7091/532/1613 7103/532/1636 7102/530/1616
f 7087/524/1622 7088/526/1618 7100/526/1637 7099/524/1633
f 7094/538/1624 7095/540/1623 7107/540/1638 7106/538/1635
f 7091/532/1613 7092/534/1626 7104/534/1627 7103/532/1636
f 7088/526/1618 7089/528/1615 7101/528/1617 7100/526/1637
f 7095/540/1623 7096/542/1620 7108/542/1632 7107/540/1638
f 7085/519/1619 7086/522/1621 7098/522/1953 7097/519/1631
f 7092/534/1626 7093/536/1625 7105/536/1628 7104/534/1627
f 7109/519/1639 7110/522/1640 7122/522/1641 7121/519/1944
f 7101/528/1617 7102/530/1616 7114/530/1643 7113/528/1644
f 7108/542/1632 7097/544/1631 7109/544/1639 7120/542/1645
f 7098/522/1953 7099/524/1633 7111/524/1646 7110/522/1640
f 7105/536/1628 7106/538/1635 7118/538/1647 7117/536/1629
f 7102/530/1616 7103/532/1636 7115/532/1648 7114/530/1643
f 7099/524/1633 7100/526/1637 7112/526/1649 7111/524/1646
f 7106/538/1635 7107/540/1638 7119/540/1650 7118/538/1647
f 7103/532/1636 7104/534/1627 7116/534/1630 7115/532/1648
f 7100/526/1637 7101/528/1617 7113/528/1644 7112/526/1649
f 7107/540/1638 7108/542/1632 7120/542/1645 7119/540/1650
f 7097/519/1631 7098/522/1953 7110/522/1640 7109/519/1639
f 7131/540/1651 7132/542/1652 7144/542/1653 7143/540/1654
f 7116/534/1630 7117/536/1629 7129/536/1954 7128/534/1656
f 7113/528/1644 7114/530/1643 7126/530/1657 7125/528/1658
f 7120/542/1645 7109/544/1639 7121/544/1944 7132/542/1652
f 7110/522/1640 7111/524/1646 7123/524/1659 7122/522/1641
f 7117/536/1629 7118/538/1647 7130/538/1660 7129/536/1954
f 7114/530/1643 7115/532/1648 7127/532/1661 7126/530/1657
f 7111/524/1646 7112/526/1649 7124/526/1662 7123/524/1659
f 7118/538/1647 7119/540/1650 7131/540/1651 7130/538/1660
f 7115/532/1648 7116/534/1630 7128/534/1656 7127/532/1661
f 7112/526/1649 7113/528/1644 7125/528/1658 7124/526/1662
f 7119/540/1650 7120/542/1645 7132/542/1652 7131/540/1651
f 7136/526/1663 7137/528/1664 7149/528/1665 7148/526/1666
f 7121/519/1944 7122/522/1641 7134/522/1667 7133/519/1668
f 7128/534/1656 7129/536/1954 7141/536/1669 7140/534/1670
f 7125/528/1658 7126/530/1657 7138/530/1671 7137/528/1664
f 7132/542/1652 7121/544/1944 7133/544/1668 7144/542/1653
f 7122/522/1641 7123/524/1659 7135/524/1672 7134/522/1667
f 7129/536/1954 7130/538/1660 7142/538/1673 7141/536/1669
f 7126/530/1657 7127/532/1661 7139/532/1674 7138/530/1671
f 7123/524/1659 7124/526/1662 7136/526/1663 7135/524/1672
f 7130/538/1660 7131/540/1651 7143/540/1654 7142/538/1673
f 7127/532/1661 7128/534/1656 7140/534/1670 7139/532/1674
f 7124/526/1662 7125/528/1658 7137/528/1664 7136/526/1663
f 7148/526/1666 7149/528/1665 7161/528/1675 7160/526/1676
f 7143/540/1654 7144/542/1653 7156/542/1677 7155/540/1678
f 7133/519/1668 7134/522/1667 7146/522/1679 7145/519/1680
f 7140/534/1670 7141/536/1669 7153/536/1681 7152/534/1682
f 7137/528/1664 7138/530/1671 7150/530/1683 7149/528/1665
f 7144/542/1653 7133/544/1668 7145/544/1680 7156/542/1677
f 7134/522/1667 7135/524/1672 7147/524/1684 7146/522/1679
f 7141/536/1669 7142/538/1673 7154/538/1685 7153/536/1681
f 7138/530/1671 7139/532/1674 7151/532/1686 7150/530/1683
f 7135/524/1672 7136/526/1663 7148/526/1666 7147/524/1684
f 7142/538/1673 7143/540/1654 7155/540/1678 7154/538/1685
f 7139/532/1674 7140/534/1670 7152/534/1682 7151/532/1686
f 7167/540/1687 7168/542/1688 7324/542/1689 7323/540/1690
f 7155/540/1678 7156/542/1677 7168/542/1932 7167/540/1692
f 7145/519/1680 7146/522/1679 7158/522/1693 7157/519/1694
f 7152/534/1682 7153/536/1681 7165/536/1695 7164/534/1696
f 7149/528/1665 7150/530/1683 7162/530/1697 7161/528/1675
f 7156/542/1677 7145/544/1680 7157/544/1694 7168/542/1932
f 7146/522/1679 7147/524/1684 7159/524/1698 7158/522/1693
f 7153/536/1681 7154/538/1685 7166/538/1699 7165/536/1695
f 7150/530/1683 7151/532/1686 7163/532/1700 7162/530/1697
f 7147/524/1684 7148/526/1666 7160/526/1676 7159/524/1698
f 7154/538/1685 7155/540/1678 7167/540/1692 7166/538/1699
f 7151/532/1686 7152/534/1682 7164/534/1696 7163/532/1700
f 7176/533/1609 7175/531/1701 7187/531/1702 7188/533/1703
f 7076/533/1601 7074/531/1599 7175/531/1701 7176/533/1609
f 7074/531/1599 7072/529/1597 7174/529/1704 7175/531/1701
f 7072/529/1597 7070/527/1595 7173/527/1705 7174/529/1704
f 7070/527/1595 7068/525/1593 7172/525/1706 7173/527/1705
f 7062/543/1588 7084/541/1611 7180/541/1707 7169/543/1708
f 7064/521/1589 7062/520/1588 7169/520/1708 7170/521/1709
f 7068/525/1593 7066/523/1591 7171/523/1710 7172/525/1706
f 7084/541/1611 7082/539/1607 7179/539/1711 7180/541/1707
f 7066/523/1591 7064/521/1589 7170/521/1709 7171/523/1710
f 7082/539/1607 7080/537/1605 7178/537/1712 7179/539/1711
f 7080/537/1605 7078/535/1603 7177/535/1610 7178/537/1712
f 7191/539/1713 7190/537/1714 7202/537/1715 7203/539/1716
f 7173/527/1705 7172/525/1706 7184/525/1717 7185/527/1718
f 7180/541/1707 7179/539/1711 7191/539/1713 7192/541/1955
f 7170/521/1709 7169/520/1708 7181/520/1720 7182/521/1721
f 7177/535/1610 7176/533/1609 7188/533/1703 7189/535/1722
f 7174/529/1704 7173/527/1705 7185/527/1718 7186/529/1723
f 7169/543/1708 7180/541/1707 7192/541/1955 7181/543/1720
f 7171/523/1710 7170/521/1709 7182/521/1721 7183/523/1724
f 7178/537/1712 7177/535/1610 7189/535/1722 7190/537/1714
f 7175/531/1701 7174/529/1704 7186/529/1723 7187/531/1702
f 7172/525/1706 7171/523/1710 7183/523/1724 7184/525/1717
f 7179/539/1711 7178/537/1712 7190/537/1714 7191/539/1713
f 7196/525/1725 7195/523/1726 7207/523/1727 7208/525/1728
f 7188/533/1703 7187/531/1702 7199/531/1729 7200/533/1730
f 7185/527/1718 7184/525/1717 7196/525/1725 7197/527/1731
f 7192/541/1955 7191/539/1713 7203/539/1716 7204/541/1732
f 7182/521/1721 7181/520/1720 7193/520/1733 7194/521/1734
f 7189/535/1722 7188/533/1703 7200/533/1730 7201/535/1735
f 7186/529/1723 7185/527/1718 7197/527/1731 7198/529/1736
f 7181/543/1720 7192/541/1955 7204/541/1732 7193/543/1733
f 7183/523/1724 7182/521/1721 7194/521/1734 7195/523/1726
f 7190/537/1714 7189/535/1722 7201/535/1735 7202/537/1715
f 7187/531/1702 7186/529/1723 7198/529/1736 7199/531/1729
f 7184/525/1717 7183/523/1724 7195/523/1726 7196/525/1725
f 7208/525/1728 7207/523/1727 7219/523/1737 7220/525/1738
f 7203/539/1716 7202/537/1715 7214/537/1739 7215/539/1740
f 7200/533/1730 7199/531/1729 7211/531/1741 7212/533/1742
f 7197/527/1731 7196/525/1725 7208/525/1728 7209/527/1743
f 7204/541/1732 7203/539/1716 7215/539/1740 7216/541/1744
f 7194/521/1734 7193/520/1733 7205/520/1745 7206/521/1746
f 7201/535/1735 7200/533/1730 7212/533/1742 7213/535/1747
f 7198/529/1736 7197/527/1731 7209/527/1743 7210/529/1748
f 7193/543/1733 7204/541/1732 7216/541/1744 7205/543/1745
f 7195/523/1726 7194/521/1734 7206/521/1746 7207/523/1727
f 7202/537/1715 7201/535/1735 7213/535/1747 7214/537/1739
f 7199/531/1729 7198/529/1736 7210/529/1748 7211/531/1741
f 7223/531/1749 7222/529/1750 7234/529/1751 7235/531/1752
f 7215/539/1740 7214/537/1739 7226/537/1753 7227/539/1754
f 7212/533/1742 7211/531/1741 7223/531/1749 7224/533/1755
f 7209/527/1743 7208/525/1728 7220/525/1738 7221/527/1756
f 7216/541/1744 7215/539/1740 7227/539/1754 7228/541/1757
f 7206/521/1746 7205/520/1745 7217/520/1956 7218/521/1759
f 7213/535/1747 7212/533/1742 7224/533/1755 7225/535/1760
f 7210/529/1748 7209/527/1743 7221/527/1756 7222/529/1750
f 7205/543/1745 7216/541/1744 7228/541/1757 7217/543/1956
f 7207/523/1727 7206/521/1746 7218/521/1759 7219/523/1737
f 7214/537/1739 7213/535/1747 7225/535/1760 7226/537/1753
f 7211/531/1741 7210/529/1748 7222/529/1750 7223/531/1749
f 7235/531/1752 7234/529/1751 7246/529/1761 7247/531/1762
f 7220/525/1738 7219/523/1737 7231/523/1763 7232/525/1764
f 7227/539/1754 7226/537/1753 7238/537/1765 7239/539/1766
f 7224/533/1755 7223/531/1749 7235/531/1752 7236/533/1767
f 7221/527/1756 7220/525/1738 7232/525/1764 7233/527/1768
f 7228/541/1757 7227/539/1754 7239/539/1766 7240/541/1769
f 7218/521/1759 7217/520/1956 7229/520/1770 7230/521/1771
f 7225/535/1760 7224/533/1755 7236/533/1767 7237/535/1772
f 7222/529/1750 7221/527/1756 7233/527/1768 7234/529/1751
f 7217/543/1956 7228/541/1757 7240/541/1769 7229/543/1770
f 7219/523/1737 7218/521/1759 7230/521/1771 7231/523/1763
f 7226/537/1753 7225/535/1760 7237/535/1772 7238/537/1765
f 7250/537/1773 7249/535/1774 7261/535/1775 7262/537/1776
f 7232/525/1764 7231/523/1763 7243/523/1777 7244/525/1778
f 7239/539/1766 7238/537/1765 7250/537/1773 7251/539/1779
f 7236/533/1767 7235/531/1752 7247/531/1762 7248/533/1780
f 7233/527/1768 7232/525/1764 7244/525/1778 7245/527/1781
f 7240/541/1769 7239/539/1766 7251/539/1779 7252/541/1782
f 7230/521/1771 7229/520/1770 7241/520/1957 7242/521/1784
f 7237/535/1772 7236/533/1767 7248/533/1780 7249/535/1774
f 7234/529/1751 7233/527/1768 7245/527/1781 7246/529/1761
f 7229/543/1770 7240/541/1769 7252/541/1782 7241/543/1957
f 7231/523/1763 7230/521/1771 7242/521/1784 7243/523/1777
f 7238/537/1765 7237/535/1772 7249/535/1774 7250/537/1773
f 7255/523/1785 7254/521/1786 7266/521/1787 7267/523/1945
f 7247/531/1762 7246/529/1761 7258/529/1789 7259/531/1790
f 7244/525/1778 7243/523/1777 7255/523/1785 7256/525/1791
f 7251/539/1779 7250/537/1773 7262/537/1776 7263/539/1792
f 7248/533/1780 7247/531/1762 7259/531/1790 7260/533/1793
f 7245/527/1781 7244/525/1778 7256/525/1791 7257/527/1794
f 7252/541/1782 7251/539/1779 7263/539/1792 7264/541/1795
f 7242/521/1784 7241/520/1957 7253/520/1796 7254/521/1786
f 7249/535/1774 7248/533/1780 7260/533/1793 7261/535/1775
f 7246/529/1761 7245/527/1781 7257/527/1794 7258/529/1789
f 7241/543/1957 7252/541/1782 7264/541/1795 7253/543/1796
f 7243/523/1777 7242/521/1784 7254/521/1786 7255/523/1785
f 7265/543/1797 7276/541/1798 7288/541/1958 7277/543/1800
f 7262/537/1776 7261/535/1775 7273/535/1801 7274/537/1802
f 7259/531/1790 7258/529/1789 7270/529/1803 7271/531/1804
f 7256/525/1791 7255/523/1785 7267/523/1945 7268/525/1805
f 7263/539/1792 7262/537/1776 7274/537/1802 7275/539/1806
f 7260/533/1793 7259/531/1790 7271/531/1804 7272/533/1807
f 7257/527/1794 7256/525/1791 7268/525/1805 7269/527/1808
f 7264/541/1795 7263/539/1792 7275/539/1806 7276/541/1798
f 7254/521/1786 7253/520/1796 7265/520/1797 7266/521/1787
f 7261/535/1775 7260/533/1793 7272/533/1807 7273/535/1801
f 7258/529/1789 7257/527/1794 7269/527/1808 7270/529/1803
f 7253/543/1796 7264/541/1795 7276/541/1798 7265/543/1797
f 7282/529/1809 7281/527/1810 7293/527/1811 7294/529/1812
f 7267/523/1945 7266/521/1787 7278/521/1813 7279/523/1814
f 7274/537/1802 7273/535/1801 7285/535/1815 7286/537/1816
f 7271/531/1804 7270/529/1803 7282/529/1809 7283/531/1817
f 7268/525/1805 7267/523/1945 7279/523/1814 7280/525/1818
f 7275/539/1806 7274/537/1802 7286/537/1816 7287/539/1819
f 7272/533/1807 7271/531/1804 7283/531/1817 7284/533/1820
f 7269/527/1808 7268/525/1805 7280/525/1818 7281/527/1810
f 7276/541/1798 7275/539/1806 7287/539/1819 7288/541/1958
f 7266/521/1787 7265/520/1797 7277/520/1800 7278/521/1813
f 7273/535/1801 7272/533/1807 7284/533/1820 7285/535/1815
f 7270/529/1803 7269/527/1808 7281/527/1810 7282/529/1809
f 7294/529/1812 7293/527/1811 7305/527/1821 7306/529/1822
f 7277/543/1800 7288/541/1958 7300/541/1823 7289/543/1824
f 7279/523/1814 7278/521/1813 7290/521/1825 7291/523/1826
f 7286/537/1816 7285/535/1815 7297/535/1827 7298/537/1828
f 7283/531/1817 7282/529/1809 7294/529/1812 7295/531/1829
f 7280/525/1818 7279/523/1814 7291/523/1826 7292/525/1830
f 7287/539/1819 7286/537/1816 7298/537/1828 7299/539/1831
f 7284/533/1820 7283/531/1817 7295/531/1829 7296/533/1832
f 7281/527/1810 7280/525/1818 7292/525/1830 7293/527/1811
f 7288/541/1958 7287/539/1819 7299/539/1831 7300/541/1823
f 7278/521/1813 7277/520/1800 7289/520/1824 7290/521/1825
f 7285/535/1815 7284/533/1820 7296/533/1832 7297/535/1827
f 7351/545/1833 7352/546/1834 7304/525/1835 7303/523/1836
f 7289/543/1824 7300/541/1823 7312/541/1959 7301/543/1948
f 7291/523/1826 7290/521/1825 7302/521/1839 7303/523/1836
f 7298/537/1828 7297/535/1827 7309/535/1840 7310/537/1841
f 7295/531/1829 7294/529/1812 7306/529/1822 7307/531/1842
f 7292/525/1830 7291/523/1826 7303/523/1836 7304/525/1835
f 7299/539/1831 7298/537/1828 7310/537/1841 7311/539/1843
f 7296/533/1832 7295/531/1829 7307/531/1842 7308/533/1844
f 7293/527/1811 7292/525/1830 7304/525/1835 7305/527/1821
f 7300/541/1823 7299/539/1831 7311/539/1843 7312/541/1959
f 7290/521/1825 7289/520/1824 7301/520/1948 7302/521/1839
f 7297/535/1827 7296/533/1832 7308/533/1844 7309/535/1840
f 7317/528/1845 7318/530/1846 7330/530/1847 7329/528/1848
f 7157/519/1849 7158/522/1850 7314/522/1851 7313/519/1852
f 7164/534/1853 7165/536/1854 7321/536/1855 7320/534/1856
f 7161/528/1857 7162/530/1858 7318/530/1846 7317/528/1845
f 7168/542/1688 7157/544/1849 7313/544/1852 7324/542/1689
f 7158/522/1850 7159/524/1859 7315/524/1860 7314/522/1851
f 7165/536/1854 7166/538/1861 7322/538/1862 7321/536/1855
f 7162/530/1858 7163/532/1863 7319/532/1864 7318/530/1846
f 7159/524/1859 7160/526/1865 7316/526/1866 7315/524/1860
f 7166/538/1861 7167/540/1687 7323/540/1690 7322/538/1862
f 7163/532/1863 7164/534/1853 7320/534/1856 7319/532/1864
f 7160/526/1865 7161/528/1857 7317/528/1845 7316/526/1866
f 7329/528/1848 7330/530/1847 7342/530/1867 7341/528/1868
f 7324/542/1689 7313/544/1852 7325/544/1869 7336/542/1870
f 7314/522/1851 7315/524/1860 7327/524/1871 7326/522/1872
f 7321/536/1855 7322/538/1862 7334/538/1873 7333/536/1874
f 7318/530/1846 7319/532/1864 7331/532/1875 7330/530/1847
f 7315/524/1860 7316/526/1866 7328/526/1876 7327/524/1871
f 7322/538/1862 7323/540/1690 7335/540/1877 7334/538/1873
f 7319/532/1864 7320/534/1856 7332/534/1878 7331/532/1875
f 7316/526/1866 7317/528/1845 7329/528/1848 7328/526/1876
f 7323/540/1690 7324/542/1689 7336/542/1870 7335/540/1877
f 7313/519/1852 7314/522/1851 7326/522/1872 7325/519/1869
f 7320/534/1856 7321/536/1855 7333/536/1874 7332/534/1878
f 7344/534/1879 7345/536/1880 7357/547/1960 7356/548/1882
f 7336/542/1870 7325/544/1869 7337/544/1883 7348/542/1884
f 7326/522/1872 7327/524/1871 7339/524/1885 7338/522/1886
f 7333/536/1874 7334/538/1873 7346/538/1887 7345/536/1880
f 7330/530/1847 7331/532/1875 7343/532/1888 7342/530/1867
f 7327/524/1871 7328/526/1876 7340/526/1889 7339/524/1885
f 7334/538/1873 7335/540/1877 7347/540/1890 7346/538/1887
f 7331/532/1875 7332/534/1878 7344/534/1879 7343/532/1888
f 7328/526/1876 7329/528/1848 7341/528/1868 7340/526/1889
f 7335/540/1877 7336/542/1870 7348/542/1884 7347/540/1890
f 7325/519/1869 7326/522/1872 7338/522/1886 7337/519/1883
f 7332/534/1878 7333/536/1874 7345/536/1880 7344/534/1879
f 7350/549/1891 7351/545/1833 7303/523/1836 7302/521/1839
f 7341/528/1868 7342/530/1867 7354/550/1892 7353/551/1893
f 7348/542/1884 7337/544/1883 7349/552/1894 7360/553/1952
f 7338/522/1886 7339/524/1885 7351/545/1833 7350/549/1891
f 7345/536/1880 7346/538/1887 7358/554/1896 7357/547/1960
f 7342/530/1867 7343/532/1888 7355/555/1897 7354/550/1892
f 7339/524/1885 7340/526/1889 7352/546/1834 7351/545/1833
f 7346/538/1887 7347/540/1890 7359/556/1898 7358/554/1896
f 7343/532/1888 7344/534/1879 7356/548/1882 7355/555/1897
f 7340/526/1889 7341/528/1868 7353/551/1893 7352/546/1834
f 7347/540/1890 7348/542/1884 7360/553/1952 7359/556/1898
f 7337/519/1883 7338/522/1886 7350/549/1891 7349/557/1894
f 7352/546/1834 7353/551/1893 7305/527/1821 7304/525/1835
f 7353/551/1893 7354/550/1892 7306/529/1822 7305/527/1821
f 7354/550/1892 7355/555/1897 7307/531/1842 7306/529/1822
f 7355/555/1897 7356/548/1882 7308/533/1844 7307/531/1842
f 7356/548/1882 7357/547/1960 7309/535/1840 7308/533/1844
f 7357/547/1960 7358/554/1896 7310/537/1841 7309/535/1840
f 7358/554/1896 7359/556/1898 7311/539/1843 7310/537/1841
f 7359/556/1898 7360/553/1952 7312/541/1959 7311/539/1843
f 7360/553/1952 7349/552/1894 7301/543/1948 7312/541/1959
f 7349/557/1894 7350/549/1891 7302/521/1839 7301/520/1948
f 7361/519/1899 7362/520/1900 7364/521/1901 7363/522/1902
f 7363/522/1902 7364/521/1901 7366/523/1903 7365/524/1904
f 7365/524/1904 7366/523/1903 7368/525/1905 7367/526/1906
f 7367/526/1906 7368/525/1905 7370/527/1907 7369/528/1908
f 7369/528/1908 7370/527/1907 7372/529/1909 7371/530/1910
f 7371/530/1910 7372/529/1909 7374/531/1911 7373/532/1912
f 7373/532/1912 7374/531/1911 7376/533/1913 7375/534/1914
f 7375/534/1914 7376/533/1913 7378/535/1915 7377/536/1916
f 7377/536/1916 7378/535/1915 7380/537/1917 7379/538/1918
f 7379/538/1918 7380/537/1917 7382/539/1919 7381/540/1920
f 7364/558/1901 7362/559/1900 7384/560/1921 7382/561/1919 7380/562/1917 7378/563/1915 7376/564/1913 7374/565/1911 7372/566/1909 7370/567/1907 7368/568/1905 7366/569/1903
f 7381/540/1920 7382/539/1919 7384/541/1921 7383/542/1922
f 7383/542/1922 7384/541/1921 7362/543/1900 7361/544/1899
f 7361/570/1899 7363/571/1902 7365/572/1904 7367/573/1906 7369/574/1908 7371/575/1910 7373/576/1912 7375/577/1914 7377/578/1916 7379/579/1918 7381/580/1920 7383/581/1922
f 7385/519/1899 7386/520/1900 7388/521/1901 7387/522/1902
f 7387/522/1902 7388/521/1901 7390/523/1903 7389/524/1904
f 7389/524/1904 7390/523/1903 7392/525/1905 7391/526/1906
f 7391/526/1906 7392/525/1905 7394/527/1907 7393/528/1908
f 7393/528/1908 7394/527/1907 7396/529/1909 7395/530/1910
f 7395/530/1910 7396/529/1909 7398/531/1911 7397/532/1912
f 7397/532/1912 7398/531/1911 7400/533/1913 7399/534/1914
f 7399/534/1914 7400/533/1913 7402/535/1915 7401/536/1916
f 7401/536/1916 7402/535/1915 7404/537/1917 7403/538/1918
f 7403/538/1918 7404/537/1917 7406/539/1919 7405/540/1920
f 7388/558/1901 7386/559/1900 7408/560/1921 7406/561/1919 7404/562/1917 7402/563/1915 7400/564/1913 7398/565/1911 7396/566/1909 7394/567/1907 7392/568/1905 7390/569/1903
f 7405/540/1920 7406/539/1919 7408/541/1921 7407/542/1922
f 7407/542/1922 7408/541/1921 7386/543/1900 7385/544/1899
f 7385/570/1899 7387/571/1902 7389/572/1904 7391/573/1906 7393/574/1908 7395/575/1910 7397/576/1912 7399/577/1914 7401/578/1916 7403/579/1918 7405/580/1920 7407/581/1922
f 7409/519/1899 7410/520/1900 7412/521/1901 7411/522/1902
f 7411/522/1902 7412/521/1901 7414/523/1903 7413/524/1904
f 7413/524/1904 7414/523/1903 7416/525/1905 7415/526/1906
f 7415/526/1906 7416/525/1905 7418/527/1907 7417/528/1908
f 7417/528/1908 7418/527/1907 7420/529/1909 7419/530/1910
f 7419/530/1910 7420/529/1909 7422/531/1911 7421/532/1912
f 7421/532/1912 7422/531/1911 7424/533/1913 7423/534/1914
f 7423/534/1914 7424/533/1913 7426/535/1915 7425/536/1916
f 7425/536/1916 7426/535/1915 7428/537/1917 7427/538/1918
f 7427/538/1918 7428/537/1917 7430/539/1919 7429/540/1920
f 7412/558/1901 7410/559/1900 7432/560/1923 7430/561/1919 7428/562/1917 7426/563/1915 7424/564/1913 7422/565/1911 7420/566/1909 7418/567/1907 7416/568/1905 7414/569/1903
f 7429/540/1920 7430/539/1919 7432/541/1923 7431/542/1922
f 7431/542/1922 7432/541/1923 7410/543/1900 7409/544/1899
f 7409/570/1899 7411/571/1902 7413/572/1904 7415/573/1906 7417/574/1908 7419/575/1910 7421/576/1912 7423/577/1914 7425/578/1916 7427/579/1918 7429/580/1920 7431/581/1922
f 7433/519/1899 7434/520/1900 7436/521/1901 7435/522/1902
f 7435/522/1902 7436/521/1901 7438/523/1903 7437/524/1904
f 7437/524/1904 7438/523/1903 7440/525/1905 7439/526/1906
f 7439/526/1906 7440/525/1905 7442/527/1907 7441/528/1908
f 7441/528/1908 7442/527/1907 7444/529/1909 7443/530/1910
f 7443/530/1910 7444/529/1909 7446/531/1911 7445/532/1912
f 7445/532/1912 7446/531/1911 7448/533/1913 7447/534/1914
f 7447/534/1914 7448/533/1913 7450/535/1915 7449/536/1916
f 7449/536/1916 7450/535/1915 7452/537/1917 7451/538/1918
f 7451/538/1918 7452/537/1917 7454/539/1919 7453/540/1920
f 7436/558/1901 7434/559/1900 7456/560/1921 7454/561/1919 7452/562/1917 7450/563/1915 7448/564/1913 7446/565/1911 7444/566/1909 7442/567/1907 7440/568/1905 7438/569/1903
f 7453/540/1920 7454/539/1919 7456/541/1921 7455/542/1922
f 7455/542/1922 7456/541/1921 7434/543/1900 7433/544/1899
f 7433/570/1899 7435/571/1902 7437/572/1904 7439/573/1906 7441/574/1908 7443/575/1910 7445/576/1912 7447/577/1914 7449/578/1916 7451/579/1918 7453/580/1920 7455/581/1922
f 7457/519/1899 7458/520/1900 7460/521/1901 7459/522/1902
f 7459/522/1902 7460/521/1901 7462/523/1903 7461/524/1904
f 7461/524/1904 7462/523/1903 7464/525/1905 7463/526/1906
f 7463/526/1906 7464/525/1905 7466/527/1907 7465/528/1908
f 7465/528/1908 7466/527/1907 7468/529/1909 7467/530/1910
f 7467/530/1910 7468/529/1909 7470/531/1911 7469/532/1912
f 7469/532/1912 7470/531/1911 7472/533/1913 7471/534/1914
f 7471/534/1914 7472/533/1913 7474/535/1915 7473/536/1916
f 7473/536/1916 7474/535/1915 7476/537/1917 7475/538/1918
f 7475/538/1918 7476/537/1917 7478/539/1919 7477/540/1920
f 7460/558/1901 7458/559/1900 7480/560/1921 7478/561/1919 7476/562/1917 7474/563/1915 7472/564/1913 7470/565/1911 7468/566/1909 7466/567/1907 7464/568/1905 7462/569/1903
f 7477/540/1920 7478/539/1919 7480/541/1921 7479/542/1922
f 7479/542/1922 7480/541/1921 7458/543/1900 7457/544/1899
f 7457/570/1899 7459/571/1902 7461/572/1904 7463/573/1906 7465/574/1908 7467/575/1910 7469/576/1912 7471/577/1914 7473/578/1916 7475/579/1918 7477/580/1920 7479/581/1922
f 7481/519/1899 7482/520/1900 7484/521/1901 7483/522/1902
f 7483/522/1902 7484/521/1901 7486/523/1903 7485/524/1904
f 7485/524/1904 7486/523/1903 7488/525/1905 7487/526/1906
f 7487/526/1906 7488/525/1905 7490/527/1907 7489/528/1908
f 7489/528/1908 7490/527/1907 7492/529/1909 7491/530/1910
f 7491/530/1910 7492/529/1909 7494/531/1911 7493/532/1912
f 7493/532/1912 7494/531/1911 7496/533/1913 7495/534/1914
f 7495/534/1914 7496/533/1913 7498/535/1915 7497/536/1916
f 7497/536/1916 7498/535/1915 7500/537/1917 7499/538/1918
f 7499/538/1918 7500/537/1917 7502/539/1919 7501/540/1920
f 7484/558/1901 7482/559/1900 7504/560/1921 7502/561/1919 7500/562/1917 7498/563/1915 7496/564/1913 7494/565/1911 7492/566/1909 7490/567/1907 7488/568/1905 7486/569/1903
f 7501/540/1920 7502/539/1919 7504/541/1921 7503/542/1922
f 7503/542/1922 7504/541/1921 7482/543/1900 7481/544/1899
f 7481/570/1899 7483/571/1902 7485/572/1904 7487/573/1906 7489/574/1908 7491/575/1910 7493/576/1912 7495/577/1914 7497/578/1916 7499/579/1918 7501/580/1920 7503/581/1922
f 7505/519/1899 7506/520/1900 7508/521/1901 7507/522/1902
f 7507/522/1902 7508/521/1901 7510/523/1903 7509/524/1904
f 7509/524/1904 7510/523/1903 7512/525/1905 7511/526/1906
f 7511/526/1906 7512/525/1905 7514/527/1907 7513/528/1908
f 7513/528/1908 7514/527/1907 7516/529/1909 7515/530/1910
f 7515/530/1910 7516/529/1909 7518/531/1911 7517/532/1912
f 7517/532/1912 7518/531/1911 7520/533/1913 7519/534/1914
f 7519/534/1914 7520/533/1913 7522/535/1915 7521/536/1916
f 7521/536/1916 7522/535/1915 7524/537/1917 7523/538/1918
f 7523/538/1918 7524/537/1917 7526/539/1919 7525/540/1920
f 7508/558/1901 7506/559/1900 7528/560/1921 7526/561/1919 7524/562/1917 7522/563/1915 7520/564/1913 7518/565/1911 7516/566/1909 7514/567/1907 7512/568/1905 7510/569/1903
f 7525/540/1920 7526/539/1919 7528/541/1921 7527/542/1922
f 7527/542/1922 7528/541/1921 7506/543/1900 7505/544/1899
f 7505/570/1899 7507/571/1902 7509/572/1904 7511/573/1906 7513/574/1908 7515/575/1910 7517/576/1912 7519/577/1914 7521/578/1916 7523/579/1918 7525/580/1920 7527/581/1922
f 7164/534/1693 7163/532/1694 7535/532/1924 7536/534/1925
f 7161/528/1692 7160/526/1699 7532/526/1926 7533/528/1927
f 7167/540/1928 7168/542/1928 7540/542/1928 7539/540/1928
f 7158/522/1696 7157/519/1700 7529/519/1929 7530/522/1930
f 7165/536/1698 7164/534/1693 7536/534/1925 7537/536/1931
f 7162/530/1932 7161/528/1692 7533/528/1927 7534/530/1933
f 7157/544/1700 7168/542/1934 7540/542/1935 7529/544/1929
f 7159/524/1695 7158/522/1696 7530/522/1930 7531/524/1936
f 7166/538/1676 7165/536/1698 7537/536/1931 7538/538/1937
f 7163/532/1694 7162/530/1932 7534/530/1933 7535/532/1924
f 7160/526/1699 7159/524/1695 7531/524/1936 7532/526/1926
f 7167/540/1938 7166/538/1676 7538/538/1937 7539/540/1939
f 7529/544/1929 7540/542/1935 7539/540/1939 7538/538/1937 7537/536/1931 7536/534/1925 7535/532/1924 7534/530/1933 7533/528/1927 7532/526/1926 7531/524/1936 7530/522/1930
s 0
f 7541/582/1676 7542/583/1676 7544/584/1676 7543/585/1676
f 7543/585/1700 7544/584/1700 7548/586/1700 7547/587/1700
f 7547/587/1699 7548/586/1699 7546/588/1699 7545/589/1699
f 7545/589/1694 7546/588/1694 7542/590/1694 7541/591/1694
f 7543/592/1961 7547/587/1961 7545/589/1961 7541/593/1961
f 7548/586/1962 7544/594/1962 7542/595/1962 7546/588/1962
f 7549/582/1676 7550/583/1676 7552/584/1676 7551/585/1676
f 7551/585/1700 7552/584/1700 7556/586/1700 7555/587/1700
f 7555/587/1699 7556/586/1699 7554/588/1699 7553/589/1699
f 7553/589/1694 7554/588/1694 7550/590/1694 7549/591/1694
f 7551/592/1961 7555/587/1961 7553/589/1961 7549/593/1961
f 7556/586/1962 7552/594/1962 7550/595/1962 7554/588/1962
f 7557/582/1676 7558/583/1676 7560/584/1676 7559/585/1676
f 7559/585/1700 7560/584/1700 7564/586/1700 7563/587/1700
f 7563/587/1699 7564/586/1699 7562/588/1699 7561/589/1699
f 7561/589/1694 7562/588/1694 7558/590/1694 7557/591/1694
f 7559/592/1961 7563/587/1961 7561/589/1961 7557/593/1961
f 7564/586/1962 7560/594/1962 7558/595/1962 7562/588/1962
f 7565/582/1676 7566/583/1676 7568/584/1676 7567/585/1676
f 7567/585/1700 7568/584/1700 7572/586/1700 7571/587/1700
f 7571/587/1699 7572/586/1699 7570/588/1699 7569/589/1699
f 7569/589/1694 7570/588/1694 7566/590/1694 7565/591/1694
f 7567/592/1961 7571/587/1961 7569/589/1961 7565/593/1961
f 7572/586/1962 7568/594/1962 7566/595/1962 7570/588/1962
f 7573/582/1676 7574/583/1676 7576/584/1676 7575/585/1676
f 7575/585/1700 7576/584/1700 7580/586/1700 7579/587/1700
f 7579/587/1699 7580/586/1699 7578/588/1699 7577/589/1699
f 7577/589/1694 7578/588/1694 7574/590/1694 7573/591/1694
f 7575/592/1961 7579/587/1961 7577/589/1961 7573/593/1961
f 7580/586/1962 7576/594/1962 7574/595/1962 7578/588/1962
f 7581/582/1676 7582/583/1676 7584/584/1676 7583/585/1676
f 7583/585/1700 7584/584/1700 7588/586/1700 7587/587/1700
f 7587/587/1699 7588/586/1699 7586/588/1699 7585/589/1699
f 7585/589/1694 7586/588/1694 7582/590/1694 7581/591/1694
f 7583/592/1961 7587/587/1961 7585/589/1961 7581/593/1961
f 7588/586/1962 7584/594/1962 7582/595/1962 7586/588/1962
o og-stor_circkel.004
v -1.838442 13.053095 -31.197254
v -1.838442 13.266739 -31.197254
v 6.075409 13.053095 -28.873539
v 6.075409 13.266739 -28.873539
v 11.476670 13.053095 -22.640152
v 11.476670 13.266739 -22.640152
v 12.650476 13.053095 -14.476151
v 12.650476 13.266739 -14.476151
v 9.224152 13.053095 -6.973550
v 9.224152 13.266739 -6.973550
v 2.285531 13.053095 -2.514370
v 2.285531 13.266739 -2.514370
v -5.962420 13.053095 -2.514372
v -5.962420 13.266739 -2.514372
v -12.901039 13.053095 -6.973554
v -12.901039 13.266739 -6.973554
v -16.327360 13.053095 -14.476157
v -16.327360 13.266739 -14.476157
v -15.153554 13.053095 -22.640154
v -15.153554 13.266739 -22.640154
v -9.752295 13.053095 -28.873537
v -9.752295 13.266739 -28.873537
v -1.838442 13.053095 -33.890076
v 7.531258 13.053095 -31.138882
v 7.531258 13.266739 -31.138882
v -1.838442 13.266739 -33.890076
v 13.926144 13.053095 -23.758789
v 13.926144 13.266739 -23.758789
v 15.315886 13.053095 -14.092922
v 15.315886 13.266739 -14.092922
v 11.259247 13.053095 -5.210129
v 11.259247 13.266739 -5.210129
v 3.044185 13.053095 0.069368
v 3.044185 13.266739 0.069368
v -6.721076 13.053095 0.069368
v -6.721076 13.266739 0.069368
v -14.936136 13.053095 -5.210134
v -14.936136 13.266739 -5.210134
v -18.992769 13.053095 -14.092930
v -18.992769 13.266739 -14.092930
v -17.603027 13.053095 -23.758791
v -17.603027 13.266739 -23.758791
v -11.208142 13.053095 -31.138880
v -11.208142 13.266739 -31.138880
v 11.704204 13.053095 -6.170065
v 11.704204 13.266739 -6.170065
v 9.352414 13.053095 -7.291042
v 9.352414 13.266739 -7.291043
v 13.794441 13.266739 -10.825188
v 13.794441 13.053095 -10.825188
v 11.339916 13.053095 -11.779562
v 11.339916 13.266739 -11.779562
vn 0.2817 -0.0000 -0.9595
vn 0.7557 -0.0000 -0.6549
vn 0.9898 -0.0000 -0.1423
vn 0.9073 -0.0000 0.4205
vn 0.5406 -0.0000 0.8413
vn -0.5406 -0.0000 0.8413
vn -0.9096 -0.0000 0.4154
vn -0.9898 -0.0000 -0.1423
vn -0.7557 -0.0000 -0.6549
vn -0.2817 -0.0000 -0.9595
vn -0.0000 -1.0000 -0.0000
vn -0.0000 1.0000 -0.0000
vn 0.9898 -0.0000 0.1423
vn 0.7557 -0.0000 0.6549
vn 0.2817 -0.0000 0.9595
vn -0.2817 -0.0000 0.9595
vn -0.7557 -0.0000 0.6549
vn -0.9898 -0.0000 0.1423
vn -0.9272 -0.0000 -0.3746
vn 0.5406 -0.0000 -0.8413
vn 0.9096 -0.0000 -0.4154
vn -0.0000 -0.0000 1.0000
vn -0.0000 -0.0000 -1.0000
vn -0.5406 -0.0000 -0.8413
vn 0.4303 -0.0000 -0.9027
vn -0.3624 -0.0000 0.9320
vn 0.9066 -0.0000 0.4221
vn -0.8994 -0.0000 -0.4371
vt 1.000000 0.500000
vt 1.000000 1.000000
vt 0.909091 1.000000
vt 0.909091 0.500000
vt 0.818182 1.000000
vt 0.818182 0.500000
vt 0.727273 1.000000
vt 0.727273 0.500000
vt 0.639767 0.500000
vt 0.639767 1.000000
vt 0.636364 1.000000
vt 0.636364 0.500000
vt 0.545454 1.000000
vt 0.545454 0.500000
vt 0.454545 0.500000
vt 0.454545 1.000000
vt 0.363636 1.000000
vt 0.363636 0.500000
vt 0.272727 1.000000
vt 0.272727 0.500000
vt 0.181818 1.000000
vt 0.181818 0.500000
vt 0.090909 1.000000
vt 0.090909 0.500000
vt -0.000000 1.000000
vt -0.000000 0.500000
vt 0.859593 0.420530
vt 0.750000 0.452709
vt 0.750000 0.490000
vt 0.879754 0.451901
vt 0.250000 0.452709
vt 0.359593 0.420530
vt 0.379754 0.451901
vt 0.250000 0.490000
vt 0.934391 0.334208
vt 0.968312 0.349700
vt 0.434391 0.334208
vt 0.468312 0.349700
vt 0.950646 0.221151
vt 0.987557 0.215844
vt 0.450646 0.221151
vt 0.487557 0.215844
vt 0.404974 0.121143
vt 0.403197 0.117254
vt 0.431380 0.092833
vt 0.433483 0.097438
vt 0.596803 0.117254
vt 0.692890 0.055502
vt 0.682384 0.019722
vt 0.568620 0.092833
vt 0.192890 0.055502
vt 0.096803 0.117254
vt 0.068620 0.092833
vt 0.182384 0.019722
vt 0.549354 0.221152
vt 0.512443 0.215845
vt 0.049354 0.221152
vt 0.012443 0.215845
vt 0.565609 0.334208
vt 0.531688 0.349700
vt 0.065609 0.334208
vt 0.031688 0.349700
vt 0.640407 0.420530
vt 0.620246 0.451901
vt 0.140407 0.420530
vt 0.120246 0.451901
vt 0.904974 0.121143
vt 0.903197 0.117254
vt 0.307110 0.055502
vt 0.317616 0.019722
vt 0.817616 0.019722
vt 0.807110 0.055502
vt 0.931380 0.092833
vt 0.933483 0.097438
s 0
f 7611/596/1963 7614/597/1963 7613/598/1963 7612/599/1963
f 7612/599/1964 7613/598/1964 7616/600/1964 7615/601/1964
f 7615/601/1965 7616/600/1965 7618/602/1965 7617/603/1965
f 7633/604/1966 7634/605/1966 7620/606/1966 7619/607/1966
f 7620/606/1967 7622/608/1967 7621/609/1967 7619/607/1967
f 7623/610/1968 7624/611/1968 7626/612/1968 7625/613/1968
f 7625/613/1969 7626/612/1969 7628/614/1969 7627/615/1969
f 7627/615/1970 7628/614/1970 7630/616/1970 7629/617/1970
f 7629/617/1971 7630/616/1971 7632/618/1971 7631/619/1971
f 7631/619/1972 7632/618/1972 7614/620/1972 7611/621/1972
f 7591/622/1973 7589/623/1973 7611/624/1973 7612/625/1973
f 7590/626/1974 7592/627/1974 7613/628/1974 7614/629/1974
f 7593/630/1973 7591/622/1973 7612/625/1973 7615/631/1973
f 7592/627/1974 7594/632/1974 7616/633/1974 7613/628/1974
f 7595/634/1973 7593/630/1973 7615/631/1973 7617/635/1973
f 7594/632/1974 7596/636/1974 7618/637/1974 7616/633/1974
f 7636/638/1974 7598/639/1974 7620/640/1974 7634/641/1974
f 7603/642/1973 7601/643/1973 7623/644/1973 7625/645/1973
f 7602/646/1974 7604/647/1974 7626/648/1974 7624/649/1974
f 7605/650/1973 7603/642/1973 7625/645/1973 7627/651/1973
f 7604/647/1974 7606/652/1974 7628/653/1974 7626/648/1974
f 7607/654/1973 7605/650/1973 7627/651/1973 7629/655/1973
f 7606/652/1974 7608/656/1974 7630/657/1974 7628/653/1974
f 7609/658/1973 7607/654/1973 7629/655/1973 7631/659/1973
f 7608/656/1974 7610/660/1974 7632/661/1974 7630/657/1974
f 7589/623/1973 7609/658/1973 7631/659/1973 7611/624/1973
f 7610/660/1974 7590/626/1974 7614/629/1974 7632/661/1974
f 7605/650/1975 7607/654/1975 7608/656/1975 7606/652/1975
f 7607/654/1976 7609/658/1976 7610/660/1976 7608/656/1976
f 7609/658/1977 7589/623/1977 7590/626/1977 7610/660/1977
f 7589/623/1978 7591/622/1978 7592/627/1978 7590/626/1978
f 7591/622/1979 7593/630/1979 7594/632/1979 7592/627/1979
f 7593/630/1980 7595/634/1980 7596/636/1980 7594/632/1980
f 7635/662/1981 7597/663/1981 7598/639/1981 7636/638/1981
f 7601/643/1982 7603/642/1982 7604/647/1982 7602/646/1982
f 7603/642/1983 7605/650/1983 7606/652/1983 7604/647/1983
f 7600/664/1974 7602/646/1974 7624/649/1974 7622/665/1974
f 7622/608/1984 7624/611/1984 7623/610/1984 7621/609/1984
f 7621/666/1973 7623/644/1973 7601/643/1973 7599/667/1973
f 7599/667/1985 7601/643/1985 7602/646/1985 7600/664/1985
f 7598/639/1974 7600/664/1974 7622/665/1974 7620/640/1974
f 7597/663/1986 7599/667/1986 7600/664/1986 7598/639/1986
f 7619/668/1973 7621/666/1973 7599/667/1973 7597/663/1973
f 7597/663/1973 7635/662/1973 7633/669/1973 7619/668/1973
f 7635/662/1987 7636/638/1987 7634/605/1987 7633/669/1987
f 7618/637/1974 7596/636/1974 7640/636/1974 7637/637/1974
f 7637/637/1988 7640/636/1988 7639/634/1988 7638/635/1988
f 7617/603/1989 7618/602/1989 7637/602/1989 7638/603/1989
f 7595/634/1973 7617/635/1973 7638/635/1973 7639/634/1973
f 7596/636/1990 7595/634/1990 7639/634/1990 7640/636/1990
o og-stor_circkel.001
v -1.938875 5.082085 -31.197254
v -1.938875 5.289867 -31.197254
v 5.974976 5.082085 -28.873539
v 5.974976 5.289867 -28.873539
v 11.376237 5.082085 -22.640152
v 11.376237 5.289867 -22.640152
v 12.550043 5.082085 -14.476151
v 12.550043 5.289867 -14.476151
v 9.123718 5.082085 -6.973551
v 9.123718 5.289867 -6.973551
v 2.185098 5.082085 -2.514371
v 2.185098 5.289867 -2.514371
v -6.062854 5.082085 -2.514373
v -6.062854 5.289867 -2.514373
v -13.001472 5.082085 -6.973555
v -13.001472 5.289867 -6.973555
v -16.427794 5.082085 -14.476158
v -16.427794 5.289867 -14.476158
v -15.253987 5.082085 -22.640156
v -15.253987 5.289867 -22.640156
v -9.852729 5.082085 -28.873539
v -9.852729 5.289867 -28.873539
v -1.938875 5.082085 -33.890076
v 7.430824 5.082085 -31.138882
v 7.430824 5.289867 -31.138882
v -1.938875 5.289867 -33.890076
v 13.825710 5.082085 -23.758789
v 13.825710 5.289867 -23.758789
v 15.215452 5.082085 -14.092923
v 15.215452 5.289867 -14.092923
v 11.158813 5.082085 -5.210130
v 11.158813 5.289867 -5.210130
v 2.943752 5.082085 0.069368
v 2.943752 5.289867 0.069368
v -6.821509 5.082085 0.069366
v -6.821509 5.289867 0.069366
v -15.036570 5.082085 -5.210135
v -15.036570 5.289867 -5.210135
v -19.093203 5.082085 -14.092931
v -19.093203 5.289867 -14.092931
v -17.703461 5.082085 -23.758793
v -17.703461 5.289867 -23.758793
v -11.308576 5.082085 -31.138882
v -11.308576 5.289867 -31.138882
v 1.862303 5.082085 0.069368
v 1.862303 5.289867 0.069368
v 1.946077 5.082085 -2.514372
v 1.946077 5.289867 -2.514372
v -1.899560 5.082085 0.069368
v -1.899560 5.082085 -2.514373
v -1.899560 5.289867 0.069368
v -1.899560 5.289867 -2.514373
vn 0.2817 -0.0000 -0.9595
vn 0.7557 -0.0000 -0.6549
vn 0.9898 -0.0000 -0.1423
vn 0.9096 -0.0000 0.4154
vn 0.5406 -0.0000 0.8413
vn -0.0000 -0.0000 1.0000
vn -0.5406 -0.0000 0.8413
vn -0.9096 -0.0000 0.4154
vn -0.9898 -0.0000 -0.1423
vn -0.7557 -0.0000 -0.6549
vn -0.2817 -0.0000 -0.9595
vn -0.0000 -1.0000 -0.0000
vn -0.0000 1.0000 -0.0000
vn 0.9898 -0.0000 0.1423
vn 0.7557 -0.0000 0.6549
vn 0.2817 -0.0000 0.9595
vn -0.2817 -0.0000 0.9595
vn -0.7557 -0.0000 0.6549
vn -0.9898 -0.0000 0.1423
vn -0.9096 -0.0000 -0.4154
vn -0.5406 -0.0000 -0.8413
vn -0.0000 -0.0000 -1.0000
vn 0.5406 -0.0000 -0.8413
vn 0.9096 -0.0000 -0.4154
vn 1.0000 -0.0000 -0.0000
vn -0.9995 -0.0000 -0.0324
vt 1.000000 0.500000
vt 1.000000 1.000000
vt 0.909091 1.000000
vt 0.909091 0.500000
vt 0.818182 1.000000
vt 0.818182 0.500000
vt 0.727273 1.000000
vt 0.727273 0.500000
vt 0.636364 1.000000
vt 0.636364 0.500000
vt 0.545454 1.000000
vt 0.545454 0.500000
vt 0.474763 0.500000
vt 0.474763 1.000000
vt 0.454545 1.000000
vt 0.454545 0.500000
vt 0.363636 1.000000
vt 0.363636 0.500000
vt 0.272727 1.000000
vt 0.272727 0.500000
vt 0.181818 1.000000
vt 0.181818 0.500000
vt 0.090909 1.000000
vt 0.090909 0.500000
vt -0.000000 1.000000
vt -0.000000 0.500000
vt 0.859593 0.420530
vt 0.750000 0.452709
vt 0.750000 0.490000
vt 0.879754 0.451901
vt 0.250000 0.452709
vt 0.359593 0.420530
vt 0.379754 0.451901
vt 0.250000 0.490000
vt 0.934391 0.334208
vt 0.968312 0.349700
vt 0.434391 0.334208
vt 0.468312 0.349700
vt 0.950646 0.221151
vt 0.987557 0.215844
vt 0.450646 0.221151
vt 0.487557 0.215844
vt 0.903197 0.117254
vt 0.931380 0.092833
vt 0.403197 0.117254
vt 0.431380 0.092833
vt 0.807110 0.055502
vt 0.817616 0.019722
vt 0.307110 0.055502
vt 0.317616 0.019722
vt 0.743694 0.055502
vt 0.742534 0.019722
vt 0.218292 0.055502
vt 0.192890 0.055502
vt 0.182384 0.019722
vt 0.212459 0.019722
vt 0.596803 0.117254
vt 0.692890 0.055502
vt 0.682384 0.019722
vt 0.568620 0.092833
vt 0.096803 0.117254
vt 0.068620 0.092833
vt 0.549354 0.221152
vt 0.512443 0.215845
vt 0.049354 0.221152
vt 0.012443 0.215845
vt 0.565609 0.334208
vt 0.531688 0.349700
vt 0.065609 0.334208
vt 0.031688 0.349700
vt 0.640407 0.420530
vt 0.620246 0.451901
vt 0.140407 0.420530
vt 0.120246 0.451901
vt 0.718292 0.055502
vt 0.243694 0.055502
vt 0.242534 0.019722
vt 0.494981 1.000000
vt 0.494981 0.500000
vt 0.712459 0.019722
s 0
f 7663/670/1991 7666/671/1991 7665/672/1991 7664/673/1991
f 7664/673/1992 7665/672/1992 7668/674/1992 7667/675/1992
f 7667/675/1993 7668/674/1993 7670/676/1993 7669/677/1993
f 7669/677/1994 7670/676/1994 7672/678/1994 7671/679/1994
f 7671/679/1995 7672/678/1995 7674/680/1995 7673/681/1995
f 7689/682/1996 7691/683/1996 7676/684/1996 7675/685/1996
f 7675/685/1997 7676/684/1997 7678/686/1997 7677/687/1997
f 7677/687/1998 7678/686/1998 7680/688/1998 7679/689/1998
f 7679/689/1999 7680/688/1999 7682/690/1999 7681/691/1999
f 7681/691/2000 7682/690/2000 7684/692/2000 7683/693/2000
f 7683/693/2001 7684/692/2001 7666/694/2001 7663/695/2001
f 7643/696/2002 7641/697/2002 7663/698/2002 7664/699/2002
f 7642/700/2003 7644/701/2003 7665/702/2003 7666/703/2003
f 7645/704/2002 7643/696/2002 7664/699/2002 7667/705/2002
f 7644/701/2003 7646/706/2003 7668/707/2003 7665/702/2003
f 7647/708/2002 7645/704/2002 7667/705/2002 7669/709/2002
f 7646/706/2003 7648/710/2003 7670/711/2003 7668/707/2003
f 7649/712/2002 7647/708/2002 7669/709/2002 7671/713/2002
f 7648/710/2003 7650/714/2003 7672/715/2003 7670/711/2003
f 7651/716/2002 7649/712/2002 7671/713/2002 7673/717/2002
f 7650/714/2003 7652/718/2003 7674/719/2003 7672/715/2003
f 7687/720/2002 7651/716/2002 7673/717/2002 7685/721/2002
f 7692/722/2003 7654/723/2003 7676/724/2003 7691/725/2003
f 7655/726/2002 7653/727/2002 7675/728/2002 7677/729/2002
f 7654/723/2003 7656/730/2003 7678/731/2003 7676/724/2003
f 7657/732/2002 7655/726/2002 7677/729/2002 7679/733/2002
f 7656/730/2003 7658/734/2003 7680/735/2003 7678/731/2003
f 7659/736/2002 7657/732/2002 7679/733/2002 7681/737/2002
f 7658/734/2003 7660/738/2003 7682/739/2003 7680/735/2003
f 7661/740/2002 7659/736/2002 7681/737/2002 7683/741/2002
f 7660/738/2003 7662/742/2003 7684/743/2003 7682/739/2003
f 7641/697/2002 7661/740/2002 7683/741/2002 7663/698/2002
f 7662/742/2003 7642/700/2003 7666/703/2003 7684/743/2003
f 7657/732/2004 7659/736/2004 7660/738/2004 7658/734/2004
f 7659/736/2005 7661/740/2005 7662/742/2005 7660/738/2005
f 7661/740/2006 7641/697/2006 7642/700/2006 7662/742/2006
f 7641/697/2007 7643/696/2007 7644/701/2007 7642/700/2007
f 7643/696/2008 7645/704/2008 7646/706/2008 7644/701/2008
f 7645/704/2009 7647/708/2009 7648/710/2009 7646/706/2009
f 7647/708/2010 7649/712/2010 7650/714/2010 7648/710/2010
f 7649/712/2011 7651/716/2011 7652/718/2011 7650/714/2011
f 7690/744/2012 7653/727/2012 7654/723/2012 7692/722/2012
f 7653/727/2013 7655/726/2013 7656/730/2013 7654/723/2013
f 7655/726/2014 7657/732/2014 7658/734/2014 7656/730/2014
f 7651/716/2012 7687/720/2012 7688/745/2012 7652/718/2012
f 7652/718/2003 7688/745/2003 7686/746/2003 7674/719/2003
f 7673/681/1996 7674/680/1996 7686/747/1996 7685/748/1996
f 7653/727/2002 7690/744/2002 7689/749/2002 7675/728/2002
f 7689/682/2015 7690/744/2015 7692/722/2015 7691/683/2015
f 7687/720/2016 7685/721/2016 7686/747/2016 7688/745/2016
o top_house
v -2.808655 13.119110 -11.674757
v -2.808655 17.706333 -11.674757
v -2.808655 13.119110 -22.525087
v -2.808655 17.706333 -22.525087
v 10.968145 13.266327 -11.821974
v 10.968145 17.559116 -11.821974
v 10.968145 13.266327 -22.377871
v 10.968145 17.559116 -22.377871
v 10.968145 17.706333 -22.525087
v 10.968145 13.119110 -22.525087
v 10.968145 13.119110 -11.674757
v 10.968145 17.706333 -11.674757
v -0.915172 17.559116 -22.377871
v -0.915172 13.266327 -22.377871
v -0.915172 13.266327 -11.821974
v -0.915172 17.559116 -11.821974
vn -1.0000 -0.0000 -0.0000
vn -0.0000 -0.0000 -1.0000
vn -0.0000 -0.0000 1.0000
vn -0.0000 -1.0000 -0.0000
vn -0.0000 1.0000 -0.0000
vn 1.0000 -0.0000 -0.0000
vt 0.375000 0.000000
vt 0.625000 0.000000
vt 0.625000 0.250000
vt 0.375000 0.250000
vt 0.625000 0.500000
vt 0.375000 0.500000
vt 0.383023 0.503392
vt 0.616977 0.503392
vt 0.375000 0.750000
vt 0.625000 0.750000
vt 0.625000 1.000000
vt 0.375000 1.000000
vt 0.125000 0.500000
vt 0.125000 0.750000
vt 0.875000 0.500000
vt 0.875000 0.750000
vt 0.383023 0.746608
vt 0.616977 0.746608
s 0
f 7693/750/2017 7694/751/2017 7696/752/2017 7695/753/2017
f 7695/753/2018 7696/752/2018 7701/754/2018 7702/755/2018
f 7699/756/2019 7700/757/2019 7705/757/2019 7706/756/2019
f 7703/758/2019 7704/759/2019 7694/760/2019 7693/761/2019
f 7695/762/2020 7702/755/2020 7703/758/2020 7693/763/2020
f 7701/754/2021 7696/764/2021 7694/765/2021 7704/759/2021
f 7700/757/2022 7699/756/2022 7702/755/2022 7701/754/2022
f 7699/756/2022 7697/766/2022 7703/758/2022 7702/755/2022
f 7698/767/2022 7700/757/2022 7701/754/2022 7704/759/2022
f 7697/766/2022 7698/767/2022 7704/759/2022 7703/758/2022
f 7706/756/2022 7705/757/2022 7708/767/2022 7707/766/2022
f 7698/767/2018 7697/766/2018 7707/766/2018 7708/767/2018
f 7697/766/2021 7699/756/2021 7706/756/2021 7707/766/2021
f 7700/757/2020 7698/767/2020 7708/767/2020 7705/757/2020
