# Blender 5.2.0 LTS
# www.blender.org
mtllib 5.mtl
o Balcony_Fence_Straight
v 20.695436 0.000000 -6.637582
v 20.695436 0.000000 -6.749365
v 20.695436 0.000000 -6.658014
v 20.695436 0.000000 -6.741181
v 20.695436 1.071608 -6.638029
v 20.695845 1.071845 -6.637779
v 20.695238 1.071845 -6.637174
v 20.694988 1.071608 -6.637582
v 20.694988 1.071608 -6.749365
v 20.695238 1.071845 -6.749773
v 20.695845 1.071845 -6.749167
v 20.695436 1.071608 -6.748918
v 20.695436 0.021446 -6.748918
v 20.695883 0.021046 -6.749812
v 20.694988 0.021446 -6.749365
v 20.695436 0.021446 -6.638029
v 20.694988 0.021446 -6.637582
v 20.695883 0.021046 -6.637135
v 20.706604 0.000400 -6.760979
v 20.707050 0.000400 -6.760532
v 20.706604 0.000000 -6.760532
v 20.707050 0.020646 -6.760532
v 20.706604 0.020646 -6.760979
v 20.706604 0.021046 -6.760532
v 20.707050 0.000400 -6.626415
v 20.706604 0.000400 -6.625968
v 20.706604 0.000000 -6.626415
v 20.707050 0.020646 -6.626415
v 20.706604 0.021046 -6.626415
v 20.706604 0.020646 -6.625968
v 20.708469 1.067035 -6.762850
v 20.708921 1.067035 -6.762398
v 20.708445 1.066803 -6.761768
v 20.707840 1.066803 -6.762373
v 20.708921 1.067035 -6.624549
v 20.708469 1.067035 -6.624097
v 20.707840 1.066803 -6.624573
v 20.708445 1.066803 -6.625179
v 20.698666 1.084448 -6.753098
v 20.699169 1.084448 -6.752594
v 20.699850 1.084107 -6.753779
v 20.699169 1.084448 -6.634353
v 20.698666 1.084448 -6.633849
v 20.699850 1.084107 -6.633167
v 20.711428 1.084107 -6.765356
v 20.711805 1.083712 -6.765282
v 20.711353 1.083712 -6.765735
v 20.711428 1.084107 -6.621591
v 20.711353 1.083712 -6.621212
v 20.711805 1.083712 -6.621665
v 20.688704 1.099036 -6.742631
v 20.689384 1.098696 -6.742808
v 20.688879 1.098696 -6.743313
v 20.689384 1.098696 -6.644139
v 20.688704 1.099036 -6.644316
v 20.688879 1.098696 -6.643634
v 20.695436 1.071608 -6.657602
v 20.695845 1.071845 -6.657755
v 20.695883 0.021046 -6.657730
v 20.695436 0.021446 -6.657724
v 20.706604 0.000000 -6.650929
v 20.707050 0.000400 -6.650645
v 20.707050 0.020646 -6.650645
v 20.706604 0.021046 -6.650929
v 20.708445 1.066803 -6.649761
v 20.708921 1.067035 -6.649458
v 20.711805 1.083712 -6.647628
v 20.711428 1.084107 -6.647869
v 20.699850 1.084107 -6.655213
v 20.699169 1.084448 -6.655645
v 20.689384 1.098696 -6.661854
v 20.688704 1.099036 -6.662002
v 20.695436 0.998500 -6.748918
v 20.694988 0.998500 -6.749365
v 20.694988 0.998500 -6.637582
v 20.695436 0.998500 -6.638029
v 20.694988 0.998899 -6.640254
v 20.695436 0.998099 -6.639807
v 20.694988 0.998500 -6.640701
v 20.694988 1.054780 -6.749365
v 20.695436 1.054780 -6.748918
v 20.695436 1.054780 -6.638029
v 20.694988 1.054780 -6.637582
v 20.694988 1.054380 -6.640254
v 20.694988 1.054780 -6.640701
v 20.695436 1.055180 -6.639807
v 20.695436 0.100523 -6.748918
v 20.694988 0.100523 -6.749365
v 20.694988 0.100523 -6.637582
v 20.695436 0.100523 -6.638029
v 20.694988 0.100523 -6.640826
v 20.695436 0.100923 -6.639932
v 20.694988 0.100123 -6.640379
v 20.694988 0.045383 -6.749365
v 20.695436 0.045383 -6.748918
v 20.695436 0.045383 -6.638029
v 20.694988 0.045383 -6.637582
v 20.694988 0.045783 -6.640379
v 20.695436 0.044983 -6.639932
v 20.694988 0.045383 -6.640826
v 20.707050 0.000400 -6.751094
v 20.706604 0.000000 -6.750713
v 20.695436 1.071608 -6.741323
v 20.695845 1.071845 -6.741529
v 20.695883 0.021046 -6.741562
v 20.695436 0.021446 -6.741270
v 20.707050 0.020646 -6.751094
v 20.706604 0.021046 -6.750713
v 20.708445 1.066803 -6.752285
v 20.708921 1.067035 -6.752691
v 20.711805 1.083712 -6.755154
v 20.711428 1.084107 -6.754830
v 20.699850 1.084107 -6.744949
v 20.699169 1.084448 -6.744368
v 20.689384 1.098696 -6.736015
v 20.688704 1.099036 -6.735815
v 20.694988 0.998500 -6.746887
v 20.695436 0.998099 -6.747781
v 20.694988 0.998899 -6.747334
v 20.694988 1.054780 -6.746887
v 20.694988 1.054380 -6.747334
v 20.695436 1.055180 -6.747781
v 20.694988 0.100523 -6.746164
v 20.694988 0.100123 -6.746612
v 20.695436 0.100923 -6.747058
v 20.694988 0.045383 -6.746164
v 20.695436 0.044983 -6.747058
v 20.694988 0.045783 -6.746612
v 20.691019 1.054380 -6.640254
v 20.690573 1.054380 -6.640701
v 20.691019 1.054780 -6.640701
v 20.691019 0.998899 -6.640254
v 20.691019 0.998500 -6.640701
v 20.690573 0.998899 -6.640701
v 20.691019 0.998500 -6.746887
v 20.691019 0.998899 -6.747334
v 20.690573 0.998899 -6.746887
v 20.691019 1.054780 -6.746887
v 20.690573 1.054380 -6.746887
v 20.691019 1.054380 -6.747334
v 20.691019 0.100523 -6.746164
v 20.690573 0.100123 -6.746164
v 20.691019 0.100123 -6.746612
v 20.691019 0.100523 -6.640826
v 20.691019 0.100123 -6.640379
v 20.690573 0.100123 -6.640826
v 20.691019 0.045783 -6.640379
v 20.691019 0.045383 -6.640826
v 20.690573 0.045783 -6.640826
v 20.691019 0.045383 -6.746164
v 20.691019 0.045783 -6.746612
v 20.690573 0.045783 -6.746164
v 20.639545 0.000000 -6.749365
v 20.639545 0.000000 -6.637582
v 20.639545 0.000000 -6.658014
v 20.639545 0.000000 -6.741181
v 20.639545 1.071845 -6.749773
v 20.639545 1.071608 -6.749365
v 20.639545 1.071845 -6.637174
v 20.639545 1.071608 -6.637582
v 20.639545 0.021446 -6.637582
v 20.639545 0.021046 -6.637135
v 20.639545 0.021446 -6.749365
v 20.639545 0.021046 -6.749812
v 20.639545 0.000000 -6.760532
v 20.639545 0.000400 -6.760979
v 20.639545 0.000000 -6.626415
v 20.639545 0.000400 -6.625968
v 20.639545 0.021046 -6.626415
v 20.639545 0.020646 -6.625968
v 20.639545 0.021046 -6.760532
v 20.639545 0.020646 -6.760979
v 20.639545 1.067035 -6.762850
v 20.639545 1.066803 -6.762373
v 20.639545 1.067035 -6.624097
v 20.639545 1.066803 -6.624573
v 20.639545 1.084107 -6.765356
v 20.639545 1.083712 -6.765735
v 20.639545 1.084107 -6.621591
v 20.639545 1.083712 -6.621212
v 20.639545 1.084448 -6.753098
v 20.639545 1.084107 -6.753779
v 20.639545 1.084448 -6.633849
v 20.639545 1.084107 -6.633167
v 20.639545 1.099036 -6.742631
v 20.639545 1.098696 -6.743313
v 20.639545 1.099036 -6.644316
v 20.639545 1.098696 -6.643634
v 20.639545 1.054780 -6.637582
v 20.639545 1.054780 -6.749365
v 20.639545 0.045383 -6.637582
v 20.639545 0.045383 -6.749365
v 20.639545 1.099036 -6.662002
v 20.639545 1.099036 -6.735815
v 20.639545 0.100523 -6.637582
v 20.639545 0.998500 -6.637582
v 20.639545 0.998500 -6.749365
v 20.639545 0.100523 -6.749365
v 20.583652 0.000000 -6.637582
v 20.583652 0.000000 -6.749365
v 20.583652 0.000000 -6.658014
v 20.583652 0.000000 -6.741181
v 20.583652 1.071608 -6.638029
v 20.583244 1.071845 -6.637779
v 20.583851 1.071845 -6.637174
v 20.584101 1.071608 -6.637582
v 20.584101 1.071608 -6.749365
v 20.583851 1.071845 -6.749773
v 20.583246 1.071845 -6.749167
v 20.583652 1.071608 -6.748918
v 20.583652 0.021446 -6.748918
v 20.583206 0.021046 -6.749812
v 20.584101 0.021446 -6.749365
v 20.583652 0.021446 -6.638029
v 20.584101 0.021446 -6.637582
v 20.583206 0.021046 -6.637135
v 20.572487 0.000400 -6.760979
v 20.572039 0.000400 -6.760532
v 20.572487 0.000000 -6.760532
v 20.572039 0.020646 -6.760532
v 20.572487 0.020646 -6.760979
v 20.572487 0.021046 -6.760532
v 20.572039 0.000400 -6.626415
v 20.572487 0.000400 -6.625968
v 20.572487 0.000000 -6.626415
v 20.572039 0.020646 -6.626415
v 20.572487 0.021046 -6.626415
v 20.572487 0.020646 -6.625968
v 20.570620 1.067035 -6.762850
v 20.570168 1.067035 -6.762398
v 20.570644 1.066803 -6.761768
v 20.571251 1.066803 -6.762373
v 20.570168 1.067035 -6.624549
v 20.570620 1.067035 -6.624097
v 20.571251 1.066803 -6.624573
v 20.570644 1.066803 -6.625179
v 20.580425 1.084448 -6.753098
v 20.579920 1.084448 -6.752594
v 20.579239 1.084107 -6.753779
v 20.579920 1.084448 -6.634353
v 20.580425 1.084448 -6.633849
v 20.579239 1.084107 -6.633167
v 20.567663 1.084107 -6.765356
v 20.567284 1.083712 -6.765282
v 20.567736 1.083712 -6.765735
v 20.567663 1.084107 -6.621591
v 20.567736 1.083712 -6.621212
v 20.567284 1.083712 -6.621665
v 20.590387 1.099036 -6.742631
v 20.589706 1.098696 -6.742808
v 20.590210 1.098696 -6.743313
v 20.589706 1.098696 -6.644139
v 20.590387 1.099036 -6.644316
v 20.590210 1.098696 -6.643634
v 20.583652 1.071608 -6.657602
v 20.583244 1.071845 -6.657755
v 20.583206 0.021046 -6.657730
v 20.583652 0.021446 -6.657724
v 20.572487 0.000000 -6.650929
v 20.572039 0.000400 -6.650645
v 20.572039 0.020646 -6.650645
v 20.572487 0.021046 -6.650929
v 20.570644 1.066803 -6.649761
v 20.570168 1.067035 -6.649458
v 20.567284 1.083712 -6.647628
v 20.567663 1.084107 -6.647869
v 20.579239 1.084107 -6.655213
v 20.579920 1.084448 -6.655645
v 20.589706 1.098696 -6.661854
v 20.590387 1.099036 -6.662002
v 20.583652 0.998500 -6.748918
v 20.584101 0.998500 -6.749365
v 20.584101 0.998500 -6.637582
v 20.583652 0.998500 -6.638029
v 20.584101 0.998899 -6.640254
v 20.583652 0.998099 -6.639807
v 20.584101 0.998500 -6.640701
v 20.584101 1.054780 -6.749365
v 20.583652 1.054780 -6.748918
v 20.583652 1.054780 -6.638029
v 20.584101 1.054780 -6.637582
v 20.584101 1.054380 -6.640254
v 20.584101 1.054780 -6.640701
v 20.583652 1.055180 -6.639807
v 20.583652 0.100523 -6.748918
v 20.584101 0.100523 -6.749365
v 20.584101 0.100523 -6.637582
v 20.583652 0.100523 -6.638029
v 20.584101 0.100523 -6.640826
v 20.583652 0.100923 -6.639932
v 20.584101 0.100123 -6.640379
v 20.584101 0.045383 -6.749365
v 20.583652 0.045383 -6.748918
v 20.583652 0.045383 -6.638029
v 20.584101 0.045383 -6.637582
v 20.584101 0.045783 -6.640379
v 20.583652 0.044983 -6.639932
v 20.584101 0.045383 -6.640826
v 20.572039 0.000400 -6.751094
v 20.572487 0.000000 -6.750713
v 20.583652 1.071608 -6.741323
v 20.583244 1.071845 -6.741529
v 20.583206 0.021046 -6.741562
v 20.583652 0.021446 -6.741270
v 20.572039 0.020646 -6.751094
v 20.572487 0.021046 -6.750713
v 20.570644 1.066803 -6.752285
v 20.570168 1.067035 -6.752691
v 20.567284 1.083712 -6.755154
v 20.567663 1.084107 -6.754830
v 20.579239 1.084107 -6.744949
v 20.579920 1.084448 -6.744368
v 20.589706 1.098696 -6.736015
v 20.590387 1.099036 -6.735815
v 20.584101 0.998500 -6.746887
v 20.583652 0.998099 -6.747781
v 20.584101 0.998899 -6.747334
v 20.584101 1.054780 -6.746887
v 20.584101 1.054380 -6.747334
v 20.583652 1.055180 -6.747781
v 20.584101 0.100523 -6.746164
v 20.584101 0.100123 -6.746612
v 20.583652 0.100923 -6.747058
v 20.584101 0.045383 -6.746164
v 20.583652 0.044983 -6.747058
v 20.584101 0.045783 -6.746612
v 20.588070 1.054380 -6.640254
v 20.588516 1.054380 -6.640701
v 20.588070 1.054780 -6.640701
v 20.588070 0.998899 -6.640254
v 20.588070 0.998500 -6.640701
v 20.588516 0.998899 -6.640701
v 20.588070 0.998500 -6.746887
v 20.588070 0.998899 -6.747334
v 20.588516 0.998899 -6.746887
v 20.588070 1.054780 -6.746887
v 20.588516 1.054380 -6.746887
v 20.588070 1.054380 -6.747334
v 20.588070 0.100523 -6.746164
v 20.588516 0.100123 -6.746164
v 20.588070 0.100123 -6.746612
v 20.588070 0.100523 -6.640826
v 20.588070 0.100123 -6.640379
v 20.588516 0.100123 -6.640826
v 20.588070 0.045783 -6.640379
v 20.588070 0.045383 -6.640826
v 20.588516 0.045783 -6.640826
v 20.588070 0.045383 -6.746164
v 20.588070 0.045783 -6.746612
v 20.588516 0.045783 -6.746164
v 20.690523 0.083885 -6.641294
v 20.690523 0.096646 -6.654054
v 20.690523 0.090265 -6.643003
v 20.690523 0.094936 -6.647674
v 20.690523 0.096646 -6.733955
v 20.690523 0.083885 -6.746716
v 20.690523 0.094936 -6.740335
v 20.690523 0.090265 -6.745006
v 23.588415 0.096646 -6.654054
v 23.588415 0.083885 -6.641294
v 23.588415 0.094936 -6.647674
v 23.588415 0.090265 -6.643003
v 23.588415 0.083885 -6.746716
v 23.588415 0.096646 -6.733955
v 23.588415 0.090265 -6.745006
v 23.588415 0.094936 -6.740335
v 20.690523 0.065803 -6.654054
v 20.690523 0.078564 -6.641294
v 20.690523 0.067513 -6.647674
v 20.690523 0.078564 -6.746716
v 20.690523 0.065803 -6.733955
v 20.690523 0.067513 -6.740335
v 23.588415 0.065803 -6.733955
v 23.588415 0.078564 -6.746716
v 23.588415 0.067513 -6.740335
v 23.588415 0.078564 -6.641294
v 23.588415 0.065803 -6.654054
v 23.588415 0.067513 -6.647674
v 20.690523 1.040244 -6.641294
v 20.690523 1.053005 -6.654054
v 20.690523 1.046624 -6.643003
v 20.690523 1.053005 -6.733955
v 20.690523 1.040244 -6.746716
v 20.690523 1.046624 -6.745006
v 23.588415 1.053005 -6.654054
v 23.588415 1.040244 -6.641294
v 23.588415 1.046624 -6.643003
v 23.588415 1.040244 -6.746716
v 23.588415 1.053005 -6.733955
v 23.588415 1.046624 -6.745006
v 20.690523 1.022162 -6.654054
v 20.690523 1.034923 -6.641294
v 20.690523 1.028543 -6.643003
v 20.690523 1.034923 -6.746716
v 20.690523 1.022162 -6.733955
v 20.690523 1.028543 -6.745006
v 23.588415 1.022162 -6.733955
v 23.588415 1.034923 -6.746716
v 23.588415 1.028543 -6.745006
v 23.588415 1.034923 -6.641294
v 23.588415 1.022162 -6.654054
v 23.588415 1.028543 -6.643003
v 20.690523 0.048195 -6.733868
v 20.690523 0.047197 -6.732924
v 20.690523 0.047197 -6.658283
v 20.690523 0.048195 -6.657339
v 20.690523 0.065803 -6.733876
v 20.690523 0.064805 -6.732933
v 23.588415 0.047197 -6.732924
v 23.588415 0.048195 -6.733868
v 23.588415 0.064805 -6.732933
v 23.588415 0.065803 -6.733876
v 23.588415 0.048195 -6.657339
v 23.588415 0.047197 -6.658283
v 23.588415 0.065803 -6.657331
v 23.588415 0.064805 -6.658275
v 20.690523 0.064805 -6.658275
v 20.690523 0.065803 -6.657331
v 20.690523 0.071476 -6.643710
v 20.690523 0.073149 -6.642744
v 20.690523 0.073149 -6.745265
v 20.690523 0.071476 -6.744299
v 23.588415 0.071476 -6.744299
v 23.588415 0.073149 -6.745265
v 23.588415 0.073149 -6.642744
v 23.588415 0.071476 -6.643710
v 20.690523 1.004554 -6.733868
v 20.690523 1.003556 -6.732924
v 20.690523 1.003556 -6.658283
v 20.690523 1.004554 -6.657339
v 20.690523 1.022162 -6.733876
v 20.690523 1.021164 -6.732933
v 23.588415 1.003556 -6.732924
v 23.588415 1.004554 -6.733868
v 23.588415 1.021164 -6.732933
v 23.588415 1.022162 -6.733876
v 23.588415 1.004554 -6.657339
v 23.588415 1.003556 -6.658283
v 23.588415 1.022162 -6.657331
v 23.588415 1.021164 -6.658275
v 20.690523 1.021164 -6.658275
v 20.690523 1.022162 -6.657331
v 20.690523 1.050588 -6.646966
v 20.690523 1.051554 -6.648640
v 20.690523 1.051554 -6.739369
v 20.690523 1.050588 -6.741043
v 23.588415 1.051554 -6.648640
v 23.588415 1.050588 -6.646966
v 23.588415 1.050588 -6.741043
v 23.588415 1.051554 -6.739369
v 20.690523 1.023613 -6.648640
v 20.690523 1.024579 -6.646966
v 20.690523 1.024579 -6.741043
v 20.690523 1.023613 -6.739369
v 23.588415 1.023613 -6.739369
v 23.588415 1.024579 -6.741043
v 23.588415 1.024579 -6.646966
v 23.588415 1.023613 -6.648640
v 23.588415 0.083885 -6.641294
v 23.588415 0.096646 -6.654054
v 23.588415 0.090265 -6.643003
v 23.588415 0.094936 -6.647674
v 23.588415 0.096646 -6.733955
v 23.588415 0.083885 -6.746716
v 23.588415 0.094936 -6.740335
v 23.588415 0.090265 -6.745006
v 20.690523 0.096646 -6.654054
v 20.690523 0.083885 -6.641294
v 20.690523 0.094936 -6.647674
v 20.690523 0.090265 -6.643003
v 20.690523 0.083885 -6.746716
v 20.690523 0.096646 -6.733955
v 20.690523 0.090265 -6.745006
v 20.690523 0.094936 -6.740335
v 23.588415 0.065803 -6.654054
v 23.588415 0.078564 -6.641294
v 23.588415 0.067513 -6.647674
v 23.588415 0.078564 -6.746716
v 23.588415 0.065803 -6.733955
v 23.588415 0.067513 -6.740335
v 20.690523 0.065803 -6.733955
v 20.690523 0.078564 -6.746716
v 20.690523 0.067513 -6.740335
v 20.690523 0.078564 -6.641294
v 20.690523 0.065803 -6.654054
v 20.690523 0.067513 -6.647674
v 23.588415 1.040244 -6.641294
v 23.588415 1.053005 -6.654054
v 23.588415 1.046624 -6.643003
v 23.588415 1.053005 -6.733955
v 23.588415 1.040244 -6.746716
v 23.588415 1.046624 -6.745006
v 20.690523 1.053005 -6.654054
v 20.690523 1.040244 -6.641294
v 20.690523 1.046624 -6.643003
v 20.690523 1.040244 -6.746716
v 20.690523 1.053005 -6.733955
v 20.690523 1.046624 -6.745006
v 23.588415 1.022162 -6.654054
v 23.588415 1.034923 -6.641294
v 23.588415 1.028543 -6.643003
v 23.588415 1.034923 -6.746716
v 23.588415 1.022162 -6.733955
v 23.588415 1.028543 -6.745006
v 20.690523 1.022162 -6.733955
v 20.690523 1.034923 -6.746716
v 20.690523 1.028543 -6.745006
v 20.690523 1.034923 -6.641294
v 20.690523 1.022162 -6.654054
v 20.690523 1.028543 -6.643003
v 23.588415 0.048195 -6.733868
v 23.588415 0.047197 -6.732924
v 23.588415 0.047197 -6.658283
v 23.588415 0.048195 -6.657339
v 23.588415 0.065803 -6.733876
v 23.588415 0.064805 -6.732933
v 20.690523 0.047197 -6.732924
v 20.690523 0.048195 -6.733868
v 20.690523 0.064805 -6.732933
v 20.690523 0.065803 -6.733876
v 20.690523 0.048195 -6.657339
v 20.690523 0.047197 -6.658283
v 20.690523 0.065803 -6.657331
v 20.690523 0.064805 -6.658275
v 23.588415 0.064805 -6.658275
v 23.588415 0.065803 -6.657331
v 23.588415 0.071476 -6.643710
v 23.588415 0.073149 -6.642744
v 23.588415 0.073149 -6.745265
v 23.588415 0.071476 -6.744299
v 20.690523 0.071476 -6.744299
v 20.690523 0.073149 -6.745265
v 20.690523 0.073149 -6.642744
v 20.690523 0.071476 -6.643710
v 23.588415 1.004554 -6.733868
v 23.588415 1.003556 -6.732924
v 23.588415 1.003556 -6.658283
v 23.588415 1.004554 -6.657339
v 23.588415 1.022162 -6.733876
v 23.588415 1.021164 -6.732933
v 20.690523 1.003556 -6.732924
v 20.690523 1.004554 -6.733868
v 20.690523 1.021164 -6.732933
v 20.690523 1.022162 -6.733876
v 20.690523 1.004554 -6.657339
v 20.690523 1.003556 -6.658283
v 20.690523 1.022162 -6.657331
v 20.690523 1.021164 -6.658275
v 23.588415 1.021164 -6.658275
v 23.588415 1.022162 -6.657331
v 23.588415 1.050588 -6.646966
v 23.588415 1.051554 -6.648640
v 23.588415 1.051554 -6.739369
v 23.588415 1.050588 -6.741043
v 20.690523 1.051554 -6.648640
v 20.690523 1.050588 -6.646966
v 20.690523 1.050588 -6.741043
v 20.690523 1.051554 -6.739369
v 23.588415 1.023613 -6.648640
v 23.588415 1.024579 -6.646966
v 23.588415 1.024579 -6.741043
v 23.588415 1.023613 -6.739369
v 20.690523 1.023613 -6.739369
v 20.690523 1.024579 -6.741043
v 20.690523 1.024579 -6.646966
v 20.690523 1.023613 -6.648640
v 23.415577 0.091899 -6.672488
v 23.415577 1.010028 -6.672488
v 23.415577 0.091899 -6.714874
v 23.415577 1.010028 -6.714874
v 23.457962 0.091899 -6.672488
v 23.457962 1.010028 -6.672488
v 23.457962 0.091899 -6.714874
v 23.457962 1.010028 -6.714874
v 23.415577 0.112001 -6.672888
v 23.415176 0.111601 -6.672088
v 23.415977 0.112001 -6.672488
v 23.415577 0.989927 -6.672888
v 23.415977 0.989927 -6.672488
v 23.415176 0.990327 -6.672088
v 23.415577 0.989927 -6.714474
v 23.415176 0.990327 -6.715274
v 23.415977 0.989927 -6.714874
v 23.415577 0.112001 -6.714474
v 23.415977 0.112001 -6.714874
v 23.415176 0.111601 -6.715274
v 23.457563 0.989927 -6.714874
v 23.458363 0.990327 -6.715274
v 23.457962 0.989927 -6.714474
v 23.457563 0.112001 -6.714874
v 23.457962 0.112001 -6.714474
v 23.458363 0.111601 -6.715274
v 23.457962 0.989927 -6.672888
v 23.458363 0.990327 -6.672088
v 23.457563 0.989927 -6.672488
v 23.457962 0.112001 -6.672888
v 23.457563 0.112001 -6.672488
v 23.458363 0.111601 -6.672088
v 23.409836 0.092299 -6.720216
v 23.410234 0.092299 -6.720616
v 23.410234 0.091899 -6.720216
v 23.409836 0.092299 -6.667146
v 23.410234 0.091899 -6.667146
v 23.410234 0.092299 -6.666746
v 23.409836 0.990727 -6.667146
v 23.410234 0.990327 -6.667146
v 23.410234 0.990727 -6.666746
v 23.410234 1.009628 -6.666746
v 23.410234 1.010028 -6.667146
v 23.409836 1.009628 -6.667146
v 23.410234 1.010028 -6.720216
v 23.410234 1.009628 -6.720616
v 23.409836 1.009628 -6.720216
v 23.409836 0.111201 -6.720216
v 23.410234 0.111601 -6.720216
v 23.410234 0.111201 -6.720616
v 23.463305 0.092299 -6.720616
v 23.463705 0.092299 -6.720216
v 23.463305 0.091899 -6.720216
v 23.463305 1.009628 -6.720616
v 23.463305 1.010028 -6.720216
v 23.463705 1.009628 -6.720216
v 23.463305 0.111201 -6.720616
v 23.463305 0.111601 -6.720216
v 23.463705 0.111201 -6.720216
v 23.463705 0.092299 -6.667146
v 23.463305 0.092299 -6.666746
v 23.463305 0.091899 -6.667146
v 23.463705 1.009628 -6.667146
v 23.463305 1.010028 -6.667146
v 23.463305 1.009628 -6.666746
v 23.463705 0.111201 -6.667146
v 23.463305 0.111601 -6.667146
v 23.463305 0.111201 -6.666746
v 23.409836 0.111201 -6.667146
v 23.410234 0.111201 -6.666746
v 23.410234 0.111601 -6.667146
v 23.409836 0.990727 -6.720216
v 23.410234 0.990727 -6.720616
v 23.410234 0.990327 -6.720216
v 23.463305 0.990727 -6.720616
v 23.463705 0.990727 -6.720216
v 23.463305 0.990327 -6.720216
v 23.463705 0.990727 -6.667146
v 23.463305 0.990727 -6.666746
v 23.463305 0.990327 -6.667146
v 23.253967 0.091899 -6.672488
v 23.253967 1.010028 -6.672488
v 23.253967 0.091899 -6.714874
v 23.253967 1.010028 -6.714874
v 23.296354 0.091899 -6.672488
v 23.296354 1.010028 -6.672488
v 23.296354 0.091899 -6.714874
v 23.296354 1.010028 -6.714874
v 23.253967 0.112001 -6.672888
v 23.253569 0.111601 -6.672088
v 23.254368 0.112001 -6.672488
v 23.253967 0.989927 -6.672888
v 23.254368 0.989927 -6.672488
v 23.253569 0.990327 -6.672088
v 23.253967 0.989927 -6.714474
v 23.253569 0.990327 -6.715274
v 23.254368 0.989927 -6.714874
v 23.253967 0.112001 -6.714474
v 23.254368 0.112001 -6.714874
v 23.253569 0.111601 -6.715274
v 23.295954 0.989927 -6.714874
v 23.296755 0.990327 -6.715274
v 23.296354 0.989927 -6.714474
v 23.295954 0.112001 -6.714874
v 23.296354 0.112001 -6.714474
v 23.296755 0.111601 -6.715274
v 23.296354 0.989927 -6.672888
v 23.296755 0.990327 -6.672088
v 23.295954 0.989927 -6.672488
v 23.296354 0.112001 -6.672888
v 23.295954 0.112001 -6.672488
v 23.296755 0.111601 -6.672088
v 23.248226 0.092299 -6.720216
v 23.248627 0.092299 -6.720616
v 23.248627 0.091899 -6.720216
v 23.248226 0.092299 -6.667146
v 23.248627 0.091899 -6.667146
v 23.248627 0.092299 -6.666746
v 23.248226 0.990727 -6.667146
v 23.248627 0.990327 -6.667146
v 23.248627 0.990727 -6.666746
v 23.248627 1.009628 -6.666746
v 23.248627 1.010028 -6.667146
v 23.248226 1.009628 -6.667146
v 23.248627 1.010028 -6.720216
v 23.248627 1.009628 -6.720616
v 23.248226 1.009628 -6.720216
v 23.248226 0.111201 -6.720216
v 23.248627 0.111601 -6.720216
v 23.248627 0.111201 -6.720616
v 23.301697 0.092299 -6.720616
v 23.302095 0.092299 -6.720216
v 23.301697 0.091899 -6.720216
v 23.301697 1.009628 -6.720616
v 23.301697 1.010028 -6.720216
v 23.302095 1.009628 -6.720216
v 23.301697 0.111201 -6.720616
v 23.301697 0.111601 -6.720216
v 23.302095 0.111201 -6.720216
v 23.302095 0.092299 -6.667146
v 23.301697 0.092299 -6.666746
v 23.301697 0.091899 -6.667146
v 23.302095 1.009628 -6.667146
v 23.301697 1.010028 -6.667146
v 23.301697 1.009628 -6.666746
v 23.302095 0.111201 -6.667146
v 23.301697 0.111601 -6.667146
v 23.301697 0.111201 -6.666746
v 23.248226 0.111201 -6.667146
v 23.248627 0.111201 -6.666746
v 23.248627 0.111601 -6.667146
v 23.248226 0.990727 -6.720216
v 23.248627 0.990727 -6.720616
v 23.248627 0.990327 -6.720216
v 23.301697 0.990727 -6.720616
v 23.302095 0.990727 -6.720216
v 23.301697 0.990327 -6.720216
v 23.302095 0.990727 -6.667146
v 23.301697 0.990727 -6.666746
v 23.301697 0.990327 -6.667146
v 23.092360 0.091899 -6.672488
v 23.092360 1.010028 -6.672488
v 23.092360 0.091899 -6.714874
v 23.092360 1.010028 -6.714874
v 23.134747 0.091899 -6.672488
v 23.134747 1.010028 -6.672488
v 23.134747 0.091899 -6.714874
v 23.134747 1.010028 -6.714874
v 23.092360 0.112001 -6.672888
v 23.091959 0.111601 -6.672088
v 23.092760 0.112001 -6.672488
v 23.092360 0.989927 -6.672888
v 23.092760 0.989927 -6.672488
v 23.091959 0.990327 -6.672088
v 23.092360 0.989927 -6.714474
v 23.091959 0.990327 -6.715274
v 23.092760 0.989927 -6.714874
v 23.092360 0.112001 -6.714474
v 23.092760 0.112001 -6.714874
v 23.091959 0.111601 -6.715274
v 23.134346 0.989927 -6.714874
v 23.135145 0.990327 -6.715274
v 23.134747 0.989927 -6.714474
v 23.134346 0.112001 -6.714874
v 23.134747 0.112001 -6.714474
v 23.135145 0.111601 -6.715274
v 23.134747 0.989927 -6.672888
v 23.135145 0.990327 -6.672088
v 23.134346 0.989927 -6.672488
v 23.134747 0.112001 -6.672888
v 23.134346 0.112001 -6.672488
v 23.135145 0.111601 -6.672088
v 23.086618 0.092299 -6.720216
v 23.087017 0.092299 -6.720616
v 23.087017 0.091899 -6.720216
v 23.086618 0.092299 -6.667146
v 23.087017 0.091899 -6.667146
v 23.087017 0.092299 -6.666746
v 23.086618 0.990727 -6.667146
v 23.087017 0.990327 -6.667146
v 23.087017 0.990727 -6.666746
v 23.087017 1.009628 -6.666746
v 23.087017 1.010028 -6.667146
v 23.086618 1.009628 -6.667146
v 23.087017 1.010028 -6.720216
v 23.087017 1.009628 -6.720616
v 23.086618 1.009628 -6.720216
v 23.086618 0.111201 -6.720216
v 23.087017 0.111601 -6.720216
v 23.087017 0.111201 -6.720616
v 23.140087 0.092299 -6.720616
v 23.140488 0.092299 -6.720216
v 23.140087 0.091899 -6.720216
v 23.140087 1.009628 -6.720616
v 23.140087 1.010028 -6.720216
v 23.140488 1.009628 -6.720216
v 23.140087 0.111201 -6.720616
v 23.140087 0.111601 -6.720216
v 23.140488 0.111201 -6.720216
v 23.140488 0.092299 -6.667146
v 23.140087 0.092299 -6.666746
v 23.140087 0.091899 -6.667146
v 23.140488 1.009628 -6.667146
v 23.140087 1.010028 -6.667146
v 23.140087 1.009628 -6.666746
v 23.140488 0.111201 -6.667146
v 23.140087 0.111601 -6.667146
v 23.140087 0.111201 -6.666746
v 23.086618 0.111201 -6.667146
v 23.087017 0.111201 -6.666746
v 23.087017 0.111601 -6.667146
v 23.086618 0.990727 -6.720216
v 23.087017 0.990727 -6.720616
v 23.087017 0.990327 -6.720216
v 23.140087 0.990727 -6.720616
v 23.140488 0.990727 -6.720216
v 23.140087 0.990327 -6.720216
v 23.140488 0.990727 -6.667146
v 23.140087 0.990727 -6.666746
v 23.140087 0.990327 -6.667146
v 22.930752 0.091899 -6.672488
v 22.930752 1.010028 -6.672488
v 22.930752 0.091899 -6.714874
v 22.930752 1.010028 -6.714874
v 22.973137 0.091899 -6.672488
v 22.973137 1.010028 -6.672488
v 22.973137 0.091899 -6.714874
v 22.973137 1.010028 -6.714874
v 22.930752 0.112001 -6.672888
v 22.930351 0.111601 -6.672088
v 22.931150 0.112001 -6.672488
v 22.930752 0.989927 -6.672888
v 22.931150 0.989927 -6.672488
v 22.930351 0.990327 -6.672088
v 22.930752 0.989927 -6.714474
v 22.930351 0.990327 -6.715274
v 22.931150 0.989927 -6.714874
v 22.930752 0.112001 -6.714474
v 22.931150 0.112001 -6.714874
v 22.930351 0.111601 -6.715274
v 22.972736 0.989927 -6.714874
v 22.973537 0.990327 -6.715274
v 22.973137 0.989927 -6.714474
v 22.972736 0.112001 -6.714874
v 22.973137 0.112001 -6.714474
v 22.973537 0.111601 -6.715274
v 22.973137 0.989927 -6.672888
v 22.973537 0.990327 -6.672088
v 22.972736 0.989927 -6.672488
v 22.973137 0.112001 -6.672888
v 22.972736 0.112001 -6.672488
v 22.973537 0.111601 -6.672088
v 22.925009 0.092299 -6.720216
v 22.925409 0.092299 -6.720616
v 22.925409 0.091899 -6.720216
v 22.925009 0.092299 -6.667146
v 22.925409 0.091899 -6.667146
v 22.925409 0.092299 -6.666746
v 22.925009 0.990727 -6.667146
v 22.925409 0.990327 -6.667146
v 22.925409 0.990727 -6.666746
v 22.925409 1.009628 -6.666746
v 22.925409 1.010028 -6.667146
v 22.925009 1.009628 -6.667146
v 22.925409 1.010028 -6.720216
v 22.925409 1.009628 -6.720616
v 22.925009 1.009628 -6.720216
v 22.925009 0.111201 -6.720216
v 22.925409 0.111601 -6.720216
v 22.925409 0.111201 -6.720616
v 22.978479 0.092299 -6.720616
v 22.978878 0.092299 -6.720216
v 22.978479 0.091899 -6.720216
v 22.978479 1.009628 -6.720616
v 22.978479 1.010028 -6.720216
v 22.978878 1.009628 -6.720216
v 22.978479 0.111201 -6.720616
v 22.978479 0.111601 -6.720216
v 22.978878 0.111201 -6.720216
v 22.978878 0.092299 -6.667146
v 22.978479 0.092299 -6.666746
v 22.978479 0.091899 -6.667146
v 22.978878 1.009628 -6.667146
v 22.978479 1.010028 -6.667146
v 22.978479 1.009628 -6.666746
v 22.978878 0.111201 -6.667146
v 22.978479 0.111601 -6.667146
v 22.978479 0.111201 -6.666746
v 22.925009 0.111201 -6.667146
v 22.925409 0.111201 -6.666746
v 22.925409 0.111601 -6.667146
v 22.925009 0.990727 -6.720216
v 22.925409 0.990727 -6.720616
v 22.925409 0.990327 -6.720216
v 22.978479 0.990727 -6.720616
v 22.978878 0.990727 -6.720216
v 22.978479 0.990327 -6.720216
v 22.978878 0.990727 -6.667146
v 22.978479 0.990727 -6.666746
v 22.978479 0.990327 -6.667146
v 22.769142 0.091899 -6.672488
v 22.769142 1.010028 -6.672488
v 22.769142 0.091899 -6.714874
v 22.769142 1.010028 -6.714874
v 22.811529 0.091899 -6.672488
v 22.811529 1.010028 -6.672488
v 22.811529 0.091899 -6.714874
v 22.811529 1.010028 -6.714874
v 22.769142 0.112001 -6.672888
v 22.768744 0.111601 -6.672088
v 22.769543 0.112001 -6.672488
v 22.769142 0.989927 -6.672888
v 22.769543 0.989927 -6.672488
v 22.768744 0.990327 -6.672088
v 22.769142 0.989927 -6.714474
v 22.768744 0.990327 -6.715274
v 22.769543 0.989927 -6.714874
v 22.769142 0.112001 -6.714474
v 22.769543 0.112001 -6.714874
v 22.768744 0.111601 -6.715274
v 22.811129 0.989927 -6.714874
v 22.811928 0.990327 -6.715274
v 22.811529 0.989927 -6.714474
v 22.811129 0.112001 -6.714874
v 22.811529 0.112001 -6.714474
v 22.811928 0.111601 -6.715274
v 22.811529 0.989927 -6.672888
v 22.811928 0.990327 -6.672088
v 22.811129 0.989927 -6.672488
v 22.811529 0.112001 -6.672888
v 22.811129 0.112001 -6.672488
v 22.811928 0.111601 -6.672088
v 22.763401 0.092299 -6.720216
v 22.763802 0.092299 -6.720616
v 22.763802 0.091899 -6.720216
v 22.763401 0.092299 -6.667146
v 22.763802 0.091899 -6.667146
v 22.763802 0.092299 -6.666746
v 22.763401 0.990727 -6.667146
v 22.763802 0.990327 -6.667146
v 22.763802 0.990727 -6.666746
v 22.763802 1.009628 -6.666746
v 22.763802 1.010028 -6.667146
v 22.763401 1.009628 -6.667146
v 22.763802 1.010028 -6.720216
v 22.763802 1.009628 -6.720616
v 22.763401 1.009628 -6.720216
v 22.763401 0.111201 -6.720216
v 22.763802 0.111601 -6.720216
v 22.763802 0.111201 -6.720616
v 22.816870 0.092299 -6.720616
v 22.817270 0.092299 -6.720216
v 22.816870 0.091899 -6.720216
v 22.816870 1.009628 -6.720616
v 22.816870 1.010028 -6.720216
v 22.817270 1.009628 -6.720216
v 22.816870 0.111201 -6.720616
v 22.816870 0.111601 -6.720216
v 22.817270 0.111201 -6.720216
v 22.817270 0.092299 -6.667146
v 22.816870 0.092299 -6.666746
v 22.816870 0.091899 -6.667146
v 22.817270 1.009628 -6.667146
v 22.816870 1.010028 -6.667146
v 22.816870 1.009628 -6.666746
v 22.817270 0.111201 -6.667146
v 22.816870 0.111601 -6.667146
v 22.816870 0.111201 -6.666746
v 22.763401 0.111201 -6.667146
v 22.763802 0.111201 -6.666746
v 22.763802 0.111601 -6.667146
v 22.763401 0.990727 -6.720216
v 22.763802 0.990727 -6.720616
v 22.763802 0.990327 -6.720216
v 22.816870 0.990727 -6.720616
v 22.817270 0.990727 -6.720216
v 22.816870 0.990327 -6.720216
v 22.817270 0.990727 -6.667146
v 22.816870 0.990727 -6.666746
v 22.816870 0.990327 -6.667146
v 22.607534 0.091899 -6.672488
v 22.607534 1.010028 -6.672488
v 22.607534 0.091899 -6.714874
v 22.607534 1.010028 -6.714874
v 22.649920 0.091899 -6.672488
v 22.649920 1.010028 -6.672488
v 22.649920 0.091899 -6.714874
v 22.649920 1.010028 -6.714874
v 22.607534 0.112001 -6.672888
v 22.607134 0.111601 -6.672088
v 22.607935 0.112001 -6.672488
v 22.607534 0.989927 -6.672888
v 22.607935 0.989927 -6.672488
v 22.607134 0.990327 -6.672088
v 22.607534 0.989927 -6.714474
v 22.607134 0.990327 -6.715274
v 22.607935 0.989927 -6.714874
v 22.607534 0.112001 -6.714474
v 22.607935 0.112001 -6.714874
v 22.607134 0.111601 -6.715274
v 22.649521 0.989927 -6.714874
v 22.650320 0.990327 -6.715274
v 22.649920 0.989927 -6.714474
v 22.649521 0.112001 -6.714874
v 22.649920 0.112001 -6.714474
v 22.650320 0.111601 -6.715274
v 22.649920 0.989927 -6.672888
v 22.650320 0.990327 -6.672088
v 22.649521 0.989927 -6.672488
v 22.649920 0.112001 -6.672888
v 22.649521 0.112001 -6.672488
v 22.650320 0.111601 -6.672088
v 22.601793 0.092299 -6.720216
v 22.602192 0.092299 -6.720616
v 22.602192 0.091899 -6.720216
v 22.601793 0.092299 -6.667146
v 22.602192 0.091899 -6.667146
v 22.602192 0.092299 -6.666746
v 22.601793 0.990727 -6.667146
v 22.602192 0.990327 -6.667146
v 22.602192 0.990727 -6.666746
v 22.602192 1.009628 -6.666746
v 22.602192 1.010028 -6.667146
v 22.601793 1.009628 -6.667146
v 22.602192 1.010028 -6.720216
v 22.602192 1.009628 -6.720616
v 22.601793 1.009628 -6.720216
v 22.601793 0.111201 -6.720216
v 22.602192 0.111601 -6.720216
v 22.602192 0.111201 -6.720616
v 22.655262 0.092299 -6.720616
v 22.655663 0.092299 -6.720216
v 22.655262 0.091899 -6.720216
v 22.655262 1.009628 -6.720616
v 22.655262 1.010028 -6.720216
v 22.655663 1.009628 -6.720216
v 22.655262 0.111201 -6.720616
v 22.655262 0.111601 -6.720216
v 22.655663 0.111201 -6.720216
v 22.655663 0.092299 -6.667146
v 22.655262 0.092299 -6.666746
v 22.655262 0.091899 -6.667146
v 22.655663 1.009628 -6.667146
v 22.655262 1.010028 -6.667146
v 22.655262 1.009628 -6.666746
v 22.655663 0.111201 -6.667146
v 22.655262 0.111601 -6.667146
v 22.655262 0.111201 -6.666746
v 22.601793 0.111201 -6.667146
v 22.602192 0.111201 -6.666746
v 22.602192 0.111601 -6.667146
v 22.601793 0.990727 -6.720216
v 22.602192 0.990727 -6.720616
v 22.602192 0.990327 -6.720216
v 22.655262 0.990727 -6.720616
v 22.655663 0.990727 -6.720216
v 22.655262 0.990327 -6.720216
v 22.655663 0.990727 -6.667146
v 22.655262 0.990727 -6.666746
v 22.655262 0.990327 -6.667146
v 22.445927 0.091899 -6.672488
v 22.445927 1.010028 -6.672488
v 22.445927 0.091899 -6.714874
v 22.445927 1.010028 -6.714874
v 22.488312 0.091899 -6.672488
v 22.488312 1.010028 -6.672488
v 22.488312 0.091899 -6.714874
v 22.488312 1.010028 -6.714874
v 22.445927 0.112001 -6.672888
v 22.445526 0.111601 -6.672088
v 22.446325 0.112001 -6.672488
v 22.445927 0.989927 -6.672888
v 22.446325 0.989927 -6.672488
v 22.445526 0.990327 -6.672088
v 22.445927 0.989927 -6.714474
v 22.445526 0.990327 -6.715274
v 22.446325 0.989927 -6.714874
v 22.445927 0.112001 -6.714474
v 22.446325 0.112001 -6.714874
v 22.445526 0.111601 -6.715274
v 22.487911 0.989927 -6.714874
v 22.488712 0.990327 -6.715274
v 22.488312 0.989927 -6.714474
v 22.487911 0.112001 -6.714874
v 22.488312 0.112001 -6.714474
v 22.488712 0.111601 -6.715274
v 22.488312 0.989927 -6.672888
v 22.488712 0.990327 -6.672088
v 22.487911 0.989927 -6.672488
v 22.488312 0.112001 -6.672888
v 22.487911 0.112001 -6.672488
v 22.488712 0.111601 -6.672088
v 22.440184 0.092299 -6.720216
v 22.440584 0.092299 -6.720616
v 22.440584 0.091899 -6.720216
v 22.440184 0.092299 -6.667146
v 22.440584 0.091899 -6.667146
v 22.440584 0.092299 -6.666746
v 22.440184 0.990727 -6.667146
v 22.440584 0.990327 -6.667146
v 22.440584 0.990727 -6.666746
v 22.440584 1.009628 -6.666746
v 22.440584 1.010028 -6.667146
v 22.440184 1.009628 -6.667146
v 22.440584 1.010028 -6.720216
v 22.440584 1.009628 -6.720616
v 22.440184 1.009628 -6.720216
v 22.440184 0.111201 -6.720216
v 22.440584 0.111601 -6.720216
v 22.440584 0.111201 -6.720616
v 22.493654 0.092299 -6.720616
v 22.494053 0.092299 -6.720216
v 22.493654 0.091899 -6.720216
v 22.493654 1.009628 -6.720616
v 22.493654 1.010028 -6.720216
v 22.494053 1.009628 -6.720216
v 22.493654 0.111201 -6.720616
v 22.493654 0.111601 -6.720216
v 22.494053 0.111201 -6.720216
v 22.494053 0.092299 -6.667146
v 22.493654 0.092299 -6.666746
v 22.493654 0.091899 -6.667146
v 22.494053 1.009628 -6.667146
v 22.493654 1.010028 -6.667146
v 22.493654 1.009628 -6.666746
v 22.494053 0.111201 -6.667146
v 22.493654 0.111601 -6.667146
v 22.493654 0.111201 -6.666746
v 22.440184 0.111201 -6.667146
v 22.440584 0.111201 -6.666746
v 22.440584 0.111601 -6.667146
v 22.440184 0.990727 -6.720216
v 22.440584 0.990727 -6.720616
v 22.440584 0.990327 -6.720216
v 22.493654 0.990727 -6.720616
v 22.494053 0.990727 -6.720216
v 22.493654 0.990327 -6.720216
v 22.494053 0.990727 -6.667146
v 22.493654 0.990727 -6.666746
v 22.493654 0.990327 -6.667146
v 22.284317 0.091899 -6.672488
v 22.284317 1.010028 -6.672488
v 22.284317 0.091899 -6.714874
v 22.284317 1.010028 -6.714874
v 22.326704 0.091899 -6.672488
v 22.326704 1.010028 -6.672488
v 22.326704 0.091899 -6.714874
v 22.326704 1.010028 -6.714874
v 22.284317 0.112001 -6.672888
v 22.283916 0.111601 -6.672088
v 22.284718 0.112001 -6.672488
v 22.284317 0.989927 -6.672888
v 22.284718 0.989927 -6.672488
v 22.283916 0.990327 -6.672088
v 22.284317 0.989927 -6.714474
v 22.283916 0.990327 -6.715274
v 22.284718 0.989927 -6.714874
v 22.284317 0.112001 -6.714474
v 22.284718 0.112001 -6.714874
v 22.283916 0.111601 -6.715274
v 22.326303 0.989927 -6.714874
v 22.327103 0.990327 -6.715274
v 22.326704 0.989927 -6.714474
v 22.326303 0.112001 -6.714874
v 22.326704 0.112001 -6.714474
v 22.327103 0.111601 -6.715274
v 22.326704 0.989927 -6.672888
v 22.327103 0.990327 -6.672088
v 22.326303 0.989927 -6.672488
v 22.326704 0.112001 -6.672888
v 22.326303 0.112001 -6.672488
v 22.327103 0.111601 -6.672088
v 22.278576 0.092299 -6.720216
v 22.278976 0.092299 -6.720616
v 22.278976 0.091899 -6.720216
v 22.278576 0.092299 -6.667146
v 22.278976 0.091899 -6.667146
v 22.278976 0.092299 -6.666746
v 22.278576 0.990727 -6.667146
v 22.278976 0.990327 -6.667146
v 22.278976 0.990727 -6.666746
v 22.278976 1.009628 -6.666746
v 22.278976 1.010028 -6.667146
v 22.278576 1.009628 -6.667146
v 22.278976 1.010028 -6.720216
v 22.278976 1.009628 -6.720616
v 22.278576 1.009628 -6.720216
v 22.278576 0.111201 -6.720216
v 22.278976 0.111601 -6.720216
v 22.278976 0.111201 -6.720616
v 22.332045 0.092299 -6.720616
v 22.332445 0.092299 -6.720216
v 22.332045 0.091899 -6.720216
v 22.332045 1.009628 -6.720616
v 22.332045 1.010028 -6.720216
v 22.332445 1.009628 -6.720216
v 22.332045 0.111201 -6.720616
v 22.332045 0.111601 -6.720216
v 22.332445 0.111201 -6.720216
v 22.332445 0.092299 -6.667146
v 22.332045 0.092299 -6.666746
v 22.332045 0.091899 -6.667146
v 22.332445 1.009628 -6.667146
v 22.332045 1.010028 -6.667146
v 22.332045 1.009628 -6.666746
v 22.332445 0.111201 -6.667146
v 22.332045 0.111601 -6.667146
v 22.332045 0.111201 -6.666746
v 22.278576 0.111201 -6.667146
v 22.278976 0.111201 -6.666746
v 22.278976 0.111601 -6.667146
v 22.278576 0.990727 -6.720216
v 22.278976 0.990727 -6.720616
v 22.278976 0.990327 -6.720216
v 22.332045 0.990727 -6.720616
v 22.332445 0.990727 -6.720216
v 22.332045 0.990327 -6.720216
v 22.332445 0.990727 -6.667146
v 22.332045 0.990727 -6.666746
v 22.332045 0.990327 -6.667146
v 22.122709 0.091899 -6.672488
v 22.122709 1.010028 -6.672488
v 22.122709 0.091899 -6.714874
v 22.122709 1.010028 -6.714874
v 22.165094 0.091899 -6.672488
v 22.165094 1.010028 -6.672488
v 22.165094 0.091899 -6.714874
v 22.165094 1.010028 -6.714874
v 22.122709 0.112001 -6.672888
v 22.122309 0.111601 -6.672088
v 22.123110 0.112001 -6.672488
v 22.122709 0.989927 -6.672888
v 22.123110 0.989927 -6.672488
v 22.122309 0.990327 -6.672088
v 22.122709 0.989927 -6.714474
v 22.122309 0.990327 -6.715274
v 22.123110 0.989927 -6.714874
v 22.122709 0.112001 -6.714474
v 22.123110 0.112001 -6.714874
v 22.122309 0.111601 -6.715274
v 22.164696 0.989927 -6.714874
v 22.165495 0.990327 -6.715274
v 22.165094 0.989927 -6.714474
v 22.164696 0.112001 -6.714874
v 22.165094 0.112001 -6.714474
v 22.165495 0.111601 -6.715274
v 22.165094 0.989927 -6.672888
v 22.165495 0.990327 -6.672088
v 22.164696 0.989927 -6.672488
v 22.165094 0.112001 -6.672888
v 22.164696 0.112001 -6.672488
v 22.165495 0.111601 -6.672088
v 22.116966 0.092299 -6.720216
v 22.117367 0.092299 -6.720616
v 22.117367 0.091899 -6.720216
v 22.116966 0.092299 -6.667146
v 22.117367 0.091899 -6.667146
v 22.117367 0.092299 -6.666746
v 22.116966 0.990727 -6.667146
v 22.117367 0.990327 -6.667146
v 22.117367 0.990727 -6.666746
v 22.117367 1.009628 -6.666746
v 22.117367 1.010028 -6.667146
v 22.116966 1.009628 -6.667146
v 22.117367 1.010028 -6.720216
v 22.117367 1.009628 -6.720616
v 22.116966 1.009628 -6.720216
v 22.116966 0.111201 -6.720216
v 22.117367 0.111601 -6.720216
v 22.117367 0.111201 -6.720616
v 22.170437 0.092299 -6.720616
v 22.170837 0.092299 -6.720216
v 22.170437 0.091899 -6.720216
v 22.170437 1.009628 -6.720616
v 22.170437 1.010028 -6.720216
v 22.170837 1.009628 -6.720216
v 22.170437 0.111201 -6.720616
v 22.170437 0.111601 -6.720216
v 22.170837 0.111201 -6.720216
v 22.170837 0.092299 -6.667146
v 22.170437 0.092299 -6.666746
v 22.170437 0.091899 -6.667146
v 22.170837 1.009628 -6.667146
v 22.170437 1.010028 -6.667146
v 22.170437 1.009628 -6.666746
v 22.170837 0.111201 -6.667146
v 22.170437 0.111601 -6.667146
v 22.170437 0.111201 -6.666746
v 22.116966 0.111201 -6.667146
v 22.117367 0.111201 -6.666746
v 22.117367 0.111601 -6.667146
v 22.116966 0.990727 -6.720216
v 22.117367 0.990727 -6.720616
v 22.117367 0.990327 -6.720216
v 22.170437 0.990727 -6.720616
v 22.170837 0.990727 -6.720216
v 22.170437 0.990327 -6.720216
v 22.170837 0.990727 -6.667146
v 22.170437 0.990727 -6.666746
v 22.170437 0.990327 -6.667146
v 21.961100 0.091899 -6.672488
v 21.961100 1.010028 -6.672488
v 21.961100 0.091899 -6.714874
v 21.961100 1.010028 -6.714874
v 22.003487 0.091899 -6.672488
v 22.003487 1.010028 -6.672488
v 22.003487 0.091899 -6.714874
v 22.003487 1.010028 -6.714874
v 21.961100 0.112001 -6.672888
v 21.960701 0.111601 -6.672088
v 21.961500 0.112001 -6.672488
v 21.961100 0.989927 -6.672888
v 21.961500 0.989927 -6.672488
v 21.960701 0.990327 -6.672088
v 21.961100 0.989927 -6.714474
v 21.960701 0.990327 -6.715274
v 21.961500 0.989927 -6.714874
v 21.961100 0.112001 -6.714474
v 21.961500 0.112001 -6.714874
v 21.960701 0.111601 -6.715274
v 22.003086 0.989927 -6.714874
v 22.003887 0.990327 -6.715274
v 22.003487 0.989927 -6.714474
v 22.003086 0.112001 -6.714874
v 22.003487 0.112001 -6.714474
v 22.003887 0.111601 -6.715274
v 22.003487 0.989927 -6.672888
v 22.003887 0.990327 -6.672088
v 22.003086 0.989927 -6.672488
v 22.003487 0.112001 -6.672888
v 22.003086 0.112001 -6.672488
v 22.003887 0.111601 -6.672088
v 21.955359 0.092299 -6.720216
v 21.955759 0.092299 -6.720616
v 21.955759 0.091899 -6.720216
v 21.955359 0.092299 -6.667146
v 21.955759 0.091899 -6.667146
v 21.955759 0.092299 -6.666746
v 21.955359 0.990727 -6.667146
v 21.955759 0.990327 -6.667146
v 21.955759 0.990727 -6.666746
v 21.955759 1.009628 -6.666746
v 21.955759 1.010028 -6.667146
v 21.955359 1.009628 -6.667146
v 21.955759 1.010028 -6.720216
v 21.955759 1.009628 -6.720616
v 21.955359 1.009628 -6.720216
v 21.955359 0.111201 -6.720216
v 21.955759 0.111601 -6.720216
v 21.955759 0.111201 -6.720616
v 22.008829 0.092299 -6.720616
v 22.009228 0.092299 -6.720216
v 22.008829 0.091899 -6.720216
v 22.008829 1.009628 -6.720616
v 22.008829 1.010028 -6.720216
v 22.009228 1.009628 -6.720216
v 22.008829 0.111201 -6.720616
v 22.008829 0.111601 -6.720216
v 22.009228 0.111201 -6.720216
v 22.009228 0.092299 -6.667146
v 22.008829 0.092299 -6.666746
v 22.008829 0.091899 -6.667146
v 22.009228 1.009628 -6.667146
v 22.008829 1.010028 -6.667146
v 22.008829 1.009628 -6.666746
v 22.009228 0.111201 -6.667146
v 22.008829 0.111601 -6.667146
v 22.008829 0.111201 -6.666746
v 21.955359 0.111201 -6.667146
v 21.955759 0.111201 -6.666746
v 21.955759 0.111601 -6.667146
v 21.955359 0.990727 -6.720216
v 21.955759 0.990727 -6.720616
v 21.955759 0.990327 -6.720216
v 22.008829 0.990727 -6.720616
v 22.009228 0.990727 -6.720216
v 22.008829 0.990327 -6.720216
v 22.009228 0.990727 -6.667146
v 22.008829 0.990727 -6.666746
v 22.008829 0.990327 -6.667146
v 21.799492 0.091899 -6.672488
v 21.799492 1.010028 -6.672488
v 21.799492 0.091899 -6.714874
v 21.799492 1.010028 -6.714874
v 21.841879 0.091899 -6.672488
v 21.841879 1.010028 -6.672488
v 21.841879 0.091899 -6.714874
v 21.841879 1.010028 -6.714874
v 21.799492 0.112001 -6.672888
v 21.799091 0.111601 -6.672088
v 21.799892 0.112001 -6.672488
v 21.799492 0.989927 -6.672888
v 21.799892 0.989927 -6.672488
v 21.799091 0.990327 -6.672088
v 21.799492 0.989927 -6.714474
v 21.799091 0.990327 -6.715274
v 21.799892 0.989927 -6.714874
v 21.799492 0.112001 -6.714474
v 21.799892 0.112001 -6.714874
v 21.799091 0.111601 -6.715274
v 21.841478 0.989927 -6.714874
v 21.842278 0.990327 -6.715274
v 21.841879 0.989927 -6.714474
v 21.841478 0.112001 -6.714874
v 21.841879 0.112001 -6.714474
v 21.842278 0.111601 -6.715274
v 21.841879 0.989927 -6.672888
v 21.842278 0.990327 -6.672088
v 21.841478 0.989927 -6.672488
v 21.841879 0.112001 -6.672888
v 21.841478 0.112001 -6.672488
v 21.842278 0.111601 -6.672088
v 21.793751 0.092299 -6.720216
v 21.794149 0.092299 -6.720616
v 21.794149 0.091899 -6.720216
v 21.793751 0.092299 -6.667146
v 21.794149 0.091899 -6.667146
v 21.794149 0.092299 -6.666746
v 21.793751 0.990727 -6.667146
v 21.794149 0.990327 -6.667146
v 21.794149 0.990727 -6.666746
v 21.794149 1.009628 -6.666746
v 21.794149 1.010028 -6.667146
v 21.793751 1.009628 -6.667146
v 21.794149 1.010028 -6.720216
v 21.794149 1.009628 -6.720616
v 21.793751 1.009628 -6.720216
v 21.793751 0.111201 -6.720216
v 21.794149 0.111601 -6.720216
v 21.794149 0.111201 -6.720616
v 21.847219 0.092299 -6.720616
v 21.847620 0.092299 -6.720216
v 21.847219 0.091899 -6.720216
v 21.847219 1.009628 -6.720616
v 21.847219 1.010028 -6.720216
v 21.847620 1.009628 -6.720216
v 21.847219 0.111201 -6.720616
v 21.847219 0.111601 -6.720216
v 21.847620 0.111201 -6.720216
v 21.847620 0.092299 -6.667146
v 21.847219 0.092299 -6.666746
v 21.847219 0.091899 -6.667146
v 21.847620 1.009628 -6.667146
v 21.847219 1.010028 -6.667146
v 21.847219 1.009628 -6.666746
v 21.847620 0.111201 -6.667146
v 21.847219 0.111601 -6.667146
v 21.847219 0.111201 -6.666746
v 21.793751 0.111201 -6.667146
v 21.794149 0.111201 -6.666746
v 21.794149 0.111601 -6.667146
v 21.793751 0.990727 -6.720216
v 21.794149 0.990727 -6.720616
v 21.794149 0.990327 -6.720216
v 21.847219 0.990727 -6.720616
v 21.847620 0.990727 -6.720216
v 21.847219 0.990327 -6.720216
v 21.847620 0.990727 -6.667146
v 21.847219 0.990727 -6.666746
v 21.847219 0.990327 -6.667146
v 21.637884 0.091899 -6.672488
v 21.637884 1.010028 -6.672488
v 21.637884 0.091899 -6.714874
v 21.637884 1.010028 -6.714874
v 21.680269 0.091899 -6.672488
v 21.680269 1.010028 -6.672488
v 21.680269 0.091899 -6.714874
v 21.680269 1.010028 -6.714874
v 21.637884 0.112001 -6.672888
v 21.637484 0.111601 -6.672088
v 21.638283 0.112001 -6.672488
v 21.637884 0.989927 -6.672888
v 21.638283 0.989927 -6.672488
v 21.637484 0.990327 -6.672088
v 21.637884 0.989927 -6.714474
v 21.637484 0.990327 -6.715274
v 21.638283 0.989927 -6.714874
v 21.637884 0.112001 -6.714474
v 21.638283 0.112001 -6.714874
v 21.637484 0.111601 -6.715274
v 21.679869 0.989927 -6.714874
v 21.680670 0.990327 -6.715274
v 21.680269 0.989927 -6.714474
v 21.679869 0.112001 -6.714874
v 21.680269 0.112001 -6.714474
v 21.680670 0.111601 -6.715274
v 21.680269 0.989927 -6.672888
v 21.680670 0.990327 -6.672088
v 21.679869 0.989927 -6.672488
v 21.680269 0.112001 -6.672888
v 21.679869 0.112001 -6.672488
v 21.680670 0.111601 -6.672088
v 21.632141 0.092299 -6.720216
v 21.632542 0.092299 -6.720616
v 21.632542 0.091899 -6.720216
v 21.632141 0.092299 -6.667146
v 21.632542 0.091899 -6.667146
v 21.632542 0.092299 -6.666746
v 21.632141 0.990727 -6.667146
v 21.632542 0.990327 -6.667146
v 21.632542 0.990727 -6.666746
v 21.632542 1.009628 -6.666746
v 21.632542 1.010028 -6.667146
v 21.632141 1.009628 -6.667146
v 21.632542 1.010028 -6.720216
v 21.632542 1.009628 -6.720616
v 21.632141 1.009628 -6.720216
v 21.632141 0.111201 -6.720216
v 21.632542 0.111601 -6.720216
v 21.632542 0.111201 -6.720616
v 21.685612 0.092299 -6.720616
v 21.686012 0.092299 -6.720216
v 21.685612 0.091899 -6.720216
v 21.685612 1.009628 -6.720616
v 21.685612 1.010028 -6.720216
v 21.686012 1.009628 -6.720216
v 21.685612 0.111201 -6.720616
v 21.685612 0.111601 -6.720216
v 21.686012 0.111201 -6.720216
v 21.686012 0.092299 -6.667146
v 21.685612 0.092299 -6.666746
v 21.685612 0.091899 -6.667146
v 21.686012 1.009628 -6.667146
v 21.685612 1.010028 -6.667146
v 21.685612 1.009628 -6.666746
v 21.686012 0.111201 -6.667146
v 21.685612 0.111601 -6.667146
v 21.685612 0.111201 -6.666746
v 21.632141 0.111201 -6.667146
v 21.632542 0.111201 -6.666746
v 21.632542 0.111601 -6.667146
v 21.632141 0.990727 -6.720216
v 21.632542 0.990727 -6.720616
v 21.632542 0.990327 -6.720216
v 21.685612 0.990727 -6.720616
v 21.686012 0.990727 -6.720216
v 21.685612 0.990327 -6.720216
v 21.686012 0.990727 -6.667146
v 21.685612 0.990727 -6.666746
v 21.685612 0.990327 -6.667146
v 21.476274 0.091899 -6.672488
v 21.476274 1.010028 -6.672488
v 21.476274 0.091899 -6.714874
v 21.476274 1.010028 -6.714874
v 21.518661 0.091899 -6.672488
v 21.518661 1.010028 -6.672488
v 21.518661 0.091899 -6.714874
v 21.518661 1.010028 -6.714874
v 21.476274 0.112001 -6.672888
v 21.475876 0.111601 -6.672088
v 21.476675 0.112001 -6.672488
v 21.476274 0.989927 -6.672888
v 21.476675 0.989927 -6.672488
v 21.475876 0.990327 -6.672088
v 21.476274 0.989927 -6.714474
v 21.475876 0.990327 -6.715274
v 21.476675 0.989927 -6.714874
v 21.476274 0.112001 -6.714474
v 21.476675 0.112001 -6.714874
v 21.475876 0.111601 -6.715274
v 21.518261 0.989927 -6.714874
v 21.519062 0.990327 -6.715274
v 21.518661 0.989927 -6.714474
v 21.518261 0.112001 -6.714874
v 21.518661 0.112001 -6.714474
v 21.519062 0.111601 -6.715274
v 21.518661 0.989927 -6.672888
v 21.519062 0.990327 -6.672088
v 21.518261 0.989927 -6.672488
v 21.518661 0.112001 -6.672888
v 21.518261 0.112001 -6.672488
v 21.519062 0.111601 -6.672088
v 21.470533 0.092299 -6.720216
v 21.470934 0.092299 -6.720616
v 21.470934 0.091899 -6.720216
v 21.470533 0.092299 -6.667146
v 21.470934 0.091899 -6.667146
v 21.470934 0.092299 -6.666746
v 21.470533 0.990727 -6.667146
v 21.470934 0.990327 -6.667146
v 21.470934 0.990727 -6.666746
v 21.470934 1.009628 -6.666746
v 21.470934 1.010028 -6.667146
v 21.470533 1.009628 -6.667146
v 21.470934 1.010028 -6.720216
v 21.470934 1.009628 -6.720616
v 21.470533 1.009628 -6.720216
v 21.470533 0.111201 -6.720216
v 21.470934 0.111601 -6.720216
v 21.470934 0.111201 -6.720616
v 21.524002 0.092299 -6.720616
v 21.524403 0.092299 -6.720216
v 21.524002 0.091899 -6.720216
v 21.524002 1.009628 -6.720616
v 21.524002 1.010028 -6.720216
v 21.524403 1.009628 -6.720216
v 21.524002 0.111201 -6.720616
v 21.524002 0.111601 -6.720216
v 21.524403 0.111201 -6.720216
v 21.524403 0.092299 -6.667146
v 21.524002 0.092299 -6.666746
v 21.524002 0.091899 -6.667146
v 21.524403 1.009628 -6.667146
v 21.524002 1.010028 -6.667146
v 21.524002 1.009628 -6.666746
v 21.524403 0.111201 -6.667146
v 21.524002 0.111601 -6.667146
v 21.524002 0.111201 -6.666746
v 21.470533 0.111201 -6.667146
v 21.470934 0.111201 -6.666746
v 21.470934 0.111601 -6.667146
v 21.470533 0.990727 -6.720216
v 21.470934 0.990727 -6.720616
v 21.470934 0.990327 -6.720216
v 21.524002 0.990727 -6.720616
v 21.524403 0.990727 -6.720216
v 21.524002 0.990327 -6.720216
v 21.524403 0.990727 -6.667146
v 21.524002 0.990727 -6.666746
v 21.524002 0.990327 -6.667146
v 21.314667 0.091899 -6.672488
v 21.314667 1.010028 -6.672488
v 21.314667 0.091899 -6.714874
v 21.314667 1.010028 -6.714874
v 21.357052 0.091899 -6.672488
v 21.357052 1.010028 -6.672488
v 21.357052 0.091899 -6.714874
v 21.357052 1.010028 -6.714874
v 21.314667 0.112001 -6.672888
v 21.314266 0.111601 -6.672088
v 21.315067 0.112001 -6.672488
v 21.314667 0.989927 -6.672888
v 21.315067 0.989927 -6.672488
v 21.314266 0.990327 -6.672088
v 21.314667 0.989927 -6.714474
v 21.314266 0.990327 -6.715274
v 21.315067 0.989927 -6.714874
v 21.314667 0.112001 -6.714474
v 21.315067 0.112001 -6.714874
v 21.314266 0.111601 -6.715274
v 21.356653 0.989927 -6.714874
v 21.357452 0.990327 -6.715274
v 21.357052 0.989927 -6.714474
v 21.356653 0.112001 -6.714874
v 21.357052 0.112001 -6.714474
v 21.357452 0.111601 -6.715274
v 21.357052 0.989927 -6.672888
v 21.357452 0.990327 -6.672088
v 21.356653 0.989927 -6.672488
v 21.357052 0.112001 -6.672888
v 21.356653 0.112001 -6.672488
v 21.357452 0.111601 -6.672088
v 21.308926 0.092299 -6.720216
v 21.309324 0.092299 -6.720616
v 21.309324 0.091899 -6.720216
v 21.308926 0.092299 -6.667146
v 21.309324 0.091899 -6.667146
v 21.309324 0.092299 -6.666746
v 21.308926 0.990727 -6.667146
v 21.309324 0.990327 -6.667146
v 21.309324 0.990727 -6.666746
v 21.309324 1.009628 -6.666746
v 21.309324 1.010028 -6.667146
v 21.308926 1.009628 -6.667146
v 21.309324 1.010028 -6.720216
v 21.309324 1.009628 -6.720616
v 21.308926 1.009628 -6.720216
v 21.308926 0.111201 -6.720216
v 21.309324 0.111601 -6.720216
v 21.309324 0.111201 -6.720616
v 21.362394 0.092299 -6.720616
v 21.362795 0.092299 -6.720216
v 21.362394 0.091899 -6.720216
v 21.362394 1.009628 -6.720616
v 21.362394 1.010028 -6.720216
v 21.362795 1.009628 -6.720216
v 21.362394 0.111201 -6.720616
v 21.362394 0.111601 -6.720216
v 21.362795 0.111201 -6.720216
v 21.362795 0.092299 -6.667146
v 21.362394 0.092299 -6.666746
v 21.362394 0.091899 -6.667146
v 21.362795 1.009628 -6.667146
v 21.362394 1.010028 -6.667146
v 21.362394 1.009628 -6.666746
v 21.362795 0.111201 -6.667146
v 21.362394 0.111601 -6.667146
v 21.362394 0.111201 -6.666746
v 21.308926 0.111201 -6.667146
v 21.309324 0.111201 -6.666746
v 21.309324 0.111601 -6.667146
v 21.308926 0.990727 -6.720216
v 21.309324 0.990727 -6.720616
v 21.309324 0.990327 -6.720216
v 21.362394 0.990727 -6.720616
v 21.362795 0.990727 -6.720216
v 21.362394 0.990327 -6.720216
v 21.362795 0.990727 -6.667146
v 21.362394 0.990727 -6.666746
v 21.362394 0.990327 -6.667146
v 21.153059 0.091899 -6.672488
v 21.153059 1.010028 -6.672488
v 21.153059 0.091899 -6.714874
v 21.153059 1.010028 -6.714874
v 21.195444 0.091899 -6.672488
v 21.195444 1.010028 -6.672488
v 21.195444 0.091899 -6.714874
v 21.195444 1.010028 -6.714874
v 21.153059 0.112001 -6.672888
v 21.152658 0.111601 -6.672088
v 21.153458 0.112001 -6.672488
v 21.153059 0.989927 -6.672888
v 21.153458 0.989927 -6.672488
v 21.152658 0.990327 -6.672088
v 21.153059 0.989927 -6.714474
v 21.152658 0.990327 -6.715274
v 21.153458 0.989927 -6.714874
v 21.153059 0.112001 -6.714474
v 21.153458 0.112001 -6.714874
v 21.152658 0.111601 -6.715274
v 21.195044 0.989927 -6.714874
v 21.195845 0.990327 -6.715274
v 21.195444 0.989927 -6.714474
v 21.195044 0.112001 -6.714874
v 21.195444 0.112001 -6.714474
v 21.195845 0.111601 -6.715274
v 21.195444 0.989927 -6.672888
v 21.195845 0.990327 -6.672088
v 21.195044 0.989927 -6.672488
v 21.195444 0.112001 -6.672888
v 21.195044 0.112001 -6.672488
v 21.195845 0.111601 -6.672088
v 21.147316 0.092299 -6.720216
v 21.147717 0.092299 -6.720616
v 21.147717 0.091899 -6.720216
v 21.147316 0.092299 -6.667146
v 21.147717 0.091899 -6.667146
v 21.147717 0.092299 -6.666746
v 21.147316 0.990727 -6.667146
v 21.147717 0.990327 -6.667146
v 21.147717 0.990727 -6.666746
v 21.147717 1.009628 -6.666746
v 21.147717 1.010028 -6.667146
v 21.147316 1.009628 -6.667146
v 21.147717 1.010028 -6.720216
v 21.147717 1.009628 -6.720616
v 21.147316 1.009628 -6.720216
v 21.147316 0.111201 -6.720216
v 21.147717 0.111601 -6.720216
v 21.147717 0.111201 -6.720616
v 21.200787 0.092299 -6.720616
v 21.201185 0.092299 -6.720216
v 21.200787 0.091899 -6.720216
v 21.200787 1.009628 -6.720616
v 21.200787 1.010028 -6.720216
v 21.201185 1.009628 -6.720216
v 21.200787 0.111201 -6.720616
v 21.200787 0.111601 -6.720216
v 21.201185 0.111201 -6.720216
v 21.201185 0.092299 -6.667146
v 21.200787 0.092299 -6.666746
v 21.200787 0.091899 -6.667146
v 21.201185 1.009628 -6.667146
v 21.200787 1.010028 -6.667146
v 21.200787 1.009628 -6.666746
v 21.201185 0.111201 -6.667146
v 21.200787 0.111601 -6.667146
v 21.200787 0.111201 -6.666746
v 21.147316 0.111201 -6.667146
v 21.147717 0.111201 -6.666746
v 21.147717 0.111601 -6.667146
v 21.147316 0.990727 -6.720216
v 21.147717 0.990727 -6.720616
v 21.147717 0.990327 -6.720216
v 21.200787 0.990727 -6.720616
v 21.201185 0.990727 -6.720216
v 21.200787 0.990327 -6.720216
v 21.201185 0.990727 -6.667146
v 21.200787 0.990727 -6.666746
v 21.200787 0.990327 -6.667146
v 20.991449 0.091899 -6.672488
v 20.991449 1.010028 -6.672488
v 20.991449 0.091899 -6.714874
v 20.991449 1.010028 -6.714874
v 21.033836 0.091899 -6.672488
v 21.033836 1.010028 -6.672488
v 21.033836 0.091899 -6.714874
v 21.033836 1.010028 -6.714874
v 20.991449 0.112001 -6.672888
v 20.991049 0.111601 -6.672088
v 20.991850 0.112001 -6.672488
v 20.991449 0.989927 -6.672888
v 20.991850 0.989927 -6.672488
v 20.991049 0.990327 -6.672088
v 20.991449 0.989927 -6.714474
v 20.991049 0.990327 -6.715274
v 20.991850 0.989927 -6.714874
v 20.991449 0.112001 -6.714474
v 20.991850 0.112001 -6.714874
v 20.991049 0.111601 -6.715274
v 21.033436 0.989927 -6.714874
v 21.034235 0.990327 -6.715274
v 21.033836 0.989927 -6.714474
v 21.033436 0.112001 -6.714874
v 21.033836 0.112001 -6.714474
v 21.034235 0.111601 -6.715274
v 21.033836 0.989927 -6.672888
v 21.034235 0.990327 -6.672088
v 21.033436 0.989927 -6.672488
v 21.033836 0.112001 -6.672888
v 21.033436 0.112001 -6.672488
v 21.034235 0.111601 -6.672088
v 20.985708 0.092299 -6.720216
v 20.986109 0.092299 -6.720616
v 20.986109 0.091899 -6.720216
v 20.985708 0.092299 -6.667146
v 20.986109 0.091899 -6.667146
v 20.986109 0.092299 -6.666746
v 20.985708 0.990727 -6.667146
v 20.986109 0.990327 -6.667146
v 20.986109 0.990727 -6.666746
v 20.986109 1.009628 -6.666746
v 20.986109 1.010028 -6.667146
v 20.985708 1.009628 -6.667146
v 20.986109 1.010028 -6.720216
v 20.986109 1.009628 -6.720616
v 20.985708 1.009628 -6.720216
v 20.985708 0.111201 -6.720216
v 20.986109 0.111601 -6.720216
v 20.986109 0.111201 -6.720616
v 21.039177 0.092299 -6.720616
v 21.039577 0.092299 -6.720216
v 21.039177 0.091899 -6.720216
v 21.039177 1.009628 -6.720616
v 21.039177 1.010028 -6.720216
v 21.039577 1.009628 -6.720216
v 21.039177 0.111201 -6.720616
v 21.039177 0.111601 -6.720216
v 21.039577 0.111201 -6.720216
v 21.039577 0.092299 -6.667146
v 21.039177 0.092299 -6.666746
v 21.039177 0.091899 -6.667146
v 21.039577 1.009628 -6.667146
v 21.039177 1.010028 -6.667146
v 21.039177 1.009628 -6.666746
v 21.039577 0.111201 -6.667146
v 21.039177 0.111601 -6.667146
v 21.039177 0.111201 -6.666746
v 20.985708 0.111201 -6.667146
v 20.986109 0.111201 -6.666746
v 20.986109 0.111601 -6.667146
v 20.985708 0.990727 -6.720216
v 20.986109 0.990727 -6.720616
v 20.986109 0.990327 -6.720216
v 21.039177 0.990727 -6.720616
v 21.039577 0.990727 -6.720216
v 21.039177 0.990327 -6.720216
v 21.039577 0.990727 -6.667146
v 21.039177 0.990727 -6.666746
v 21.039177 0.990327 -6.667146
v 20.829842 0.091899 -6.672488
v 20.829842 1.010028 -6.672488
v 20.829842 0.091899 -6.714874
v 20.829842 1.010028 -6.714874
v 20.872227 0.091899 -6.672488
v 20.872227 1.010028 -6.672488
v 20.872227 0.091899 -6.714874
v 20.872227 1.010028 -6.714874
v 20.829842 0.112001 -6.672888
v 20.829441 0.111601 -6.672088
v 20.830242 0.112001 -6.672488
v 20.829842 0.989927 -6.672888
v 20.830242 0.989927 -6.672488
v 20.829441 0.990327 -6.672088
v 20.829842 0.989927 -6.714474
v 20.829441 0.990327 -6.715274
v 20.830242 0.989927 -6.714874
v 20.829842 0.112001 -6.714474
v 20.830242 0.112001 -6.714874
v 20.829441 0.111601 -6.715274
v 20.871828 0.989927 -6.714874
v 20.872627 0.990327 -6.715274
v 20.872227 0.989927 -6.714474
v 20.871828 0.112001 -6.714874
v 20.872227 0.112001 -6.714474
v 20.872627 0.111601 -6.715274
v 20.872227 0.989927 -6.672888
v 20.872627 0.990327 -6.672088
v 20.871828 0.989927 -6.672488
v 20.872227 0.112001 -6.672888
v 20.871828 0.112001 -6.672488
v 20.872627 0.111601 -6.672088
v 20.824099 0.092299 -6.720216
v 20.824499 0.092299 -6.720616
v 20.824499 0.091899 -6.720216
v 20.824099 0.092299 -6.667146
v 20.824499 0.091899 -6.667146
v 20.824499 0.092299 -6.666746
v 20.824099 0.990727 -6.667146
v 20.824499 0.990327 -6.667146
v 20.824499 0.990727 -6.666746
v 20.824499 1.009628 -6.666746
v 20.824499 1.010028 -6.667146
v 20.824099 1.009628 -6.667146
v 20.824499 1.010028 -6.720216
v 20.824499 1.009628 -6.720616
v 20.824099 1.009628 -6.720216
v 20.824099 0.111201 -6.720216
v 20.824499 0.111601 -6.720216
v 20.824499 0.111201 -6.720616
v 20.877569 0.092299 -6.720616
v 20.877970 0.092299 -6.720216
v 20.877569 0.091899 -6.720216
v 20.877569 1.009628 -6.720616
v 20.877569 1.010028 -6.720216
v 20.877970 1.009628 -6.720216
v 20.877569 0.111201 -6.720616
v 20.877569 0.111601 -6.720216
v 20.877970 0.111201 -6.720216
v 20.877970 0.092299 -6.667146
v 20.877569 0.092299 -6.666746
v 20.877569 0.091899 -6.667146
v 20.877970 1.009628 -6.667146
v 20.877569 1.010028 -6.667146
v 20.877569 1.009628 -6.666746
v 20.877970 0.111201 -6.667146
v 20.877569 0.111601 -6.667146
v 20.877569 0.111201 -6.666746
v 20.824099 0.111201 -6.667146
v 20.824499 0.111201 -6.666746
v 20.824499 0.111601 -6.667146
v 20.824099 0.990727 -6.720216
v 20.824499 0.990727 -6.720616
v 20.824499 0.990327 -6.720216
v 20.877569 0.990727 -6.720616
v 20.877970 0.990727 -6.720216
v 20.877569 0.990327 -6.720216
v 20.877970 0.990727 -6.667146
v 20.877569 0.990727 -6.666746
v 20.877569 0.990327 -6.667146
vn -0.3715 -0.9284 -0.0000
vn -0.0000 -0.9284 -0.3715
vn -0.0000 -1.0000 -0.0000
vn 1.0000 -0.0000 -0.0000
vn -0.0000 -0.0000 -1.0000
vn -0.0000 -0.1704 0.9854
vn 0.8243 0.5662 -0.0000
vn 0.9854 -0.1704 -0.0000
vn -0.0000 1.0000 -0.0000
vn -0.0000 0.5662 0.8243
vn -0.0000 -0.0000 1.0000
vn 0.3207 -0.8913 0.3205
vn 0.3207 -0.8913 -0.3206
vn 0.2748 0.9214 -0.2748
vn 0.2748 0.9214 0.2748
vn 0.5547 -0.6201 -0.5547
vn 0.5547 0.6201 -0.5547
vn 0.5547 -0.6201 0.5547
vn 0.5547 0.6201 0.5547
vn 0.2013 -0.9587 -0.2011
vn 0.2013 -0.9587 0.2011
vn 0.1766 0.9683 -0.1768
vn 0.1766 0.9683 0.1768
vn 0.6207 0.4791 -0.6206
vn 0.6207 0.4791 0.6206
vn 0.3465 0.8718 -0.3464
vn 0.3465 0.8718 0.3464
vn 0.8945 0.3333 -0.2981
vn 0.8945 -0.3332 -0.2981
vn 0.8944 -0.3333 -0.2982
vn 0.8944 0.3333 -0.2981
vn 0.8945 0.3332 0.2981
vn 0.8945 -0.3332 0.2981
vn 0.8944 -0.3333 0.2982
vn 0.8944 0.3333 0.2981
vn 0.5547 -0.6201 -0.5548
vn 0.5548 0.6201 -0.5547
vn 0.5547 0.6202 0.5547
vn 0.5547 -0.6200 0.5548
vn 0.5548 -0.6201 -0.5548
vn -0.0000 -0.8650 -0.5017
vn 0.5017 -0.8651 -0.0000
vn 0.7071 -0.0000 -0.7071
vn 0.7071 -0.0000 0.7071
vn 0.6667 0.7453 -0.0000
vn -0.0000 0.7453 -0.6667
vn 0.6667 -0.7453 -0.0000
vn -0.0000 -0.7453 0.6667
vn -0.0000 -0.8990 -0.4379
vn 0.4378 -0.8991 -0.0000
vn -0.1926 -0.9622 0.1924
vn -0.1924 -0.9622 -0.1926
vn -0.0000 0.6918 -0.7221
vn 0.7221 0.6918 -0.0000
vn 0.6868 -0.2376 0.6869
vn 0.6869 -0.2376 -0.6869
vn -0.0000 0.8943 -0.4474
vn 0.4474 0.8943 -0.0000
vn 0.5073 0.6967 -0.5072
vn 0.5072 0.6968 0.5072
vn 0.5017 -0.8650 -0.0000
vn 0.4379 -0.8990 -0.0000
vn 0.4476 0.8943 -0.0000
vn 0.4475 0.8943 -0.0000
vn 0.6668 0.7452 -0.0000
vn 0.7220 0.6919 -0.0000
vn 0.4473 0.8944 -0.0000
vn 0.6668 -0.7452 -0.0000
vn -0.0000 -0.7453 -0.6667
vn -0.0000 0.7453 0.6667
vn -0.0000 -0.7452 -0.6668
vn -0.0000 -0.7452 0.6668
vn -0.0000 0.8943 0.4474
vn -0.0000 0.5662 -0.8243
vn -0.0000 0.6918 0.7221
vn -0.0000 -0.8990 0.4379
vn -0.0000 -0.1704 -0.9854
vn -0.0000 -0.8651 0.5017
vn -0.0000 -0.9284 0.3715
vn 0.3715 -0.9284 -0.0000
vn -1.0000 -0.0000 -0.0000
vn -0.8243 0.5662 -0.0000
vn -0.9854 -0.1704 -0.0000
vn -0.3207 -0.8913 0.3206
vn -0.3206 -0.8913 -0.3207
vn -0.2748 0.9214 -0.2748
vn -0.2748 0.9214 0.2748
vn -0.5547 -0.6201 -0.5547
vn -0.5547 0.6201 -0.5547
vn -0.5547 -0.6202 0.5547
vn -0.5547 0.6202 0.5547
vn -0.2012 -0.9587 -0.2012
vn -0.2013 -0.9587 0.2012
vn -0.1766 0.9683 -0.1768
vn -0.1766 0.9683 0.1767
vn -0.6207 0.4791 -0.6207
vn -0.6207 0.4791 0.6206
vn -0.3465 0.8718 -0.3464
vn -0.3465 0.8718 0.3464
vn -0.8945 0.3333 -0.2981
vn -0.8945 -0.3332 -0.2981
vn -0.8944 -0.3333 -0.2982
vn -0.8944 0.3333 -0.2981
vn -0.8945 0.3333 0.2981
vn -0.8945 -0.3332 0.2981
vn -0.8944 -0.3333 0.2982
vn -0.8944 0.3333 0.2981
vn -0.5548 -0.6201 -0.5548
vn -0.5548 0.6201 -0.5547
vn -0.5548 -0.6201 0.5548
vn -0.5547 -0.6201 0.5547
vn -0.5548 -0.6201 -0.5547
vn -0.5017 -0.8651 -0.0000
vn -0.7071 -0.0000 -0.7071
vn -0.7071 -0.0000 0.7071
vn -0.6667 0.7453 -0.0000
vn -0.6667 -0.7453 -0.0000
vn -0.4378 -0.8991 -0.0000
vn 0.1926 -0.9622 0.1925
vn 0.1924 -0.9622 -0.1926
vn -0.7221 0.6918 -0.0000
vn -0.6869 -0.2376 0.6869
vn -0.6869 -0.2376 -0.6869
vn -0.4475 0.8943 -0.0000
vn -0.4474 0.8943 -0.0000
vn -0.5073 0.6967 -0.5072
vn -0.5072 0.6968 0.5072
vn -0.4379 -0.8990 -0.0000
vn -0.6668 0.7452 -0.0000
vn -0.5018 -0.8650 -0.0000
vn -0.7220 0.6919 -0.0000
vn -0.4476 0.8943 -0.0000
vn -0.4474 0.8944 -0.0000
vn -0.6668 -0.7452 -0.0000
vn -0.0000 -0.1339 0.9910
vn -0.0000 -0.3228 0.9465
vn -0.0001 0.9998 -0.0198
vn -0.0000 0.9998 -0.0198
vn -0.0000 0.9998 0.0198
vn -0.0000 -0.1339 -0.9910
vn -0.0000 0.1446 -0.9895
vn -0.0000 -0.9847 0.1743
vn -0.0000 -0.9731 0.2302
vn -0.0000 -0.0004 -1.0000
vn -0.0000 -0.0005 -1.0000
vn -0.0002 -0.0005 -1.0000
vn -0.0000 -0.9667 -0.2558
vn -0.0001 -0.9667 -0.2558
vn -0.0001 -0.7156 -0.6985
vn -0.0000 -0.7156 -0.6985
vn -0.0000 -0.0004 1.0000
vn -0.0000 -0.0005 1.0000
vn 0.0002 -0.0005 1.0000
vn -0.0000 0.8660 -0.5000
vn -0.0000 0.5000 -0.8660
vn -0.0000 0.8660 0.5000
vn -0.0000 0.5000 0.8660
vn -0.0000 0.1446 0.9895
vn 0.0001 -0.6583 0.7528
vn -0.0000 -0.6583 0.7528
vn -0.0000 -0.8768 0.4809
vn -0.0000 -0.3228 -0.9465
vn -0.0001 -0.6583 -0.7528
vn -0.0000 -0.6583 -0.7528
vn -0.0000 -0.8768 -0.4809
vn 0.0002 -0.9999 -0.0132
vn -0.0000 -0.9999 -0.0132
vn -0.0002 -0.9999 0.0132
vn -0.0000 -0.9999 0.0132
vn -0.0000 0.9999 0.0170
vn -0.0000 0.9465 0.3227
vn -0.0000 0.9999 -0.0170
vn -0.0000 -0.1446 -0.9895
vn -0.0000 -0.9864 0.1647
vn 0.0001 -0.0005 -1.0000
vn -0.0000 -0.9668 -0.2554
vn 0.0001 -0.9668 -0.2554
vn -0.0001 -0.7155 -0.6986
vn -0.0000 -0.7155 -0.6986
vn -0.0000 0.7528 -0.6583
vn -0.0000 0.4809 -0.8768
vn -0.0000 -0.4809 0.8768
vn -0.0000 -0.7528 0.6583
vn -0.0000 0.7528 0.6583
vn -0.0000 0.4809 0.8768
vn -0.0000 0.9465 -0.3227
vn -0.0000 -0.1446 0.9895
vn -0.0000 -0.9465 0.3228
vn -0.0000 -0.4809 -0.8768
vn -0.0000 -0.7527 -0.6583
vn -0.0000 -0.9465 -0.3228
vn -0.0001 -0.9999 0.0132
vn 0.0001 -0.0004 -1.0000
vn -0.0001 -0.0004 1.0000
vn -0.0001 -0.0005 1.0000
vn 0.0002 -0.0005 -1.0000
vn 0.0074 -0.0207 0.9998
vn 0.0074 0.0207 0.9998
vn -0.0074 0.0207 0.9998
vn -0.0074 -0.0207 0.9998
vn -0.0385 0.9985 0.0385
vn 0.0385 0.9985 0.0385
vn 1.0000 0.0005 -0.0095
vn 1.0000 -0.0005 -0.0095
vn 1.0000 -0.0005 0.0095
vn 1.0000 0.0005 0.0095
vn 0.0334 0.9989 -0.0334
vn 0.0334 0.9989 0.0334
vn 0.0411 0.9983 0.0411
vn 0.0411 0.9983 -0.0411
vn 0.9998 -0.0206 -0.0074
vn 0.9998 0.0207 -0.0074
vn 0.9998 0.0207 0.0074
vn 0.9998 -0.0206 0.0074
vn -0.0334 0.9989 0.0334
vn -0.0334 0.9989 -0.0334
vn -0.0411 0.9983 -0.0411
vn -0.0411 0.9983 0.0411
vn -0.9998 -0.0207 0.0074
vn -0.9998 0.0206 0.0074
vn -0.9998 0.0206 -0.0074
vn -0.9998 -0.0207 -0.0074
vn 0.0334 -0.9989 0.0334
vn 0.0334 -0.9989 -0.0334
vn 0.0411 -0.9983 -0.0411
vn 0.0411 -0.9983 0.0411
vn -0.0385 -0.9985 -0.0385
vn 0.0385 -0.9985 -0.0385
vn -0.0334 -0.9989 -0.0334
vn -0.0411 -0.9983 -0.0411
vn 0.9998 -0.0207 -0.0074
vn 0.9998 0.0206 -0.0074
vn 0.9998 0.0206 0.0074
vn 0.9998 -0.0207 0.0074
vn 0.0095 0.0005 1.0000
vn 0.0095 -0.0005 1.0000
vn -0.0095 -0.0005 1.0000
vn -0.0095 0.0005 1.0000
vn -0.0385 0.9985 -0.0385
vn 0.0385 -0.9985 0.0385
vn -0.9998 -0.0206 0.0074
vn -0.9998 0.0207 0.0074
vn -0.9998 0.0207 -0.0074
vn -0.9998 -0.0206 -0.0074
vn 0.0385 0.9985 -0.0385
vn -0.0385 -0.9985 0.0385
vn -0.0074 -0.0207 -0.9998
vn -0.0074 0.0207 -0.9998
vn 0.0074 0.0207 -0.9998
vn 0.0074 -0.0207 -0.9998
vn -0.0095 0.0005 -1.0000
vn -0.0095 -0.0005 -1.0000
vn 0.0095 -0.0005 -1.0000
vn 0.0095 0.0005 -1.0000
vn -0.0334 -0.9989 0.0334
vn -0.0411 -0.9983 0.0411
vn -1.0000 0.0007 0.0096
vn -0.0333 0.9989 0.0337
vn -0.0094 0.0002 1.0000
vn -1.0000 -0.0005 0.0094
vn -0.0095 -0.0007 1.0000
vn -0.0334 -0.9989 0.0333
vn -1.0000 -0.0005 -0.0094
vn -0.0333 -0.9989 -0.0333
vn -0.0096 -0.0006 -1.0000
vn -1.0000 0.0007 -0.0096
vn -0.0094 0.0002 -1.0000
vn -0.0333 0.9989 -0.0336
vn 0.0096 -0.0007 -1.0000
vn 0.0334 -0.9989 -0.0333
vn 1.0000 -0.0003 -0.0094
vn 0.0094 0.0002 -1.0000
vn 1.0000 0.0007 -0.0096
vn 0.0333 0.9989 -0.0336
vn 1.0000 -0.0005 0.0094
vn 0.0334 -0.9989 0.0333
vn 0.0096 -0.0006 1.0000
vn 1.0000 0.0007 0.0096
vn 0.0094 0.0002 1.0000
vn 0.0333 0.9989 0.0337
vn -0.9998 -0.0206 -0.0073
vn -0.0076 -0.0208 -0.9998
vn -0.0385 -0.9985 -0.0383
vn -0.9998 -0.0206 0.0073
vn -0.0385 -0.9985 0.0383
vn -0.0076 -0.0208 0.9998
vn -0.9998 -0.0207 0.0079
vn -0.0410 -0.9983 0.0415
vn -0.0069 -0.0201 0.9998
vn -0.0069 0.0201 0.9998
vn -0.0386 0.9985 0.0389
vn -0.9998 0.0207 0.0079
vn -0.0386 0.9985 -0.0389
vn -0.0069 0.0201 -0.9998
vn -0.9998 0.0207 -0.0079
vn -0.9998 0.0206 -0.0073
vn -0.0409 0.9983 -0.0409
vn -0.0076 0.0209 -0.9998
vn 0.0076 -0.0209 -0.9998
vn 0.9998 -0.0206 -0.0073
vn 0.0385 -0.9985 -0.0383
vn 0.0077 0.0209 -0.9998
vn 0.0385 0.9985 -0.0383
vn 0.9998 0.0206 -0.0073
vn 0.0076 0.0209 -0.9998
vn 0.0409 0.9983 -0.0409
vn 0.9998 -0.0206 0.0073
vn 0.0076 -0.0208 0.9998
vn 0.0385 -0.9985 0.0383
vn 0.9998 0.0206 0.0073
vn 0.0385 0.9985 0.0383
vn 0.0076 0.0209 0.9998
vn 0.0409 0.9983 0.0409
vn -0.9998 0.0206 0.0073
vn -0.0076 0.0208 0.9998
vn -0.0409 0.9983 0.0409
vn -0.9998 -0.0207 -0.0079
vn -0.0069 -0.0201 -0.9998
vn -0.0410 -0.9983 -0.0415
vn 0.0409 -0.9983 -0.0409
vn 0.0077 -0.0208 0.9998
vn 0.0409 -0.9983 0.0409
vn -0.0095 0.0004 1.0000
vn -0.0095 -0.0004 1.0000
vn -1.0000 -0.0004 0.0095
vn -1.0000 0.0004 0.0095
vn -0.0095 -0.0004 -1.0000
vn -0.0095 0.0004 -1.0000
vn -1.0000 0.0004 -0.0095
vn -1.0000 -0.0004 -0.0095
vn 1.0000 -0.0004 -0.0095
vn 1.0000 0.0004 -0.0095
vn 0.0095 0.0004 -1.0000
vn 0.0095 -0.0004 -1.0000
vn 0.0095 -0.0004 1.0000
vn 0.0095 0.0004 1.0000
vn 1.0000 0.0004 0.0095
vn 1.0000 -0.0004 0.0095
vn -0.0096 0.0004 1.0000
vn -0.0333 0.9989 0.0334
vn 0.0333 0.9989 0.0334
vn 0.0333 -0.9989 0.0333
vn -0.0333 -0.9989 0.0333
vn -0.0096 -0.0005 1.0000
vn 0.0096 -0.0005 1.0000
vn 0.0333 0.9989 -0.0333
vn 0.0332 -0.9989 -0.0333
vn 0.0332 -0.9989 0.0333
vn 1.0000 -0.0007 0.0095
vn 1.0000 -0.0007 -0.0095
vn 0.0096 0.0004 -1.0000
vn 0.0333 0.9989 -0.0334
vn -0.0333 0.9989 -0.0334
vn 0.0333 -0.9989 -0.0333
vn 0.0096 -0.0005 -1.0000
vn -0.0096 -0.0005 -1.0000
vn -1.0000 0.0005 0.0095
vn -1.0000 0.0005 -0.0095
vn -0.0333 0.9989 0.0333
vn -0.0332 -0.9989 0.0333
vn -0.0332 -0.9989 -0.0333
vn -1.0000 -0.0007 -0.0095
vn -1.0000 -0.0007 0.0095
vn -0.0384 -0.9985 -0.0385
vn -0.0384 -0.9985 0.0385
vn -0.0073 -0.0207 0.9998
vn -0.0073 0.0207 0.9998
vn -0.9998 0.0207 0.0075
vn -0.9998 -0.0207 0.0075
vn -0.0073 0.0207 -0.9998
vn -0.0073 -0.0207 -0.9998
vn -0.9998 -0.0207 -0.0075
vn -0.9998 0.0207 -0.0075
vn -0.0385 0.9985 -0.0386
vn 0.0385 0.9985 -0.0386
vn 0.0074 0.0206 -0.9998
vn -0.0074 0.0206 -0.9998
vn 0.9998 0.0207 -0.0075
vn 0.9998 -0.0207 -0.0075
vn 0.0073 -0.0207 -0.9998
vn 0.0073 0.0207 -0.9998
vn 0.0384 -0.9985 0.0385
vn 0.0384 -0.9985 -0.0385
vn 0.0073 0.0207 0.9998
vn 0.0073 -0.0207 0.9998
vn 0.9998 -0.0207 0.0075
vn 0.9998 0.0207 0.0075
vn 0.0385 0.9985 0.0386
vn -0.0385 0.9985 0.0386
vn -0.0074 0.0206 0.9998
vn 0.0074 0.0206 0.9998
vn 0.0410 0.9983 0.0410
vn -0.0410 0.9983 0.0410
vn 0.0074 -0.0206 0.9998
vn -0.0074 -0.0206 0.9998
vn -0.0410 -0.9983 0.0411
vn 0.0410 -0.9983 0.0411
vn 0.0410 0.9983 -0.0411
vn 0.0410 0.9983 0.0411
vn 0.0410 -0.9983 -0.0411
vn -0.0410 0.9983 -0.0410
vn 0.0410 0.9983 -0.0410
vn -0.0074 -0.0206 -0.9998
vn 0.0074 -0.0206 -0.9998
vn -0.0410 -0.9983 -0.0411
vn -0.0410 0.9983 0.0411
vn -0.0410 0.9983 -0.0411
vn -1.0000 -0.0005 0.0095
vn -1.0000 -0.0005 -0.0095
vn 0.0095 -0.0007 -1.0000
vn 0.0335 -0.9989 -0.0333
vn 1.0000 -0.0002 -0.0095
vn 0.0096 0.0010 -1.0000
vn 1.0000 0.0001 -0.0093
vn 0.0335 0.9989 -0.0329
vn 0.0335 -0.9989 0.0333
vn 0.0095 -0.0006 1.0000
vn 1.0000 0.0001 0.0093
vn 0.0096 0.0010 1.0000
vn 0.0335 0.9989 0.0330
vn -0.0409 -0.9983 0.0409
vn -0.0076 -0.0209 0.9998
vn -0.0077 0.0208 0.9998
vn -0.0385 0.9985 0.0383
vn -0.0385 0.9985 -0.0383
vn 0.0075 -0.0205 -0.9998
vn 0.9998 -0.0205 -0.0074
vn 0.0388 -0.9985 -0.0385
vn 0.0069 0.0198 -0.9998
vn 0.0389 0.9985 -0.0391
vn 0.9998 0.0206 -0.0080
vn 0.0076 0.0205 -0.9998
vn 0.0412 0.9983 -0.0411
vn 0.9998 0.0205 -0.0073
vn 0.9998 -0.0205 0.0073
vn 0.0075 -0.0205 0.9998
vn 0.0388 -0.9985 0.0385
vn 0.9998 0.0205 0.0080
vn 0.0389 0.9985 0.0391
vn 0.0069 0.0198 0.9998
vn 0.9998 0.0204 0.0073
vn 0.0412 0.9983 0.0411
vn 0.0075 0.0205 0.9998
vn -0.0077 -0.0209 -0.9998
vn -0.0409 -0.9983 -0.0409
vn 0.0069 -0.0198 -0.9998
vn 0.9998 -0.0206 -0.0080
vn 0.0413 -0.9983 -0.0417
vn 0.9998 -0.0206 0.0079
vn 0.0069 -0.0198 0.9998
vn 0.0413 -0.9983 0.0417
vn 1.0000 0.0002 -0.0096
vn 1.0000 0.0002 0.0096
vn 0.0336 0.9989 0.0333
vn 0.0336 0.9989 -0.0333
vn 0.0335 -0.9989 0.0332
vn 1.0000 -0.0004 0.0096
vn 1.0000 -0.0004 -0.0096
vn 0.9998 0.0207 -0.0070
vn 0.9998 -0.0207 -0.0070
vn 0.0078 -0.0207 -0.9998
vn 0.0078 0.0207 -0.9998
vn 0.0387 -0.9985 0.0385
vn 0.0387 -0.9985 -0.0385
vn 0.9998 -0.0204 -0.0074
vn 0.9998 -0.0204 0.0074
vn 0.0388 0.9985 -0.0385
vn 0.0388 0.9985 0.0385
vn 0.9998 0.0204 0.0074
vn 0.9998 0.0204 -0.0074
vn 0.0078 0.0207 0.9998
vn 0.0078 -0.0207 0.9998
vn 0.9998 -0.0207 0.0070
vn 0.9998 0.0207 0.0070
vn 0.9998 0.0207 -0.0073
vn 0.9998 -0.0207 -0.0073
vn 0.0075 -0.0207 -0.9998
vn 0.0075 0.0207 -0.9998
vn 0.0075 0.0207 0.9998
vn 0.0075 -0.0207 0.9998
vn 0.9998 -0.0207 0.0073
vn 0.9998 0.0207 0.0073
vn 0.0413 0.9983 -0.0411
vn 0.0413 0.9983 0.0411
vn 0.0413 -0.9983 0.0411
vn 0.0413 -0.9983 -0.0411
vn -1.0000 0.0005 0.0094
vn -0.0095 0.0006 1.0000
vn -1.0000 0.0005 -0.0094
vn -0.0095 0.0006 -1.0000
vn -0.0333 0.9989 -0.0333
vn 0.0094 -0.0002 -1.0000
vn 0.0335 -0.9989 -0.0336
vn 1.0000 -0.0005 -0.0097
vn 0.0093 0.0001 -1.0000
vn 1.0000 0.0006 -0.0097
vn 0.0334 0.9989 -0.0337
vn 1.0000 -0.0006 0.0097
vn 0.0334 -0.9989 0.0336
vn 0.0093 -0.0002 1.0000
vn 1.0000 0.0006 0.0098
vn 0.0093 0.0001 1.0000
vn 0.0334 0.9989 0.0337
vn 0.0068 -0.0201 -0.9998
vn 0.9998 -0.0208 -0.0079
vn 0.0386 -0.9985 -0.0389
vn 0.0069 0.0201 -0.9998
vn 0.0410 0.9983 -0.0415
vn 0.9998 0.0207 -0.0079
vn 0.9998 -0.0207 0.0079
vn 0.0069 -0.0201 0.9998
vn 0.0386 -0.9985 0.0389
vn 0.9998 0.0207 0.0079
vn 0.0410 0.9983 0.0415
vn 0.0069 0.0201 0.9998
vn -1.0000 0.0006 0.0095
vn -0.0334 0.9989 0.0335
vn -0.0094 0.0003 1.0000
vn -1.0000 -0.0006 0.0095
vn -0.0094 -0.0003 1.0000
vn -0.0334 -0.9989 0.0335
vn -1.0000 -0.0006 -0.0095
vn -0.0334 -0.9989 -0.0335
vn -0.0095 -0.0003 -1.0000
vn -1.0000 0.0006 -0.0095
vn -0.0094 0.0003 -1.0000
vn -0.0334 0.9989 -0.0335
vn 0.0096 -0.0008 -1.0000
vn 0.0336 -0.9989 -0.0332
vn 1.0000 -0.0002 -0.0092
vn 0.0096 0.0007 -1.0000
vn 1.0000 0.0004 -0.0093
vn 0.0335 0.9989 -0.0332
vn 1.0000 -0.0004 0.0093
vn 0.0096 -0.0007 1.0000
vn 1.0000 0.0004 0.0093
vn 0.0096 0.0007 1.0000
vn 0.0335 0.9989 0.0332
vn -0.9998 -0.0206 0.0076
vn -0.0410 -0.9983 0.0412
vn -0.0073 -0.0205 0.9998
vn -0.0073 0.0205 0.9998
vn -0.9998 0.0206 0.0076
vn -0.0073 0.0205 -0.9998
vn -0.9998 0.0206 -0.0076
vn 0.0072 -0.0205 -0.9998
vn 0.9998 -0.0207 -0.0076
vn 0.0385 -0.9985 -0.0386
vn 0.0072 0.0205 -0.9998
vn 0.0409 0.9983 -0.0412
vn 0.9998 0.0207 -0.0076
vn 0.9998 -0.0207 0.0076
vn 0.0072 -0.0205 0.9998
vn 0.0385 -0.9985 0.0386
vn 0.9998 0.0207 0.0076
vn 0.0410 0.9983 0.0412
vn 0.0072 0.0205 0.9998
vn -0.9998 -0.0207 -0.0076
vn -0.0073 -0.0205 -0.9998
vn -0.0409 -0.9983 -0.0412
vn -0.0094 0.0004 1.0000
vn -0.0094 -0.0004 1.0000
vn -1.0000 -0.0004 0.0096
vn -1.0000 0.0004 0.0096
vn -0.0094 -0.0004 -1.0000
vn -0.0094 0.0004 -1.0000
vn -1.0000 0.0004 -0.0096
vn -1.0000 -0.0004 -0.0096
vn 1.0000 -0.0004 -0.0092
vn 1.0000 0.0004 -0.0092
vn 0.0098 0.0004 -1.0000
vn 0.0098 -0.0004 -1.0000
vn 0.0098 -0.0004 1.0000
vn 0.0098 0.0004 1.0000
vn 1.0000 0.0004 0.0092
vn 1.0000 -0.0004 0.0092
vn -0.0334 -0.9989 -0.0333
vn -1.0000 0.0004 0.0093
vn -0.0335 0.9989 0.0332
vn -0.0096 0.0007 1.0000
vn -1.0000 -0.0003 0.0093
vn -0.0096 -0.0008 1.0000
vn -0.0335 -0.9989 0.0332
vn -1.0000 -0.0004 -0.0093
vn -0.0335 -0.9989 -0.0332
vn -0.0096 -0.0008 -1.0000
vn -1.0000 0.0004 -0.0093
vn -0.0096 0.0007 -1.0000
vn -0.0335 0.9989 -0.0332
vn 0.0073 0.0205 -0.9998
vn 0.9998 0.0206 0.0076
vn 0.0073 0.0205 0.9998
vn 0.0073 -0.0205 -0.9998
vn 0.9998 -0.0206 -0.0076
vn 0.0409 -0.9983 -0.0412
vn 0.9998 -0.0206 0.0076
vn 0.0073 -0.0205 0.9998
vn 0.0410 -0.9983 0.0412
vn -0.0098 0.0004 1.0000
vn -0.0098 -0.0004 1.0000
vn -1.0000 -0.0004 0.0092
vn -1.0000 0.0004 0.0092
vn -0.0098 -0.0004 -1.0000
vn -0.0098 0.0004 -1.0000
vn -1.0000 0.0004 -0.0092
vn -1.0000 -0.0004 -0.0092
vn 1.0000 -0.0004 -0.0097
vn 1.0000 0.0004 -0.0097
vn 0.0093 0.0004 -1.0000
vn 0.0093 -0.0004 -1.0000
vn 0.0093 -0.0004 1.0000
vn 0.0093 0.0004 1.0000
vn 1.0000 0.0004 0.0097
vn 1.0000 -0.0004 0.0097
vn -0.0335 -0.9989 0.0334
vn -0.0335 -0.9989 -0.0333
vn -0.0072 -0.0205 -0.9998
vn -0.0385 -0.9985 -0.0386
vn -0.9998 -0.0207 0.0076
vn -0.0385 -0.9985 0.0386
vn -0.0072 -0.0205 0.9998
vn -0.9998 0.0207 -0.0076
vn -0.0410 0.9983 -0.0412
vn -0.0072 0.0205 -0.9998
vn -0.9998 0.0207 0.0076
vn -0.0072 0.0205 0.9998
vn -0.0410 0.9983 0.0412
vn -0.0096 -0.0004 1.0000
vn -1.0000 -0.0004 0.0094
vn -1.0000 0.0004 0.0094
vn -0.0096 -0.0004 -1.0000
vn -0.0096 0.0004 -1.0000
vn -1.0000 0.0004 -0.0094
vn -1.0000 -0.0004 -0.0094
vn 1.0000 -0.0004 -0.0094
vn 1.0000 0.0004 -0.0094
vn 0.0096 -0.0004 -1.0000
vn 0.0096 -0.0004 1.0000
vn 0.0096 0.0004 1.0000
vn 1.0000 0.0004 0.0094
vn 1.0000 -0.0004 0.0094
vn -0.0076 -0.0207 0.9998
vn -0.0076 0.0207 0.9998
vn -0.9998 0.0207 0.0072
vn -0.9998 -0.0207 0.0072
vn -0.0076 0.0207 -0.9998
vn -0.0076 -0.0207 -0.9998
vn -0.9998 -0.0207 -0.0072
vn -0.9998 0.0207 -0.0072
vn -0.0334 0.9989 0.0333
vn -1.0000 -0.0003 0.0094
vn -0.0335 -0.9989 0.0331
vn -1.0000 -0.0003 -0.0093
vn -0.0335 -0.9989 -0.0331
vn -0.0334 0.9989 -0.0333
vn 0.0096 -0.0009 -1.0000
vn 0.0336 -0.9989 -0.0331
vn 1.0000 -0.0002 -0.0093
vn 0.0334 0.9989 -0.0333
vn 1.0000 -0.0003 0.0093
vn 0.0335 -0.9989 0.0331
vn 0.0096 -0.0008 1.0000
vn 0.0334 0.9989 0.0333
vn -0.0097 0.0004 1.0000
vn -0.0097 -0.0004 1.0000
vn -0.0097 -0.0004 -1.0000
vn -0.0097 0.0004 -1.0000
vn 0.0097 0.0004 -1.0000
vn 0.0097 -0.0004 -1.0000
vn 0.0097 -0.0004 1.0000
vn 0.0097 0.0004 1.0000
vn 1.0000 -0.0005 -0.0096
vn -1.0000 -0.0005 0.0096
vn -1.0000 -0.0005 -0.0096
vn 0.0095 0.0006 -1.0000
vn 0.0095 0.0006 1.0000
vn -0.0386 -0.9985 -0.0384
vn -0.9998 -0.0205 0.0073
vn -0.0386 -0.9985 0.0384
vn -0.0410 -0.9983 0.0410
vn -0.0386 0.9985 0.0384
vn -0.9998 0.0205 0.0073
vn -0.0386 0.9985 -0.0384
vn -0.9998 0.0205 -0.0073
vn 0.0076 -0.0207 -0.9998
vn 0.0386 -0.9985 -0.0384
vn 0.0076 0.0207 -0.9998
vn 0.0386 0.9985 -0.0384
vn 0.0076 -0.0207 0.9998
vn 0.0386 -0.9985 0.0384
vn 0.9998 0.0205 0.0073
vn 0.0386 0.9985 0.0384
vn 0.0076 0.0207 0.9998
vn 0.0411 0.9983 0.0410
vn -0.9998 -0.0205 -0.0073
vn -0.0410 -0.9983 -0.0410
vn 0.9998 -0.0205 -0.0073
vn 0.0410 -0.9983 -0.0410
vn 0.0410 -0.9983 0.0410
vn -0.0386 -0.9985 -0.0385
vn -0.0386 -0.9985 0.0385
vn -0.0075 -0.0207 0.9998
vn -0.0075 0.0207 0.9998
vn -0.0386 0.9985 0.0385
vn -0.0386 0.9985 -0.0385
vn -0.9998 0.0205 -0.0074
vn -0.9998 0.0205 0.0074
vn -0.0075 0.0207 -0.9998
vn -0.0075 -0.0207 -0.9998
vn 0.0072 -0.0207 -0.9998
vn 0.0072 0.0207 -0.9998
vn 0.0386 -0.9985 0.0385
vn 0.0386 -0.9985 -0.0385
vn 0.0386 0.9985 -0.0385
vn 0.0386 0.9985 0.0385
vn 0.9998 0.0205 0.0074
vn 0.9998 0.0205 -0.0074
vn 0.0072 0.0207 0.9998
vn 0.0072 -0.0207 0.9998
vn 0.9998 0.0207 -0.0072
vn 0.9998 -0.0207 -0.0072
vn 0.9998 -0.0207 0.0072
vn 0.9998 0.0207 0.0072
vn 0.9998 -0.0205 0.0074
vn -0.9998 -0.0205 0.0074
vn -0.9998 -0.0205 -0.0074
vn -1.0000 0.0005 0.0096
vn -1.0000 0.0005 -0.0096
vn 0.0335 -0.9989 -0.0334
vn 1.0000 -0.0005 0.0096
vn 0.0334 -0.9989 0.0335
vn 0.0079 -0.0210 -0.9997
vn 0.9998 -0.0205 -0.0070
vn 0.0386 -0.9985 -0.0381
vn 0.0080 0.0210 -0.9997
vn 0.0410 0.9983 -0.0407
vn 0.9998 0.0205 -0.0070
vn 0.9998 -0.0205 0.0070
vn 0.0079 -0.0210 0.9997
vn 0.0386 -0.9985 0.0381
vn 0.9998 0.0205 0.0070
vn 0.0410 0.9983 0.0407
vn 0.0079 0.0211 0.9997
vn -0.0093 0.0004 1.0000
vn -0.0093 -0.0004 1.0000
vn -1.0000 -0.0004 0.0097
vn -1.0000 0.0004 0.0097
vn -0.0093 -0.0004 -1.0000
vn -0.0093 0.0004 -1.0000
vn -1.0000 0.0004 -0.0097
vn -1.0000 -0.0004 -0.0097
vn 0.0094 0.0004 -1.0000
vn 1.0000 0.0006 -0.0096
vn 0.0334 0.9989 -0.0335
vn 1.0000 0.0005 0.0096
vn 0.0094 0.0004 1.0000
vn 0.0334 0.9989 0.0335
vn -0.9998 -0.0205 -0.0070
vn -0.0079 -0.0210 -0.9997
vn -0.0386 -0.9985 -0.0381
vn -0.9998 -0.0205 0.0070
vn -0.0386 -0.9985 0.0381
vn -0.0079 -0.0210 0.9997
vn -0.0411 -0.9983 0.0413
vn -0.0073 -0.0203 0.9998
vn -0.0073 0.0203 0.9998
vn -0.0387 0.9985 0.0387
vn -0.0387 0.9985 -0.0387
vn -0.0072 0.0203 -0.9998
vn -0.9998 0.0205 -0.0070
vn -0.0410 0.9983 -0.0407
vn -0.0079 0.0211 -0.9997
vn 0.0073 0.0203 -0.9998
vn 0.0387 0.9985 -0.0387
vn 0.9998 0.0206 -0.0076
vn 0.0387 0.9985 0.0387
vn 0.0073 0.0203 0.9998
vn -0.9998 0.0205 0.0070
vn -0.0080 0.0210 0.9997
vn -0.0410 0.9983 0.0407
vn -0.9998 -0.0206 -0.0076
vn -0.0073 -0.0203 -0.9998
vn -0.0411 -0.9983 -0.0413
vn 0.0072 -0.0203 -0.9998
vn 0.0411 -0.9983 -0.0413
vn 0.0073 -0.0203 0.9998
vn 0.0411 -0.9983 0.0413
vn -0.0094 0.0005 -1.0000
vn -0.9998 -0.0205 -0.0072
vn -0.0386 -0.9985 -0.0382
vn -0.9998 -0.0205 0.0072
vn -0.0386 -0.9985 0.0382
vn -0.0077 -0.0209 0.9998
vn -0.9998 0.0205 -0.0072
vn -0.0410 0.9983 -0.0408
vn -0.0078 0.0209 -0.9998
vn -0.9998 0.0205 0.0071
vn -0.0078 0.0209 0.9998
vn -0.0410 0.9983 0.0409
vn 0.0094 0.0005 1.0000
vn 1.0000 0.0004 -0.0096
vn 0.0094 -0.0004 -1.0000
vn 0.0094 -0.0004 1.0000
vn 1.0000 0.0004 0.0096
vn 0.0095 -0.0006 -1.0000
vn -0.9998 -0.0206 -0.0075
vn -0.0074 -0.0205 -0.9998
vn -0.0386 -0.9985 -0.0386
vn -0.9998 -0.0206 0.0075
vn -0.0386 -0.9985 0.0386
vn -0.0074 -0.0205 0.9998
vn -0.9998 -0.0205 0.0075
vn -0.0074 0.0205 0.9998
vn -0.9998 0.0205 0.0075
vn -0.0387 0.9985 -0.0385
vn -0.0074 0.0205 -0.9998
vn -0.9998 0.0205 -0.0075
vn -0.9998 0.0206 -0.0075
vn 0.0074 0.0205 -0.9998
vn 0.9998 0.0206 -0.0075
vn 0.9998 0.0205 0.0075
vn 0.0387 0.9985 0.0385
vn 0.0074 0.0205 0.9998
vn -0.9998 0.0206 0.0075
vn -0.0411 0.9983 0.0412
vn 0.0074 -0.0205 -0.9998
vn 0.9998 -0.0205 -0.0075
vn 0.9998 -0.0205 0.0075
vn 0.0074 -0.0205 0.9998
vn -0.0333 0.9989 0.0335
vn -0.0333 -0.9989 0.0334
vn -0.0333 -0.9989 -0.0334
vn -0.0333 0.9989 -0.0335
vn 0.0096 -0.0006 -1.0000
vn 1.0000 0.0005 -0.0094
vn 0.0333 -0.9989 0.0334
vn 0.0409 0.9983 -0.0411
vn 0.0409 0.9983 0.0411
vn 1.0000 0.0006 -0.0095
vn 1.0000 0.0006 0.0095
vn -0.0409 -0.9983 0.0411
vn -0.0409 0.9983 -0.0410
vn 0.0385 0.9985 -0.0384
vn -0.0409 0.9983 0.0411
vn -0.0409 -0.9983 -0.0411
vn 0.0409 -0.9983 -0.0410
vn 0.0409 -0.9983 0.0411
vn -0.0073 -0.0206 -0.9998
vn -0.0073 -0.0206 0.9998
vn -0.0409 0.9983 -0.0411
vn -0.0073 0.0206 -0.9998
vn 0.9998 0.0206 0.0075
vn -0.0073 0.0206 0.9998
vn -0.0409 0.9983 0.0412
vn 0.9998 -0.0206 -0.0075
vn 0.0409 -0.9983 -0.0411
vn 0.9998 -0.0206 0.0075
vn 1.0000 0.0006 -0.0094
vn 0.0073 -0.0206 -0.9998
vt 0.625000 0.748773
vt 0.625000 0.704305
vt 0.625000 0.748895
vt 0.625000 0.518304
vt 0.625000 0.501280
vt 0.625000 0.501100
vt 0.625000 0.518304
vt 0.625000 0.875000
vt 0.625000 0.751200
vt 0.625000 0.751112
vt 0.625000 0.875000
vt 0.250000 0.704305
vt 0.375000 0.704305
vt 0.375000 0.750000
vt 0.250000 0.750000
vt 0.621629 0.504030
vt 0.624922 0.501096
vt 0.624922 0.518303
vt 0.621707 0.513572
vt 0.419433 0.375000
vt 0.424117 0.375000
vt 0.424117 0.499000
vt 0.419433 0.499000
vt 0.375843 0.500828
vt 0.418512 0.500828
vt 0.418512 0.518304
vt 0.375843 0.518303
vt 0.625000 0.750804
vt 0.625000 0.750789
vt 0.375843 0.375000
vt 0.418512 0.375000
vt 0.418512 0.499172
vt 0.375843 0.499172
vt 0.375000 0.704305
vt 0.646552 0.727563
vt 0.646552 0.690631
vt 0.646552 0.727455
vt 0.625000 0.500811
vt 0.625000 0.500785
vt 0.625000 0.749193
vt 0.625000 0.704305
vt 0.625000 0.749213
vt 0.645779 0.520779
vt 0.645779 0.536040
vt 0.625773 0.518963
vt 0.625773 0.500773
vt 0.646552 0.536699
vt 0.646551 0.536699
vt 0.750000 0.728448
vt 0.647447 0.728448
vt 0.647520 0.728448
vt 0.750000 0.728448
vt 0.645779 0.691122
vt 0.645779 0.729221
vt 0.625773 0.749227
vt 0.625773 0.703814
vt 0.375843 0.704305
vt 0.418512 0.704305
vt 0.418512 0.749172
vt 0.375843 0.749172
vt 0.375000 0.518303
vt 0.375000 0.518303
vt 0.621707 0.714836
vt 0.624922 0.704305
vt 0.624922 0.748734
vt 0.621629 0.742353
vt 0.250000 0.518303
vt 0.419433 0.518304
vt 0.424039 0.517223
vt 0.424039 0.705748
vt 0.419433 0.704305
vt 0.621629 0.519080
vt 0.621629 0.703528
vt 0.621551 0.704304
vt 0.610695 0.704305
vt 0.610695 0.704305
vt 0.621551 0.704305
vt 0.610616 0.504030
vt 0.621707 0.514273
vt 0.610538 0.514274
vt 0.610616 0.375000
vt 0.621629 0.375000
vt 0.621629 0.499000
vt 0.610616 0.499000
vt 0.610695 0.519080
vt 0.621551 0.519080
vt 0.621551 0.703528
vt 0.610695 0.703528
vt 0.434985 0.711609
vt 0.610538 0.711952
vt 0.610616 0.742353
vt 0.434906 0.742695
vt 0.434906 0.375000
vt 0.434906 0.499000
vt 0.424117 0.502972
vt 0.434906 0.502972
vt 0.434985 0.515331
vt 0.424039 0.515331
vt 0.434906 0.519086
vt 0.434906 0.703522
vt 0.434906 0.703522
vt 0.434828 0.704305
vt 0.424195 0.704305
vt 0.424195 0.704305
vt 0.424117 0.703522
vt 0.424117 0.519086
vt 0.419355 0.518304
vt 0.419355 0.704305
vt 0.419355 0.518303
vt 0.419355 0.375000
vt 0.419355 0.500000
vt 0.419355 0.375000
vt 0.419355 0.750000
vt 0.419433 0.501059
vt 0.424039 0.514972
vt 0.424039 0.711610
vt 0.424117 0.742695
vt 0.610538 0.514272
vt 0.434985 0.515333
vt 0.621707 0.711951
vt 0.250000 0.500000
vt 0.375000 0.500000
vt 0.424039 0.713843
vt 0.419433 0.748812
vt 0.624922 0.375000
vt 0.624922 0.499000
vt 0.646552 0.522431
vt 0.646552 0.522572
vt 0.750000 0.520779
vt 0.750000 0.500773
vt 0.621707 0.517119
vt 0.621707 0.705968
vt 0.424195 0.519086
vt 0.434828 0.519086
vt 0.434828 0.703522
vt 0.424195 0.703522
vt 0.610695 0.518303
vt 0.621551 0.518304
vt 0.621551 0.518303
vt 0.610616 0.703528
vt 0.610616 0.519080
vt 0.610616 0.519080
vt 0.424195 0.518303
vt 0.434828 0.518304
vt 0.434985 0.517522
vt 0.610538 0.517526
vt 0.610538 0.705082
vt 0.434985 0.705087
vt 0.624922 0.751000
vt 0.625000 0.498801
vt 0.419433 0.751000
vt 0.374172 0.500000
vt 0.375843 0.750000
vt 0.375843 0.750828
vt 0.375000 0.750828
vt 0.418512 0.750828
vt 0.625000 0.499196
vt 0.625000 0.498888
vt 0.647447 0.521552
vt 0.625000 0.500755
vt 0.625000 0.500000
vt 0.625000 0.750757
vt 0.625000 0.750000
vt 0.647484 0.522484
vt 0.647520 0.521551
vt 0.647484 0.727516
vt 0.625000 0.375000
vt 0.424117 0.751000
vt 0.374172 0.750000
vt 0.250000 0.750000
vt 0.625000 0.375000
vt 0.625000 0.375000
vt 0.625000 0.499227
vt 0.625000 0.499211
vt 0.625000 0.375000
vt 0.750000 0.521552
vt 0.750000 0.522484
vt 0.750000 0.521551
vt 0.647484 0.690631
vt 0.647484 0.536699
vt 0.621629 0.751000
vt 0.610616 0.751000
vt 0.434906 0.751000
vt 0.610616 0.875000
vt 0.434906 0.875000
vt 0.750000 0.536699
vt 0.750000 0.690631
vt 0.424117 0.875000
vt 0.621629 0.875000
vt 0.750000 0.727516
vt 0.750000 0.729221
vt 0.750000 0.749227
vt 0.625000 0.750773
vt 0.419355 0.875000
vt 0.418512 0.875000
vt 0.375843 0.875000
vt 0.250000 0.500000
vt 0.419433 0.875000
vt 0.624922 0.875000
vt 0.571441 0.750000
vt 0.571442 1.000000
vt 0.555404 1.000000
vt 0.555404 0.750000
vt 0.625000 0.530260
vt 0.875000 0.530260
vt 0.875000 0.719739
vt 0.625000 0.719740
vt 0.571441 0.250000
vt 0.587204 0.250000
vt 0.587204 0.500000
vt 0.571442 0.500000
vt 0.533645 0.750000
vt 0.533645 1.000000
vt 0.383513 0.250000
vt 0.525132 0.250000
vt 0.525132 0.500000
vt 0.383513 0.500000
vt 0.533645 0.250000
vt 0.533645 0.500000
vt 0.383513 0.750000
vt 0.525132 0.750000
vt 0.525132 1.000000
vt 0.383513 1.000000
vt 0.625000 0.515130
vt 0.875000 0.515130
vt 0.875000 0.500000
vt 0.625000 0.250000
vt 0.875000 0.734870
vt 0.625000 0.734870
vt 0.875000 0.750000
vt 0.625000 1.000000
vt 0.587204 1.000000
vt 0.587204 0.750000
vt 0.549682 0.750000
vt 0.549682 1.000000
vt 0.555404 0.500000
vt 0.555404 0.250000
vt 0.549682 0.250000
vt 0.549682 0.500000
vt 0.125000 0.503262
vt 0.375000 0.503262
vt 0.375000 0.746738
vt 0.125000 0.746738
vt 0.875000 0.732579
vt 0.625000 0.732579
vt 0.383513 0.250000
vt 0.525132 0.250000
vt 0.525132 0.500000
vt 0.383513 0.500000
vt 0.383513 0.750000
vt 0.525132 0.750000
vt 0.525132 1.000000
vt 0.383513 1.000000
vt 0.875000 0.512840
vt 0.625000 0.512840
vt 0.552543 0.750000
vt 0.552543 1.000000
vt 0.536506 1.000000
vt 0.536506 0.750000
vt 0.625000 0.737160
vt 0.875000 0.737160
vt 0.625000 0.517421
vt 0.875000 0.517421
vt 0.552543 0.250000
vt 0.552543 0.500000
vt 0.536506 0.500000
vt 0.536506 0.250000
vt 0.125000 0.500000
vt 0.125000 0.750000
vt 0.375000 0.250000
vt 0.375000 1.000000
vt 0.376692 0.751856
vt 0.456641 0.751856
vt 0.456641 0.998144
vt 0.376692 0.998144
vt 0.000000 0.000000
vt 0.458371 0.502359
vt 0.541629 0.502359
vt 0.541629 0.747641
vt 0.458371 0.747641
vt 0.458333 0.500000
vt 0.458333 0.750000
vt 0.543359 0.501856
vt 0.623308 0.501856
vt 0.623308 0.748144
vt 0.543359 0.748144
vt 0.458333 0.000000
vt 0.458333 0.250000
vt 0.376692 0.001856
vt 0.456641 0.001856
vt 0.456641 0.248144
vt 0.376692 0.248144
vt 0.541667 0.750000
vt 0.541667 0.500000
vt 0.541667 0.250000
vt 0.376692 0.501856
vt 0.456641 0.501856
vt 0.456641 0.748144
vt 0.376692 0.748144
vt 0.458371 0.752359
vt 0.541629 0.752359
vt 0.541629 0.997641
vt 0.458371 0.997641
vt 0.543359 0.001856
vt 0.623308 0.001856
vt 0.623308 0.248144
vt 0.543359 0.248144
vt 0.543359 0.751856
vt 0.623308 0.751856
vt 0.623308 0.998144
vt 0.543359 0.998144
vt 0.376692 0.251856
vt 0.456641 0.251856
vt 0.456641 0.498144
vt 0.376692 0.498144
vt 0.458333 1.000000
vt 0.458371 0.252359
vt 0.541629 0.252359
vt 0.541629 0.497641
vt 0.458371 0.497641
vt 0.543359 0.251856
vt 0.623308 0.251856
vt 0.623308 0.498144
vt 0.543359 0.498144
vt 0.541667 1.000000
vt 0.541667 0.000000
vt 0.458333 0.002359
vt 0.541629 0.002359
vt 0.541629 0.000000
vt 0.541629 0.247641
vt 0.458371 0.247641
vt 0.376692 0.250000
vt 0.375000 0.248144
vt 0.541667 0.001856
vt 0.376692 0.500000
vt 0.375000 0.498144
vt 0.376692 0.750000
vt 0.375000 0.751856
vt 0.456641 0.000000
vt 0.458333 0.001856
vt 0.458371 0.000000
vt 0.458371 0.002359
vt 0.543359 0.000000
vt 0.623308 0.000000
vt 0.376692 0.000000
s 0
f 6/1/1 58/2/1 65/2/1 38/3/1
f 104/4/1 11/5/1 33/6/1 109/7/1
f 159/8/2 7/9/2 37/10/2 176/11/2
f 155/12/3 3/13/3 1/14/3 154/15/3
f 81/16/4 12/17/4 103/18/4 122/19/4
f 163/20/5 192/21/5 94/22/5 15/23/5
f 20/24/4 22/25/4 107/26/4 101/27/4
f 175/11/6 36/28/6 49/29/6 180/11/6
f 166/30/5 172/31/5 23/32/5 19/33/5
f 1/14/3 3/13/3 61/34/3 27/14/3
f 42/35/7 70/36/7 71/36/7 54/37/7
f 110/4/8 32/38/8 46/39/8 111/4/8
f 35/40/8 66/41/8 67/2/8 50/42/8
f 41/43/9 113/44/9 112/45/9 45/46/9
f 70/36/7 114/47/7 115/48/7 71/36/7
f 66/41/8 110/4/8 111/4/8 67/2/8
f 183/49/10 43/50/10 56/51/10 188/52/10
f 69/53/9 44/54/9 48/55/9 68/56/9
f 62/57/4 63/58/4 28/59/4 25/60/4
f 3/13/3 4/61/3 102/62/3 61/34/3
f 154/15/3 1/14/3 27/14/3 167/15/3
f 86/63/4 57/64/4 5/65/4 82/66/4
f 156/67/3 4/61/3 3/13/3 155/12/3
f 106/68/4 127/69/4 99/70/4 60/71/4
f 120/72/3 85/73/3 131/73/3 138/72/3
f 84/74/5 77/75/5 132/76/5 129/77/5
f 73/78/4 81/16/4 122/79/4 118/80/4
f 197/81/5 190/82/5 80/83/5 74/84/5
f 137/85/4 139/86/4 130/87/4 134/88/4
f 92/89/4 78/90/4 76/91/4 90/92/4
f 198/93/5 197/81/5 74/84/5 88/94/5
f 192/21/5 198/93/5 88/94/5 94/22/5
f 95/95/4 87/96/4 125/97/4 127/98/4
f 123/99/3 91/100/3 144/101/3 141/99/3
f 93/102/5 98/103/5 147/104/5 145/102/5
f 100/105/9 126/106/9 150/106/9 148/105/9
f 105/107/9 59/108/9 64/108/9 108/109/9
f 164/110/9 14/111/9 24/111/9 171/112/9
f 59/108/9 18/113/9 29/113/9 64/108/9
f 13/114/4 95/95/4 127/115/4 106/68/4
f 14/111/9 105/107/9 108/109/9 24/111/9
f 99/116/4 92/89/4 90/92/4 96/117/4
f 87/96/4 73/78/4 118/118/4 125/119/4
f 78/90/4 86/120/4 82/66/4 76/91/4
f 153/121/3 2/122/3 4/61/3 156/67/3
f 60/71/4 99/123/4 96/117/4 16/124/4
f 4/61/3 2/122/3 21/122/3 102/62/3
f 190/82/5 158/125/5 9/126/5 80/83/5
f 114/47/7 40/127/7 52/128/7 115/48/7
f 182/129/9 41/43/9 45/46/9 177/130/9
f 113/44/9 69/53/9 68/56/9 112/45/9
f 101/27/4 107/26/4 63/58/4 62/57/4
f 122/131/4 103/18/4 57/64/4 86/132/4
f 58/2/1 104/4/1 109/7/1 65/2/1
f 152/133/4 142/134/4 146/135/4 149/136/4
f 119/137/11 121/138/11 140/139/11 136/137/11
f 79/140/9 117/141/9 135/142/9 133/140/9
f 128/143/11 124/144/11 143/144/11 151/143/11
f 125/145/4 118/146/4 78/147/4 92/148/4
f 5/65/12 6/1/12 7/9/12 8/149/12
f 9/126/13 10/150/13 11/5/13 12/17/13
f 13/114/14 14/111/14 15/23/14
f 16/124/15 17/151/15 18/113/15
f 19/152/16 20/122/16 21/122/16
f 22/25/17 23/32/17 24/111/17
f 25/153/18 26/154/18 27/155/18
f 28/59/19 29/113/19 30/156/19
f 31/157/20 32/38/20 33/6/20 34/158/20
f 35/40/21 36/28/21 37/10/21 38/3/21
f 39/159/22 40/127/22 41/43/22
f 42/35/23 43/50/23 44/54/23
f 45/160/24 46/39/24 47/161/24
f 48/162/25 49/29/25 50/163/25
f 51/164/26 52/128/26 53/165/26
f 54/37/27 55/166/27 56/51/27
f 77/75/28 78/147/28 79/140/28
f 84/74/29 85/73/29 86/120/29
f 91/100/30 92/89/30 93/102/30
f 98/103/31 99/70/31 100/105/31
f 117/141/32 118/80/32 119/137/32
f 120/72/33 121/138/33 122/131/33
f 123/99/34 124/144/34 125/145/34
f 126/106/35 127/98/35 128/143/35
f 129/77/36 130/87/36 131/73/36
f 132/76/37 133/140/37 134/88/37
f 135/142/38 136/137/38 137/85/38
f 138/72/39 139/86/39 140/139/39
f 141/99/18 142/134/18 143/144/18
f 144/101/40 145/102/40 146/135/40
f 147/104/17 148/105/17 149/136/17
f 150/106/19 151/143/19 152/133/19
f 157/167/41 10/150/41 9/126/41 158/125/41
f 58/2/42 6/1/42 5/65/42 57/64/42
f 95/95/43 13/114/43 15/23/43 94/22/43
f 97/168/44 17/151/44 16/124/44 96/117/44
f 60/71/45 16/124/45 18/113/45 59/108/45
f 163/20/46 15/23/46 14/111/46 164/110/46
f 22/25/43 20/24/43 19/33/43 23/32/43
f 102/62/47 21/122/47 20/24/47 101/27/47
f 30/156/44 26/154/44 25/60/44 28/59/44
f 167/15/48 27/14/48 26/169/48 168/170/48
f 64/108/45 29/113/45 28/59/45 63/58/45
f 171/112/46 24/111/46 23/32/46 172/31/46
f 173/171/49 31/157/49 34/158/49 174/171/49
f 66/41/50 35/40/50 38/3/50 65/2/50
f 10/150/51 34/158/51 33/6/51 11/5/51
f 37/10/52 7/9/52 6/1/52 38/3/52
f 177/172/53 45/173/53 47/174/53 178/175/53
f 68/56/54 48/55/54 50/42/54 67/2/54
f 35/40/55 50/42/55 49/29/55 36/28/55
f 46/39/56 32/38/56 31/157/56 47/174/56
f 181/176/57 39/159/57 41/43/57 182/129/57
f 70/36/58 42/35/58 44/54/58 69/53/58
f 185/177/57 51/164/57 53/165/57 186/178/57
f 72/179/58 55/166/58 54/37/58 71/36/58
f 39/159/59 53/165/59 52/128/59 40/127/59
f 56/51/60 43/50/60 42/35/60 54/37/60
f 104/4/61 58/2/61 57/64/61 103/18/61
f 106/68/45 60/71/45 59/108/45 105/107/45
f 27/14/47 61/34/47 62/57/47 25/60/47
f 108/109/45 64/108/45 63/58/45 107/26/45
f 110/4/62 66/41/62 65/2/62 109/7/62
f 112/45/54 68/56/54 67/2/54 111/4/54
f 114/47/63 70/36/63 69/53/63 113/44/63
f 116/180/64 72/179/64 71/36/64 115/48/64
f 81/16/43 73/78/43 74/84/43 80/83/43
f 83/181/44 75/182/44 76/91/44 82/66/44
f 86/120/43 78/90/43 77/75/43 84/74/43
f 117/141/65 79/140/65 78/147/65 118/146/65
f 12/17/43 81/16/43 80/83/43 9/126/43
f 8/149/44 83/181/44 82/66/44 5/65/44
f 122/131/47 86/132/47 85/73/47 120/72/47
f 73/78/43 87/96/43 88/94/43 74/84/43
f 75/182/44 89/183/44 90/92/44 76/91/44
f 125/145/47 92/148/47 91/100/47 123/99/47
f 87/96/43 95/95/43 94/22/43 88/94/43
f 89/183/44 97/168/44 96/117/44 90/92/44
f 92/89/43 99/116/43 98/103/43 93/102/43
f 126/106/45 100/105/45 99/70/45 127/69/45
f 61/34/47 102/62/47 101/27/47 62/57/47
f 11/5/61 104/4/61 103/18/61 12/17/61
f 13/114/45 106/68/45 105/107/45 14/111/45
f 24/111/45 108/109/45 107/26/45 22/25/45
f 32/38/62 110/4/62 109/7/62 33/6/62
f 45/46/66 112/45/66 111/4/66 46/39/66
f 40/127/63 114/47/63 113/44/63 41/43/63
f 51/164/67 116/180/67 115/48/67 52/128/67
f 124/144/44 128/143/44 127/98/44 125/97/44
f 121/138/44 119/137/44 118/80/44 122/79/44
f 129/77/43 132/76/43 134/88/43 130/87/43
f 137/85/45 134/88/45 133/140/45 135/142/45
f 138/72/68 131/73/68 130/87/68 139/86/68
f 141/99/47 144/101/47 146/135/47 142/134/47
f 145/102/43 147/104/43 149/136/43 146/135/43
f 152/133/45 149/136/45 148/105/45 150/106/45
f 142/134/44 152/133/44 151/143/44 143/144/44
f 139/86/44 137/85/44 136/137/44 140/139/44
f 93/102/69 145/102/69 144/101/69 91/100/69
f 143/144/48 124/144/48 123/99/48 141/99/48
f 150/106/70 126/106/70 128/143/70 151/143/70
f 147/104/46 98/103/46 100/105/46 148/105/46
f 84/74/71 129/77/71 131/73/71 85/73/71
f 140/139/72 121/138/72 120/72/72 138/72/72
f 79/140/46 133/140/46 132/76/46 77/75/46
f 135/142/70 117/141/70 119/137/70 136/137/70
f 89/183/11 75/182/11 196/184/11 195/185/11
f 116/180/9 194/186/9 193/187/9 72/179/9
f 97/168/11 89/183/11 195/185/11 191/188/11
f 75/182/11 83/181/11 189/189/11 196/184/11
f 72/179/9 193/187/9 187/190/9 55/166/9
f 55/166/73 187/190/73 188/52/73 56/51/73
f 51/164/9 185/177/9 194/186/9 116/180/9
f 43/50/73 183/49/73 184/191/73 44/54/73
f 39/159/74 181/176/74 186/178/74 53/165/74
f 44/54/9 184/191/9 179/192/9 48/55/9
f 48/193/75 179/11/75 180/11/75 49/29/75
f 36/28/76 175/11/76 176/11/76 37/10/76
f 31/157/77 173/171/77 178/175/77 47/174/77
f 29/113/70 169/194/70 170/195/70 30/156/70
f 26/154/11 30/156/11 170/195/11 168/196/11
f 21/122/69 165/121/69 166/197/69 19/152/69
f 18/113/9 162/194/9 169/194/9 29/113/9
f 17/151/11 97/168/11 191/188/11 161/198/11
f 17/151/70 161/198/70 162/194/70 18/113/70
f 83/181/11 8/149/11 160/199/11 189/189/11
f 7/9/78 159/8/78 160/199/78 8/149/78
f 10/150/79 157/167/79 174/171/79 34/158/79
f 2/122/3 153/121/3 165/121/3 21/122/3
f 204/1/80 236/3/80 263/2/80 256/2/80
f 302/4/80 307/7/80 231/6/80 209/5/80
f 159/8/2 176/11/2 235/10/2 205/9/2
f 155/12/3 154/15/3 199/14/3 201/13/3
f 279/16/81 320/19/81 301/18/81 210/17/81
f 163/20/5 213/23/5 292/22/5 192/21/5
f 218/24/81 299/27/81 305/26/81 220/25/81
f 175/11/6 180/11/6 247/29/6 234/28/6
f 166/30/5 217/33/5 221/32/5 172/31/5
f 199/14/3 225/14/3 259/34/3 201/13/3
f 240/35/82 252/37/82 269/36/82 268/36/82
f 308/4/83 309/4/83 244/39/83 230/38/83
f 233/40/83 248/42/83 265/2/83 264/41/83
f 239/43/9 243/46/9 310/45/9 311/44/9
f 268/36/82 269/36/82 313/48/82 312/47/82
f 264/41/83 265/2/83 309/4/83 308/4/83
f 183/49/10 188/52/10 254/51/10 241/50/10
f 267/53/9 266/56/9 246/55/9 242/54/9
f 260/57/81 223/60/81 226/59/81 261/58/81
f 201/13/3 259/34/3 300/62/3 202/61/3
f 154/15/3 167/15/3 225/14/3 199/14/3
f 284/63/81 280/66/81 203/65/81 255/64/81
f 156/67/3 155/12/3 201/13/3 202/61/3
f 304/68/81 258/71/81 297/70/81 325/69/81
f 318/72/3 336/72/3 329/73/3 283/73/3
f 282/74/5 327/77/5 330/76/5 275/75/5
f 271/78/81 316/80/81 320/79/81 279/16/81
f 197/81/5 272/84/5 278/83/5 190/82/5
f 335/85/81 332/88/81 328/87/81 337/86/81
f 290/89/81 288/92/81 274/91/81 276/90/81
f 198/93/5 286/94/5 272/84/5 197/81/5
f 192/21/5 292/22/5 286/94/5 198/93/5
f 293/95/81 325/98/81 323/97/81 285/96/81
f 321/99/3 339/99/3 342/101/3 289/100/3
f 291/102/5 343/102/5 345/104/5 296/103/5
f 298/105/9 346/105/9 348/106/9 324/106/9
f 303/107/9 306/109/9 262/108/9 257/108/9
f 164/110/9 171/112/9 222/111/9 212/111/9
f 257/108/9 262/108/9 227/113/9 216/113/9
f 211/114/81 304/68/81 325/115/81 293/95/81
f 212/111/9 222/111/9 306/109/9 303/107/9
f 297/116/81 294/117/81 288/92/81 290/89/81
f 285/96/81 323/119/81 316/118/81 271/78/81
f 276/90/81 274/91/81 280/66/81 284/120/81
f 153/121/3 156/67/3 202/61/3 200/122/3
f 258/71/81 214/124/81 294/117/81 297/123/81
f 202/61/3 300/62/3 219/122/3 200/122/3
f 190/82/5 278/83/5 207/126/5 158/125/5
f 312/47/82 313/48/82 250/128/82 238/127/82
f 182/129/9 177/130/9 243/46/9 239/43/9
f 311/44/9 310/45/9 266/56/9 267/53/9
f 299/27/81 260/57/81 261/58/81 305/26/81
f 320/131/81 284/132/81 255/64/81 301/18/81
f 256/2/80 263/2/80 307/7/80 302/4/80
f 350/133/81 347/136/81 344/135/81 340/134/81
f 317/137/11 334/137/11 338/139/11 319/138/11
f 277/140/9 331/140/9 333/142/9 315/141/9
f 326/143/11 349/143/11 341/144/11 322/144/11
f 323/145/81 290/148/81 276/147/81 316/146/81
f 203/65/84 206/149/84 205/9/84 204/1/84
f 207/126/85 210/17/85 209/5/85 208/150/85
f 211/114/86 213/23/86 212/111/86
f 214/124/87 216/113/87 215/151/87
f 217/152/88 219/122/88 218/122/88
f 220/25/89 222/111/89 221/32/89
f 223/153/90 225/155/90 224/154/90
f 226/59/91 228/156/91 227/113/91
f 229/157/92 232/158/92 231/6/92 230/38/92
f 233/40/93 236/3/93 235/10/93 234/28/93
f 237/159/94 239/43/94 238/127/94
f 240/35/95 242/54/95 241/50/95
f 243/160/96 245/161/96 244/39/96
f 246/162/97 248/163/97 247/29/97
f 249/164/98 251/165/98 250/128/98
f 252/37/99 254/51/99 253/166/99
f 275/75/100 277/140/100 276/147/100
f 282/74/101 284/120/101 283/73/101
f 289/100/102 291/102/102 290/89/102
f 296/103/103 298/105/103 297/70/103
f 315/141/104 317/137/104 316/80/104
f 318/72/105 320/131/105 319/138/105
f 321/99/106 323/145/106 322/144/106
f 324/106/107 326/143/107 325/98/107
f 327/77/108 329/73/108 328/87/108
f 330/76/109 332/88/109 331/140/109
f 333/142/91 335/85/91 334/137/91
f 336/72/110 338/139/110 337/86/110
f 339/99/111 341/144/111 340/134/111
f 342/101/112 344/135/112 343/102/112
f 345/104/89 347/136/89 346/105/89
f 348/106/91 350/133/91 349/143/91
f 157/167/41 158/125/41 207/126/41 208/150/41
f 256/2/113 255/64/113 203/65/113 204/1/113
f 293/95/114 292/22/114 213/23/114 211/114/114
f 295/168/115 294/117/115 214/124/115 215/151/115
f 258/71/116 257/108/116 216/113/116 214/124/116
f 163/20/46 164/110/46 212/111/46 213/23/46
f 220/25/114 221/32/114 217/33/114 218/24/114
f 300/62/117 299/27/117 218/24/117 219/122/117
f 228/156/115 226/59/115 223/60/115 224/154/115
f 167/15/48 168/170/48 224/169/48 225/14/48
f 262/108/116 261/58/116 226/59/116 227/113/116
f 171/112/46 172/31/46 221/32/46 222/111/46
f 173/171/49 174/171/49 232/158/49 229/157/49
f 264/41/118 263/2/118 236/3/118 233/40/118
f 208/150/119 209/5/119 231/6/119 232/158/119
f 235/10/120 236/3/120 204/1/120 205/9/120
f 177/172/53 178/175/53 245/174/53 243/173/53
f 266/56/121 265/2/121 248/42/121 246/55/121
f 233/40/122 234/28/122 247/29/122 248/42/122
f 244/39/123 245/174/123 229/157/123 230/38/123
f 181/176/57 182/129/57 239/43/57 237/159/57
f 268/36/124 267/53/124 242/54/124 240/35/124
f 185/177/57 186/178/57 251/165/57 249/164/57
f 270/179/125 269/36/125 252/37/125 253/166/125
f 237/159/126 238/127/126 250/128/126 251/165/126
f 254/51/127 252/37/127 240/35/127 241/50/127
f 302/4/113 301/18/113 255/64/113 256/2/113
f 304/68/116 303/107/116 257/108/116 258/71/116
f 225/14/117 223/60/117 260/57/117 259/34/117
f 306/109/116 305/26/116 261/58/116 262/108/116
f 308/4/128 307/7/128 263/2/128 264/41/128
f 310/45/121 309/4/121 265/2/121 266/56/121
f 312/47/124 311/44/124 267/53/124 268/36/124
f 314/180/124 313/48/124 269/36/124 270/179/124
f 279/16/114 278/83/114 272/84/114 271/78/114
f 281/181/115 280/66/115 274/91/115 273/182/115
f 284/120/114 282/74/114 275/75/114 276/90/114
f 315/141/129 316/146/129 276/147/129 277/140/129
f 210/17/114 207/126/114 278/83/114 279/16/114
f 206/149/115 203/65/115 280/66/115 281/181/115
f 320/131/117 318/72/117 283/73/117 284/132/117
f 271/78/114 272/84/114 286/94/114 285/96/114
f 273/182/115 274/91/115 288/92/115 287/183/115
f 323/145/117 321/99/117 289/100/117 290/148/117
f 285/96/114 286/94/114 292/22/114 293/95/114
f 287/183/115 288/92/115 294/117/115 295/168/115
f 290/89/114 291/102/114 296/103/114 297/116/114
f 324/106/116 325/69/116 297/70/116 298/105/116
f 259/34/117 260/57/117 299/27/117 300/62/117
f 209/5/130 210/17/130 301/18/130 302/4/130
f 211/114/116 212/111/116 303/107/116 304/68/116
f 222/111/116 220/25/116 305/26/116 306/109/116
f 230/38/118 231/6/118 307/7/118 308/4/118
f 243/46/131 244/39/131 309/4/131 310/45/131
f 238/127/132 239/43/132 311/44/132 312/47/132
f 249/164/133 250/128/133 313/48/133 314/180/133
f 322/144/115 323/97/115 325/98/115 326/143/115
f 319/138/115 320/79/115 316/80/115 317/137/115
f 327/77/114 328/87/114 332/88/114 330/76/114
f 335/85/116 333/142/116 331/140/116 332/88/116
f 336/72/134 337/86/134 328/87/134 329/73/134
f 339/99/117 340/134/117 344/135/117 342/101/117
f 343/102/114 344/135/114 347/136/114 345/104/114
f 350/133/116 348/106/116 346/105/116 347/136/116
f 340/134/115 341/144/115 349/143/115 350/133/115
f 337/86/115 338/139/115 334/137/115 335/85/115
f 291/102/69 289/100/69 342/101/69 343/102/69
f 341/144/48 339/99/48 321/99/48 322/144/48
f 348/106/70 349/143/70 326/143/70 324/106/70
f 345/104/46 346/105/46 298/105/46 296/103/46
f 282/74/71 283/73/71 329/73/71 327/77/71
f 338/139/72 336/72/72 318/72/72 319/138/72
f 277/140/46 275/75/46 330/76/46 331/140/46
f 333/142/70 334/137/70 317/137/70 315/141/70
f 287/183/11 195/185/11 196/184/11 273/182/11
f 314/180/9 270/179/9 193/187/9 194/186/9
f 295/168/11 191/188/11 195/185/11 287/183/11
f 273/182/11 196/184/11 189/189/11 281/181/11
f 270/179/9 253/166/9 187/190/9 193/187/9
f 253/166/73 254/51/73 188/52/73 187/190/73
f 249/164/9 314/180/9 194/186/9 185/177/9
f 241/50/73 242/54/73 184/191/73 183/49/73
f 237/159/74 251/165/74 186/178/74 181/176/74
f 242/54/9 246/55/9 179/192/9 184/191/9
f 246/193/75 247/29/75 180/11/75 179/11/75
f 234/28/76 235/10/76 176/11/76 175/11/76
f 229/157/77 245/174/77 178/175/77 173/171/77
f 227/113/70 228/156/70 170/195/70 169/194/70
f 224/154/11 168/196/11 170/195/11 228/156/11
f 219/122/69 217/152/69 166/197/69 165/121/69
f 216/113/9 227/113/9 169/194/9 162/194/9
f 215/151/11 161/198/11 191/188/11 295/168/11
f 215/151/70 216/113/70 162/194/70 161/198/70
f 281/181/11 189/189/11 160/199/11 206/149/11
f 205/9/78 206/149/78 160/199/78 159/8/78
f 208/150/79 232/158/79 174/171/79 157/167/79
f 200/122/3 219/122/3 165/121/3 153/121/3
s 1
f 376/200/135 368/201/135 420/202/136 425/203/136
f 364/204/137 355/205/138 352/206/139 359/207/139
f 370/208/140 356/209/141 363/210/141 374/211/140
f 377/212/142 367/213/142 418/213/143 415/212/143
f 403/214/144 408/215/145 411/216/146 410/217/144
f 371/218/147 373/219/148 412/219/149 407/218/150
f 413/220/151 416/221/152 417/222/153 406/223/151
f 355/205/138 364/204/137 366/224/154 357/225/154
f 357/225/154 366/224/154 365/161/155 358/226/155
f 358/227/155 365/161/155 363/210/141 356/209/141
f 359/207/139 352/206/139 354/228/156 361/229/156
f 361/229/156 354/228/156 353/230/157 362/163/157
f 362/163/157 353/231/157 351/232/158 360/233/158
f 426/234/159 419/235/160 369/213/161 378/212/161
f 370/208/140 374/211/140 424/236/162 421/237/162
f 378/212/161 369/213/161 367/213/142 377/212/142
f 422/238/163 423/239/164 375/219/165 372/218/165
f 428/240/166 433/241/167 438/242/168 429/243/169
f 372/218/165 375/219/165 373/219/148 371/218/147
f 376/200/135 360/233/158 351/232/158 368/201/135
f 385/207/170 380/206/170 444/244/171 447/245/171
f 389/204/172 382/205/172 380/206/170 385/207/170
f 394/208/173 383/209/141 388/210/141 398/211/173
f 401/212/174 391/213/174 442/213/143 439/212/143
f 427/246/145 432/247/145 435/248/145 434/249/175
f 395/218/176 397/219/177 436/219/178 431/218/179
f 437/250/152 440/251/152 441/252/152 430/253/152
f 446/254/180 449/255/180 390/161/181 384/226/181
f 402/256/182 393/257/182 452/258/183 457/259/183
f 384/227/181 390/161/181 388/210/141 383/209/141
f 448/260/184 443/261/184 381/230/185 387/163/185
f 382/205/172 389/204/172 450/262/186 445/263/186
f 387/163/185 381/231/185 379/232/158 386/233/158
f 400/200/187 392/201/187 393/257/182 402/256/182
f 458/212/188 451/213/188 391/213/174 401/212/174
f 396/264/189 399/265/189 456/266/190 453/267/190
f 394/208/173 398/211/173 399/265/189 396/264/189
f 454/218/191 455/219/191 397/219/177 395/218/176
f 400/200/187 386/233/158 379/232/158 392/201/187
f 409/241/167 404/240/167 403/268/144 410/122/144
f 405/243/169 414/242/192 413/14/151 406/269/151
f 415/212/143 418/213/143 417/222/153 416/221/152
f 407/218/150 412/219/149 411/216/146 408/215/145
f 419/235/160 426/234/159 425/203/136 420/202/136
f 423/239/164 422/238/163 421/237/162 424/236/162
f 433/122/167 428/270/166 427/246/145 434/249/175
f 429/271/169 438/14/168 437/250/152 430/253/152
f 439/212/143 442/213/143 441/252/152 440/251/152
f 431/218/179 436/219/178 435/248/145 432/247/145
f 449/255/180 446/254/180 445/263/186 450/262/186
f 443/261/184 448/260/184 447/245/171 444/244/171
f 451/213/188 458/212/188 457/259/183 452/258/183
f 455/219/191 454/218/191 453/267/190 456/266/190
f 404/240/167 409/241/167 414/242/192 405/243/169
f 484/200/135 533/203/136 528/202/136 476/201/135
f 472/204/138 467/207/139 460/206/139 463/205/137
f 478/208/140 482/211/140 471/210/141 464/209/141
f 485/212/142 523/212/143 526/213/143 475/213/142
f 511/214/193 518/217/144 519/216/145 516/215/175
f 479/218/148 515/218/150 520/219/150 481/219/147
f 521/220/194 514/223/151 525/222/152 524/221/195
f 463/205/137 465/225/154 474/224/154 472/204/138
f 465/225/154 466/226/155 473/161/155 474/224/154
f 466/227/155 464/209/141 471/210/141 473/161/155
f 467/207/139 469/229/156 462/228/156 460/206/139
f 469/229/156 470/163/157 461/230/157 462/228/156
f 470/163/157 468/233/158 459/232/158 461/231/157
f 534/234/160 486/212/161 477/213/161 527/235/160
f 478/208/140 529/237/162 532/236/162 482/211/140
f 486/212/161 485/212/142 475/213/142 477/213/161
f 530/238/164 480/218/165 483/219/165 531/239/164
f 536/240/167 537/243/169 546/242/169 541/241/167
f 480/218/165 479/218/148 481/219/147 483/219/165
f 484/200/135 476/201/135 459/232/158 468/233/158
f 493/207/170 555/245/171 552/244/171 488/206/170
f 497/204/172 493/207/170 488/206/170 490/205/172
f 502/208/173 506/211/173 496/210/141 491/209/141
f 509/212/174 547/212/143 550/213/143 499/213/174
f 535/246/196 542/249/145 543/248/145 540/247/145
f 503/218/176 539/218/179 544/219/179 505/219/176
f 545/250/152 538/253/152 549/252/152 548/251/152
f 554/254/180 492/226/181 498/161/181 557/255/180
f 510/256/182 565/259/183 560/258/183 501/257/182
f 492/227/181 491/209/141 496/210/141 498/161/181
f 556/260/184 495/163/185 489/230/185 551/261/184
f 490/205/172 553/263/186 558/262/186 497/204/172
f 495/163/185 494/233/158 487/232/158 489/231/185
f 508/200/187 510/256/182 501/257/182 500/201/187
f 566/212/188 509/212/174 499/213/174 559/213/188
f 504/264/189 561/267/190 564/266/190 507/265/189
f 502/208/173 504/264/189 507/265/189 506/211/173
f 562/218/191 503/218/176 505/219/176 563/219/191
f 508/200/187 500/201/187 487/232/158 494/233/158
f 517/241/167 518/122/144 511/268/193 512/240/167
f 513/243/192 514/269/151 521/14/194 522/242/169
f 523/212/143 524/221/195 525/222/152 526/213/143
f 515/218/150 516/215/175 519/216/145 520/219/150
f 527/235/160 528/202/136 533/203/136 534/234/160
f 531/239/164 532/236/162 529/237/162 530/238/164
f 541/122/167 542/249/145 535/246/196 536/270/167
f 537/271/169 538/253/152 545/250/152 546/14/169
f 547/212/143 548/251/152 549/252/152 550/213/143
f 539/218/179 540/247/145 543/248/145 544/219/179
f 557/255/180 558/262/186 553/263/186 554/254/180
f 551/261/184 552/244/171 555/245/171 556/260/184
f 559/213/188 560/258/183 565/259/183 566/212/188
f 563/219/191 564/266/190 561/267/190 562/218/191
f 512/240/167 513/243/192 522/242/169 517/241/167
s 0
f 627/272/197 634/273/198 636/274/199 604/275/200
f 572/276/9 568/276/9 609/276/201 630/276/202
f 591/277/203 589/278/204 593/279/205 596/280/206
f 592/281/207 598/282/208 633/282/209 624/281/210
f 642/283/211 622/284/212 629/285/213 644/286/214
f 576/287/215 586/288/216 615/288/217 637/287/218
f 602/289/219 635/290/220 614/291/221 599/292/222
f 594/293/223 588/294/224 643/294/225 646/293/226
f 573/276/3 569/276/3 601/276/227 619/276/228
f 588/294/224 582/295/229 640/295/230 643/294/225
f 618/296/231 625/297/232 632/298/233 626/299/234
f 597/300/235 595/301/236 579/302/237 577/303/238
f 568/276/9 570/276/9 611/276/239 609/276/201
f 571/276/3 573/276/3 619/276/228 628/276/240
f 605/304/241 610/305/242 613/306/243 638/307/244
f 645/308/197 631/309/198 608/310/199 607/311/200
f 574/276/9 572/276/9 630/276/202 621/276/245
f 567/276/3 571/276/3 628/276/240 603/276/246
f 600/312/247 616/313/248 623/314/249 617/315/250
f 586/288/216 592/281/207 624/281/210 615/288/217
f 570/276/9 574/276/9 621/276/245 611/276/239
f 598/282/208 576/316/215 637/316/218 633/282/209
f 569/276/3 567/276/3 603/276/246 601/276/227
f 585/317/251 583/318/252 587/319/253 590/320/254
f 639/321/247 612/322/248 620/323/249 641/324/250
f 580/325/255 594/293/223 646/293/226 606/325/256
f 582/295/229 580/326/255 606/326/256 640/295/230
f 575/327/257 576/287/258 577/287/259
f 578/328/260 579/329/261 580/326/262
f 581/330/263 582/295/264 583/318/265
f 584/331/266 585/317/267 586/288/268
f 587/319/269 588/294/270 589/278/271
f 590/320/272 591/277/273 592/281/274
f 593/279/275 594/293/276 595/301/277
f 596/280/278 597/300/279 598/282/280
f 599/292/281 600/332/282 601/333/283
f 602/276/284 603/276/285 604/276/286
f 605/334/287 606/326/288 607/326/289
f 608/276/290 609/276/291 610/276/292
f 611/276/293 612/276/294 613/276/295
f 614/291/296 615/288/297 616/313/298
f 617/315/299 618/335/300 619/336/301
f 620/276/302 621/276/303 622/276/304
f 623/314/305 624/281/306 625/297/304
f 626/337/307 627/272/308 628/338/309
f 629/276/310 630/276/311 631/276/312
f 632/298/310 633/282/313 634/273/312
f 635/290/314 636/339/315 637/340/316
f 638/307/317 639/321/318 640/295/319
f 641/324/299 642/283/300 643/294/320
f 644/286/307 645/308/321 646/293/322
f 577/341/323 579/329/324 578/328/325 575/342/326
f 583/318/327 585/317/328 584/331/329 581/330/330
f 589/278/331 591/277/332 590/320/333 587/319/334
f 595/301/335 597/300/336 596/280/337 593/279/338
f 597/300/336 577/303/339 576/316/340 598/282/341
f 594/293/342 580/325/343 579/302/344 595/301/345
f 591/277/203 596/280/206 598/282/341 592/281/346
f 588/294/347 594/293/348 593/279/349 589/278/350
f 585/317/328 590/320/351 592/281/352 586/288/353
f 582/295/264 588/294/354 587/319/355 583/318/356
f 575/342/357 584/331/358 586/288/353 576/287/359
f 580/326/360 582/295/361 581/330/362 578/328/363
f 601/276/364 603/276/365 602/276/219 599/276/222
f 607/343/366 608/344/367 610/305/368 605/304/369
f 609/276/201 611/276/239 613/276/243 610/276/242
f 616/313/370 600/312/371 599/292/372 614/291/373
f 619/276/228 601/276/227 600/276/247 617/276/250
f 611/276/374 621/276/375 620/276/376 612/276/377
f 625/297/378 618/296/379 617/315/380 623/314/381
f 628/276/382 619/276/383 618/276/231 626/276/234
f 621/276/245 630/276/202 629/276/213 622/276/212
f 634/273/384 627/272/385 626/299/386 632/298/387
f 603/276/246 628/276/240 627/276/197 604/276/200
f 630/276/388 609/276/389 608/276/390 631/276/391
f 604/345/366 636/339/367 635/290/368 602/289/369
f 612/322/370 639/321/371 638/307/372 613/306/373
f 622/284/378 642/283/379 641/324/380 620/323/381
f 631/309/384 645/308/385 644/286/386 629/285/387
f 633/282/392 637/316/393 636/274/199 634/273/198
f 645/308/394 607/311/395 606/325/396 646/293/397
f 624/281/398 633/282/399 632/298/213 625/297/212
f 642/283/231 644/286/234 646/293/397 643/294/400
f 615/288/401 624/281/402 623/314/249 616/313/248
f 639/321/403 641/324/404 643/294/400 640/295/405
f 637/287/406 615/288/407 614/291/243 635/290/242
f 605/304/219 638/307/222 640/295/405 606/326/396
f 575/342/357 578/328/408 581/330/409 584/331/358
f 707/272/197 714/273/198 716/274/199 684/275/200
f 652/276/9 648/276/9 689/276/201 710/276/202
f 671/277/203 669/278/204 673/279/205 676/280/206
f 672/281/207 678/282/208 713/282/209 704/281/210
f 722/283/211 702/284/212 709/285/213 724/286/214
f 656/287/215 666/288/216 695/288/217 717/287/218
f 682/289/219 715/290/220 694/291/221 679/292/222
f 674/293/223 668/294/224 723/294/225 726/293/226
f 653/276/3 649/276/3 681/276/227 699/276/228
f 668/294/224 662/295/229 720/295/230 723/294/225
f 698/296/231 705/297/232 712/298/233 706/299/234
f 677/300/235 675/301/236 659/302/237 657/303/238
f 648/276/9 650/276/9 691/276/239 689/276/201
f 651/276/3 653/276/3 699/276/228 708/276/240
f 685/304/241 690/305/242 693/306/243 718/307/244
f 725/308/197 711/309/198 688/310/199 687/311/200
f 654/276/9 652/276/9 710/276/202 701/276/245
f 647/276/3 651/276/3 708/276/240 683/276/246
f 680/312/247 696/313/248 703/314/249 697/315/250
f 666/288/216 672/281/207 704/281/210 695/288/217
f 650/276/9 654/276/9 701/276/245 691/276/239
f 678/282/208 656/316/215 717/316/218 713/282/209
f 649/276/3 647/276/3 683/276/246 681/276/227
f 665/317/251 663/318/252 667/319/253 670/320/254
f 719/321/247 692/322/248 700/323/249 721/324/250
f 660/325/255 674/293/223 726/293/226 686/325/256
f 662/295/229 660/326/255 686/326/256 720/295/230
f 655/327/257 656/287/258 657/287/259
f 658/328/260 659/329/261 660/326/262
f 661/330/263 662/295/264 663/318/265
f 664/331/266 665/317/267 666/288/268
f 667/319/410 668/294/411 669/278/412
f 670/320/413 671/277/414 672/281/415
f 673/279/338 674/293/416 675/301/417
f 676/280/418 677/300/419 678/282/420
f 679/292/281 680/332/282 681/333/283
f 682/276/284 683/276/285 684/276/286
f 685/334/284 686/326/421 687/326/422
f 688/276/423 689/276/424 690/276/314
f 691/276/425 692/276/298 693/276/296
f 694/291/296 695/288/297 696/313/298
f 697/315/426 698/335/427 699/336/428
f 700/276/429 701/276/430 702/276/431
f 703/314/432 704/281/433 705/297/434
f 706/337/435 707/272/436 708/338/437
f 709/276/438 710/276/439 711/276/440
f 712/298/441 713/282/442 714/273/443
f 715/290/314 716/339/315 717/340/316
f 718/307/281 719/321/444 720/295/445
f 721/324/446 722/283/447 723/294/448
f 724/286/449 725/308/450 726/293/451
f 657/341/323 659/329/324 658/328/325 655/342/326
f 663/318/327 665/317/328 664/331/329 661/330/330
f 669/278/331 671/277/332 670/320/333 667/319/334
f 675/301/335 677/300/336 676/280/337 673/279/338
f 677/300/336 657/303/339 656/316/340 678/282/208
f 674/293/276 660/325/343 659/302/344 675/301/236
f 671/277/452 676/280/453 678/282/454 672/281/455
f 668/294/411 674/293/456 673/279/457 669/278/458
f 665/317/328 670/320/333 672/281/207 666/288/353
f 662/295/264 668/294/354 667/319/253 663/318/356
f 655/342/357 664/331/358 666/288/353 656/287/359
f 660/326/360 662/295/361 661/330/362 658/328/363
f 681/276/364 683/276/365 682/276/219 679/276/222
f 687/343/366 688/344/367 690/305/368 685/304/369
f 689/276/201 691/276/239 693/276/243 690/276/242
f 696/313/370 680/312/371 679/292/372 694/291/373
f 699/276/228 681/276/227 680/276/247 697/276/250
f 691/276/374 701/276/375 700/276/376 692/276/377
f 705/297/459 698/296/460 697/315/461 703/314/462
f 708/276/463 699/276/464 698/276/465 706/276/466
f 701/276/467 710/276/468 709/276/469 702/276/470
f 714/273/471 707/272/472 706/299/473 712/298/474
f 683/276/246 708/276/240 707/276/197 684/276/200
f 710/276/388 689/276/389 688/276/390 711/276/391
f 684/345/366 716/339/367 715/290/368 682/289/369
f 692/322/370 719/321/371 718/307/372 693/306/373
f 702/284/475 722/283/476 721/324/477 700/323/478
f 711/309/479 725/308/480 724/286/481 709/285/482
f 713/282/392 717/316/393 716/274/199 714/273/198
f 725/308/394 687/311/395 686/325/396 726/293/397
f 704/281/483 713/282/484 712/298/469 705/297/470
f 722/283/465 724/286/466 726/293/485 723/294/486
f 695/288/401 704/281/402 703/314/249 696/313/248
f 719/321/403 721/324/404 723/294/400 720/295/405
f 717/287/406 695/288/407 694/291/243 715/290/242
f 685/304/219 718/307/222 720/295/405 686/326/396
f 655/342/357 658/328/408 661/330/409 664/331/358
f 787/272/197 794/273/198 796/274/199 764/275/200
f 732/276/9 728/276/9 769/276/201 790/276/202
f 751/277/203 749/278/204 753/279/205 756/280/206
f 752/281/207 758/282/208 793/282/209 784/281/210
f 802/283/211 782/284/212 789/285/213 804/286/214
f 736/287/215 746/288/216 775/288/217 797/287/218
f 762/289/219 795/290/220 774/291/221 759/292/222
f 754/293/223 748/294/224 803/294/225 806/293/226
f 733/276/3 729/276/3 761/276/227 779/276/228
f 748/294/224 742/295/229 800/295/230 803/294/225
f 778/296/231 785/297/232 792/298/233 786/299/234
f 757/300/235 755/301/236 739/302/237 737/303/238
f 728/276/9 730/276/9 771/276/239 769/276/201
f 731/276/3 733/276/3 779/276/228 788/276/240
f 765/304/241 770/305/242 773/306/243 798/307/244
f 805/308/197 791/309/198 768/310/199 767/311/200
f 734/276/9 732/276/9 790/276/202 781/276/245
f 727/276/3 731/276/3 788/276/240 763/276/246
f 760/312/247 776/313/248 783/314/249 777/315/250
f 746/288/216 752/281/207 784/281/210 775/288/217
f 730/276/9 734/276/9 781/276/245 771/276/239
f 758/282/208 736/316/215 797/316/218 793/282/209
f 729/276/3 727/276/3 763/276/246 761/276/227
f 745/317/251 743/318/252 747/319/253 750/320/254
f 799/321/247 772/322/248 780/323/249 801/324/250
f 740/325/255 754/293/223 806/293/226 766/325/256
f 742/295/229 740/326/255 766/326/256 800/295/230
f 735/327/487 736/287/359 737/287/488
f 738/328/260 739/329/261 740/326/262
f 741/330/263 742/295/264 743/318/265
f 744/331/489 745/317/490 746/288/491
f 747/319/492 748/294/493 749/278/494
f 750/320/495 751/277/496 752/281/497
f 753/279/498 754/293/499 755/301/500
f 756/280/501 757/300/502 758/282/503
f 759/292/281 760/332/282 761/333/283
f 762/276/284 763/276/285 764/276/286
f 765/334/287 766/326/288 767/326/289
f 768/276/290 769/276/291 770/276/292
f 771/276/293 772/276/294 773/276/295
f 774/291/296 775/288/297 776/313/298
f 777/315/504 778/335/505 779/336/506
f 780/276/302 781/276/303 782/276/304
f 783/314/507 784/281/508 785/297/509
f 786/337/510 787/272/511 788/338/512
f 789/276/310 790/276/311 791/276/312
f 792/298/513 793/282/514 794/273/515
f 795/290/314 796/339/315 797/340/316
f 798/307/317 799/321/318 800/295/319
f 801/324/299 802/283/300 803/294/320
f 804/286/307 805/308/321 806/293/322
f 737/341/323 739/329/324 738/328/325 735/342/326
f 743/318/327 745/317/328 744/331/329 741/330/330
f 749/278/331 751/277/332 750/320/333 747/319/334
f 755/301/335 757/300/336 756/280/337 753/279/338
f 757/300/336 737/303/339 736/316/340 758/282/208
f 754/293/276 740/325/343 739/302/344 755/301/236
f 751/277/452 756/280/453 758/282/454 752/281/455
f 748/294/411 754/293/456 753/279/457 749/278/458
f 745/317/328 750/320/333 752/281/207 746/288/353
f 742/295/264 748/294/354 747/319/253 743/318/356
f 735/342/357 744/331/358 746/288/353 736/287/359
f 740/326/360 742/295/361 741/330/362 738/328/363
f 761/276/364 763/276/365 762/276/219 759/276/222
f 767/343/366 768/344/367 770/305/368 765/304/369
f 769/276/201 771/276/239 773/276/243 770/276/242
f 776/313/370 760/312/371 759/292/372 774/291/373
f 779/276/228 761/276/227 760/276/247 777/276/250
f 771/276/374 781/276/375 780/276/376 772/276/377
f 785/297/378 778/296/379 777/315/380 783/314/381
f 788/276/382 779/276/383 778/276/231 786/276/234
f 781/276/245 790/276/202 789/276/213 782/276/212
f 794/273/384 787/272/385 786/299/386 792/298/387
f 763/276/246 788/276/240 787/276/394 764/276/395
f 790/276/388 769/276/389 768/276/390 791/276/391
f 764/345/366 796/339/367 795/290/368 762/289/369
f 772/322/370 799/321/371 798/307/372 773/306/373
f 782/284/378 802/283/379 801/324/380 780/323/381
f 791/309/384 805/308/385 804/286/386 789/285/387
f 793/282/392 797/316/393 796/274/390 794/273/391
f 805/308/394 767/311/395 766/325/396 806/293/397
f 784/281/398 793/282/399 792/298/213 785/297/212
f 802/283/231 804/286/234 806/293/397 803/294/400
f 775/288/401 784/281/402 783/314/249 776/313/248
f 799/321/403 801/324/404 803/294/400 800/295/405
f 797/287/406 775/288/407 774/291/243 795/290/242
f 765/304/219 798/307/222 800/295/405 766/326/396
f 735/342/357 738/328/408 741/330/409 744/331/358
f 867/272/197 874/273/198 876/274/199 844/275/200
f 812/276/9 808/276/9 849/276/201 870/276/202
f 831/277/203 829/278/204 833/279/205 836/280/206
f 832/281/207 838/282/208 873/282/209 864/281/210
f 882/283/211 862/284/212 869/285/213 884/286/214
f 816/287/215 826/288/216 855/288/217 877/287/218
f 842/289/219 875/290/220 854/291/221 839/292/222
f 834/293/223 828/294/224 883/294/225 886/293/226
f 813/276/3 809/276/3 841/276/227 859/276/228
f 828/294/224 822/295/229 880/295/230 883/294/225
f 858/296/231 865/297/232 872/298/233 866/299/234
f 837/300/235 835/301/236 819/302/237 817/303/238
f 808/276/9 810/276/9 851/276/239 849/276/201
f 811/276/3 813/276/3 859/276/228 868/276/240
f 845/304/241 850/305/242 853/306/243 878/307/244
f 885/308/197 871/309/198 848/310/199 847/311/200
f 814/276/9 812/276/9 870/276/202 861/276/245
f 807/276/3 811/276/3 868/276/240 843/276/246
f 840/312/247 856/313/248 863/314/249 857/315/250
f 826/288/216 832/281/207 864/281/210 855/288/217
f 810/276/9 814/276/9 861/276/245 851/276/239
f 838/282/208 816/316/215 877/316/218 873/282/209
f 809/276/3 807/276/3 843/276/246 841/276/227
f 825/317/251 823/318/252 827/319/253 830/320/254
f 879/321/247 852/322/248 860/323/249 881/324/250
f 820/325/255 834/293/223 886/293/226 846/325/256
f 822/295/229 820/326/255 846/326/256 880/295/230
f 815/327/516 816/287/517 817/287/518
f 818/328/519 819/329/520 820/326/521
f 821/330/522 822/295/523 823/318/524
f 824/331/525 825/317/526 826/288/527
f 827/319/528 828/294/529 829/278/530
f 830/320/531 831/277/532 832/281/533
f 833/279/534 834/293/456 835/301/535
f 836/280/536 837/300/537 838/282/538
f 839/292/281 840/332/282 841/333/283
f 842/276/284 843/276/285 844/276/286
f 845/334/539 846/326/540 847/326/541
f 848/276/542 849/276/389 850/276/543
f 851/276/374 852/276/544 853/276/545
f 854/291/296 855/288/297 856/313/298
f 857/315/546 858/335/547 859/336/548
f 860/276/302 861/276/303 862/276/304
f 863/314/549 864/281/550 865/297/551
f 866/337/552 867/272/553 868/338/554
f 869/276/310 870/276/311 871/276/312
f 872/298/555 873/282/556 874/273/557
f 875/290/314 876/339/315 877/340/316
f 878/307/558 879/321/559 880/295/560
f 881/324/299 882/283/300 883/294/320
f 884/286/307 885/308/321 886/293/322
f 817/341/561 819/329/562 818/328/563 815/342/564
f 823/318/565 825/317/566 824/331/567 821/330/568
f 829/278/569 831/277/570 830/320/571 827/319/572
f 835/301/573 837/300/574 836/280/575 833/279/576
f 837/300/336 817/303/323 816/316/215 838/282/208
f 834/293/276 820/325/343 819/302/237 835/301/236
f 831/277/203 836/280/206 838/282/341 832/281/346
f 828/294/347 834/293/348 833/279/349 829/278/350
f 825/317/328 830/320/333 832/281/207 826/288/216
f 822/295/577 828/294/354 827/319/253 823/318/252
f 815/342/357 824/331/358 826/288/353 816/287/359
f 820/326/360 822/295/361 821/330/362 818/328/363
f 841/276/364 843/276/365 842/276/219 839/276/222
f 847/343/366 848/344/367 850/305/368 845/304/369
f 849/276/201 851/276/239 853/276/243 850/276/242
f 856/313/370 840/312/371 839/292/372 854/291/373
f 859/276/228 841/276/227 840/276/247 857/276/250
f 851/276/374 861/276/375 860/276/376 852/276/377
f 865/297/378 858/296/379 857/315/380 863/314/381
f 868/276/382 859/276/383 858/276/231 866/276/234
f 861/276/245 870/276/202 869/276/213 862/276/212
f 874/273/384 867/272/385 866/299/386 872/298/387
f 843/276/246 868/276/240 867/276/394 844/276/395
f 870/276/388 849/276/389 848/276/390 871/276/391
f 844/345/366 876/339/367 875/290/368 842/289/369
f 852/322/370 879/321/371 878/307/372 853/306/373
f 862/284/378 882/283/379 881/324/380 860/323/381
f 871/309/384 885/308/385 884/286/386 869/285/387
f 873/282/392 877/316/393 876/274/390 874/273/391
f 885/308/394 847/311/395 846/325/396 886/293/397
f 864/281/398 873/282/399 872/298/213 865/297/212
f 882/283/231 884/286/234 886/293/397 883/294/400
f 855/288/401 864/281/402 863/314/249 856/313/248
f 879/321/403 881/324/404 883/294/400 880/295/405
f 877/287/406 855/288/407 854/291/243 875/290/242
f 845/304/219 878/307/222 880/295/405 846/326/396
f 815/342/357 818/328/408 821/330/409 824/331/358
f 947/272/197 954/273/198 956/274/199 924/275/200
f 892/276/9 888/276/9 929/276/201 950/276/202
f 911/277/203 909/278/204 913/279/205 916/280/206
f 912/281/207 918/282/208 953/282/209 944/281/210
f 962/283/211 942/284/212 949/285/213 964/286/214
f 896/287/215 906/288/216 935/288/217 957/287/218
f 922/289/219 955/290/220 934/291/221 919/292/222
f 914/293/223 908/294/224 963/294/225 966/293/226
f 893/276/3 889/276/3 921/276/227 939/276/228
f 908/294/224 902/295/229 960/295/230 963/294/225
f 938/296/231 945/297/232 952/298/233 946/299/234
f 917/300/235 915/301/236 899/302/237 897/303/238
f 888/276/9 890/276/9 931/276/239 929/276/201
f 891/276/3 893/276/3 939/276/228 948/276/240
f 925/304/241 930/305/242 933/306/243 958/307/244
f 965/308/197 951/309/198 928/310/199 927/311/200
f 894/276/9 892/276/9 950/276/202 941/276/245
f 887/276/3 891/276/3 948/276/240 923/276/246
f 920/312/247 936/313/248 943/314/249 937/315/250
f 906/288/216 912/281/207 944/281/210 935/288/217
f 890/276/9 894/276/9 941/276/245 931/276/239
f 918/282/208 896/316/215 957/316/218 953/282/209
f 889/276/3 887/276/3 923/276/246 921/276/227
f 905/317/251 903/318/252 907/319/253 910/320/254
f 959/321/247 932/322/248 940/323/249 961/324/250
f 900/325/255 914/293/223 966/293/226 926/325/256
f 902/295/229 900/326/255 926/326/256 960/295/230
f 895/327/578 896/287/579 897/287/580
f 898/328/581 899/329/582 900/326/583
f 901/330/584 902/295/585 903/318/586
f 904/331/587 905/317/588 906/288/589
f 907/319/492 908/294/493 909/278/494
f 910/320/495 911/277/496 912/281/497
f 913/279/498 914/293/499 915/301/500
f 916/280/501 917/300/502 918/282/503
f 919/292/281 920/332/282 921/333/283
f 922/276/284 923/276/285 924/276/286
f 925/334/539 926/326/540 927/326/541
f 928/276/542 929/276/389 930/276/543
f 931/276/374 932/276/544 933/276/545
f 934/291/296 935/288/297 936/313/298
f 937/315/546 938/335/547 939/336/548
f 940/276/590 941/276/375 942/276/551
f 943/314/549 944/281/550 945/297/551
f 946/337/552 947/272/553 948/338/554
f 949/276/591 950/276/388 951/276/592
f 952/298/555 953/282/556 954/273/557
f 955/290/314 956/339/315 957/340/316
f 958/307/558 959/321/559 960/295/560
f 961/324/593 962/283/594 963/294/595
f 964/286/596 965/308/597 966/293/598
f 897/341/599 899/329/600 898/328/601 895/342/602
f 903/318/603 905/317/604 904/331/605 901/330/606
f 909/278/607 911/277/608 910/320/609 907/319/610
f 915/301/611 917/300/612 916/280/613 913/279/614
f 917/300/336 897/303/323 896/316/215 918/282/208
f 914/293/276 900/325/343 899/302/237 915/301/236
f 911/277/452 916/280/453 918/282/454 912/281/455
f 908/294/411 914/293/456 913/279/457 909/278/458
f 905/317/328 910/320/333 912/281/207 906/288/216
f 902/295/577 908/294/354 907/319/253 903/318/252
f 895/342/357 904/331/358 906/288/353 896/287/359
f 900/326/360 902/295/361 901/330/362 898/328/363
f 921/276/364 923/276/365 922/276/219 919/276/222
f 927/343/366 928/344/367 930/305/368 925/304/369
f 929/276/201 931/276/239 933/276/243 930/276/242
f 936/313/370 920/312/371 919/292/372 934/291/373
f 939/276/228 921/276/227 920/276/247 937/276/250
f 931/276/374 941/276/375 940/276/376 932/276/377
f 945/297/378 938/296/379 937/315/380 943/314/381
f 948/276/382 939/276/383 938/276/231 946/276/234
f 941/276/245 950/276/202 949/276/213 942/276/212
f 954/273/384 947/272/385 946/299/386 952/298/387
f 923/276/246 948/276/240 947/276/394 924/276/395
f 950/276/388 929/276/389 928/276/390 951/276/391
f 924/345/366 956/339/367 955/290/368 922/289/369
f 932/322/370 959/321/371 958/307/372 933/306/373
f 942/284/378 962/283/379 961/324/380 940/323/381
f 951/309/384 965/308/385 964/286/386 949/285/387
f 953/282/392 957/316/393 956/274/390 954/273/391
f 965/308/394 927/311/395 926/325/396 966/293/397
f 944/281/398 953/282/399 952/298/213 945/297/212
f 962/283/231 964/286/234 966/293/397 963/294/400
f 935/288/401 944/281/402 943/314/249 936/313/248
f 959/321/403 961/324/404 963/294/400 960/295/405
f 957/287/406 935/288/407 934/291/243 955/290/242
f 925/304/219 958/307/222 960/295/405 926/326/396
f 895/342/357 898/328/408 901/330/409 904/331/358
f 1027/272/197 1034/273/198 1036/274/199 1004/275/200
f 972/276/9 968/276/9 1009/276/201 1030/276/202
f 991/277/203 989/278/204 993/279/205 996/280/206
f 992/281/207 998/282/208 1033/282/209 1024/281/210
f 1042/283/211 1022/284/212 1029/285/213 1044/286/214
f 976/287/215 986/288/216 1015/288/217 1037/287/218
f 1002/289/219 1035/290/220 1014/291/221 999/292/222
f 994/293/223 988/294/224 1043/294/225 1046/293/226
f 973/276/3 969/276/3 1001/276/227 1019/276/228
f 988/294/224 982/295/229 1040/295/230 1043/294/225
f 1018/296/231 1025/297/232 1032/298/233 1026/299/234
f 997/300/235 995/301/236 979/302/237 977/303/238
f 968/276/9 970/276/9 1011/276/239 1009/276/201
f 971/276/3 973/276/3 1019/276/228 1028/276/240
f 1005/304/241 1010/305/242 1013/306/243 1038/307/244
f 1045/308/197 1031/309/198 1008/310/199 1007/311/200
f 974/276/9 972/276/9 1030/276/202 1021/276/245
f 967/276/3 971/276/3 1028/276/240 1003/276/246
f 1000/312/247 1016/313/248 1023/314/249 1017/315/250
f 986/288/216 992/281/207 1024/281/210 1015/288/217
f 970/276/9 974/276/9 1021/276/245 1011/276/239
f 998/282/208 976/316/215 1037/316/218 1033/282/209
f 969/276/3 967/276/3 1003/276/246 1001/276/227
f 985/317/251 983/318/252 987/319/253 990/320/254
f 1039/321/247 1012/322/248 1020/323/249 1041/324/250
f 980/325/255 994/293/223 1046/293/226 1006/325/256
f 982/295/229 980/326/255 1006/326/256 1040/295/230
f 975/327/516 976/287/517 977/287/518
f 978/328/260 979/329/237 980/326/615
f 981/330/263 982/295/616 983/318/252
f 984/331/525 985/317/526 986/288/527
f 987/319/528 988/294/529 989/278/530
f 990/320/531 991/277/532 992/281/533
f 993/279/534 994/293/456 995/301/535
f 996/280/536 997/300/537 998/282/538
f 999/292/558 1000/332/617 1001/333/618
f 1002/276/619 1003/276/620 1004/276/621
f 1005/334/539 1006/326/540 1007/326/541
f 1008/276/542 1009/276/389 1010/276/543
f 1011/276/374 1012/276/544 1013/276/545
f 1014/291/622 1015/288/623 1016/313/624
f 1017/315/299 1018/335/300 1019/336/301
f 1020/276/590 1021/276/375 1022/276/551
f 1023/314/305 1024/281/306 1025/297/304
f 1026/337/307 1027/272/308 1028/338/309
f 1029/276/591 1030/276/388 1031/276/592
f 1032/298/310 1033/282/313 1034/273/312
f 1035/290/625 1036/339/626 1037/340/627
f 1038/307/558 1039/321/559 1040/295/560
f 1041/324/593 1042/283/594 1043/294/595
f 1044/286/596 1045/308/597 1046/293/598
f 977/341/339 979/329/628 978/328/629 975/342/630
f 983/318/631 985/317/632 984/331/633 981/330/634
f 989/278/635 991/277/636 990/320/351 987/319/637
f 995/301/638 997/300/639 996/280/640 993/279/641
f 997/300/336 977/303/323 976/316/215 998/282/208
f 994/293/276 980/325/343 979/302/237 995/301/236
f 991/277/203 996/280/206 998/282/341 992/281/346
f 988/294/347 994/293/348 993/279/349 989/278/350
f 985/317/328 990/320/333 992/281/207 986/288/216
f 982/295/577 988/294/354 987/319/253 983/318/252
f 975/342/357 984/331/358 986/288/353 976/287/359
f 980/326/360 982/295/361 981/330/362 978/328/363
f 1001/276/364 1003/276/365 1002/276/219 999/276/222
f 1007/343/642 1008/344/643 1010/305/644 1005/304/645
f 1009/276/201 1011/276/239 1013/276/243 1010/276/242
f 1016/313/370 1000/312/371 999/292/372 1014/291/373
f 1019/276/228 1001/276/227 1000/276/247 1017/276/250
f 1011/276/374 1021/276/375 1020/276/376 1012/276/377
f 1025/297/378 1018/296/379 1017/315/380 1023/314/381
f 1028/276/382 1019/276/383 1018/276/231 1026/276/234
f 1021/276/245 1030/276/202 1029/276/213 1022/276/212
f 1034/273/384 1027/272/385 1026/299/386 1032/298/387
f 1003/276/246 1028/276/240 1027/276/394 1004/276/395
f 1030/276/388 1009/276/389 1008/276/390 1031/276/391
f 1004/345/366 1036/339/367 1035/290/368 1002/289/369
f 1012/322/646 1039/321/647 1038/307/648 1013/306/649
f 1022/284/378 1042/283/379 1041/324/380 1020/323/381
f 1031/309/384 1045/308/385 1044/286/386 1029/285/387
f 1033/282/392 1037/316/393 1036/274/390 1034/273/391
f 1045/308/394 1007/311/395 1006/325/396 1046/293/397
f 1024/281/398 1033/282/399 1032/298/213 1025/297/212
f 1042/283/231 1044/286/234 1046/293/397 1043/294/400
f 1015/288/401 1024/281/402 1023/314/249 1016/313/248
f 1039/321/403 1041/324/404 1043/294/400 1040/295/405
f 1037/287/406 1015/288/407 1014/291/243 1035/290/242
f 1005/304/219 1038/307/222 1040/295/405 1006/326/396
f 975/342/357 978/328/408 981/330/409 984/331/358
f 1107/272/197 1114/273/198 1116/274/199 1084/275/200
f 1052/276/9 1048/276/9 1089/276/201 1110/276/202
f 1071/277/203 1069/278/204 1073/279/205 1076/280/206
f 1072/281/207 1078/282/208 1113/282/209 1104/281/210
f 1122/283/211 1102/284/212 1109/285/213 1124/286/214
f 1056/287/215 1066/288/216 1095/288/217 1117/287/218
f 1082/289/219 1115/290/220 1094/291/221 1079/292/222
f 1074/293/223 1068/294/224 1123/294/225 1126/293/226
f 1053/276/3 1049/276/3 1081/276/227 1099/276/228
f 1068/294/224 1062/295/229 1120/295/230 1123/294/225
f 1098/296/231 1105/297/232 1112/298/233 1106/299/234
f 1077/300/235 1075/301/236 1059/302/237 1057/303/238
f 1048/276/9 1050/276/9 1091/276/239 1089/276/201
f 1051/276/3 1053/276/3 1099/276/228 1108/276/240
f 1085/304/241 1090/305/242 1093/306/243 1118/307/244
f 1125/308/197 1111/309/198 1088/310/199 1087/311/200
f 1054/276/9 1052/276/9 1110/276/202 1101/276/245
f 1047/276/3 1051/276/3 1108/276/240 1083/276/246
f 1080/312/247 1096/313/248 1103/314/249 1097/315/250
f 1066/288/216 1072/281/207 1104/281/210 1095/288/217
f 1050/276/9 1054/276/9 1101/276/245 1091/276/239
f 1078/282/208 1056/316/215 1117/316/218 1113/282/209
f 1049/276/3 1047/276/3 1083/276/246 1081/276/227
f 1065/317/251 1063/318/252 1067/319/253 1070/320/254
f 1119/321/247 1092/322/248 1100/323/249 1121/324/250
f 1060/325/255 1074/293/223 1126/293/226 1086/325/256
f 1062/295/229 1060/326/255 1086/326/256 1120/295/230
f 1055/327/630 1056/287/650 1057/287/238
f 1058/328/651 1059/329/582 1060/326/652
f 1061/330/653 1062/295/654 1063/318/586
f 1064/331/329 1065/317/490 1066/288/655
f 1067/319/656 1068/294/657 1069/278/658
f 1070/320/254 1071/277/636 1072/281/659
f 1073/279/660 1074/293/661 1075/301/662
f 1076/280/337 1077/300/235 1078/282/663
f 1079/292/281 1080/332/282 1081/333/283
f 1082/276/284 1083/276/285 1084/276/286
f 1085/334/539 1086/326/540 1087/326/541
f 1088/276/542 1089/276/389 1090/276/543
f 1091/276/374 1092/276/544 1093/276/545
f 1094/291/296 1095/288/297 1096/313/298
f 1097/315/546 1098/335/547 1099/336/548
f 1100/276/590 1101/276/375 1102/276/551
f 1103/314/549 1104/281/550 1105/297/551
f 1106/337/552 1107/272/553 1108/338/554
f 1109/276/591 1110/276/388 1111/276/592
f 1112/298/555 1113/282/556 1114/273/557
f 1115/290/314 1116/339/315 1117/340/316
f 1118/307/558 1119/321/559 1120/295/560
f 1121/324/593 1122/283/594 1123/294/595
f 1124/286/596 1125/308/597 1126/293/598
f 1057/341/664 1059/329/665 1058/328/629 1055/342/630
f 1063/318/666 1065/317/667 1064/331/633 1061/330/634
f 1069/278/635 1071/277/636 1070/320/668 1067/319/669
f 1075/301/670 1077/300/671 1076/280/640 1073/279/641
f 1077/300/336 1057/303/323 1056/316/215 1078/282/208
f 1074/293/276 1060/325/343 1059/302/237 1075/301/236
f 1071/277/332 1076/280/337 1078/282/663 1072/281/659
f 1068/294/354 1074/293/342 1073/279/205 1069/278/672
f 1065/317/328 1070/320/333 1072/281/207 1066/288/216
f 1062/295/577 1068/294/354 1067/319/253 1063/318/252
f 1055/342/326 1064/331/329 1066/288/655 1056/287/650
f 1060/326/343 1062/295/264 1061/330/409 1058/328/673
f 1081/276/364 1083/276/365 1082/276/219 1079/276/222
f 1087/343/366 1088/344/367 1090/305/368 1085/304/369
f 1089/276/201 1091/276/239 1093/276/243 1090/276/242
f 1096/313/370 1080/312/371 1079/292/372 1094/291/373
f 1099/276/228 1081/276/227 1080/276/247 1097/276/250
f 1091/276/374 1101/276/375 1100/276/376 1092/276/377
f 1105/297/378 1098/296/379 1097/315/380 1103/314/381
f 1108/276/382 1099/276/383 1098/276/231 1106/276/234
f 1101/276/245 1110/276/202 1109/276/213 1102/276/212
f 1114/273/384 1107/272/385 1106/299/386 1112/298/387
f 1083/276/246 1108/276/240 1107/276/394 1084/276/395
f 1110/276/388 1089/276/389 1088/276/390 1111/276/391
f 1084/345/366 1116/339/367 1115/290/368 1082/289/369
f 1092/322/370 1119/321/371 1118/307/372 1093/306/373
f 1102/284/378 1122/283/379 1121/324/380 1100/323/381
f 1111/309/384 1125/308/385 1124/286/386 1109/285/387
f 1113/282/392 1117/316/393 1116/274/390 1114/273/391
f 1125/308/394 1087/311/395 1086/325/396 1126/293/397
f 1104/281/398 1113/282/399 1112/298/213 1105/297/212
f 1122/283/231 1124/286/234 1126/293/397 1123/294/400
f 1095/288/401 1104/281/402 1103/314/249 1096/313/248
f 1119/321/403 1121/324/404 1123/294/400 1120/295/405
f 1117/287/406 1095/288/407 1094/291/243 1115/290/242
f 1085/304/219 1118/307/222 1120/295/405 1086/326/396
f 1055/342/357 1058/328/408 1061/330/409 1064/331/358
f 1187/272/197 1194/273/198 1196/274/199 1164/275/200
f 1132/276/9 1128/276/9 1169/276/201 1190/276/202
f 1151/277/203 1149/278/204 1153/279/205 1156/280/206
f 1152/281/207 1158/282/208 1193/282/209 1184/281/210
f 1202/283/211 1182/284/212 1189/285/213 1204/286/214
f 1136/287/215 1146/288/216 1175/288/217 1197/287/218
f 1162/289/219 1195/290/220 1174/291/221 1159/292/222
f 1154/293/223 1148/294/224 1203/294/225 1206/293/226
f 1133/276/3 1129/276/3 1161/276/227 1179/276/228
f 1148/294/224 1142/295/229 1200/295/230 1203/294/225
f 1178/296/231 1185/297/232 1192/298/233 1186/299/234
f 1157/300/235 1155/301/236 1139/302/237 1137/303/238
f 1128/276/9 1130/276/9 1171/276/239 1169/276/201
f 1131/276/3 1133/276/3 1179/276/228 1188/276/240
f 1165/304/241 1170/305/242 1173/306/243 1198/307/244
f 1205/308/197 1191/309/198 1168/310/199 1167/311/200
f 1134/276/9 1132/276/9 1190/276/202 1181/276/245
f 1127/276/3 1131/276/3 1188/276/240 1163/276/246
f 1160/312/247 1176/313/248 1183/314/249 1177/315/250
f 1146/288/216 1152/281/207 1184/281/210 1175/288/217
f 1130/276/9 1134/276/9 1181/276/245 1171/276/239
f 1158/282/208 1136/316/215 1197/316/218 1193/282/209
f 1129/276/3 1127/276/3 1163/276/246 1161/276/227
f 1145/317/251 1143/318/252 1147/319/253 1150/320/254
f 1199/321/247 1172/322/248 1180/323/249 1201/324/250
f 1140/325/255 1154/293/223 1206/293/226 1166/325/256
f 1142/295/229 1140/326/255 1166/326/256 1200/295/230
f 1135/327/326 1136/287/650 1137/287/488
f 1138/328/673 1139/329/562 1140/326/521
f 1141/330/674 1142/295/523 1143/318/327
f 1144/331/329 1145/317/490 1146/288/655
f 1147/319/269 1148/294/411 1149/278/271
f 1150/320/675 1151/277/332 1152/281/659
f 1153/279/338 1154/293/276 1155/301/417
f 1156/280/337 1157/300/676 1158/282/663
f 1159/292/281 1160/332/647 1161/333/677
f 1162/276/678 1163/276/679 1164/276/642
f 1165/334/678 1166/326/680 1167/326/642
f 1168/276/643 1169/276/681 1170/276/682
f 1171/276/683 1172/276/646 1173/276/684
f 1174/291/684 1175/288/401 1176/313/646
f 1177/315/685 1178/335/300 1179/336/686
f 1180/276/687 1181/276/688 1182/276/434
f 1183/314/687 1184/281/402 1185/297/434
f 1186/337/307 1187/272/689 1188/338/690
f 1189/276/691 1190/276/692 1191/276/693
f 1192/298/691 1193/282/694 1194/273/693
f 1195/290/682 1196/339/643 1197/340/393
f 1198/307/695 1199/321/647 1200/295/696
f 1201/324/685 1202/283/697 1203/294/698
f 1204/286/435 1205/308/689 1206/293/699
f 1137/341/323 1139/329/324 1138/328/325 1135/342/326
f 1143/318/327 1145/317/328 1144/331/329 1141/330/330
f 1149/278/331 1151/277/332 1150/320/333 1147/319/334
f 1155/301/335 1157/300/336 1156/280/337 1153/279/338
f 1157/300/336 1137/303/323 1136/316/340 1158/282/341
f 1154/293/342 1140/325/343 1139/302/237 1155/301/236
f 1151/277/332 1156/280/337 1158/282/663 1152/281/659
f 1148/294/354 1154/293/342 1153/279/205 1149/278/672
f 1145/317/328 1150/320/333 1152/281/352 1146/288/353
f 1142/295/264 1148/294/354 1147/319/253 1143/318/252
f 1135/342/326 1144/331/329 1146/288/655 1136/287/650
f 1140/326/343 1142/295/264 1141/330/409 1138/328/673
f 1161/276/700 1163/276/701 1162/276/241 1159/276/244
f 1167/343/702 1168/344/703 1170/305/644 1165/304/645
f 1169/276/704 1171/276/705 1173/276/706 1170/276/707
f 1176/313/708 1160/312/709 1159/292/648 1174/291/649
f 1179/276/228 1161/276/227 1160/276/247 1177/276/250
f 1171/276/374 1181/276/375 1180/276/376 1172/276/377
f 1185/297/378 1178/296/379 1177/315/710 1183/314/711
f 1188/276/712 1179/276/713 1178/276/211 1186/276/214
f 1181/276/714 1190/276/715 1189/276/716 1182/276/717
f 1194/273/718 1187/272/719 1186/299/386 1192/298/387
f 1163/276/246 1188/276/240 1187/276/197 1164/276/200
f 1190/276/388 1169/276/389 1168/276/390 1191/276/391
f 1164/345/702 1196/339/703 1195/290/644 1162/289/645
f 1172/322/708 1199/321/709 1198/307/648 1173/306/649
f 1182/284/720 1202/283/721 1201/324/477 1180/323/478
f 1191/309/479 1205/308/480 1204/286/722 1189/285/723
f 1193/282/392 1197/316/393 1196/274/199 1194/273/198
f 1205/308/394 1167/311/395 1166/325/396 1206/293/397
f 1184/281/210 1193/282/209 1192/298/233 1185/297/232
f 1202/283/427 1204/286/724 1206/293/226 1203/294/225
f 1175/288/401 1184/281/402 1183/314/249 1176/313/248
f 1199/321/403 1201/324/404 1203/294/400 1200/295/405
f 1197/287/218 1175/288/217 1174/291/221 1195/290/220
f 1165/304/725 1198/307/726 1200/295/230 1166/326/256
f 1135/342/357 1138/328/408 1141/330/409 1144/331/358
f 1267/272/197 1274/273/198 1276/274/199 1244/275/200
f 1212/276/9 1208/276/9 1249/276/201 1270/276/202
f 1231/277/203 1229/278/204 1233/279/205 1236/280/206
f 1232/281/207 1238/282/208 1273/282/209 1264/281/210
f 1282/283/211 1262/284/212 1269/285/213 1284/286/214
f 1216/287/215 1226/288/216 1255/288/217 1277/287/218
f 1242/289/219 1275/290/220 1254/291/221 1239/292/222
f 1234/293/223 1228/294/224 1283/294/225 1286/293/226
f 1213/276/3 1209/276/3 1241/276/227 1259/276/228
f 1228/294/224 1222/295/229 1280/295/230 1283/294/225
f 1258/296/231 1265/297/232 1272/298/233 1266/299/234
f 1237/300/235 1235/301/236 1219/302/237 1217/303/238
f 1208/276/9 1210/276/9 1251/276/239 1249/276/201
f 1211/276/3 1213/276/3 1259/276/228 1268/276/240
f 1245/304/241 1250/305/242 1253/306/243 1278/307/244
f 1285/308/197 1271/309/198 1248/310/199 1247/311/200
f 1214/276/9 1212/276/9 1270/276/202 1261/276/245
f 1207/276/3 1211/276/3 1268/276/240 1243/276/246
f 1240/312/247 1256/313/248 1263/314/249 1257/315/250
f 1226/288/216 1232/281/207 1264/281/210 1255/288/217
f 1210/276/9 1214/276/9 1261/276/245 1251/276/239
f 1238/282/208 1216/316/215 1277/316/218 1273/282/209
f 1209/276/3 1207/276/3 1243/276/246 1241/276/227
f 1225/317/251 1223/318/252 1227/319/253 1230/320/254
f 1279/321/247 1252/322/248 1260/323/249 1281/324/250
f 1220/325/255 1234/293/223 1286/293/226 1246/325/256
f 1222/295/229 1220/326/255 1246/326/256 1280/295/230
f 1215/327/727 1216/287/517 1217/287/561
f 1218/328/673 1219/329/562 1220/326/521
f 1221/330/674 1222/295/523 1223/318/327
f 1224/331/728 1225/317/566 1226/288/527
f 1227/319/253 1228/294/729 1229/278/458
f 1230/320/675 1231/277/332 1232/281/659
f 1233/279/730 1234/293/731 1235/301/335
f 1236/280/337 1237/300/676 1238/282/663
f 1239/292/281 1240/332/647 1241/333/677
f 1242/276/678 1243/276/679 1244/276/642
f 1245/334/678 1246/326/680 1247/326/642
f 1248/276/643 1249/276/681 1250/276/682
f 1251/276/683 1252/276/646 1253/276/684
f 1254/291/684 1255/288/401 1256/313/646
f 1257/315/732 1258/335/733 1259/336/734
f 1260/276/687 1261/276/688 1262/276/434
f 1263/314/735 1264/281/736 1265/297/737
f 1266/337/738 1267/272/739 1268/338/740
f 1269/276/691 1270/276/692 1271/276/693
f 1272/298/741 1273/282/742 1274/273/743
f 1275/290/682 1276/339/643 1277/340/393
f 1278/307/695 1279/321/647 1280/295/696
f 1281/324/685 1282/283/697 1283/294/698
f 1284/286/435 1285/308/689 1286/293/699
f 1217/341/744 1219/329/745 1218/328/746 1215/342/747
f 1223/318/748 1225/317/749 1224/331/750 1221/330/751
f 1229/278/331 1231/277/332 1230/320/333 1227/319/334
f 1235/301/335 1237/300/336 1236/280/337 1233/279/338
f 1237/300/336 1217/303/323 1216/316/340 1238/282/341
f 1234/293/342 1220/325/343 1219/302/237 1235/301/236
f 1231/277/332 1236/280/337 1238/282/663 1232/281/659
f 1228/294/354 1234/293/342 1233/279/205 1229/278/672
f 1225/317/328 1230/320/333 1232/281/352 1226/288/353
f 1222/295/264 1228/294/354 1227/319/253 1223/318/252
f 1215/342/326 1224/331/329 1226/288/655 1216/287/650
f 1220/326/343 1222/295/264 1221/330/409 1218/328/673
f 1241/276/700 1243/276/701 1242/276/241 1239/276/244
f 1247/343/702 1248/344/703 1250/305/644 1245/304/645
f 1249/276/704 1251/276/705 1253/276/706 1250/276/707
f 1256/313/248 1240/312/247 1239/292/222 1254/291/243
f 1259/276/228 1241/276/227 1240/276/247 1257/276/250
f 1251/276/374 1261/276/375 1260/276/376 1252/276/377
f 1265/297/720 1258/296/721 1257/315/477 1263/314/478
f 1268/276/712 1259/276/713 1258/276/211 1266/276/214
f 1261/276/714 1270/276/715 1269/276/716 1262/276/717
f 1274/273/479 1267/272/480 1266/299/722 1272/298/723
f 1243/276/246 1268/276/240 1267/276/197 1244/276/200
f 1270/276/388 1249/276/389 1248/276/390 1271/276/391
f 1244/345/200 1276/339/199 1275/290/242 1242/289/219
f 1252/322/708 1279/321/709 1278/307/648 1253/306/649
f 1262/284/720 1282/283/721 1281/324/477 1260/323/478
f 1271/309/479 1285/308/480 1284/286/722 1269/285/723
f 1273/282/392 1277/316/393 1276/274/199 1274/273/198
f 1285/308/394 1247/311/395 1246/325/396 1286/293/397
f 1264/281/210 1273/282/209 1272/298/233 1265/297/232
f 1282/283/427 1284/286/724 1286/293/226 1283/294/225
f 1255/288/401 1264/281/402 1263/314/249 1256/313/248
f 1279/321/403 1281/324/404 1283/294/400 1280/295/405
f 1277/287/218 1255/288/217 1254/291/221 1275/290/220
f 1245/304/725 1278/307/726 1280/295/230 1246/326/256
f 1215/342/357 1218/328/408 1221/330/409 1224/331/358
f 1347/272/197 1354/273/198 1356/274/199 1324/275/200
f 1292/276/9 1288/276/9 1329/276/201 1350/276/202
f 1311/277/203 1309/278/204 1313/279/205 1316/280/206
f 1312/281/207 1318/282/208 1353/282/209 1344/281/210
f 1362/283/211 1342/284/212 1349/285/213 1364/286/214
f 1296/287/215 1306/288/216 1335/288/217 1357/287/218
f 1322/289/219 1355/290/220 1334/291/221 1319/292/222
f 1314/293/223 1308/294/224 1363/294/225 1366/293/226
f 1293/276/3 1289/276/3 1321/276/227 1339/276/228
f 1308/294/224 1302/295/229 1360/295/230 1363/294/225
f 1338/296/231 1345/297/232 1352/298/233 1346/299/234
f 1317/300/235 1315/301/236 1299/302/237 1297/303/238
f 1288/276/9 1290/276/9 1331/276/239 1329/276/201
f 1291/276/3 1293/276/3 1339/276/228 1348/276/240
f 1325/304/241 1330/305/242 1333/306/243 1358/307/244
f 1365/308/197 1351/309/198 1328/310/199 1327/311/200
f 1294/276/9 1292/276/9 1350/276/202 1341/276/245
f 1287/276/3 1291/276/3 1348/276/240 1323/276/246
f 1320/312/247 1336/313/248 1343/314/249 1337/315/250
f 1306/288/216 1312/281/207 1344/281/210 1335/288/217
f 1290/276/9 1294/276/9 1341/276/245 1331/276/239
f 1318/282/208 1296/316/215 1357/316/218 1353/282/209
f 1289/276/3 1287/276/3 1323/276/246 1321/276/227
f 1305/317/251 1303/318/252 1307/319/253 1310/320/254
f 1359/321/247 1332/322/248 1340/323/249 1361/324/250
f 1300/325/255 1314/293/223 1366/293/226 1326/325/256
f 1302/295/229 1300/326/255 1326/326/256 1360/295/230
f 1295/327/326 1296/287/650 1297/287/488
f 1298/328/673 1299/329/562 1300/326/521
f 1301/330/674 1302/295/523 1303/318/327
f 1304/331/329 1305/317/490 1306/288/655
f 1307/319/253 1308/294/729 1309/278/458
f 1310/320/752 1311/277/753 1312/281/754
f 1313/279/730 1314/293/731 1315/301/335
f 1316/280/755 1317/300/756 1318/282/757
f 1319/292/758 1320/332/759 1321/333/760
f 1322/276/761 1323/276/762 1324/276/763
f 1325/334/539 1326/326/764 1327/326/765
f 1328/276/766 1329/276/767 1330/276/543
f 1331/276/768 1332/276/769 1333/276/545
f 1334/291/770 1335/288/771 1336/313/772
f 1337/315/685 1338/335/300 1339/336/686
f 1340/276/773 1341/276/774 1342/276/775
f 1343/314/687 1344/281/402 1345/297/434
f 1346/337/307 1347/272/689 1348/338/690
f 1349/276/591 1350/276/776 1351/276/777
f 1352/298/691 1353/282/694 1354/273/693
f 1355/290/778 1356/339/779 1357/340/780
f 1358/307/781 1359/321/782 1360/295/783
f 1361/324/784 1362/283/594 1363/294/785
f 1364/286/596 1365/308/786 1366/293/787
f 1297/341/323 1299/329/324 1298/328/325 1295/342/326
f 1303/318/327 1305/317/328 1304/331/329 1301/330/330
f 1309/278/331 1311/277/332 1310/320/333 1307/319/334
f 1315/301/335 1317/300/336 1316/280/337 1313/279/338
f 1317/300/336 1297/303/323 1296/316/340 1318/282/341
f 1314/293/342 1300/325/343 1299/302/237 1315/301/236
f 1311/277/332 1316/280/337 1318/282/663 1312/281/659
f 1308/294/354 1314/293/342 1313/279/205 1309/278/672
f 1305/317/328 1310/320/333 1312/281/352 1306/288/353
f 1302/295/264 1308/294/354 1307/319/253 1303/318/252
f 1295/342/326 1304/331/329 1306/288/655 1296/287/650
f 1300/326/343 1302/295/264 1301/330/409 1298/328/673
f 1321/276/700 1323/276/701 1322/276/241 1319/276/244
f 1327/343/200 1328/344/199 1330/305/242 1325/304/219
f 1329/276/704 1331/276/705 1333/276/706 1330/276/707
f 1336/313/248 1320/312/247 1319/292/222 1334/291/243
f 1339/276/228 1321/276/227 1320/276/247 1337/276/250
f 1331/276/374 1341/276/375 1340/276/376 1332/276/377
f 1345/297/720 1338/296/721 1337/315/477 1343/314/478
f 1348/276/712 1339/276/713 1338/276/211 1346/276/214
f 1341/276/714 1350/276/715 1349/276/716 1342/276/717
f 1354/273/479 1347/272/480 1346/299/722 1352/298/723
f 1323/276/246 1348/276/240 1347/276/197 1324/276/200
f 1350/276/388 1329/276/389 1328/276/390 1351/276/391
f 1324/345/200 1356/339/199 1355/290/242 1322/289/219
f 1332/322/248 1359/321/247 1358/307/222 1333/306/243
f 1342/284/212 1362/283/231 1361/324/250 1340/323/249
f 1351/309/198 1365/308/197 1364/286/234 1349/285/213
f 1353/282/392 1357/316/393 1356/274/199 1354/273/198
f 1365/308/394 1327/311/395 1326/325/396 1366/293/397
f 1344/281/210 1353/282/209 1352/298/233 1345/297/232
f 1362/283/427 1364/286/724 1366/293/226 1363/294/225
f 1335/288/401 1344/281/402 1343/314/249 1336/313/248
f 1359/321/403 1361/324/404 1363/294/400 1360/295/405
f 1357/287/218 1335/288/217 1334/291/221 1355/290/220
f 1325/304/725 1358/307/726 1360/295/230 1326/326/256
f 1295/342/357 1298/328/408 1301/330/409 1304/331/358
f 1427/272/197 1434/273/198 1436/274/199 1404/275/200
f 1372/276/9 1368/276/9 1409/276/201 1430/276/202
f 1391/277/203 1389/278/204 1393/279/205 1396/280/206
f 1392/281/207 1398/282/208 1433/282/209 1424/281/210
f 1442/283/211 1422/284/212 1429/285/213 1444/286/214
f 1376/287/215 1386/288/216 1415/288/217 1437/287/218
f 1402/289/219 1435/290/220 1414/291/221 1399/292/222
f 1394/293/223 1388/294/224 1443/294/225 1446/293/226
f 1373/276/3 1369/276/3 1401/276/227 1419/276/228
f 1388/294/224 1382/295/229 1440/295/230 1443/294/225
f 1418/296/231 1425/297/232 1432/298/233 1426/299/234
f 1397/300/235 1395/301/236 1379/302/237 1377/303/238
f 1368/276/9 1370/276/9 1411/276/239 1409/276/201
f 1371/276/3 1373/276/3 1419/276/228 1428/276/240
f 1405/304/241 1410/305/242 1413/306/243 1438/307/244
f 1445/308/197 1431/309/198 1408/310/199 1407/311/200
f 1374/276/9 1372/276/9 1430/276/202 1421/276/245
f 1367/276/3 1371/276/3 1428/276/240 1403/276/246
f 1400/312/247 1416/313/248 1423/314/249 1417/315/250
f 1386/288/216 1392/281/207 1424/281/210 1415/288/217
f 1370/276/9 1374/276/9 1421/276/245 1411/276/239
f 1398/282/208 1376/316/215 1437/316/218 1433/282/209
f 1369/276/3 1367/276/3 1403/276/246 1401/276/227
f 1385/317/251 1383/318/252 1387/319/253 1390/320/254
f 1439/321/247 1412/322/248 1420/323/249 1441/324/250
f 1380/325/255 1394/293/223 1446/293/226 1406/325/256
f 1382/295/229 1380/326/255 1406/326/256 1440/295/230
f 1375/327/357 1376/287/215 1377/287/238
f 1378/328/408 1379/329/237 1380/326/255
f 1381/330/409 1382/295/229 1383/318/252
f 1384/331/358 1385/317/788 1386/288/216
f 1387/319/269 1388/294/411 1389/278/271
f 1390/320/675 1391/277/332 1392/281/659
f 1393/279/338 1394/293/276 1395/301/417
f 1396/280/337 1397/300/676 1398/282/663
f 1399/292/789 1400/332/444 1401/333/790
f 1402/276/791 1403/276/792 1404/276/793
f 1405/334/678 1406/326/680 1407/326/642
f 1408/276/643 1409/276/681 1410/276/682
f 1411/276/683 1412/276/646 1413/276/684
f 1414/291/794 1415/288/795 1416/313/796
f 1417/315/685 1418/335/300 1419/336/686
f 1420/276/687 1421/276/688 1422/276/434
f 1423/314/687 1424/281/402 1425/297/434
f 1426/337/307 1427/272/689 1428/338/690
f 1429/276/691 1430/276/692 1431/276/693
f 1432/298/691 1433/282/694 1434/273/693
f 1435/290/797 1436/339/798 1437/340/799
f 1438/307/695 1439/321/647 1440/295/696
f 1441/324/685 1442/283/697 1443/294/698
f 1444/286/435 1445/308/689 1446/293/699
f 1377/341/323 1379/329/324 1378/328/325 1375/342/326
f 1383/318/327 1385/317/328 1384/331/329 1381/330/330
f 1389/278/607 1391/277/608 1390/320/609 1387/319/610
f 1395/301/611 1397/300/612 1396/280/613 1393/279/614
f 1397/300/336 1377/303/323 1376/316/340 1398/282/341
f 1394/293/342 1380/325/343 1379/302/237 1395/301/236
f 1391/277/332 1396/280/337 1398/282/663 1392/281/659
f 1388/294/354 1394/293/342 1393/279/205 1389/278/672
f 1385/317/328 1390/320/333 1392/281/352 1386/288/353
f 1382/295/264 1388/294/354 1387/319/253 1383/318/252
f 1375/342/326 1384/331/329 1386/288/655 1376/287/650
f 1380/326/343 1382/295/264 1381/330/409 1378/328/673
f 1401/276/700 1403/276/701 1402/276/241 1399/276/244
f 1407/343/200 1408/344/199 1410/305/242 1405/304/219
f 1409/276/704 1411/276/705 1413/276/706 1410/276/707
f 1416/313/708 1400/312/709 1399/292/648 1414/291/649
f 1419/276/228 1401/276/227 1400/276/247 1417/276/250
f 1411/276/374 1421/276/375 1420/276/376 1412/276/377
f 1425/297/212 1418/296/231 1417/315/250 1423/314/249
f 1428/276/712 1419/276/713 1418/276/211 1426/276/214
f 1421/276/714 1430/276/715 1429/276/716 1422/276/717
f 1434/273/198 1427/272/197 1426/299/234 1432/298/213
f 1403/276/246 1428/276/240 1427/276/197 1404/276/200
f 1430/276/388 1409/276/389 1408/276/390 1431/276/391
f 1404/345/702 1436/339/703 1435/290/644 1402/289/645
f 1412/322/248 1439/321/247 1438/307/222 1413/306/243
f 1422/284/720 1442/283/721 1441/324/477 1420/323/478
f 1431/309/479 1445/308/480 1444/286/722 1429/285/723
f 1433/282/392 1437/316/393 1436/274/199 1434/273/198
f 1445/308/394 1407/311/395 1406/325/396 1446/293/397
f 1424/281/210 1433/282/209 1432/298/233 1425/297/232
f 1442/283/427 1444/286/724 1446/293/226 1443/294/225
f 1415/288/401 1424/281/402 1423/314/249 1416/313/248
f 1439/321/403 1441/324/404 1443/294/400 1440/295/405
f 1437/287/218 1415/288/217 1414/291/221 1435/290/220
f 1405/304/725 1438/307/726 1440/295/230 1406/326/256
f 1375/342/357 1378/328/408 1381/330/409 1384/331/358
f 1507/272/197 1514/273/198 1516/274/199 1484/275/200
f 1452/276/9 1448/276/9 1489/276/201 1510/276/202
f 1471/277/203 1469/278/204 1473/279/205 1476/280/206
f 1472/281/207 1478/282/208 1513/282/209 1504/281/210
f 1522/283/211 1502/284/212 1509/285/213 1524/286/214
f 1456/287/215 1466/288/216 1495/288/217 1517/287/218
f 1482/289/219 1515/290/220 1494/291/221 1479/292/222
f 1474/293/223 1468/294/224 1523/294/225 1526/293/226
f 1453/276/3 1449/276/3 1481/276/227 1499/276/228
f 1468/294/224 1462/295/229 1520/295/230 1523/294/225
f 1498/296/231 1505/297/232 1512/298/233 1506/299/234
f 1477/300/235 1475/301/236 1459/302/237 1457/303/238
f 1448/276/9 1450/276/9 1491/276/239 1489/276/201
f 1451/276/3 1453/276/3 1499/276/228 1508/276/240
f 1485/304/241 1490/305/242 1493/306/243 1518/307/244
f 1525/308/197 1511/309/198 1488/310/199 1487/311/200
f 1454/276/9 1452/276/9 1510/276/202 1501/276/245
f 1447/276/3 1451/276/3 1508/276/240 1483/276/246
f 1480/312/247 1496/313/248 1503/314/249 1497/315/250
f 1466/288/216 1472/281/207 1504/281/210 1495/288/217
f 1450/276/9 1454/276/9 1501/276/245 1491/276/239
f 1478/282/208 1456/316/215 1517/316/218 1513/282/209
f 1449/276/3 1447/276/3 1483/276/246 1481/276/227
f 1465/317/251 1463/318/252 1467/319/253 1470/320/254
f 1519/321/247 1492/322/248 1500/323/249 1521/324/250
f 1460/325/255 1474/293/223 1526/293/226 1486/325/256
f 1462/295/229 1460/326/255 1486/326/256 1520/295/230
f 1455/327/727 1456/287/517 1457/287/561
f 1458/328/408 1459/329/237 1460/326/255
f 1461/330/409 1462/295/229 1463/318/252
f 1464/331/728 1465/317/566 1466/288/527
f 1467/319/269 1468/294/411 1469/278/271
f 1470/320/254 1471/277/203 1472/281/207
f 1473/279/338 1474/293/276 1475/301/417
f 1476/280/206 1477/300/800 1478/282/208
f 1479/292/281 1480/332/647 1481/333/677
f 1482/276/678 1483/276/679 1484/276/642
f 1485/334/678 1486/326/680 1487/326/642
f 1488/276/643 1489/276/681 1490/276/682
f 1491/276/683 1492/276/646 1493/276/684
f 1494/291/684 1495/288/401 1496/313/646
f 1497/315/685 1498/335/300 1499/336/686
f 1500/276/687 1501/276/688 1502/276/434
f 1503/314/687 1504/281/402 1505/297/434
f 1506/337/307 1507/272/689 1508/338/690
f 1509/276/691 1510/276/692 1511/276/693
f 1512/298/691 1513/282/694 1514/273/693
f 1515/290/682 1516/339/643 1517/340/393
f 1518/307/695 1519/321/647 1520/295/696
f 1521/324/685 1522/283/697 1523/294/698
f 1524/286/435 1525/308/689 1526/293/699
f 1457/341/561 1459/329/562 1458/328/563 1455/342/564
f 1463/318/565 1465/317/566 1464/331/567 1461/330/568
f 1469/278/458 1471/277/801 1470/320/752 1467/319/802
f 1475/301/803 1477/300/756 1476/280/804 1473/279/457
f 1477/300/336 1457/303/323 1456/316/340 1478/282/341
f 1474/293/342 1460/325/343 1459/302/237 1475/301/236
f 1471/277/332 1476/280/337 1478/282/663 1472/281/659
f 1468/294/354 1474/293/342 1473/279/205 1469/278/672
f 1465/317/328 1470/320/333 1472/281/352 1466/288/353
f 1462/295/264 1468/294/354 1467/319/253 1463/318/252
f 1455/342/326 1464/331/329 1466/288/655 1456/287/650
f 1460/326/343 1462/295/264 1461/330/409 1458/328/673
f 1481/276/700 1483/276/701 1482/276/241 1479/276/244
f 1487/343/702 1488/344/703 1490/305/644 1485/304/645
f 1489/276/704 1491/276/705 1493/276/706 1490/276/707
f 1496/313/708 1480/312/709 1479/292/648 1494/291/649
f 1499/276/228 1481/276/227 1480/276/247 1497/276/250
f 1491/276/374 1501/276/375 1500/276/376 1492/276/377
f 1505/297/212 1498/296/231 1497/315/250 1503/314/249
f 1508/276/712 1499/276/713 1498/276/211 1506/276/214
f 1501/276/714 1510/276/715 1509/276/716 1502/276/717
f 1514/273/198 1507/272/197 1506/299/234 1512/298/213
f 1483/276/246 1508/276/240 1507/276/197 1484/276/200
f 1510/276/388 1489/276/389 1488/276/390 1511/276/391
f 1484/345/702 1516/339/703 1515/290/644 1482/289/645
f 1492/322/708 1519/321/709 1518/307/648 1493/306/649
f 1502/284/212 1522/283/231 1521/324/250 1500/323/249
f 1511/309/198 1525/308/197 1524/286/234 1509/285/213
f 1513/282/392 1517/316/393 1516/274/199 1514/273/198
f 1525/308/394 1487/311/395 1486/325/396 1526/293/397
f 1504/281/210 1513/282/209 1512/298/233 1505/297/232
f 1522/283/427 1524/286/724 1526/293/226 1523/294/225
f 1495/288/401 1504/281/402 1503/314/249 1496/313/248
f 1519/321/403 1521/324/404 1523/294/400 1520/295/405
f 1517/287/218 1495/288/217 1494/291/221 1515/290/220
f 1485/304/725 1518/307/726 1520/295/230 1486/326/256
f 1455/342/357 1458/328/408 1461/330/409 1464/331/358
f 1587/272/197 1594/273/198 1596/274/199 1564/275/200
f 1532/276/9 1528/276/9 1569/276/201 1590/276/202
f 1551/277/203 1549/278/204 1553/279/205 1556/280/206
f 1552/281/207 1558/282/208 1593/282/209 1584/281/210
f 1602/283/211 1582/284/212 1589/285/213 1604/286/214
f 1536/287/215 1546/288/216 1575/288/217 1597/287/218
f 1562/289/219 1595/290/220 1574/291/221 1559/292/222
f 1554/293/223 1548/294/224 1603/294/225 1606/293/226
f 1533/276/3 1529/276/3 1561/276/227 1579/276/228
f 1548/294/224 1542/295/229 1600/295/230 1603/294/225
f 1578/296/231 1585/297/232 1592/298/233 1586/299/234
f 1557/300/235 1555/301/236 1539/302/237 1537/303/238
f 1528/276/9 1530/276/9 1571/276/239 1569/276/201
f 1531/276/3 1533/276/3 1579/276/228 1588/276/240
f 1565/304/241 1570/305/242 1573/306/243 1598/307/244
f 1605/308/197 1591/309/198 1568/310/199 1567/311/200
f 1534/276/9 1532/276/9 1590/276/202 1581/276/245
f 1527/276/3 1531/276/3 1588/276/240 1563/276/246
f 1560/312/247 1576/313/248 1583/314/249 1577/315/250
f 1546/288/216 1552/281/207 1584/281/210 1575/288/217
f 1530/276/9 1534/276/9 1581/276/245 1571/276/239
f 1558/282/208 1536/316/215 1597/316/218 1593/282/209
f 1529/276/3 1527/276/3 1563/276/246 1561/276/227
f 1545/317/251 1543/318/252 1547/319/253 1550/320/254
f 1599/321/247 1572/322/248 1580/323/249 1601/324/250
f 1540/325/255 1554/293/223 1606/293/226 1566/325/256
f 1542/295/229 1540/326/255 1566/326/256 1600/295/230
f 1535/327/357 1536/287/215 1537/287/238
f 1538/328/408 1539/329/237 1540/326/255
f 1541/330/409 1542/295/229 1543/318/252
f 1544/331/358 1545/317/788 1546/288/216
f 1547/319/805 1548/294/729 1549/278/331
f 1550/320/254 1551/277/203 1552/281/207
f 1553/279/205 1554/293/223 1555/301/236
f 1556/280/206 1557/300/800 1558/282/208
f 1559/292/806 1560/332/807 1561/333/808
f 1562/276/809 1563/276/810 1564/276/811
f 1565/334/812 1566/326/256 1567/326/811
f 1568/276/813 1569/276/704 1570/276/814
f 1571/276/815 1572/276/816 1573/276/817
f 1574/291/818 1575/288/217 1576/313/816
f 1577/315/685 1578/335/300 1579/336/686
f 1580/276/819 1581/276/714 1582/276/820
f 1583/314/687 1584/281/402 1585/297/434
f 1586/337/307 1587/272/689 1588/338/690
f 1589/276/821 1590/276/822 1591/276/823
f 1592/298/691 1593/282/694 1594/273/693
f 1595/290/824 1596/339/813 1597/340/825
f 1598/307/806 1599/321/807 1600/295/230
f 1601/324/826 1602/283/827 1603/294/225
f 1604/286/828 1605/308/829 1606/293/226
f 1537/341/561 1539/329/562 1538/328/563 1535/342/564
f 1543/318/565 1545/317/566 1544/331/567 1541/330/568
f 1549/278/458 1551/277/801 1550/320/752 1547/319/802
f 1555/301/803 1557/300/756 1556/280/804 1553/279/457
f 1557/300/336 1537/303/323 1536/316/340 1558/282/341
f 1554/293/342 1540/325/343 1539/302/237 1555/301/236
f 1551/277/332 1556/280/337 1558/282/663 1552/281/659
f 1548/294/354 1554/293/342 1553/279/205 1549/278/672
f 1545/317/328 1550/320/333 1552/281/352 1546/288/353
f 1542/295/264 1548/294/354 1547/319/253 1543/318/252
f 1535/342/326 1544/331/329 1546/288/655 1536/287/650
f 1540/326/343 1542/295/264 1541/330/409 1538/328/673
f 1561/276/700 1563/276/701 1562/276/241 1559/276/244
f 1567/343/702 1568/344/703 1570/305/644 1565/304/645
f 1569/276/704 1571/276/705 1573/276/706 1570/276/707
f 1576/313/248 1560/312/247 1559/292/222 1574/291/243
f 1579/276/228 1561/276/227 1560/276/247 1577/276/250
f 1571/276/374 1581/276/375 1580/276/376 1572/276/377
f 1585/297/720 1578/296/721 1577/315/477 1583/314/478
f 1588/276/712 1579/276/713 1578/276/211 1586/276/214
f 1581/276/714 1590/276/715 1589/276/716 1582/276/717
f 1594/273/479 1587/272/480 1586/299/722 1592/298/723
f 1563/276/246 1588/276/240 1587/276/197 1564/276/200
f 1590/276/388 1569/276/389 1568/276/390 1591/276/391
f 1564/345/200 1596/339/199 1595/290/242 1562/289/219
f 1572/322/708 1599/321/709 1598/307/648 1573/306/649
f 1582/284/720 1602/283/721 1601/324/477 1580/323/478
f 1591/309/479 1605/308/480 1604/286/722 1589/285/723
f 1593/282/392 1597/316/393 1596/274/199 1594/273/198
f 1605/308/394 1567/311/395 1566/325/396 1606/293/397
f 1584/281/210 1593/282/209 1592/298/233 1585/297/232
f 1602/283/427 1604/286/724 1606/293/226 1603/294/225
f 1575/288/401 1584/281/402 1583/314/249 1576/313/248
f 1599/321/403 1601/324/404 1603/294/400 1600/295/405
f 1597/287/218 1575/288/217 1574/291/221 1595/290/220
f 1565/304/725 1598/307/726 1600/295/230 1566/326/256
f 1535/342/357 1538/328/408 1541/330/409 1544/331/358
f 1667/272/197 1674/273/198 1676/274/199 1644/275/200
f 1612/276/9 1608/276/9 1649/276/201 1670/276/202
f 1631/277/203 1629/278/204 1633/279/205 1636/280/206
f 1632/281/207 1638/282/208 1673/282/209 1664/281/210
f 1682/283/211 1662/284/212 1669/285/213 1684/286/214
f 1616/287/215 1626/288/216 1655/288/217 1677/287/218
f 1642/289/219 1675/290/220 1654/291/221 1639/292/222
f 1634/293/223 1628/294/224 1683/294/225 1686/293/226
f 1613/276/3 1609/276/3 1641/276/227 1659/276/228
f 1628/294/224 1622/295/229 1680/295/230 1683/294/225
f 1658/296/231 1665/297/232 1672/298/233 1666/299/234
f 1637/300/235 1635/301/236 1619/302/237 1617/303/238
f 1608/276/9 1610/276/9 1651/276/239 1649/276/201
f 1611/276/3 1613/276/3 1659/276/228 1668/276/240
f 1645/304/241 1650/305/242 1653/306/243 1678/307/244
f 1685/308/197 1671/309/198 1648/310/199 1647/311/200
f 1614/276/9 1612/276/9 1670/276/202 1661/276/245
f 1607/276/3 1611/276/3 1668/276/240 1643/276/246
f 1640/312/247 1656/313/248 1663/314/249 1657/315/250
f 1626/288/216 1632/281/207 1664/281/210 1655/288/217
f 1610/276/9 1614/276/9 1661/276/245 1651/276/239
f 1638/282/208 1616/316/215 1677/316/218 1673/282/209
f 1609/276/3 1607/276/3 1643/276/246 1641/276/227
f 1625/317/251 1623/318/252 1627/319/253 1630/320/254
f 1679/321/247 1652/322/248 1660/323/249 1681/324/250
f 1620/325/255 1634/293/223 1686/293/226 1646/325/256
f 1622/295/229 1620/326/255 1646/326/256 1680/295/230
f 1615/327/516 1616/287/830 1617/287/323
f 1618/328/408 1619/329/237 1620/326/831
f 1621/330/263 1622/295/832 1623/318/252
f 1624/331/525 1625/317/566 1626/288/833
f 1627/319/834 1628/294/224 1629/278/635
f 1630/320/254 1631/277/835 1632/281/352
f 1633/279/275 1634/293/836 1635/301/236
f 1636/280/206 1637/300/235 1638/282/341
f 1639/292/558 1640/332/617 1641/333/618
f 1642/276/619 1643/276/620 1644/276/621
f 1645/334/539 1646/326/540 1647/326/541
f 1648/276/542 1649/276/389 1650/276/543
f 1651/276/374 1652/276/544 1653/276/545
f 1654/291/622 1655/288/623 1656/313/624
f 1657/315/250 1658/335/379 1659/336/228
f 1660/276/590 1661/276/375 1662/276/551
f 1663/314/249 1664/281/837 1665/297/232
f 1666/337/234 1667/272/197 1668/338/240
f 1669/276/591 1670/276/388 1671/276/592
f 1672/298/233 1673/282/838 1674/273/198
f 1675/290/625 1676/339/626 1677/340/627
f 1678/307/558 1679/321/559 1680/295/560
f 1681/324/593 1682/283/594 1683/294/595
f 1684/286/596 1685/308/597 1686/293/598
f 1617/341/561 1619/329/562 1618/328/563 1615/342/564
f 1623/318/565 1625/317/566 1624/331/567 1621/330/568
f 1629/278/331 1631/277/332 1630/320/333 1627/319/334
f 1635/301/335 1637/300/336 1636/280/337 1633/279/338
f 1637/300/336 1617/303/339 1616/316/340 1638/282/341
f 1634/293/342 1620/325/343 1619/302/344 1635/301/345
f 1631/277/203 1636/280/206 1638/282/341 1632/281/346
f 1628/294/347 1634/293/348 1633/279/349 1629/278/350
f 1625/317/328 1630/320/351 1632/281/352 1626/288/353
f 1622/295/264 1628/294/354 1627/319/355 1623/318/356
f 1615/342/357 1624/331/358 1626/288/353 1616/287/359
f 1620/326/360 1622/295/361 1621/330/362 1618/328/363
f 1641/276/364 1643/276/365 1642/276/219 1639/276/222
f 1647/343/366 1648/344/367 1650/305/242 1645/304/219
f 1649/276/201 1651/276/239 1653/276/243 1650/276/242
f 1656/313/370 1640/312/371 1639/292/372 1654/291/373
f 1659/276/228 1641/276/227 1640/276/247 1657/276/250
f 1651/276/374 1661/276/375 1660/276/376 1652/276/377
f 1665/297/378 1658/296/379 1657/315/380 1663/314/381
f 1668/276/382 1659/276/383 1658/276/231 1666/276/234
f 1661/276/245 1670/276/202 1669/276/213 1662/276/212
f 1674/273/384 1667/272/385 1666/299/386 1672/298/387
f 1643/276/246 1668/276/240 1667/276/197 1644/276/200
f 1670/276/388 1649/276/389 1648/276/390 1671/276/391
f 1644/345/366 1676/339/367 1675/290/368 1642/289/369
f 1652/322/370 1679/321/371 1678/307/222 1653/306/243
f 1662/284/378 1682/283/379 1681/324/380 1660/323/381
f 1671/309/384 1685/308/385 1684/286/386 1669/285/387
f 1673/282/392 1677/316/393 1676/274/199 1674/273/198
f 1685/308/394 1647/311/395 1646/325/396 1686/293/397
f 1664/281/398 1673/282/399 1672/298/213 1665/297/212
f 1682/283/231 1684/286/234 1686/293/397 1683/294/400
f 1655/288/401 1664/281/402 1663/314/249 1656/313/248
f 1679/321/403 1681/324/404 1683/294/400 1680/295/405
f 1677/287/406 1655/288/407 1654/291/243 1675/290/242
f 1645/304/219 1678/307/222 1680/295/405 1646/326/396
f 1615/342/357 1618/328/408 1621/330/409 1624/331/358
f 1747/272/197 1754/273/198 1756/274/199 1724/275/200
f 1692/276/9 1688/276/9 1729/276/201 1750/276/202
f 1711/277/203 1709/278/204 1713/279/205 1716/280/206
f 1712/281/207 1718/282/208 1753/282/209 1744/281/210
f 1762/283/211 1742/284/212 1749/285/213 1764/286/214
f 1696/287/215 1706/288/216 1735/288/217 1757/287/218
f 1722/289/219 1755/290/220 1734/291/221 1719/292/222
f 1714/293/223 1708/294/224 1763/294/225 1766/293/226
f 1693/276/3 1689/276/3 1721/276/227 1739/276/228
f 1708/294/224 1702/295/229 1760/295/230 1763/294/225
f 1738/296/231 1745/297/232 1752/298/233 1746/299/234
f 1717/300/235 1715/301/236 1699/302/237 1697/303/238
f 1688/276/9 1690/276/9 1731/276/239 1729/276/201
f 1691/276/3 1693/276/3 1739/276/228 1748/276/240
f 1725/304/241 1730/305/242 1733/306/243 1758/307/244
f 1765/308/197 1751/309/198 1728/310/199 1727/311/200
f 1694/276/9 1692/276/9 1750/276/202 1741/276/245
f 1687/276/3 1691/276/3 1748/276/240 1723/276/246
f 1720/312/247 1736/313/248 1743/314/249 1737/315/250
f 1706/288/216 1712/281/207 1744/281/210 1735/288/217
f 1690/276/9 1694/276/9 1741/276/245 1731/276/239
f 1718/282/208 1696/316/215 1757/316/218 1753/282/209
f 1689/276/3 1687/276/3 1723/276/246 1721/276/227
f 1705/317/251 1703/318/252 1707/319/253 1710/320/254
f 1759/321/247 1732/322/248 1740/323/249 1761/324/250
f 1700/325/255 1714/293/223 1766/293/226 1726/325/256
f 1702/295/229 1700/326/255 1726/326/256 1760/295/230
f 1695/327/487 1696/287/340 1697/287/238
f 1698/328/408 1699/329/237 1700/326/831
f 1701/330/263 1702/295/832 1703/318/252
f 1704/331/358 1705/317/251 1706/288/353
f 1707/319/269 1708/294/270 1709/278/635
f 1710/320/333 1711/277/839 1712/281/352
f 1713/279/275 1714/293/276 1715/301/277
f 1716/280/840 1717/300/235 1718/282/341
f 1719/292/222 1720/332/247 1721/333/227
f 1722/276/809 1723/276/246 1724/276/200
f 1725/334/809 1726/326/841 1727/326/395
f 1728/276/390 1729/276/201 1730/276/824
f 1731/276/239 1732/276/377 1733/276/818
f 1734/291/221 1735/288/842 1736/313/248
f 1737/315/250 1738/335/379 1739/336/228
f 1740/276/478 1741/276/843 1742/276/232
f 1743/314/249 1744/281/837 1745/297/232
f 1746/337/234 1747/272/197 1748/338/240
f 1749/276/233 1750/276/202 1751/276/479
f 1752/298/233 1753/282/838 1754/273/198
f 1755/290/220 1756/339/199 1757/340/844
f 1758/307/806 1759/321/403 1760/295/845
f 1761/324/477 1762/283/211 1763/294/846
f 1764/286/214 1765/308/480 1766/293/847
f 1697/341/561 1699/329/562 1698/328/563 1695/342/564
f 1703/318/565 1705/317/566 1704/331/567 1701/330/568
f 1709/278/458 1711/277/801 1710/320/752 1707/319/802
f 1715/301/803 1717/300/756 1716/280/804 1713/279/457
f 1717/300/336 1697/303/339 1696/316/340 1718/282/341
f 1714/293/342 1700/325/343 1699/302/344 1715/301/345
f 1711/277/203 1716/280/206 1718/282/341 1712/281/346
f 1708/294/347 1714/293/348 1713/279/349 1709/278/350
f 1705/317/328 1710/320/351 1712/281/352 1706/288/353
f 1702/295/264 1708/294/354 1707/319/355 1703/318/356
f 1695/342/357 1704/331/358 1706/288/353 1696/287/359
f 1700/326/360 1702/295/361 1701/330/362 1698/328/363
f 1721/276/364 1723/276/365 1722/276/219 1719/276/222
f 1727/343/366 1728/344/367 1730/305/368 1725/304/369
f 1729/276/201 1731/276/239 1733/276/243 1730/276/242
f 1736/313/370 1720/312/371 1719/292/222 1734/291/243
f 1739/276/228 1721/276/227 1720/276/247 1737/276/250
f 1731/276/374 1741/276/375 1740/276/376 1732/276/377
f 1745/297/378 1738/296/379 1737/315/380 1743/314/381
f 1748/276/382 1739/276/383 1738/276/231 1746/276/234
f 1741/276/245 1750/276/202 1749/276/213 1742/276/212
f 1754/273/384 1747/272/385 1746/299/386 1752/298/387
f 1723/276/246 1748/276/240 1747/276/197 1724/276/200
f 1750/276/388 1729/276/389 1728/276/390 1751/276/391
f 1724/345/366 1756/339/367 1755/290/242 1722/289/219
f 1732/322/370 1759/321/371 1758/307/372 1733/306/373
f 1742/284/378 1762/283/379 1761/324/380 1740/323/381
f 1751/309/384 1765/308/385 1764/286/386 1749/285/387
f 1753/282/392 1757/316/393 1756/274/199 1754/273/198
f 1765/308/394 1727/311/395 1726/325/396 1766/293/397
f 1744/281/398 1753/282/399 1752/298/213 1745/297/212
f 1762/283/231 1764/286/234 1766/293/397 1763/294/400
f 1735/288/401 1744/281/402 1743/314/249 1736/313/248
f 1759/321/403 1761/324/404 1763/294/400 1760/295/405
f 1757/287/406 1735/288/407 1734/291/243 1755/290/242
f 1725/304/219 1758/307/222 1760/295/405 1726/326/396
f 1695/342/357 1698/328/408 1701/330/409 1704/331/358
f 1827/272/197 1834/273/198 1836/274/199 1804/275/200
f 1772/276/9 1768/276/9 1809/276/201 1830/276/202
f 1791/277/203 1789/278/204 1793/279/205 1796/280/206
f 1792/281/207 1798/282/208 1833/282/209 1824/281/210
f 1842/283/211 1822/284/212 1829/285/213 1844/286/214
f 1776/287/215 1786/288/216 1815/288/217 1837/287/218
f 1802/289/219 1835/290/220 1814/291/221 1799/292/222
f 1794/293/223 1788/294/224 1843/294/225 1846/293/226
f 1773/276/3 1769/276/3 1801/276/227 1819/276/228
f 1788/294/224 1782/295/229 1840/295/230 1843/294/225
f 1818/296/231 1825/297/232 1832/298/233 1826/299/234
f 1797/300/235 1795/301/236 1779/302/237 1777/303/238
f 1768/276/9 1770/276/9 1811/276/239 1809/276/201
f 1771/276/3 1773/276/3 1819/276/228 1828/276/240
f 1805/304/241 1810/305/242 1813/306/243 1838/307/244
f 1845/308/197 1831/309/198 1808/310/199 1807/311/200
f 1774/276/9 1772/276/9 1830/276/202 1821/276/245
f 1767/276/3 1771/276/3 1828/276/240 1803/276/246
f 1800/312/247 1816/313/248 1823/314/249 1817/315/250
f 1786/288/216 1792/281/207 1824/281/210 1815/288/217
f 1770/276/9 1774/276/9 1821/276/245 1811/276/239
f 1798/282/208 1776/316/215 1837/316/218 1833/282/209
f 1769/276/3 1767/276/3 1803/276/246 1801/276/227
f 1785/317/251 1783/318/252 1787/319/253 1790/320/254
f 1839/321/247 1812/322/248 1820/323/249 1841/324/250
f 1780/325/255 1794/293/223 1846/293/226 1806/325/256
f 1782/295/229 1780/326/255 1806/326/256 1840/295/230
f 1775/327/516 1776/287/340 1777/287/323
f 1778/328/408 1779/329/237 1780/326/831
f 1781/330/263 1782/295/832 1783/318/252
f 1784/331/525 1785/317/251 1786/288/353
f 1787/319/834 1788/294/224 1789/278/635
f 1790/320/254 1791/277/835 1792/281/352
f 1793/279/275 1794/293/836 1795/301/236
f 1796/280/206 1797/300/235 1798/282/341
f 1799/292/372 1800/332/848 1801/333/227
f 1802/276/369 1803/276/246 1804/276/849
f 1805/334/809 1806/326/841 1807/326/395
f 1808/276/390 1809/276/201 1810/276/824
f 1811/276/239 1812/276/377 1813/276/818
f 1814/291/373 1815/288/850 1816/313/851
f 1817/315/250 1818/335/379 1819/336/228
f 1820/276/376 1821/276/245 1822/276/820
f 1823/314/249 1824/281/837 1825/297/232
f 1826/337/234 1827/272/197 1828/338/240
f 1829/276/852 1830/276/202 1831/276/391
f 1832/298/233 1833/282/838 1834/273/198
f 1835/290/824 1836/339/853 1837/340/854
f 1838/307/806 1839/321/403 1840/295/845
f 1841/324/404 1842/283/855 1843/294/856
f 1844/286/857 1845/308/394 1846/293/847
f 1777/341/561 1779/329/562 1778/328/563 1775/342/564
f 1783/318/565 1785/317/566 1784/331/567 1781/330/568
f 1789/278/458 1791/277/801 1790/320/752 1787/319/802
f 1795/301/803 1797/300/756 1796/280/804 1793/279/457
f 1797/300/336 1777/303/339 1776/316/340 1798/282/341
f 1794/293/342 1780/325/343 1779/302/344 1795/301/345
f 1791/277/203 1796/280/206 1798/282/341 1792/281/346
f 1788/294/347 1794/293/348 1793/279/349 1789/278/350
f 1785/317/328 1790/320/351 1792/281/352 1786/288/353
f 1782/295/264 1788/294/354 1787/319/355 1783/318/356
f 1775/342/357 1784/331/358 1786/288/353 1776/287/359
f 1780/326/360 1782/295/361 1781/330/362 1778/328/363
f 1801/276/364 1803/276/365 1802/276/219 1799/276/222
f 1807/343/366 1808/344/367 1810/305/368 1805/304/369
f 1809/276/201 1811/276/239 1813/276/243 1810/276/242
f 1816/313/370 1800/312/371 1799/292/372 1814/291/373
f 1819/276/228 1801/276/227 1800/276/247 1817/276/250
f 1811/276/374 1821/276/375 1820/276/376 1812/276/377
f 1825/297/378 1818/296/379 1817/315/380 1823/314/381
f 1828/276/382 1819/276/383 1818/276/231 1826/276/234
f 1821/276/245 1830/276/202 1829/276/213 1822/276/212
f 1834/273/384 1827/272/385 1826/299/386 1832/298/387
f 1803/276/246 1828/276/240 1827/276/197 1804/276/200
f 1830/276/388 1809/276/389 1808/276/390 1831/276/391
f 1804/345/366 1836/339/367 1835/290/368 1802/289/369
f 1812/322/370 1839/321/371 1838/307/372 1813/306/373
f 1822/284/212 1842/283/231 1841/324/380 1820/323/381
f 1831/309/384 1845/308/385 1844/286/234 1829/285/213
f 1833/282/392 1837/316/393 1836/274/199 1834/273/198
f 1845/308/394 1807/311/395 1806/325/396 1846/293/397
f 1824/281/398 1833/282/399 1832/298/213 1825/297/212
f 1842/283/231 1844/286/234 1846/293/397 1843/294/400
f 1815/288/401 1824/281/402 1823/314/249 1816/313/248
f 1839/321/403 1841/324/404 1843/294/400 1840/295/405
f 1837/287/406 1815/288/407 1814/291/243 1835/290/242
f 1805/304/219 1838/307/222 1840/295/405 1806/326/396
f 1775/342/357 1778/328/408 1781/330/409 1784/331/358
f 1907/272/197 1914/273/198 1916/274/199 1884/275/200
f 1852/276/9 1848/276/9 1889/276/201 1910/276/202
f 1871/277/203 1869/278/204 1873/279/205 1876/280/206
f 1872/281/207 1878/282/208 1913/282/209 1904/281/210
f 1922/283/211 1902/284/212 1909/285/213 1924/286/214
f 1856/287/215 1866/288/216 1895/288/217 1917/287/218
f 1882/289/219 1915/290/220 1894/291/221 1879/292/222
f 1874/293/223 1868/294/224 1923/294/225 1926/293/226
f 1853/276/3 1849/276/3 1881/276/227 1899/276/228
f 1868/294/224 1862/295/229 1920/295/230 1923/294/225
f 1898/296/231 1905/297/232 1912/298/233 1906/299/234
f 1877/300/235 1875/301/236 1859/302/237 1857/303/238
f 1848/276/9 1850/276/9 1891/276/239 1889/276/201
f 1851/276/3 1853/276/3 1899/276/228 1908/276/240
f 1885/304/241 1890/305/242 1893/306/243 1918/307/244
f 1925/308/197 1911/309/198 1888/310/199 1887/311/200
f 1854/276/9 1852/276/9 1910/276/202 1901/276/245
f 1847/276/3 1851/276/3 1908/276/240 1883/276/246
f 1880/312/247 1896/313/248 1903/314/249 1897/315/250
f 1866/288/216 1872/281/207 1904/281/210 1895/288/217
f 1850/276/9 1854/276/9 1901/276/245 1891/276/239
f 1878/282/208 1856/316/215 1917/316/218 1913/282/209
f 1849/276/3 1847/276/3 1883/276/246 1881/276/227
f 1865/317/251 1863/318/252 1867/319/253 1870/320/254
f 1919/321/247 1892/322/248 1900/323/249 1921/324/250
f 1860/325/255 1874/293/223 1926/293/226 1886/325/256
f 1862/295/229 1860/326/255 1886/326/256 1920/295/230
f 1855/327/516 1856/287/340 1857/287/323
f 1858/328/408 1859/329/237 1860/326/831
f 1861/330/263 1862/295/832 1863/318/252
f 1864/331/525 1865/317/251 1866/288/353
f 1867/319/834 1868/294/270 1869/278/635
f 1870/320/254 1871/277/858 1872/281/352
f 1873/279/275 1874/293/342 1875/301/417
f 1876/280/206 1877/300/235 1878/282/341
f 1879/292/372 1880/332/403 1881/333/227
f 1882/276/369 1883/276/246 1884/276/849
f 1885/334/539 1886/326/540 1887/326/541
f 1888/276/542 1889/276/389 1890/276/824
f 1891/276/374 1892/276/544 1893/276/545
f 1894/291/818 1895/288/850 1896/313/377
f 1897/315/859 1898/335/379 1899/336/228
f 1900/276/376 1901/276/245 1902/276/820
f 1903/314/376 1904/281/837 1905/297/378
f 1906/337/386 1907/272/394 1908/338/240
f 1909/276/852 1910/276/202 1911/276/391
f 1912/298/852 1913/282/838 1914/273/391
f 1915/290/824 1916/339/390 1917/340/844
f 1918/307/806 1919/321/559 1920/295/560
f 1921/324/404 1922/283/855 1923/294/856
f 1924/286/857 1925/308/394 1926/293/847
f 1857/341/561 1859/329/562 1858/328/563 1855/342/564
f 1863/318/565 1865/317/566 1864/331/567 1861/330/568
f 1869/278/458 1871/277/801 1870/320/752 1867/319/802
f 1875/301/803 1877/300/756 1876/280/804 1873/279/457
f 1877/300/336 1857/303/339 1856/316/340 1878/282/341
f 1874/293/342 1860/325/343 1859/302/344 1875/301/345
f 1871/277/203 1876/280/206 1878/282/341 1872/281/346
f 1868/294/347 1874/293/348 1873/279/349 1869/278/350
f 1865/317/328 1870/320/351 1872/281/352 1866/288/353
f 1862/295/264 1868/294/354 1867/319/355 1863/318/356
f 1855/342/357 1864/331/358 1866/288/353 1856/287/359
f 1860/326/360 1862/295/361 1861/330/362 1858/328/363
f 1881/276/364 1883/276/365 1882/276/219 1879/276/222
f 1887/343/366 1888/344/367 1890/305/368 1885/304/369
f 1889/276/201 1891/276/239 1893/276/243 1890/276/242
f 1896/313/370 1880/312/371 1879/292/372 1894/291/373
f 1899/276/228 1881/276/227 1880/276/247 1897/276/250
f 1891/276/374 1901/276/375 1900/276/376 1892/276/377
f 1905/297/378 1898/296/379 1897/315/380 1903/314/381
f 1908/276/382 1899/276/383 1898/276/231 1906/276/234
f 1901/276/245 1910/276/202 1909/276/213 1902/276/212
f 1914/273/384 1907/272/385 1906/299/386 1912/298/387
f 1883/276/246 1908/276/240 1907/276/197 1884/276/200
f 1910/276/388 1889/276/389 1888/276/390 1911/276/391
f 1884/345/366 1916/339/367 1915/290/368 1882/289/369
f 1892/322/370 1919/321/371 1918/307/372 1893/306/373
f 1902/284/378 1922/283/379 1921/324/380 1900/323/381
f 1911/309/384 1925/308/385 1924/286/386 1909/285/387
f 1913/282/392 1917/316/393 1916/274/199 1914/273/198
f 1925/308/394 1887/311/395 1886/325/396 1926/293/397
f 1904/281/398 1913/282/399 1912/298/213 1905/297/212
f 1922/283/231 1924/286/234 1926/293/397 1923/294/400
f 1895/288/401 1904/281/402 1903/314/249 1896/313/248
f 1919/321/403 1921/324/404 1923/294/400 1920/295/405
f 1917/287/406 1895/288/407 1894/291/243 1915/290/242
f 1885/304/219 1918/307/222 1920/295/405 1886/326/396
f 1855/342/357 1858/328/408 1861/330/409 1864/331/358
