# openFVeiD Rust rail centerlines
o Demo_track
v -0.5500000 7.2600002 0.0000000
v 0.5500000 7.2600002 0.0000000
v -0.5500000 7.2600002 0.0179964
v 0.5500000 7.2600002 0.0179964
v -0.5500000 7.2600002 0.0359928
v 0.5500000 7.2600002 0.0359928
v -0.5500000 7.2600002 0.0539892
v 0.5500000 7.2600002 0.0539892
v -0.5500000 7.2600002 0.0719856
v 0.5500000 7.2600002 0.0719856
v -0.5500000 7.2600002 0.0899820
v 0.5500000 7.2600002 0.0899820
v -0.5500000 7.2600002 0.1079784
v 0.5500000 7.2600002 0.1079784
v -0.5500000 7.2600002 0.1259748
v 0.5500000 7.2600002 0.1259748
v -0.5500000 7.2600002 0.1439712
v 0.5500000 7.2600002 0.1439712
v -0.5500000 7.2600002 0.1619676
v 0.5500000 7.2600002 0.1619676
v -0.5500000 7.2600002 0.1799640
v 0.5500000 7.2600002 0.1799640
v -0.5500000 7.2600002 0.1979604
v 0.5500000 7.2600002 0.1979604
v -0.5500000 7.2600002 0.2159568
v 0.5500000 7.2600002 0.2159568
v -0.5500000 7.2600002 0.2339532
v 0.5500000 7.2600002 0.2339532
v -0.5500000 7.2600002 0.2519496
v 0.5500000 7.2600002 0.2519496
v -0.5500000 7.2600002 0.2699460
v 0.5500000 7.2600002 0.2699460
v -0.5500000 7.2600002 0.2879424
v 0.5500000 7.2600002 0.2879424
v -0.5500000 7.2600002 0.3059388
v 0.5500000 7.2600002 0.3059388
v -0.5500000 7.2600002 0.3239352
v 0.5500000 7.2600002 0.3239352
v -0.5500000 7.2600002 0.3419316
v 0.5500000 7.2600002 0.3419316
v -0.5500000 7.2600002 0.3599280
v 0.5500000 7.2600002 0.3599280
v -0.5500000 7.2600002 0.3779244
v 0.5500000 7.2600002 0.3779244
v -0.5500000 7.2600002 0.3959208
v 0.5500000 7.2600002 0.3959208
v -0.5500000 7.2600002 0.4139172
v 0.5500000 7.2600002 0.4139172
v -0.5500000 7.2600002 0.4319136
v 0.5500000 7.2600002 0.4319136
v -0.5500000 7.2600002 0.4499100
v 0.5500000 7.2600002 0.4499100
v -0.5500000 7.2600002 0.4679064
v 0.5500000 7.2600002 0.4679064
v -0.5500000 7.2600002 0.4859028
v 0.5500000 7.2600002 0.4859028
v -0.5500000 7.2600002 0.5038992
v 0.5500000 7.2600002 0.5038992
v -0.5500000 7.2600002 0.5218956
v 0.5500000 7.2600002 0.5218956
v -0.5500000 7.2600002 0.5398921
v 0.5500000 7.2600002 0.5398921
v -0.5500000 7.2600002 0.5578885
v 0.5500000 7.2600002 0.5578885
v -0.5500000 7.2600002 0.5758849
v 0.5500000 7.2600002 0.5758849
v -0.5500000 7.2600002 0.5938814
v 0.5500000 7.2600002 0.5938814
v -0.5500000 7.2600002 0.6118778
v 0.5500000 7.2600002 0.6118778
v -0.5500000 7.2600002 0.6298742
v 0.5500000 7.2600002 0.6298742
v -0.5500000 7.2600002 0.6478707
v 0.5500000 7.2600002 0.6478707
v -0.5500000 7.2600002 0.6658671
v 0.5500000 7.2600002 0.6658671
v -0.5500000 7.2600002 0.6838635
v 0.5500000 7.2600002 0.6838635
v -0.5500000 7.2600002 0.7018600
v 0.5500000 7.2600002 0.7018600
v -0.5500000 7.2600002 0.7198564
v 0.5500000 7.2600002 0.7198564
v -0.5500000 7.2600002 0.7378528
v 0.5500000 7.2600002 0.7378528
v -0.5500000 7.2600002 0.7558492
v 0.5500000 7.2600002 0.7558492
v -0.5500000 7.2600002 0.7738457
v 0.5500000 7.2600002 0.7738457
v -0.5500000 7.2600002 0.7918421
v 0.5500000 7.2600002 0.7918421
v -0.5500000 7.2600002 0.8098385
v 0.5500000 7.2600002 0.8098385
v -0.5500000 7.2600002 0.8278350
v 0.5500000 7.2600002 0.8278350
v -0.5500000 7.2600002 0.8458314
v 0.5500000 7.2600002 0.8458314
v -0.5500000 7.2600002 0.8638278
v 0.5500000 7.2600002 0.8638278
v -0.5500000 7.2600002 0.8818243
v 0.5500000 7.2600002 0.8818243
v -0.5500000 7.2600002 0.8998207
v 0.5500000 7.2600002 0.8998207
v -0.5500000 7.2600002 0.9178171
v 0.5500000 7.2600002 0.9178171
v -0.5500000 7.2600002 0.9358135
v 0.5500000 7.2600002 0.9358135
v -0.5500000 7.2600002 0.9538100
v 0.5500000 7.2600002 0.9538100
v -0.5500000 7.2600002 0.9718064
v 0.5500000 7.2600002 0.9718064
v -0.5500000 7.2600002 0.9898028
v 0.5500000 7.2600002 0.9898028
v -0.5500000 7.2600002 1.0077993
v 0.5500000 7.2600002 1.0077993
v -0.5500000 7.2600002 1.0257957
v 0.5500000 7.2600002 1.0257957
v -0.5500000 7.2600002 1.0437921
v 0.5500000 7.2600002 1.0437921
v -0.5500000 7.2600002 1.0617886
v 0.5500000 7.2600002 1.0617886
v -0.5500000 7.2600002 1.0797850
v 0.5500000 7.2600002 1.0797850
v -0.5500000 7.2600002 1.0977814
v 0.5500000 7.2600002 1.0977814
v -0.5500000 7.2600002 1.1157779
v 0.5500000 7.2600002 1.1157779
v -0.5500000 7.2600002 1.1337743
v 0.5500000 7.2600002 1.1337743
v -0.5500000 7.2600002 1.1517707
v 0.5500000 7.2600002 1.1517707
v -0.5500000 7.2600002 1.1697671
v 0.5500000 7.2600002 1.1697671
v -0.5500000 7.2600002 1.1877636
v 0.5500000 7.2600002 1.1877636
v -0.5500000 7.2600002 1.2057600
v 0.5500000 7.2600002 1.2057600
v -0.5500000 7.2600002 1.2237564
v 0.5500000 7.2600002 1.2237564
v -0.5500000 7.2600002 1.2417529
v 0.5500000 7.2600002 1.2417529
v -0.5500000 7.2600002 1.2597493
v 0.5500000 7.2600002 1.2597493
v -0.5500000 7.2600002 1.2777457
v 0.5500000 7.2600002 1.2777457
v -0.5500000 7.2600002 1.2957422
v 0.5500000 7.2600002 1.2957422
v -0.5500000 7.2600002 1.3137386
v 0.5500000 7.2600002 1.3137386
v -0.5500000 7.2600002 1.3317350
v 0.5500000 7.2600002 1.3317350
v -0.5500000 7.2600002 1.3497314
v 0.5500000 7.2600002 1.3497314
v -0.5500000 7.2600002 1.3677279
v 0.5500000 7.2600002 1.3677279
v -0.5500000 7.2600002 1.3857243
v 0.5500000 7.2600002 1.3857243
v -0.5500000 7.2600002 1.4037207
v 0.5500000 7.2600002 1.4037207
v -0.5500000 7.2600002 1.4217172
v 0.5500000 7.2600002 1.4217172
v -0.5500000 7.2600002 1.4397136
v 0.5500000 7.2600002 1.4397136
v -0.5500000 7.2600002 1.4577100
v 0.5500000 7.2600002 1.4577100
v -0.5500000 7.2600002 1.4757065
v 0.5500000 7.2600002 1.4757065
v -0.5500000 7.2600002 1.4937029
v 0.5500000 7.2600002 1.4937029
v -0.5500000 7.2600002 1.5116993
v 0.5500000 7.2600002 1.5116993
v -0.5500000 7.2600002 1.5296957
v 0.5500000 7.2600002 1.5296957
v -0.5500000 7.2600002 1.5476922
v 0.5500000 7.2600002 1.5476922
v -0.5500000 7.2600002 1.5656886
v 0.5500000 7.2600002 1.5656886
v -0.5500000 7.2600002 1.5836850
v 0.5500000 7.2600002 1.5836850
v -0.5500000 7.2600002 1.6016815
v 0.5500000 7.2600002 1.6016815
v -0.5500000 7.2600002 1.6196779
v 0.5500000 7.2600002 1.6196779
v -0.5500000 7.2600002 1.6376743
v 0.5500000 7.2600002 1.6376743
v -0.5500000 7.2600002 1.6556708
v 0.5500000 7.2600002 1.6556708
v -0.5500000 7.2600002 1.6736672
v 0.5500000 7.2600002 1.6736672
v -0.5500000 7.2600002 1.6916636
v 0.5500000 7.2600002 1.6916636
v -0.5500000 7.2600002 1.7096601
v 0.5500000 7.2600002 1.7096601
v -0.5500000 7.2600002 1.7276565
v 0.5500000 7.2600002 1.7276565
v -0.5500000 7.2600002 1.7456529
v 0.5500000 7.2600002 1.7456529
v -0.5500000 7.2600002 1.7636493
v 0.5500000 7.2600002 1.7636493
v -0.5500000 7.2600002 1.7816458
v 0.5500000 7.2600002 1.7816458
v -0.5500000 7.2600002 1.7996422
v 0.5500000 7.2600002 1.7996422
v -0.5500000 7.2600002 1.8176386
v 0.5500000 7.2600002 1.8176386
v -0.5500000 7.2600002 1.8356351
v 0.5500000 7.2600002 1.8356351
v -0.5500000 7.2600002 1.8536315
v 0.5500000 7.2600002 1.8536315
v -0.5500000 7.2600002 1.8716279
v 0.5500000 7.2600002 1.8716279
v -0.5500000 7.2600002 1.8896244
v 0.5500000 7.2600002 1.8896244
v -0.5500000 7.2600002 1.9076208
v 0.5500000 7.2600002 1.9076208
v -0.5500000 7.2600002 1.9256172
v 0.5500000 7.2600002 1.9256172
v -0.5500000 7.2600002 1.9436136
v 0.5500000 7.2600002 1.9436136
v -0.5500000 7.2600002 1.9616101
v 0.5500000 7.2600002 1.9616101
v -0.5500000 7.2600002 1.9796065
v 0.5500000 7.2600002 1.9796065
v -0.5500000 7.2600002 1.9976029
v 0.5500000 7.2600002 1.9976029
v -0.5500000 7.2600002 2.0155993
v 0.5500000 7.2600002 2.0155993
v -0.5500000 7.2600002 2.0335956
v 0.5500000 7.2600002 2.0335956
v -0.5500000 7.2600002 2.0515919
v 0.5500000 7.2600002 2.0515919
v -0.5500000 7.2600002 2.0695882
v 0.5500000 7.2600002 2.0695882
v -0.5500000 7.2600002 2.0875845
v 0.5500000 7.2600002 2.0875845
v -0.5500000 7.2600002 2.1055808
v 0.5500000 7.2600002 2.1055808
v -0.5500000 7.2600002 2.1235771
v 0.5500000 7.2600002 2.1235771
v -0.5500000 7.2600002 2.1415734
v 0.5500000 7.2600002 2.1415734
v -0.5500000 7.2600002 2.1595697
v 0.5500000 7.2600002 2.1595697
v -0.5500000 7.2600002 2.1775661
v 0.5500000 7.2600002 2.1775661
v -0.5500000 7.2600002 2.1955624
v 0.5500000 7.2600002 2.1955624
v -0.5500000 7.2600002 2.2135587
v 0.5500000 7.2600002 2.2135587
v -0.5500000 7.2600002 2.2315550
v 0.5500000 7.2600002 2.2315550
v -0.5500000 7.2600002 2.2495513
v 0.5500000 7.2600002 2.2495513
v -0.5500000 7.2600002 2.2675476
v 0.5500000 7.2600002 2.2675476
v -0.5500000 7.2600002 2.2855439
v 0.5500000 7.2600002 2.2855439
v -0.5500000 7.2600002 2.3035402
v 0.5500000 7.2600002 2.3035402
v -0.5500000 7.2600002 2.3215365
v 0.5500000 7.2600002 2.3215365
v -0.5500000 7.2600002 2.3395329
v 0.5500000 7.2600002 2.3395329
v -0.5500000 7.2600002 2.3575292
v 0.5500000 7.2600002 2.3575292
v -0.5500000 7.2600002 2.3755255
v 0.5500000 7.2600002 2.3755255
v -0.5500000 7.2600002 2.3935218
v 0.5500000 7.2600002 2.3935218
v -0.5500000 7.2600002 2.4115181
v 0.5500000 7.2600002 2.4115181
v -0.5500000 7.2600002 2.4295144
v 0.5500000 7.2600002 2.4295144
v -0.5500000 7.2600002 2.4475107
v 0.5500000 7.2600002 2.4475107
v -0.5500000 7.2600002 2.4655070
v 0.5500000 7.2600002 2.4655070
v -0.5500000 7.2600002 2.4835033
v 0.5500000 7.2600002 2.4835033
v -0.5500000 7.2600002 2.5014997
v 0.5500000 7.2600002 2.5014997
v -0.5500000 7.2600002 2.5194960
v 0.5500000 7.2600002 2.5194960
v -0.5500000 7.2600002 2.5374923
v 0.5500000 7.2600002 2.5374923
v -0.5500000 7.2600002 2.5554886
v 0.5500000 7.2600002 2.5554886
v -0.5500000 7.2600002 2.5734849
v 0.5500000 7.2600002 2.5734849
v -0.5500000 7.2600002 2.5914812
v 0.5500000 7.2600002 2.5914812
v -0.5500000 7.2600002 2.6094775
v 0.5500000 7.2600002 2.6094775
v -0.5500000 7.2600002 2.6274738
v 0.5500000 7.2600002 2.6274738
v -0.5500000 7.2600002 2.6454701
v 0.5500000 7.2600002 2.6454701
v -0.5500000 7.2600002 2.6634665
v 0.5500000 7.2600002 2.6634665
v -0.5500000 7.2600002 2.6814628
v 0.5500000 7.2600002 2.6814628
v -0.5500000 7.2600002 2.6994591
v 0.5500000 7.2600002 2.6994591
v -0.5500000 7.2600002 2.7174554
v 0.5500000 7.2600002 2.7174554
v -0.5500000 7.2600002 2.7354517
v 0.5500000 7.2600002 2.7354517
v -0.5500000 7.2600002 2.7534480
v 0.5500000 7.2600002 2.7534480
v -0.5500000 7.2600002 2.7714443
v 0.5500000 7.2600002 2.7714443
v -0.5500000 7.2600002 2.7894406
v 0.5500000 7.2600002 2.7894406
v -0.5500000 7.2600002 2.8074369
v 0.5500000 7.2600002 2.8074369
v -0.5500000 7.2600002 2.8254333
v 0.5500000 7.2600002 2.8254333
v -0.5500000 7.2600002 2.8434296
v 0.5500000 7.2600002 2.8434296
v -0.5500000 7.2600002 2.8614259
v 0.5500000 7.2600002 2.8614259
v -0.5500000 7.2600002 2.8794222
v 0.5500000 7.2600002 2.8794222
v -0.5500000 7.2600002 2.8974185
v 0.5500000 7.2600002 2.8974185
v -0.5500000 7.2600002 2.9154148
v 0.5500000 7.2600002 2.9154148
v -0.5500000 7.2600002 2.9334111
v 0.5500000 7.2600002 2.9334111
v -0.5500000 7.2600002 2.9514074
v 0.5500000 7.2600002 2.9514074
v -0.5500000 7.2600002 2.9694037
v 0.5500000 7.2600002 2.9694037
v -0.5500000 7.2600002 2.9874001
v 0.5500000 7.2600002 2.9874001
v -0.5500000 7.2600002 3.0053964
v 0.5500000 7.2600002 3.0053964
v -0.5500000 7.2600002 3.0233927
v 0.5500000 7.2600002 3.0233927
v -0.5500000 7.2600002 3.0413890
v 0.5500000 7.2600002 3.0413890
v -0.5500000 7.2600002 3.0593853
v 0.5500000 7.2600002 3.0593853
v -0.5500000 7.2600002 3.0773816
v 0.5500000 7.2600002 3.0773816
v -0.5500000 7.2600002 3.0953779
v 0.5500000 7.2600002 3.0953779
v -0.5500000 7.2600002 3.1133742
v 0.5500000 7.2600002 3.1133742
v -0.5500000 7.2600002 3.1313705
v 0.5500000 7.2600002 3.1313705
v -0.5500000 7.2600002 3.1493669
v 0.5500000 7.2600002 3.1493669
v -0.5500000 7.2600002 3.1673632
v 0.5500000 7.2600002 3.1673632
v -0.5500000 7.2600002 3.1853595
v 0.5500000 7.2600002 3.1853595
v -0.5500000 7.2600002 3.2033558
v 0.5500000 7.2600002 3.2033558
v -0.5500000 7.2600002 3.2213521
v 0.5500000 7.2600002 3.2213521
v -0.5500000 7.2600002 3.2393484
v 0.5500000 7.2600002 3.2393484
v -0.5500000 7.2600002 3.2573447
v 0.5500000 7.2600002 3.2573447
v -0.5500000 7.2600002 3.2753410
v 0.5500000 7.2600002 3.2753410
v -0.5500000 7.2600002 3.2933373
v 0.5500000 7.2600002 3.2933373
v -0.5500000 7.2600002 3.3113337
v 0.5500000 7.2600002 3.3113337
v -0.5500000 7.2600002 3.3293300
v 0.5500000 7.2600002 3.3293300
v -0.5500000 7.2600002 3.3473263
v 0.5500000 7.2600002 3.3473263
v -0.5500000 7.2600002 3.3653226
v 0.5500000 7.2600002 3.3653226
v -0.5500000 7.2600002 3.3833189
v 0.5500000 7.2600002 3.3833189
v -0.5500000 7.2600002 3.4013152
v 0.5500000 7.2600002 3.4013152
v -0.5500000 7.2600002 3.4193115
v 0.5500000 7.2600002 3.4193115
v -0.5500000 7.2600002 3.4373078
v 0.5500000 7.2600002 3.4373078
v -0.5500000 7.2600002 3.4553041
v 0.5500000 7.2600002 3.4553041
v -0.5500000 7.2600002 3.4733005
v 0.5500000 7.2600002 3.4733005
v -0.5500000 7.2600002 3.4912968
v 0.5500000 7.2600002 3.4912968
v -0.5500000 7.2600002 3.5092931
v 0.5500000 7.2600002 3.5092931
v -0.5500000 7.2600002 3.5272894
v 0.5500000 7.2600002 3.5272894
v -0.5500000 7.2600002 3.5452857
v 0.5500000 7.2600002 3.5452857
v -0.5500000 7.2600002 3.5632820
v 0.5500000 7.2600002 3.5632820
v -0.5500000 7.2600002 3.5812783
v 0.5500000 7.2600002 3.5812783
v -0.5500000 7.2600002 3.5992746
v 0.5500000 7.2600002 3.5992746
v -0.5500000 7.2600002 3.6172709
v 0.5500000 7.2600002 3.6172709
v -0.5500000 7.2600002 3.6352673
v 0.5500000 7.2600002 3.6352673
v -0.5500000 7.2600002 3.6532636
v 0.5500000 7.2600002 3.6532636
v -0.5500000 7.2600002 3.6712599
v 0.5500000 7.2600002 3.6712599
v -0.5500000 7.2600002 3.6892562
v 0.5500000 7.2600002 3.6892562
v -0.5500000 7.2600002 3.7072525
v 0.5500000 7.2600002 3.7072525
v -0.5500000 7.2600002 3.7252488
v 0.5500000 7.2600002 3.7252488
v -0.5500000 7.2600002 3.7432451
v 0.5500000 7.2600002 3.7432451
v -0.5500000 7.2600002 3.7612414
v 0.5500000 7.2600002 3.7612414
v -0.5500000 7.2600002 3.7792377
v 0.5500000 7.2600002 3.7792377
v -0.5500000 7.2600002 3.7972341
v 0.5500000 7.2600002 3.7972341
v -0.5500000 7.2600002 3.8152304
v 0.5500000 7.2600002 3.8152304
v -0.5500000 7.2600002 3.8332267
v 0.5500000 7.2600002 3.8332267
v -0.5500000 7.2600002 3.8512230
v 0.5500000 7.2600002 3.8512230
v -0.5500000 7.2600002 3.8692193
v 0.5500000 7.2600002 3.8692193
v -0.5500000 7.2600002 3.8872156
v 0.5500000 7.2600002 3.8872156
v -0.5500000 7.2600002 3.9052119
v 0.5500000 7.2600002 3.9052119
v -0.5500000 7.2600002 3.9232082
v 0.5500000 7.2600002 3.9232082
v -0.5500000 7.2600002 3.9412045
v 0.5500000 7.2600002 3.9412045
v -0.5500000 7.2600002 3.9592009
v 0.5500000 7.2600002 3.9592009
v -0.5500000 7.2600002 3.9771972
v 0.5500000 7.2600002 3.9771972
v -0.5500000 7.2600002 3.9951935
v 0.5500000 7.2600002 3.9951935
v -0.5500000 7.2600002 4.0131898
v 0.5500000 7.2600002 4.0131898
v -0.5500000 7.2600002 4.0311861
v 0.5500000 7.2600002 4.0311861
v -0.5500000 7.2600002 4.0491824
v 0.5500000 7.2600002 4.0491824
v -0.5500000 7.2600002 4.0671787
v 0.5500000 7.2600002 4.0671787
v -0.5500000 7.2600002 4.0851750
v 0.5500000 7.2600002 4.0851750
v -0.5500000 7.2600002 4.1031713
v 0.5500000 7.2600002 4.1031713
v -0.5500000 7.2600002 4.1211677
v 0.5500000 7.2600002 4.1211677
v -0.5500000 7.2600002 4.1391640
v 0.5500000 7.2600002 4.1391640
v -0.5500000 7.2600002 4.1571603
v 0.5500000 7.2600002 4.1571603
v -0.5500000 7.2600002 4.1751566
v 0.5500000 7.2600002 4.1751566
v -0.5500000 7.2600002 4.1931529
v 0.5500000 7.2600002 4.1931529
v -0.5500000 7.2600002 4.2111492
v 0.5500000 7.2600002 4.2111492
v -0.5500000 7.2600002 4.2291455
v 0.5500000 7.2600002 4.2291455
v -0.5500000 7.2600002 4.2471418
v 0.5500000 7.2600002 4.2471418
v -0.5500000 7.2600002 4.2651381
v 0.5500000 7.2600002 4.2651381
v -0.5500000 7.2600002 4.2831345
v 0.5500000 7.2600002 4.2831345
v -0.5500000 7.2600002 4.3011308
v 0.5500000 7.2600002 4.3011308
v -0.5500000 7.2600002 4.3191271
v 0.5500000 7.2600002 4.3191271
v -0.5500000 7.2600002 4.3371234
v 0.5500000 7.2600002 4.3371234
v -0.5500000 7.2600002 4.3551197
v 0.5500000 7.2600002 4.3551197
v -0.5500000 7.2600002 4.3731160
v 0.5500000 7.2600002 4.3731160
v -0.5500000 7.2600002 4.3911123
v 0.5500000 7.2600002 4.3911123
v -0.5500000 7.2600002 4.4091086
v 0.5500000 7.2600002 4.4091086
v -0.5500000 7.2600002 4.4271049
v 0.5500000 7.2600002 4.4271049
v -0.5500000 7.2600002 4.4451013
v 0.5500000 7.2600002 4.4451013
v -0.5500000 7.2600002 4.4630976
v 0.5500000 7.2600002 4.4630976
v -0.5500000 7.2600002 4.4810939
v 0.5500000 7.2600002 4.4810939
v -0.5500000 7.2600002 4.4990902
v 0.5500000 7.2600002 4.4990902
v -0.5500000 7.2600002 4.5170865
v 0.5500000 7.2600002 4.5170865
v -0.5500000 7.2600002 4.5350828
v 0.5500000 7.2600002 4.5350828
v -0.5500000 7.2600002 4.5530791
v 0.5500000 7.2600002 4.5530791
v -0.5500000 7.2600002 4.5710754
v 0.5500000 7.2600002 4.5710754
v -0.5500000 7.2600002 4.5890718
v 0.5500000 7.2600002 4.5890718
v -0.5500000 7.2600002 4.6070681
v 0.5500000 7.2600002 4.6070681
v -0.5500000 7.2600002 4.6250644
v 0.5500000 7.2600002 4.6250644
v -0.5500000 7.2600002 4.6430607
v 0.5500000 7.2600002 4.6430607
v -0.5500000 7.2600002 4.6610570
v 0.5500000 7.2600002 4.6610570
v -0.5500000 7.2600002 4.6790533
v 0.5500000 7.2600002 4.6790533
v -0.5500000 7.2600002 4.6970496
v 0.5500000 7.2600002 4.6970496
v -0.5500000 7.2600002 4.7150459
v 0.5500000 7.2600002 4.7150459
v -0.5500000 7.2600002 4.7330422
v 0.5500000 7.2600002 4.7330422
v -0.5500000 7.2600002 4.7510386
v 0.5500000 7.2600002 4.7510386
v -0.5500000 7.2600002 4.7690349
v 0.5500000 7.2600002 4.7690349
v -0.5500000 7.2600002 4.7870312
v 0.5500000 7.2600002 4.7870312
v -0.5500000 7.2600002 4.8050275
v 0.5500000 7.2600002 4.8050275
v -0.5500000 7.2600002 4.8230238
v 0.5500000 7.2600002 4.8230238
v -0.5500000 7.2600002 4.8410201
v 0.5500000 7.2600002 4.8410201
v -0.5500000 7.2600002 4.8590164
v 0.5500000 7.2600002 4.8590164
v -0.5500000 7.2600002 4.8770127
v 0.5500000 7.2600002 4.8770127
v -0.5500000 7.2600002 4.8950090
v 0.5500000 7.2600002 4.8950090
v -0.5500000 7.2600002 4.9130054
v 0.5500000 7.2600002 4.9130054
v -0.5500000 7.2600002 4.9310017
v 0.5500000 7.2600002 4.9310017
v -0.5500000 7.2600002 4.9489980
v 0.5500000 7.2600002 4.9489980
v -0.5500000 7.2600002 4.9669943
v 0.5500000 7.2600002 4.9669943
v -0.5500000 7.2600002 4.9849906
v 0.5500000 7.2600002 4.9849906
v -0.5500000 7.2600002 5.0029869
v 0.5500000 7.2600002 5.0029869
v -0.5500000 7.2600002 5.0209832
v 0.5500000 7.2600002 5.0209832
v -0.5500000 7.2600002 5.0389795
v 0.5500000 7.2600002 5.0389795
v -0.5500000 7.2600002 5.0569758
v 0.5500000 7.2600002 5.0569758
v -0.5500000 7.2600002 5.0749722
v 0.5500000 7.2600002 5.0749722
v -0.5500000 7.2600002 5.0929685
v 0.5500000 7.2600002 5.0929685
v -0.5500000 7.2600002 5.1109648
v 0.5500000 7.2600002 5.1109648
v -0.5500000 7.2600002 5.1289611
v 0.5500000 7.2600002 5.1289611
v -0.5500000 7.2600002 5.1469574
v 0.5500000 7.2600002 5.1469574
v -0.5500000 7.2600002 5.1649537
v 0.5500000 7.2600002 5.1649537
v -0.5500000 7.2600002 5.1829500
v 0.5500000 7.2600002 5.1829500
v -0.5500000 7.2600002 5.2009463
v 0.5500000 7.2600002 5.2009463
v -0.5500000 7.2600002 5.2189426
v 0.5500000 7.2600002 5.2189426
v -0.5500000 7.2600002 5.2369390
v 0.5500000 7.2600002 5.2369390
v -0.5500000 7.2600002 5.2549353
v 0.5500000 7.2600002 5.2549353
v -0.5500000 7.2600002 5.2729316
v 0.5500000 7.2600002 5.2729316
v -0.5500000 7.2600002 5.2909279
v 0.5500000 7.2600002 5.2909279
v -0.5500000 7.2600002 5.3089242
v 0.5500000 7.2600002 5.3089242
v -0.5500000 7.2600002 5.3269205
v 0.5500000 7.2600002 5.3269205
v -0.5500000 7.2600002 5.3449168
v 0.5500000 7.2600002 5.3449168
v -0.5500000 7.2600002 5.3629131
v 0.5500000 7.2600002 5.3629131
v -0.5500000 7.2600002 5.3809094
v 0.5500000 7.2600002 5.3809094
v -0.5500000 7.2600002 5.3989058
v 0.5500000 7.2600002 5.3989058
v -0.5500000 7.2600002 5.4169021
v 0.5500000 7.2600002 5.4169021
v -0.5500000 7.2600002 5.4348984
v 0.5500000 7.2600002 5.4348984
v -0.5500000 7.2600002 5.4528947
v 0.5500000 7.2600002 5.4528947
v -0.5500000 7.2600002 5.4708910
v 0.5500000 7.2600002 5.4708910
v -0.5500000 7.2600002 5.4888873
v 0.5500000 7.2600002 5.4888873
v -0.5500000 7.2600002 5.5068836
v 0.5500000 7.2600002 5.5068836
v -0.5500000 7.2600002 5.5248799
v 0.5500000 7.2600002 5.5248799
v -0.5500000 7.2600002 5.5428762
v 0.5500000 7.2600002 5.5428762
v -0.5500000 7.2600002 5.5608726
v 0.5500000 7.2600002 5.5608726
v -0.5500000 7.2600002 5.5788689
v 0.5500000 7.2600002 5.5788689
v -0.5500000 7.2600002 5.5968652
v 0.5500000 7.2600002 5.5968652
v -0.5500000 7.2600002 5.6148615
v 0.5500000 7.2600002 5.6148615
v -0.5500000 7.2600002 5.6328578
v 0.5500000 7.2600002 5.6328578
v -0.5500000 7.2600002 5.6508541
v 0.5500000 7.2600002 5.6508541
v -0.5500000 7.2600002 5.6688504
v 0.5500000 7.2600002 5.6688504
v -0.5500000 7.2600002 5.6868467
v 0.5500000 7.2600002 5.6868467
v -0.5500000 7.2600002 5.7048430
v 0.5500000 7.2600002 5.7048430
v -0.5500000 7.2600002 5.7228394
v 0.5500000 7.2600002 5.7228394
v -0.5500000 7.2600002 5.7408357
v 0.5500000 7.2600002 5.7408357
v -0.5500000 7.2600002 5.7588320
v 0.5500000 7.2600002 5.7588320
v -0.5500000 7.2600002 5.7768283
v 0.5500000 7.2600002 5.7768283
v -0.5500000 7.2600002 5.7948246
v 0.5500000 7.2600002 5.7948246
v -0.5500000 7.2600002 5.8128209
v 0.5500000 7.2600002 5.8128209
v -0.5500000 7.2600002 5.8308172
v 0.5500000 7.2600002 5.8308172
v -0.5500000 7.2600002 5.8488135
v 0.5500000 7.2600002 5.8488135
v -0.5500000 7.2600002 5.8668098
v 0.5500000 7.2600002 5.8668098
v -0.5500000 7.2600002 5.8848062
v 0.5500000 7.2600002 5.8848062
v -0.5500000 7.2600002 5.9028025
v 0.5500000 7.2600002 5.9028025
v -0.5500000 7.2600002 5.9207988
v 0.5500000 7.2600002 5.9207988
v -0.5500000 7.2600002 5.9387951
v 0.5500000 7.2600002 5.9387951
v -0.5500000 7.2600002 5.9567914
v 0.5500000 7.2600002 5.9567914
v -0.5500000 7.2600002 5.9747877
v 0.5500000 7.2600002 5.9747877
v -0.5500000 7.2600002 5.9927840
v 0.5500000 7.2600002 5.9927840
v -0.5500000 7.2600002 6.0107803
v 0.5500000 7.2600002 6.0107803
v -0.5500000 7.2600002 6.0287766
v 0.5500000 7.2600002 6.0287766
v -0.5500000 7.2600002 6.0467730
v 0.5500000 7.2600002 6.0467730
v -0.5500000 7.2600002 6.0647693
v 0.5500000 7.2600002 6.0647693
v -0.5500000 7.2600002 6.0827656
v 0.5500000 7.2600002 6.0827656
v -0.5500000 7.2600002 6.1007619
v 0.5500000 7.2600002 6.1007619
v -0.5500000 7.2600002 6.1187582
v 0.5500000 7.2600002 6.1187582
v -0.5500000 7.2600002 6.1367545
v 0.5500000 7.2600002 6.1367545
v -0.5500000 7.2600002 6.1547508
v 0.5500000 7.2600002 6.1547508
v -0.5500000 7.2600002 6.1727471
v 0.5500000 7.2600002 6.1727471
v -0.5500000 7.2600002 6.1907434
v 0.5500000 7.2600002 6.1907434
v -0.5500000 7.2600002 6.2087398
v 0.5500000 7.2600002 6.2087398
v -0.5500000 7.2600002 6.2267361
v 0.5500000 7.2600002 6.2267361
v -0.5500000 7.2600002 6.2447324
v 0.5500000 7.2600002 6.2447324
v -0.5500000 7.2600002 6.2627287
v 0.5500000 7.2600002 6.2627287
v -0.5500000 7.2600002 6.2807250
v 0.5500000 7.2600002 6.2807250
v -0.5500000 7.2600002 6.2987213
v 0.5500000 7.2600002 6.2987213
v -0.5500000 7.2600002 6.3167176
v 0.5500000 7.2600002 6.3167176
v -0.5500000 7.2600002 6.3347139
v 0.5500000 7.2600002 6.3347139
v -0.5500000 7.2600002 6.3527102
v 0.5500000 7.2600002 6.3527102
v -0.5500000 7.2600002 6.3707066
v 0.5500000 7.2600002 6.3707066
v -0.5500000 7.2600002 6.3887029
v 0.5500000 7.2600002 6.3887029
v -0.5500000 7.2600002 6.4066992
v 0.5500000 7.2600002 6.4066992
v -0.5500000 7.2600002 6.4246955
v 0.5500000 7.2600002 6.4246955
v -0.5500000 7.2600002 6.4426918
v 0.5500000 7.2600002 6.4426918
v -0.5500000 7.2600002 6.4606881
v 0.5500000 7.2600002 6.4606881
v -0.5500000 7.2600002 6.4786844
v 0.5500000 7.2600002 6.4786844
v -0.5500000 7.2600002 6.4966807
v 0.5500000 7.2600002 6.4966807
v -0.5500000 7.2600002 6.5146770
v 0.5500000 7.2600002 6.5146770
v -0.5500000 7.2600002 6.5326734
v 0.5500000 7.2600002 6.5326734
v -0.5500000 7.2600002 6.5506697
v 0.5500000 7.2600002 6.5506697
v -0.5500000 7.2600002 6.5686660
v 0.5500000 7.2600002 6.5686660
v -0.5500000 7.2600002 6.5866623
v 0.5500000 7.2600002 6.5866623
v -0.5500000 7.2600002 6.6046586
v 0.5500000 7.2600002 6.6046586
v -0.5500000 7.2600002 6.6226549
v 0.5500000 7.2600002 6.6226549
v -0.5500000 7.2600002 6.6406512
v 0.5500000 7.2600002 6.6406512
v -0.5500000 7.2600002 6.6586475
v 0.5500000 7.2600002 6.6586475
v -0.5500000 7.2600002 6.6766438
v 0.5500000 7.2600002 6.6766438
v -0.5500000 7.2600002 6.6946402
v 0.5500000 7.2600002 6.6946402
v -0.5500000 7.2600002 6.7126365
v 0.5500000 7.2600002 6.7126365
v -0.5500000 7.2600002 6.7306328
v 0.5500000 7.2600002 6.7306328
v -0.5500000 7.2600002 6.7486291
v 0.5500000 7.2600002 6.7486291
v -0.5500000 7.2600002 6.7666254
v 0.5500000 7.2600002 6.7666254
v -0.5500000 7.2600002 6.7846217
v 0.5500000 7.2600002 6.7846217
v -0.5500000 7.2600002 6.8026180
v 0.5500000 7.2600002 6.8026180
v -0.5500000 7.2600002 6.8206143
v 0.5500000 7.2600002 6.8206143
v -0.5500000 7.2600002 6.8386106
v 0.5500000 7.2600002 6.8386106
v -0.5500000 7.2600002 6.8566070
v 0.5500000 7.2600002 6.8566070
v -0.5500000 7.2600002 6.8746033
v 0.5500000 7.2600002 6.8746033
v -0.5500000 7.2600002 6.8925996
v 0.5500000 7.2600002 6.8925996
v -0.5500000 7.2600002 6.9105959
v 0.5500000 7.2600002 6.9105959
v -0.5500000 7.2600002 6.9285922
v 0.5500000 7.2600002 6.9285922
v -0.5500000 7.2600002 6.9465885
v 0.5500000 7.2600002 6.9465885
v -0.5500000 7.2600002 6.9645848
v 0.5500000 7.2600002 6.9645848
v -0.5500000 7.2600002 6.9825811
v 0.5500000 7.2600002 6.9825811
v -0.5500000 7.2600002 7.0005774
v 0.5500000 7.2600002 7.0005774
v -0.5500000 7.2600002 7.0185738
v 0.5500000 7.2600002 7.0185738
v -0.5500000 7.2600002 7.0365701
v 0.5500000 7.2600002 7.0365701
v -0.5500000 7.2600002 7.0545664
v 0.5500000 7.2600002 7.0545664
v -0.5500000 7.2600002 7.0725627
v 0.5500000 7.2600002 7.0725627
v -0.5500000 7.2600002 7.0905590
v 0.5500000 7.2600002 7.0905590
v -0.5500000 7.2600002 7.1085553
v 0.5500000 7.2600002 7.1085553
v -0.5500000 7.2600002 7.1265516
v 0.5500000 7.2600002 7.1265516
v -0.5500000 7.2600002 7.1445479
v 0.5500000 7.2600002 7.1445479
v -0.5500000 7.2600002 7.1625443
v 0.5500000 7.2600002 7.1625443
v -0.5500000 7.2600002 7.1805406
v 0.5500000 7.2600002 7.1805406
v -0.5500000 7.2600002 7.1985369
v 0.5500000 7.2600002 7.1985369
v -0.5500000 7.2600002 7.2165332
v 0.5500000 7.2600002 7.2165332
v -0.5500000 7.2600002 7.2345295
v 0.5500000 7.2600002 7.2345295
v -0.5500000 7.2600002 7.2525258
v 0.5500000 7.2600002 7.2525258
v -0.5500000 7.2600002 7.2705221
v 0.5500000 7.2600002 7.2705221
v -0.5500000 7.2600002 7.2885184
v 0.5500000 7.2600002 7.2885184
v -0.5500000 7.2600002 7.3065147
v 0.5500000 7.2600002 7.3065147
v -0.5500000 7.2600002 7.3245111
v 0.5500000 7.2600002 7.3245111
v -0.5500000 7.2600002 7.3425074
v 0.5500000 7.2600002 7.3425074
v -0.5500000 7.2600002 7.3605037
v 0.5500000 7.2600002 7.3605037
v -0.5500000 7.2600002 7.3785000
v 0.5500000 7.2600002 7.3785000
v -0.5500000 7.2600002 7.3964963
v 0.5500000 7.2600002 7.3964963
v -0.5500000 7.2600002 7.4144926
v 0.5500000 7.2600002 7.4144926
v -0.5500000 7.2600002 7.4324889
v 0.5500000 7.2600002 7.4324889
v -0.5500000 7.2600002 7.4504852
v 0.5500000 7.2600002 7.4504852
v -0.5500000 7.2600002 7.4684815
v 0.5500000 7.2600002 7.4684815
v -0.5500000 7.2600002 7.4864779
v 0.5500000 7.2600002 7.4864779
v -0.5500000 7.2600002 7.5044742
v 0.5500000 7.2600002 7.5044742
v -0.5500000 7.2600002 7.5224705
v 0.5500000 7.2600002 7.5224705
v -0.5500000 7.2600002 7.5404668
v 0.5500000 7.2600002 7.5404668
v -0.5500000 7.2600002 7.5584631
v 0.5500000 7.2600002 7.5584631
v -0.5500000 7.2600002 7.5764594
v 0.5500000 7.2600002 7.5764594
v -0.5500000 7.2600002 7.5944557
v 0.5500000 7.2600002 7.5944557
v -0.5500000 7.2600002 7.6124520
v 0.5500000 7.2600002 7.6124520
v -0.5500000 7.2600002 7.6304483
v 0.5500000 7.2600002 7.6304483
v -0.5500000 7.2600002 7.6484447
v 0.5500000 7.2600002 7.6484447
v -0.5500000 7.2600002 7.6664410
v 0.5500000 7.2600002 7.6664410
v -0.5500000 7.2600002 7.6844373
v 0.5500000 7.2600002 7.6844373
v -0.5500000 7.2600002 7.7024336
v 0.5500000 7.2600002 7.7024336
v -0.5500000 7.2600002 7.7204299
v 0.5500000 7.2600002 7.7204299
v -0.5500000 7.2600002 7.7384262
v 0.5500000 7.2600002 7.7384262
v -0.5500000 7.2600002 7.7564225
v 0.5500000 7.2600002 7.7564225
v -0.5500000 7.2600002 7.7744188
v 0.5500000 7.2600002 7.7744188
v -0.5500000 7.2600002 7.7924151
v 0.5500000 7.2600002 7.7924151
v -0.5500000 7.2600002 7.8104115
v 0.5500000 7.2600002 7.8104115
v -0.5500000 7.2600002 7.8284078
v 0.5500000 7.2600002 7.8284078
v -0.5500000 7.2600002 7.8464041
v 0.5500000 7.2600002 7.8464041
v -0.5500000 7.2600002 7.8644004
v 0.5500000 7.2600002 7.8644004
v -0.5500000 7.2600002 7.8823967
v 0.5500000 7.2600002 7.8823967
v -0.5500000 7.2600002 7.9003930
v 0.5500000 7.2600002 7.9003930
v -0.5500000 7.2600002 7.9183893
v 0.5500000 7.2600002 7.9183893
v -0.5500000 7.2600002 7.9363856
v 0.5500000 7.2600002 7.9363856
v -0.5500000 7.2600002 7.9543819
v 0.5500000 7.2600002 7.9543819
v -0.5500000 7.2600002 7.9723783
v 0.5500000 7.2600002 7.9723783
v -0.5500000 7.2600002 7.9903746
v 0.5500000 7.2600002 7.9903746
v -0.5500000 7.2600002 8.0083714
v 0.5500000 7.2600002 8.0083714
v -0.5500000 7.2600002 8.0263681
v 0.5500000 7.2600002 8.0263681
v -0.5500000 7.2600002 8.0443649
v 0.5500000 7.2600002 8.0443649
v -0.5500000 7.2600002 8.0623617
v 0.5500000 7.2600002 8.0623617
v -0.5500000 7.2600002 8.0803585
v 0.5500000 7.2600002 8.0803585
v -0.5500000 7.2600002 8.0983553
v 0.5500000 7.2600002 8.0983553
v -0.5500000 7.2600002 8.1163521
v 0.5500000 7.2600002 8.1163521
v -0.5500000 7.2600002 8.1343489
v 0.5500000 7.2600002 8.1343489
v -0.5500000 7.2600002 8.1523457
v 0.5500000 7.2600002 8.1523457
v -0.5500000 7.2600002 8.1703424
v 0.5500000 7.2600002 8.1703424
v -0.5500000 7.2600002 8.1883392
v 0.5500000 7.2600002 8.1883392
v -0.5500000 7.2600002 8.2063360
v 0.5500000 7.2600002 8.2063360
v -0.5500000 7.2600002 8.2243328
v 0.5500000 7.2600002 8.2243328
v -0.5500000 7.2600002 8.2423296
v 0.5500000 7.2600002 8.2423296
v -0.5500000 7.2600002 8.2603264
v 0.5500000 7.2600002 8.2603264
v -0.5500000 7.2600002 8.2783232
v 0.5500000 7.2600002 8.2783232
v -0.5500000 7.2600002 8.2963200
v 0.5500000 7.2600002 8.2963200
v -0.5500000 7.2600002 8.3143167
v 0.5500000 7.2600002 8.3143167
v -0.5500000 7.2600002 8.3323135
v 0.5500000 7.2600002 8.3323135
v -0.5500000 7.2600002 8.3503103
v 0.5500000 7.2600002 8.3503103
v -0.5500000 7.2600002 8.3683071
v 0.5500000 7.2600002 8.3683071
v -0.5500000 7.2600002 8.3863039
v 0.5500000 7.2600002 8.3863039
v -0.5500000 7.2600002 8.4043007
v 0.5500000 7.2600002 8.4043007
v -0.5500000 7.2600002 8.4222975
v 0.5500000 7.2600002 8.4222975
v -0.5500000 7.2600002 8.4402943
v 0.5500000 7.2600002 8.4402943
v -0.5500000 7.2600002 8.4582911
v 0.5500000 7.2600002 8.4582911
v -0.5500000 7.2600002 8.4762878
v 0.5500000 7.2600002 8.4762878
v -0.5500000 7.2600002 8.4942846
v 0.5500000 7.2600002 8.4942846
v -0.5500000 7.2600002 8.5122814
v 0.5500000 7.2600002 8.5122814
v -0.5500000 7.2600002 8.5302782
v 0.5500000 7.2600002 8.5302782
v -0.5500000 7.2600002 8.5482750
v 0.5500000 7.2600002 8.5482750
v -0.5500000 7.2600002 8.5662718
v 0.5500000 7.2600002 8.5662718
v -0.5500000 7.2600002 8.5842686
v 0.5500000 7.2600002 8.5842686
v -0.5500000 7.2600002 8.6022654
v 0.5500000 7.2600002 8.6022654
v -0.5500000 7.2600002 8.6202621
v 0.5500000 7.2600002 8.6202621
v -0.5500000 7.2600002 8.6382589
v 0.5500000 7.2600002 8.6382589
v -0.5500000 7.2600002 8.6562557
v 0.5500000 7.2600002 8.6562557
v -0.5500000 7.2600002 8.6742525
v 0.5500000 7.2600002 8.6742525
v -0.5500000 7.2600002 8.6922493
v 0.5500000 7.2600002 8.6922493
v -0.5500000 7.2600002 8.7102461
v 0.5500000 7.2600002 8.7102461
v -0.5500000 7.2600002 8.7282429
v 0.5500000 7.2600002 8.7282429
v -0.5500000 7.2600002 8.7462397
v 0.5500000 7.2600002 8.7462397
v -0.5500000 7.2600002 8.7642365
v 0.5500000 7.2600002 8.7642365
v -0.5500000 7.2600002 8.7822332
v 0.5500000 7.2600002 8.7822332
v -0.5500000 7.2600002 8.8002300
v 0.5500000 7.2600002 8.8002300
v -0.5500000 7.2600002 8.8182268
v 0.5500000 7.2600002 8.8182268
v -0.5500000 7.2600002 8.8362236
v 0.5500000 7.2600002 8.8362236
v -0.5500000 7.2600002 8.8542204
v 0.5500000 7.2600002 8.8542204
v -0.5500000 7.2600002 8.8722172
v 0.5500000 7.2600002 8.8722172
v -0.5500000 7.2600002 8.8902140
v 0.5500000 7.2600002 8.8902140
v -0.5500000 7.2600002 8.9082108
v 0.5500000 7.2600002 8.9082108
v -0.5500000 7.2600002 8.9262075
v 0.5500000 7.2600002 8.9262075
v -0.5500000 7.2600002 8.9442043
v 0.5500000 7.2600002 8.9442043
v -0.5500000 7.2600002 8.9622011
v 0.5500000 7.2600002 8.9622011
v -0.5500000 7.2600002 8.9801979
v 0.5500000 7.2600002 8.9801979
v -0.5500000 7.2600002 8.9981947
v 0.5500000 7.2600002 8.9981947
v -0.5500000 7.2600002 9.0161915
v 0.5500000 7.2600002 9.0161915
v -0.5500000 7.2600002 9.0341883
v 0.5500000 7.2600002 9.0341883
v -0.5500000 7.2600002 9.0521851
v 0.5500000 7.2600002 9.0521851
v -0.5500000 7.2600002 9.0701818
v 0.5500000 7.2600002 9.0701818
v -0.5500000 7.2600002 9.0881786
v 0.5500000 7.2600002 9.0881786
v -0.5500000 7.2600002 9.1061754
v 0.5500000 7.2600002 9.1061754
v -0.5500000 7.2600002 9.1241722
v 0.5500000 7.2600002 9.1241722
v -0.5500000 7.2600002 9.1421690
v 0.5500000 7.2600002 9.1421690
v -0.5500000 7.2600002 9.1601658
v 0.5500000 7.2600002 9.1601658
v -0.5500000 7.2600002 9.1781626
v 0.5500000 7.2600002 9.1781626
v -0.5500000 7.2600002 9.1961594
v 0.5500000 7.2600002 9.1961594
v -0.5500000 7.2600002 9.2141562
v 0.5500000 7.2600002 9.2141562
v -0.5500000 7.2600002 9.2321529
v 0.5500000 7.2600002 9.2321529
v -0.5500000 7.2600002 9.2501497
v 0.5500000 7.2600002 9.2501497
v -0.5500000 7.2600002 9.2681465
v 0.5500000 7.2600002 9.2681465
v -0.5500000 7.2600002 9.2861433
v 0.5500000 7.2600002 9.2861433
v -0.5500000 7.2600002 9.3041401
v 0.5500000 7.2600002 9.3041401
v -0.5500000 7.2600002 9.3221369
v 0.5500000 7.2600002 9.3221369
v -0.5500000 7.2600002 9.3401337
v 0.5500000 7.2600002 9.3401337
v -0.5500000 7.2600002 9.3581305
v 0.5500000 7.2600002 9.3581305
v -0.5500000 7.2600002 9.3761272
v 0.5500000 7.2600002 9.3761272
v -0.5500000 7.2600002 9.3941240
v 0.5500000 7.2600002 9.3941240
v -0.5500000 7.2600002 9.4121208
v 0.5500000 7.2600002 9.4121208
v -0.5500000 7.2600002 9.4301176
v 0.5500000 7.2600002 9.4301176
v -0.5500000 7.2600002 9.4481144
v 0.5500000 7.2600002 9.4481144
v -0.5500000 7.2600002 9.4661112
v 0.5500000 7.2600002 9.4661112
v -0.5500000 7.2600002 9.4841080
v 0.5500000 7.2600002 9.4841080
v -0.5500000 7.2600002 9.5021048
v 0.5500000 7.2600002 9.5021048
v -0.5500000 7.2600002 9.5201015
v 0.5500000 7.2600002 9.5201015
v -0.5500000 7.2600002 9.5380983
v 0.5500000 7.2600002 9.5380983
v -0.5500000 7.2600002 9.5560951
v 0.5500000 7.2600002 9.5560951
v -0.5500000 7.2600002 9.5740919
v 0.5500000 7.2600002 9.5740919
v -0.5500000 7.2600002 9.5920887
v 0.5500000 7.2600002 9.5920887
v -0.5500000 7.2600002 9.6100855
v 0.5500000 7.2600002 9.6100855
v -0.5500000 7.2600002 9.6280823
v 0.5500000 7.2600002 9.6280823
v -0.5500000 7.2600002 9.6460791
v 0.5500000 7.2600002 9.6460791
v -0.5500000 7.2600002 9.6640759
v 0.5500000 7.2600002 9.6640759
v -0.5500000 7.2600002 9.6820726
v 0.5500000 7.2600002 9.6820726
v -0.5500000 7.2600002 9.7000694
v 0.5500000 7.2600002 9.7000694
v -0.5500000 7.2600002 9.7180662
v 0.5500000 7.2600002 9.7180662
v -0.5500000 7.2600002 9.7360630
v 0.5500000 7.2600002 9.7360630
v -0.5500000 7.2600002 9.7540598
v 0.5500000 7.2600002 9.7540598
v -0.5500000 7.2600002 9.7720566
v 0.5500000 7.2600002 9.7720566
v -0.5500000 7.2600002 9.7900534
v 0.5500000 7.2600002 9.7900534
v -0.5500000 7.2600002 9.8080502
v 0.5500000 7.2600002 9.8080502
v -0.5500000 7.2600002 9.8260469
v 0.5500000 7.2600002 9.8260469
v -0.5500000 7.2600002 9.8440437
v 0.5500000 7.2600002 9.8440437
v -0.5500000 7.2600002 9.8620405
v 0.5500000 7.2600002 9.8620405
v -0.5500000 7.2600002 9.8800373
v 0.5500000 7.2600002 9.8800373
v -0.5500000 7.2600002 9.8980341
v 0.5500000 7.2600002 9.8980341
v -0.5500000 7.2600002 9.9160309
v 0.5500000 7.2600002 9.9160309
v -0.5500000 7.2600002 9.9340277
v 0.5500000 7.2600002 9.9340277
v -0.5500000 7.2600002 9.9520245
v 0.5500000 7.2600002 9.9520245
v -0.5500000 7.2600002 9.9700212
v 0.5500000 7.2600002 9.9700212
v -0.5500000 7.2600002 9.9880180
v 0.5500000 7.2600002 9.9880180
v -0.5500000 7.2600002 10.0060148
v 0.5500000 7.2600002 10.0060148
v -0.5500000 7.2600002 10.0240116
v 0.5500000 7.2600002 10.0240116
v -0.5500000 7.2600002 10.0420084
v 0.5500000 7.2600002 10.0420084
v -0.5500000 7.2600002 10.0600052
v 0.5500000 7.2600002 10.0600052
v -0.5500000 7.2600002 10.0780020
v 0.5500000 7.2600002 10.0780020
v -0.5500000 7.2600002 10.0959988
v 0.5500000 7.2600002 10.0959988
v -0.5500000 7.2600002 10.1139956
v 0.5500000 7.2600002 10.1139956
v -0.5500000 7.2600002 10.1319923
v 0.5500000 7.2600002 10.1319923
v -0.5500000 7.2600002 10.1499891
v 0.5500000 7.2600002 10.1499891
v -0.5500000 7.2600002 10.1679859
v 0.5500000 7.2600002 10.1679859
v -0.5500000 7.2600002 10.1859827
v 0.5500000 7.2600002 10.1859827
v -0.5500000 7.2600002 10.2039795
v 0.5500000 7.2600002 10.2039795
v -0.5500000 7.2600002 10.2219763
v 0.5500000 7.2600002 10.2219763
v -0.5500000 7.2600002 10.2399731
v 0.5500000 7.2600002 10.2399731
v -0.5500000 7.2600002 10.2579699
v 0.5500000 7.2600002 10.2579699
v -0.5500000 7.2600002 10.2759666
v 0.5500000 7.2600002 10.2759666
v -0.5500000 7.2600002 10.2939634
v 0.5500000 7.2600002 10.2939634
v -0.5500000 7.2600002 10.3119602
v 0.5500000 7.2600002 10.3119602
v -0.5500000 7.2600002 10.3299570
v 0.5500000 7.2600002 10.3299570
v -0.5500000 7.2600002 10.3479538
v 0.5500000 7.2600002 10.3479538
v -0.5500000 7.2600002 10.3659506
v 0.5500000 7.2600002 10.3659506
v -0.5500000 7.2600002 10.3839474
v 0.5500000 7.2600002 10.3839474
v -0.5500000 7.2600002 10.4019442
v 0.5500000 7.2600002 10.4019442
v -0.5500000 7.2600002 10.4199409
v 0.5500000 7.2600002 10.4199409
v -0.5500000 7.2600002 10.4379377
v 0.5500000 7.2600002 10.4379377
v -0.5500000 7.2600002 10.4559345
v 0.5500000 7.2600002 10.4559345
v -0.5500000 7.2600002 10.4739313
v 0.5500000 7.2600002 10.4739313
v -0.5500000 7.2600002 10.4919281
v 0.5500000 7.2600002 10.4919281
v -0.5500000 7.2600002 10.5099249
v 0.5500000 7.2600002 10.5099249
v -0.5500000 7.2600002 10.5279217
v 0.5500000 7.2600002 10.5279217
v -0.5500000 7.2600002 10.5459185
v 0.5500000 7.2600002 10.5459185
v -0.5500000 7.2600002 10.5639153
v 0.5500000 7.2600002 10.5639153
v -0.5500000 7.2600002 10.5819120
v 0.5500000 7.2600002 10.5819120
v -0.5500000 7.2600002 10.5999088
v 0.5500000 7.2600002 10.5999088
v -0.5500000 7.2600002 10.6179056
v 0.5500000 7.2600002 10.6179056
v -0.5500000 7.2600002 10.6359024
v 0.5500000 7.2600002 10.6359024
v -0.5500000 7.2600002 10.6538992
v 0.5500000 7.2600002 10.6538992
v -0.5500000 7.2600002 10.6718960
v 0.5500000 7.2600002 10.6718960
v -0.5500000 7.2600002 10.6898928
v 0.5500000 7.2600002 10.6898928
v -0.5500000 7.2600002 10.7078896
v 0.5500000 7.2600002 10.7078896
v -0.5500000 7.2600002 10.7258863
v 0.5500000 7.2600002 10.7258863
v -0.5500000 7.2600002 10.7438831
v 0.5500000 7.2600002 10.7438831
v -0.5500000 7.2600002 10.7618799
v 0.5500000 7.2600002 10.7618799
v -0.5500000 7.2600002 10.7798767
v 0.5500000 7.2600002 10.7798767
v -0.5500000 7.2600002 10.7978735
v 0.5500000 7.2600002 10.7978735
v -0.5500000 7.2600002 10.8158703
v 0.5500000 7.2600002 10.8158703
v -0.5500000 7.2600002 10.8338671
v 0.5500000 7.2600002 10.8338671
v -0.5500000 7.2600002 10.8518639
v 0.5500000 7.2600002 10.8518639
v -0.5500000 7.2600002 10.8698606
v 0.5500000 7.2600002 10.8698606
v -0.5500000 7.2600002 10.8878574
v 0.5500000 7.2600002 10.8878574
v -0.5500000 7.2600002 10.9058542
v 0.5500000 7.2600002 10.9058542
v -0.5500000 7.2600002 10.9238510
v 0.5500000 7.2600002 10.9238510
v -0.5500000 7.2600002 10.9418478
v 0.5500000 7.2600002 10.9418478
v -0.5500000 7.2600002 10.9598446
v 0.5500000 7.2600002 10.9598446
v -0.5500000 7.2600002 10.9778414
v 0.5500000 7.2600002 10.9778414
v -0.5500000 7.2600002 10.9958382
v 0.5500000 7.2600002 10.9958382
v -0.5500000 7.2600002 11.0138350
v 0.5500000 7.2600002 11.0138350
v -0.5500000 7.2600002 11.0318317
v 0.5500000 7.2600002 11.0318317
v -0.5500000 7.2600002 11.0498285
v 0.5500000 7.2600002 11.0498285
v -0.5500000 7.2600002 11.0678253
v 0.5500000 7.2600002 11.0678253
v -0.5500000 7.2600002 11.0858221
v 0.5500000 7.2600002 11.0858221
v -0.5500000 7.2600002 11.1038189
v 0.5500000 7.2600002 11.1038189
v -0.5500000 7.2600002 11.1218157
v 0.5500000 7.2600002 11.1218157
v -0.5500000 7.2600002 11.1398125
v 0.5500000 7.2600002 11.1398125
v -0.5500000 7.2600002 11.1578093
v 0.5500000 7.2600002 11.1578093
v -0.5500000 7.2600002 11.1758060
v 0.5500000 7.2600002 11.1758060
v -0.5500000 7.2600002 11.1938028
v 0.5500000 7.2600002 11.1938028
v -0.5500000 7.2600002 11.2117996
v 0.5500000 7.2600002 11.2117996
v -0.5500000 7.2600002 11.2297964
v 0.5500000 7.2600002 11.2297964
v -0.5500000 7.2600002 11.2477932
v 0.5500000 7.2600002 11.2477932
v -0.5500000 7.2600002 11.2657900
v 0.5500000 7.2600002 11.2657900
v -0.5500000 7.2600002 11.2837868
v 0.5500000 7.2600002 11.2837868
v -0.5500000 7.2600002 11.3017836
v 0.5500000 7.2600002 11.3017836
v -0.5500000 7.2600002 11.3197803
v 0.5500000 7.2600002 11.3197803
v -0.5500000 7.2600002 11.3377771
v 0.5500000 7.2600002 11.3377771
v -0.5500000 7.2600002 11.3557739
v 0.5500000 7.2600002 11.3557739
v -0.5500000 7.2600002 11.3737707
v 0.5500000 7.2600002 11.3737707
v -0.5500000 7.2600002 11.3917675
v 0.5500000 7.2600002 11.3917675
v -0.5500000 7.2600002 11.4097643
v 0.5500000 7.2600002 11.4097643
v -0.5500000 7.2600002 11.4277611
v 0.5500000 7.2600002 11.4277611
v -0.5500000 7.2600002 11.4457579
v 0.5500000 7.2600002 11.4457579
v -0.5500000 7.2600002 11.4637547
v 0.5500000 7.2600002 11.4637547
v -0.5500000 7.2600002 11.4817514
v 0.5500000 7.2600002 11.4817514
v -0.5500000 7.2600002 11.4997482
v 0.5500000 7.2600002 11.4997482
v -0.5500000 7.2600002 11.5177450
v 0.5500000 7.2600002 11.5177450
v -0.5500000 7.2600002 11.5357418
v 0.5500000 7.2600002 11.5357418
v -0.5500000 7.2600002 11.5537386
v 0.5500000 7.2600002 11.5537386
v -0.5500000 7.2600002 11.5717354
v 0.5500000 7.2600002 11.5717354
v -0.5500000 7.2600002 11.5897322
v 0.5500000 7.2600002 11.5897322
v -0.5500000 7.2600002 11.6077290
v 0.5500000 7.2600002 11.6077290
v -0.5500000 7.2600002 11.6257257
v 0.5500000 7.2600002 11.6257257
v -0.5500000 7.2600002 11.6437225
v 0.5500000 7.2600002 11.6437225
v -0.5500000 7.2600002 11.6617193
v 0.5500000 7.2600002 11.6617193
v -0.5500000 7.2600002 11.6797161
v 0.5500000 7.2600002 11.6797161
v -0.5500000 7.2600002 11.6977129
v 0.5500000 7.2600002 11.6977129
v -0.5500000 7.2600002 11.7157097
v 0.5500000 7.2600002 11.7157097
v -0.5500000 7.2600002 11.7337065
v 0.5500000 7.2600002 11.7337065
v -0.5500000 7.2600002 11.7517033
v 0.5500000 7.2600002 11.7517033
v -0.5500000 7.2600002 11.7697001
v 0.5500000 7.2600002 11.7697001
v -0.5500000 7.2600002 11.7876968
v 0.5500000 7.2600002 11.7876968
v -0.5500000 7.2600002 11.8056936
v 0.5500000 7.2600002 11.8056936
v -0.5500000 7.2600002 11.8236904
v 0.5500000 7.2600002 11.8236904
v -0.5500000 7.2600002 11.8416872
v 0.5500000 7.2600002 11.8416872
v -0.5500000 7.2600002 11.8596840
v 0.5500000 7.2600002 11.8596840
v -0.5500000 7.2600002 11.8776808
v 0.5500000 7.2600002 11.8776808
v -0.5500000 7.2600002 11.8956776
v 0.5500000 7.2600002 11.8956776
v -0.5500000 7.2600002 11.9136744
v 0.5500000 7.2600002 11.9136744
v -0.5500000 7.2600002 11.9316711
v 0.5500000 7.2600002 11.9316711
v -0.5500000 7.2600002 11.9496679
v 0.5500000 7.2600002 11.9496679
v -0.5500000 7.2600002 11.9676647
v 0.5500000 7.2600002 11.9676647
v -0.5500000 7.2600002 11.9856615
v 0.5500000 7.2600002 11.9856615
v -0.5500000 7.2600002 12.0036583
v 0.5500000 7.2600002 12.0036583
v -0.5500000 7.2600002 12.0216551
v 0.5500000 7.2600002 12.0216551
v -0.5500000 7.2600002 12.0396519
v 0.5500000 7.2600002 12.0396519
v -0.5500000 7.2600002 12.0576487
v 0.5500000 7.2600002 12.0576487
v -0.5500000 7.2600002 12.0756454
v 0.5500000 7.2600002 12.0756454
v -0.5500000 7.2600002 12.0936422
v 0.5500000 7.2600002 12.0936422
v -0.5500000 7.2600002 12.1116390
v 0.5500000 7.2600002 12.1116390
v -0.5500000 7.2600002 12.1296358
v 0.5500000 7.2600002 12.1296358
v -0.5500000 7.2600002 12.1476326
v 0.5500000 7.2600002 12.1476326
v -0.5500000 7.2600002 12.1656294
v 0.5500000 7.2600002 12.1656294
v -0.5500000 7.2600002 12.1836262
v 0.5500000 7.2600002 12.1836262
v -0.5500000 7.2600002 12.2016230
v 0.5500000 7.2600002 12.2016230
v -0.5500000 7.2600002 12.2196198
v 0.5500000 7.2600002 12.2196198
v -0.5500000 7.2600002 12.2376165
v 0.5500000 7.2600002 12.2376165
v -0.5500000 7.2600002 12.2556133
v 0.5500000 7.2600002 12.2556133
v -0.5500000 7.2600002 12.2736101
v 0.5500000 7.2600002 12.2736101
v -0.5500000 7.2600002 12.2916069
v 0.5500000 7.2600002 12.2916069
v -0.5500000 7.2600002 12.3096037
v 0.5500000 7.2600002 12.3096037
v -0.5500000 7.2600002 12.3276005
v 0.5500000 7.2600002 12.3276005
v -0.5500000 7.2600002 12.3455973
v 0.5500000 7.2600002 12.3455973
v -0.5500000 7.2600002 12.3635941
v 0.5500000 7.2600002 12.3635941
v -0.5500000 7.2600002 12.3815908
v 0.5500000 7.2600002 12.3815908
v -0.5500000 7.2600002 12.3995876
v 0.5500000 7.2600002 12.3995876
v -0.5500000 7.2600002 12.4175844
v 0.5500000 7.2600002 12.4175844
v -0.5500000 7.2600002 12.4355812
v 0.5500000 7.2600002 12.4355812
v -0.5500000 7.2600002 12.4535780
v 0.5500000 7.2600002 12.4535780
v -0.5500000 7.2600002 12.4715748
v 0.5500000 7.2600002 12.4715748
v -0.5500000 7.2600002 12.4895716
v 0.5500000 7.2600002 12.4895716
v -0.5500000 7.2600002 12.5075684
v 0.5500000 7.2600002 12.5075684
v -0.5500000 7.2600002 12.5255651
v 0.5500000 7.2600002 12.5255651
v -0.5500000 7.2600002 12.5435619
v 0.5500000 7.2600002 12.5435619
v -0.5500000 7.2600002 12.5615587
v 0.5500000 7.2600002 12.5615587
v -0.5500000 7.2600002 12.5795555
v 0.5500000 7.2600002 12.5795555
v -0.5500000 7.2600002 12.5975523
v 0.5500000 7.2600002 12.5975523
v -0.5500000 7.2600002 12.6155491
v 0.5500000 7.2600002 12.6155491
v -0.5500000 7.2600002 12.6335459
v 0.5500000 7.2600002 12.6335459
v -0.5500000 7.2600002 12.6515427
v 0.5500000 7.2600002 12.6515427
v -0.5500000 7.2600002 12.6695395
v 0.5500000 7.2600002 12.6695395
v -0.5500000 7.2600002 12.6875362
v 0.5500000 7.2600002 12.6875362
v -0.5500000 7.2600002 12.7055330
v 0.5500000 7.2600002 12.7055330
v -0.5500000 7.2600002 12.7235298
v 0.5500000 7.2600002 12.7235298
v -0.5500000 7.2600002 12.7415266
v 0.5500000 7.2600002 12.7415266
v -0.5500000 7.2600002 12.7595234
v 0.5500000 7.2600002 12.7595234
v -0.5500000 7.2600002 12.7775202
v 0.5500000 7.2600002 12.7775202
v -0.5500000 7.2600002 12.7955170
v 0.5500000 7.2600002 12.7955170
v -0.5500000 7.2600002 12.8135138
v 0.5500000 7.2600002 12.8135138
v -0.5500000 7.2600002 12.8315105
v 0.5500000 7.2600002 12.8315105
v -0.5500000 7.2600002 12.8495073
v 0.5500000 7.2600002 12.8495073
v -0.5500000 7.2600002 12.8675041
v 0.5500000 7.2600002 12.8675041
v -0.5500000 7.2600002 12.8855009
v 0.5500000 7.2600002 12.8855009
v -0.5500000 7.2600002 12.9034977
v 0.5500000 7.2600002 12.9034977
v -0.5500000 7.2600002 12.9214945
v 0.5500000 7.2600002 12.9214945
v -0.5500000 7.2600002 12.9394913
v 0.5500000 7.2600002 12.9394913
v -0.5500000 7.2600002 12.9574881
v 0.5500000 7.2600002 12.9574881
v -0.5500000 7.2600002 12.9754848
v 0.5500000 7.2600002 12.9754848
v -0.5500000 7.2600002 12.9934816
v 0.5500000 7.2600002 12.9934816
v -0.5500000 7.2600002 13.0114784
v 0.5500000 7.2600002 13.0114784
v -0.5500000 7.2600002 13.0294752
v 0.5500000 7.2600002 13.0294752
v -0.5500000 7.2600002 13.0474720
v 0.5500000 7.2600002 13.0474720
v -0.5500000 7.2600002 13.0654688
v 0.5500000 7.2600002 13.0654688
v -0.5500000 7.2600002 13.0834656
v 0.5500000 7.2600002 13.0834656
v -0.5500000 7.2600002 13.1014624
v 0.5500000 7.2600002 13.1014624
v -0.5500000 7.2600002 13.1194592
v 0.5500000 7.2600002 13.1194592
v -0.5500000 7.2600002 13.1374559
v 0.5500000 7.2600002 13.1374559
v -0.5500000 7.2600002 13.1554527
v 0.5500000 7.2600002 13.1554527
v -0.5500000 7.2600002 13.1734495
v 0.5500000 7.2600002 13.1734495
v -0.5500000 7.2600002 13.1914463
v 0.5500000 7.2600002 13.1914463
v -0.5500000 7.2600002 13.2094431
v 0.5500000 7.2600002 13.2094431
v -0.5500000 7.2600002 13.2274399
v 0.5500000 7.2600002 13.2274399
v -0.5500000 7.2600002 13.2454367
v 0.5500000 7.2600002 13.2454367
v -0.5500000 7.2600002 13.2634335
v 0.5500000 7.2600002 13.2634335
v -0.5500000 7.2600002 13.2814302
v 0.5500000 7.2600002 13.2814302
v -0.5500000 7.2600002 13.2994270
v 0.5500000 7.2600002 13.2994270
v -0.5500000 7.2600002 13.3174238
v 0.5500000 7.2600002 13.3174238
v -0.5500000 7.2600002 13.3354206
v 0.5500000 7.2600002 13.3354206
v -0.5500000 7.2600002 13.3534174
v 0.5500000 7.2600002 13.3534174
v -0.5500000 7.2600002 13.3714142
v 0.5500000 7.2600002 13.3714142
v -0.5500000 7.2600002 13.3894110
v 0.5500000 7.2600002 13.3894110
v -0.5500000 7.2600002 13.4074078
v 0.5500000 7.2600002 13.4074078
v -0.5500000 7.2600002 13.4254045
v 0.5500000 7.2600002 13.4254045
v -0.5500000 7.2600002 13.4434013
v 0.5500000 7.2600002 13.4434013
v -0.5500000 7.2600002 13.4613981
v 0.5500000 7.2600002 13.4613981
v -0.5500000 7.2600002 13.4793949
v 0.5500000 7.2600002 13.4793949
v -0.5500000 7.2600002 13.4973917
v 0.5500000 7.2600002 13.4973917
v -0.5500000 7.2600002 13.5153885
v 0.5500000 7.2600002 13.5153885
v -0.5500000 7.2600002 13.5333853
v 0.5500000 7.2600002 13.5333853
v -0.5500000 7.2600002 13.5513821
v 0.5500000 7.2600002 13.5513821
v -0.5500000 7.2600002 13.5693789
v 0.5500000 7.2600002 13.5693789
v -0.5500000 7.2600002 13.5873756
v 0.5500000 7.2600002 13.5873756
v -0.5500000 7.2600002 13.6053724
v 0.5500000 7.2600002 13.6053724
v -0.5500000 7.2600002 13.6233692
v 0.5500000 7.2600002 13.6233692
v -0.5500000 7.2600002 13.6413660
v 0.5500000 7.2600002 13.6413660
v -0.5500000 7.2600002 13.6593628
v 0.5500000 7.2600002 13.6593628
v -0.5500000 7.2600002 13.6773596
v 0.5500000 7.2600002 13.6773596
v -0.5500000 7.2600002 13.6953564
v 0.5500000 7.2600002 13.6953564
v -0.5500000 7.2600002 13.7133532
v 0.5500000 7.2600002 13.7133532
v -0.5500000 7.2600002 13.7313499
v 0.5500000 7.2600002 13.7313499
v -0.5500000 7.2600002 13.7493467
v 0.5500000 7.2600002 13.7493467
v -0.5500000 7.2600002 13.7673435
v 0.5500000 7.2600002 13.7673435
v -0.5500000 7.2600002 13.7853403
v 0.5500000 7.2600002 13.7853403
v -0.5500000 7.2600002 13.8033371
v 0.5500000 7.2600002 13.8033371
v -0.5500000 7.2600002 13.8213339
v 0.5500000 7.2600002 13.8213339
v -0.5500000 7.2600002 13.8393307
v 0.5500000 7.2600002 13.8393307
v -0.5500000 7.2600002 13.8573275
v 0.5500000 7.2600002 13.8573275
v -0.5500000 7.2600002 13.8753242
v 0.5500000 7.2600002 13.8753242
v -0.5500000 7.2600002 13.8933210
v 0.5500000 7.2600002 13.8933210
v -0.5500000 7.2600002 13.9113178
v 0.5500000 7.2600002 13.9113178
v -0.5500000 7.2600002 13.9293146
v 0.5500000 7.2600002 13.9293146
v -0.5500000 7.2600002 13.9473114
v 0.5500000 7.2600002 13.9473114
v -0.5500000 7.2600002 13.9653082
v 0.5500000 7.2600002 13.9653082
v -0.5500000 7.2600002 13.9833050
v 0.5500000 7.2600002 13.9833050
v -0.5500000 7.2600002 14.0013018
v 0.5500000 7.2600002 14.0013018
v -0.5500000 7.2600002 14.0192986
v 0.5500000 7.2600002 14.0192986
v -0.5500000 7.2600002 14.0372953
v 0.5500000 7.2600002 14.0372953
v -0.5500000 7.2600002 14.0552921
v 0.5500000 7.2600002 14.0552921
v -0.5500000 7.2600002 14.0732889
v 0.5500000 7.2600002 14.0732889
v -0.5500000 7.2600002 14.0912857
v 0.5500000 7.2600002 14.0912857
v -0.5500000 7.2600002 14.1092825
v 0.5500000 7.2600002 14.1092825
v -0.5500000 7.2600002 14.1272793
v 0.5500000 7.2600002 14.1272793
v -0.5500000 7.2600002 14.1452761
v 0.5500000 7.2600002 14.1452761
v -0.5500000 7.2600002 14.1632729
v 0.5500000 7.2600002 14.1632729
v -0.5500000 7.2600002 14.1812696
v 0.5500000 7.2600002 14.1812696
v -0.5500000 7.2600002 14.1992664
v 0.5500000 7.2600002 14.1992664
v -0.5500000 7.2600002 14.2172632
v 0.5500000 7.2600002 14.2172632
v -0.5500000 7.2600002 14.2352600
v 0.5500000 7.2600002 14.2352600
v -0.5500000 7.2600002 14.2532568
v 0.5500000 7.2600002 14.2532568
v -0.5500000 7.2600002 14.2712536
v 0.5500000 7.2600002 14.2712536
v -0.5500000 7.2600002 14.2892504
v 0.5500000 7.2600002 14.2892504
v -0.5500000 7.2600002 14.3072472
v 0.5500000 7.2600002 14.3072472
v -0.5500000 7.2600002 14.3252439
v 0.5500000 7.2600002 14.3252439
v -0.5500000 7.2600002 14.3432407
v 0.5500000 7.2600002 14.3432407
v -0.5500000 7.2600002 14.3612375
v 0.5500000 7.2600002 14.3612375
v -0.5500000 7.2600002 14.3792343
v 0.5500000 7.2600002 14.3792343
v -0.5500000 7.2600002 14.3972311
v 0.5500000 7.2600002 14.3972311
v -0.5500000 7.2600002 14.4152279
v 0.5500000 7.2600002 14.4152279
v -0.5500000 7.2600002 14.4332247
v 0.5500000 7.2600002 14.4332247
v -0.5500000 7.2600002 14.4512215
v 0.5500000 7.2600002 14.4512215
v -0.5500000 7.2600002 14.4692183
v 0.5500000 7.2600002 14.4692183
v -0.5500000 7.2600002 14.4872150
v 0.5500000 7.2600002 14.4872150
v -0.5500000 7.2600002 14.5052118
v 0.5500000 7.2600002 14.5052118
v -0.5500000 7.2600002 14.5232086
v 0.5500000 7.2600002 14.5232086
v -0.5500000 7.2600002 14.5412054
v 0.5500000 7.2600002 14.5412054
v -0.5500000 7.2600002 14.5592022
v 0.5500000 7.2600002 14.5592022
v -0.5500000 7.2600002 14.5771990
v 0.5500000 7.2600002 14.5771990
v -0.5500000 7.2600002 14.5951958
v 0.5500000 7.2600002 14.5951958
v -0.5500000 7.2600002 14.6131926
v 0.5500000 7.2600002 14.6131926
v -0.5500000 7.2600002 14.6311893
v 0.5500000 7.2600002 14.6311893
v -0.5500000 7.2600002 14.6491861
v 0.5500000 7.2600002 14.6491861
v -0.5500000 7.2600002 14.6671829
v 0.5500000 7.2600002 14.6671829
v -0.5500000 7.2600002 14.6851797
v 0.5500000 7.2600002 14.6851797
v -0.5500000 7.2600002 14.7031765
v 0.5500000 7.2600002 14.7031765
v -0.5500000 7.2600002 14.7211733
v 0.5500000 7.2600002 14.7211733
v -0.5500000 7.2600002 14.7391701
v 0.5500000 7.2600002 14.7391701
v -0.5500000 7.2600002 14.7571669
v 0.5500000 7.2600002 14.7571669
v -0.5500000 7.2600002 14.7751637
v 0.5500000 7.2600002 14.7751637
v -0.5500000 7.2600002 14.7931604
v 0.5500000 7.2600002 14.7931604
v -0.5500000 7.2600002 14.8111572
v 0.5500000 7.2600002 14.8111572
v -0.5500000 7.2600002 14.8291540
v 0.5500000 7.2600002 14.8291540
v -0.5500000 7.2600002 14.8471508
v 0.5500000 7.2600002 14.8471508
v -0.5500000 7.2600002 14.8651476
v 0.5500000 7.2600002 14.8651476
v -0.5500000 7.2600002 14.8831444
v 0.5500000 7.2600002 14.8831444
v -0.5500000 7.2600002 14.9011412
v 0.5500000 7.2600002 14.9011412
v -0.5500000 7.2600002 14.9191380
v 0.5500000 7.2600002 14.9191380
v -0.5500000 7.2600002 14.9371347
v 0.5500000 7.2600002 14.9371347
v -0.5500000 7.2600002 14.9551315
v 0.5500000 7.2600002 14.9551315
v -0.5500000 7.2600002 14.9731283
v 0.5500000 7.2600002 14.9731283
v -0.5500000 7.2600002 14.9911251
v 0.5500000 7.2600002 14.9911251
v -0.5500000 7.2600002 15.0091219
v 0.5500000 7.2600002 15.0091219
v -0.5500000 7.2600002 15.0271187
v 0.5500000 7.2600002 15.0271187
v -0.5500000 7.2600002 15.0451155
v 0.5500000 7.2600002 15.0451155
v -0.5500000 7.2600002 15.0631123
v 0.5500000 7.2600002 15.0631123
v -0.5500000 7.2600002 15.0811090
v 0.5500000 7.2600002 15.0811090
v -0.5500000 7.2600002 15.0991058
v 0.5500000 7.2600002 15.0991058
v -0.5500000 7.2600002 15.1171026
v 0.5500000 7.2600002 15.1171026
v -0.5500000 7.2600002 15.1350994
v 0.5500000 7.2600002 15.1350994
v -0.5500000 7.2600002 15.1530962
v 0.5500000 7.2600002 15.1530962
v -0.5500000 7.2600002 15.1710930
v 0.5500000 7.2600002 15.1710930
v -0.5500000 7.2600002 15.1890898
v 0.5500000 7.2600002 15.1890898
v -0.5500000 7.2600002 15.2070866
v 0.5500000 7.2600002 15.2070866
v -0.5500000 7.2600002 15.2250834
v 0.5500000 7.2600002 15.2250834
v -0.5500000 7.2600002 15.2430801
v 0.5500000 7.2600002 15.2430801
v -0.5500000 7.2600002 15.2610769
v 0.5500000 7.2600002 15.2610769
v -0.5500000 7.2600002 15.2790737
v 0.5500000 7.2600002 15.2790737
v -0.5500000 7.2600002 15.2970705
v 0.5500000 7.2600002 15.2970705
v -0.5500000 7.2600002 15.3150673
v 0.5500000 7.2600002 15.3150673
v -0.5500000 7.2600002 15.3330641
v 0.5500000 7.2600002 15.3330641
v -0.5500000 7.2600002 15.3510609
v 0.5500000 7.2600002 15.3510609
v -0.5500000 7.2600002 15.3690577
v 0.5500000 7.2600002 15.3690577
v -0.5500000 7.2600002 15.3870544
v 0.5500000 7.2600002 15.3870544
v -0.5500000 7.2600002 15.4050512
v 0.5500000 7.2600002 15.4050512
v -0.5500000 7.2600002 15.4230480
v 0.5500000 7.2600002 15.4230480
v -0.5500000 7.2600002 15.4410448
v 0.5500000 7.2600002 15.4410448
v -0.5500000 7.2600002 15.4590416
v 0.5500000 7.2600002 15.4590416
v -0.5500000 7.2600002 15.4770384
v 0.5500000 7.2600002 15.4770384
v -0.5500000 7.2600002 15.4950352
v 0.5500000 7.2600002 15.4950352
v -0.5500000 7.2600002 15.5130320
v 0.5500000 7.2600002 15.5130320
v -0.5500000 7.2600002 15.5310287
v 0.5500000 7.2600002 15.5310287
v -0.5500000 7.2600002 15.5490255
v 0.5500000 7.2600002 15.5490255
v -0.5500000 7.2600002 15.5670223
v 0.5500000 7.2600002 15.5670223
v -0.5500000 7.2600002 15.5850191
v 0.5500000 7.2600002 15.5850191
v -0.5500000 7.2600002 15.6030159
v 0.5500000 7.2600002 15.6030159
v -0.5500000 7.2600002 15.6210127
v 0.5500000 7.2600002 15.6210127
v -0.5500000 7.2600002 15.6390095
v 0.5500000 7.2600002 15.6390095
v -0.5500000 7.2600002 15.6570063
v 0.5500000 7.2600002 15.6570063
v -0.5500000 7.2600002 15.6750031
v 0.5500000 7.2600002 15.6750031
v -0.5500000 7.2600002 15.6929998
v 0.5500000 7.2600002 15.6929998
v -0.5500000 7.2600002 15.7109966
v 0.5500000 7.2600002 15.7109966
v -0.5500000 7.2600002 15.7289934
v 0.5500000 7.2600002 15.7289934
v -0.5500000 7.2600002 15.7469902
v 0.5500000 7.2600002 15.7469902
v -0.5500000 7.2600002 15.7649870
v 0.5500000 7.2600002 15.7649870
v -0.5500000 7.2600002 15.7829838
v 0.5500000 7.2600002 15.7829838
v -0.5500000 7.2600002 15.8009806
v 0.5500000 7.2600002 15.8009806
v -0.5500000 7.2600002 15.8189774
v 0.5500000 7.2600002 15.8189774
v -0.5500000 7.2600002 15.8369741
v 0.5500000 7.2600002 15.8369741
v -0.5500000 7.2600002 15.8549709
v 0.5500000 7.2600002 15.8549709
v -0.5500000 7.2600002 15.8729677
v 0.5500000 7.2600002 15.8729677
v -0.5500000 7.2600002 15.8909645
v 0.5500000 7.2600002 15.8909645
v -0.5500000 7.2600002 15.9089613
v 0.5500000 7.2600002 15.9089613
v -0.5500000 7.2600002 15.9269581
v 0.5500000 7.2600002 15.9269581
v -0.5500000 7.2600002 15.9449549
v 0.5500000 7.2600002 15.9449549
v -0.5500000 7.2600002 15.9629517
v 0.5500000 7.2600002 15.9629517
v -0.5500000 7.2600002 15.9809484
v 0.5500000 7.2600002 15.9809484
v -0.5500000 7.2600002 15.9989452
v 0.5500000 7.2600002 15.9989452
v -0.5500000 7.2600002 16.0169411
v 0.5500000 7.2600002 16.0169411
v -0.5500000 7.2600002 16.0349369
v 0.5500000 7.2600002 16.0349369
v -0.5500000 7.2600002 16.0529327
v 0.5500000 7.2600002 16.0529327
v -0.5500000 7.2600002 16.0709286
v 0.5500000 7.2600002 16.0709286
v -0.5500000 7.2600002 16.0889244
v 0.5500000 7.2600002 16.0889244
v -0.5500000 7.2600002 16.1069202
v 0.5500000 7.2600002 16.1069202
v -0.5500000 7.2600002 16.1249161
v 0.5500000 7.2600002 16.1249161
v -0.5500000 7.2600002 16.1429119
v 0.5500000 7.2600002 16.1429119
v -0.5500000 7.2600002 16.1609077
v 0.5500000 7.2600002 16.1609077
v -0.5500000 7.2600002 16.1789036
v 0.5500000 7.2600002 16.1789036
v -0.5500000 7.2600002 16.1968994
v 0.5500000 7.2600002 16.1968994
v -0.5500000 7.2600002 16.2148952
v 0.5500000 7.2600002 16.2148952
v -0.5500000 7.2600002 16.2328911
v 0.5500000 7.2600002 16.2328911
v -0.5500000 7.2600002 16.2508869
v 0.5500000 7.2600002 16.2508869
v -0.5500000 7.2600002 16.2688828
v 0.5500000 7.2600002 16.2688828
v -0.5500000 7.2600002 16.2868786
v 0.5500000 7.2600002 16.2868786
v -0.5500000 7.2600002 16.3048744
v 0.5500000 7.2600002 16.3048744
v -0.5500000 7.2600002 16.3228703
v 0.5500000 7.2600002 16.3228703
v -0.5500000 7.2600002 16.3408661
v 0.5500000 7.2600002 16.3408661
v -0.5500000 7.2600002 16.3588619
v 0.5500000 7.2600002 16.3588619
v -0.5500000 7.2600002 16.3768578
v 0.5500000 7.2600002 16.3768578
v -0.5500000 7.2600002 16.3948536
v 0.5500000 7.2600002 16.3948536
v -0.5500000 7.2600002 16.4128494
v 0.5500000 7.2600002 16.4128494
v -0.5500000 7.2600002 16.4308453
v 0.5500000 7.2600002 16.4308453
v -0.5500000 7.2600002 16.4488411
v 0.5500000 7.2600002 16.4488411
v -0.5500000 7.2600002 16.4668369
v 0.5500000 7.2600002 16.4668369
v -0.5500000 7.2600002 16.4848328
v 0.5500000 7.2600002 16.4848328
v -0.5500000 7.2600002 16.5028286
v 0.5500000 7.2600002 16.5028286
v -0.5500000 7.2600002 16.5208244
v 0.5500000 7.2600002 16.5208244
v -0.5500000 7.2600002 16.5388203
v 0.5500000 7.2600002 16.5388203
v -0.5500000 7.2600002 16.5568161
v 0.5500000 7.2600002 16.5568161
v -0.5500000 7.2600002 16.5748119
v 0.5500000 7.2600002 16.5748119
v -0.5500000 7.2600002 16.5928078
v 0.5500000 7.2600002 16.5928078
v -0.5500000 7.2600002 16.6108036
v 0.5500000 7.2600002 16.6108036
v -0.5500000 7.2600002 16.6287994
v 0.5500000 7.2600002 16.6287994
v -0.5500000 7.2600002 16.6467953
v 0.5500000 7.2600002 16.6467953
v -0.5500000 7.2600002 16.6647911
v 0.5500000 7.2600002 16.6647911
v -0.5500000 7.2600002 16.6827869
v 0.5500000 7.2600002 16.6827869
v -0.5500000 7.2600002 16.7007828
v 0.5500000 7.2600002 16.7007828
v -0.5500000 7.2600002 16.7187786
v 0.5500000 7.2600002 16.7187786
v -0.5500000 7.2600002 16.7367744
v 0.5500000 7.2600002 16.7367744
v -0.5500000 7.2600002 16.7547703
v 0.5500000 7.2600002 16.7547703
v -0.5500000 7.2600002 16.7727661
v 0.5500000 7.2600002 16.7727661
v -0.5500000 7.2600002 16.7907619
v 0.5500000 7.2600002 16.7907619
v -0.5500000 7.2600002 16.8087578
v 0.5500000 7.2600002 16.8087578
v -0.5500000 7.2600002 16.8267536
v 0.5500000 7.2600002 16.8267536
v -0.5500000 7.2600002 16.8447495
v 0.5500000 7.2600002 16.8447495
v -0.5500000 7.2600002 16.8627453
v 0.5500000 7.2600002 16.8627453
v -0.5500000 7.2600002 16.8807411
v 0.5500000 7.2600002 16.8807411
v -0.5500000 7.2600002 16.8987370
v 0.5500000 7.2600002 16.8987370
v -0.5500000 7.2600002 16.9167328
v 0.5500000 7.2600002 16.9167328
v -0.5500000 7.2600002 16.9347286
v 0.5500000 7.2600002 16.9347286
v -0.5500000 7.2600002 16.9527245
v 0.5500000 7.2600002 16.9527245
v -0.5500000 7.2600002 16.9707203
v 0.5500000 7.2600002 16.9707203
v -0.5500000 7.2600002 16.9887161
v 0.5500000 7.2600002 16.9887161
v -0.5500000 7.2600002 17.0067120
v 0.5500000 7.2600002 17.0067120
v -0.5500000 7.2600002 17.0247078
v 0.5500000 7.2600002 17.0247078
v -0.5500000 7.2600002 17.0427036
v 0.5500000 7.2600002 17.0427036
v -0.5500000 7.2600002 17.0606995
v 0.5500000 7.2600002 17.0606995
v -0.5500000 7.2600002 17.0786953
v 0.5500000 7.2600002 17.0786953
v -0.5500000 7.2600002 17.0966911
v 0.5500000 7.2600002 17.0966911
v -0.5500000 7.2600002 17.1146870
v 0.5500000 7.2600002 17.1146870
v -0.5500000 7.2600002 17.1326828
v 0.5500000 7.2600002 17.1326828
v -0.5500000 7.2600002 17.1506786
v 0.5500000 7.2600002 17.1506786
v -0.5500000 7.2600002 17.1686745
v 0.5500000 7.2600002 17.1686745
v -0.5500000 7.2600002 17.1866703
v 0.5500000 7.2600002 17.1866703
v -0.5500000 7.2600002 17.2046661
v 0.5500000 7.2600002 17.2046661
v -0.5500000 7.2600002 17.2226620
v 0.5500000 7.2600002 17.2226620
v -0.5500000 7.2600002 17.2406578
v 0.5500000 7.2600002 17.2406578
v -0.5500000 7.2600002 17.2586536
v 0.5500000 7.2600002 17.2586536
v -0.5500000 7.2600002 17.2766495
v 0.5500000 7.2600002 17.2766495
v -0.5500000 7.2600002 17.2946453
v 0.5500000 7.2600002 17.2946453
v -0.5500000 7.2600002 17.3126411
v 0.5500000 7.2600002 17.3126411
v -0.5500000 7.2600002 17.3306370
v 0.5500000 7.2600002 17.3306370
v -0.5500000 7.2600002 17.3486328
v 0.5500000 7.2600002 17.3486328
v -0.5500000 7.2600002 17.3666286
v 0.5500000 7.2600002 17.3666286
v -0.5500000 7.2600002 17.3846245
v 0.5500000 7.2600002 17.3846245
v -0.5500000 7.2600002 17.4026203
v 0.5500000 7.2600002 17.4026203
v -0.5500000 7.2600002 17.4206161
v 0.5500000 7.2600002 17.4206161
v -0.5500000 7.2600002 17.4386120
v 0.5500000 7.2600002 17.4386120
v -0.5500000 7.2600002 17.4566078
v 0.5500000 7.2600002 17.4566078
v -0.5500000 7.2600002 17.4746037
v 0.5500000 7.2600002 17.4746037
v -0.5500000 7.2600002 17.4925995
v 0.5500000 7.2600002 17.4925995
v -0.5500000 7.2600002 17.5105953
v 0.5500000 7.2600002 17.5105953
v -0.5500000 7.2600002 17.5285912
v 0.5500000 7.2600002 17.5285912
v -0.5500000 7.2600002 17.5465870
v 0.5500000 7.2600002 17.5465870
v -0.5500000 7.2600002 17.5645828
v 0.5500000 7.2600002 17.5645828
v -0.5500000 7.2600002 17.5825787
v 0.5500000 7.2600002 17.5825787
v -0.5500000 7.2600002 17.6005745
v 0.5500000 7.2600002 17.6005745
v -0.5500000 7.2600002 17.6185703
v 0.5500000 7.2600002 17.6185703
v -0.5500000 7.2600002 17.6365662
v 0.5500000 7.2600002 17.6365662
v -0.5500000 7.2600002 17.6545620
v 0.5500000 7.2600002 17.6545620
v -0.5500000 7.2600002 17.6725578
v 0.5500000 7.2600002 17.6725578
v -0.5500000 7.2600002 17.6905537
v 0.5500000 7.2600002 17.6905537
v -0.5500000 7.2600002 17.7085495
v 0.5500000 7.2600002 17.7085495
v -0.5500000 7.2600002 17.7265453
v 0.5500000 7.2600002 17.7265453
v -0.5500000 7.2600002 17.7445412
v 0.5500000 7.2600002 17.7445412
v -0.5500000 7.2600002 17.7625370
v 0.5500000 7.2600002 17.7625370
v -0.5500000 7.2600002 17.7805328
v 0.5500000 7.2600002 17.7805328
v -0.5500000 7.2600002 17.7985287
v 0.5500000 7.2600002 17.7985287
v -0.5500000 7.2600002 17.8165245
v 0.5500000 7.2600002 17.8165245
v -0.5500000 7.2600002 17.8345203
v 0.5500000 7.2600002 17.8345203
v -0.5500000 7.2600002 17.8525162
v 0.5500000 7.2600002 17.8525162
v -0.5500000 7.2600002 17.8705120
v 0.5500000 7.2600002 17.8705120
v -0.5500000 7.2600002 17.8885078
v 0.5500000 7.2600002 17.8885078
v -0.5500000 7.2600002 17.9065037
v 0.5500000 7.2600002 17.9065037
v -0.5500000 7.2600002 17.9244995
v 0.5500000 7.2600002 17.9244995
v -0.5500000 7.2600002 17.9424953
v 0.5500000 7.2600002 17.9424953
v -0.5500000 7.2600002 17.9604912
v 0.5500000 7.2600002 17.9604912
v -0.5500000 7.2600002 17.9784870
v 0.5500000 7.2600002 17.9784870
v -0.5500000 7.2600002 17.9964828
v 0.5500000 7.2600002 17.9964828
v -0.5500000 7.2600002 18.0144787
v 0.5500000 7.2600002 18.0144787
v -0.5500000 7.2600002 18.0324745
v 0.5500000 7.2600002 18.0324745
v -0.5500000 7.2600002 18.0504704
v 0.5500000 7.2600002 18.0504704
v -0.5500000 7.2600002 18.0684662
v 0.5500000 7.2600002 18.0684662
v -0.5500000 7.2600002 18.0864620
v 0.5500000 7.2600002 18.0864620
v -0.5500000 7.2600002 18.1044579
v 0.5500000 7.2600002 18.1044579
v -0.5500000 7.2600002 18.1224537
v 0.5500000 7.2600002 18.1224537
v -0.5500000 7.2600002 18.1404495
v 0.5500000 7.2600002 18.1404495
v -0.5500000 7.2600002 18.1584454
v 0.5500000 7.2600002 18.1584454
v -0.5500000 7.2600002 18.1764412
v 0.5500000 7.2600002 18.1764412
v -0.5500000 7.2600002 18.1944370
v 0.5500000 7.2600002 18.1944370
v -0.5500000 7.2600002 18.2124329
v 0.5500000 7.2600002 18.2124329
v -0.5500000 7.2600002 18.2304287
v 0.5500000 7.2600002 18.2304287
v -0.5500000 7.2600002 18.2484245
v 0.5500000 7.2600002 18.2484245
v -0.5500000 7.2600002 18.2664204
v 0.5500000 7.2600002 18.2664204
v -0.5500000 7.2600002 18.2844162
v 0.5500000 7.2600002 18.2844162
v -0.5500000 7.2600002 18.3024120
v 0.5500000 7.2600002 18.3024120
v -0.5500000 7.2600002 18.3204079
v 0.5500000 7.2600002 18.3204079
v -0.5500000 7.2600002 18.3384037
v 0.5500000 7.2600002 18.3384037
v -0.5500000 7.2600002 18.3563995
v 0.5500000 7.2600002 18.3563995
v -0.5500000 7.2600002 18.3743954
v 0.5500000 7.2600002 18.3743954
v -0.5500000 7.2600002 18.3923912
v 0.5500000 7.2600002 18.3923912
v -0.5500000 7.2600002 18.4103870
v 0.5500000 7.2600002 18.4103870
v -0.5500000 7.2600002 18.4283829
v 0.5500000 7.2600002 18.4283829
v -0.5500000 7.2600002 18.4463787
v 0.5500000 7.2600002 18.4463787
v -0.5500000 7.2600002 18.4643745
v 0.5500000 7.2600002 18.4643745
v -0.5500000 7.2600002 18.4823704
v 0.5500000 7.2600002 18.4823704
v -0.5500000 7.2600002 18.5003662
v 0.5500000 7.2600002 18.5003662
v -0.5500000 7.2600002 18.5183620
v 0.5500000 7.2600002 18.5183620
v -0.5500000 7.2600002 18.5363579
v 0.5500000 7.2600002 18.5363579
v -0.5500000 7.2600002 18.5543537
v 0.5500000 7.2600002 18.5543537
v -0.5500000 7.2600002 18.5723495
v 0.5500000 7.2600002 18.5723495
v -0.5500000 7.2600002 18.5903454
v 0.5500000 7.2600002 18.5903454
v -0.5500000 7.2600002 18.6083412
v 0.5500000 7.2600002 18.6083412
v -0.5500000 7.2600002 18.6263371
v 0.5500000 7.2600002 18.6263371
v -0.5500000 7.2600002 18.6443329
v 0.5500000 7.2600002 18.6443329
v -0.5500000 7.2600002 18.6623287
v 0.5500000 7.2600002 18.6623287
v -0.5500000 7.2600002 18.6803246
v 0.5500000 7.2600002 18.6803246
v -0.5500000 7.2600002 18.6983204
v 0.5500000 7.2600002 18.6983204
v -0.5500000 7.2600002 18.7163162
v 0.5500000 7.2600002 18.7163162
v -0.5500000 7.2600002 18.7343121
v 0.5500000 7.2600002 18.7343121
v -0.5500000 7.2600002 18.7523079
v 0.5500000 7.2600002 18.7523079
v -0.5500000 7.2600002 18.7703037
v 0.5500000 7.2600002 18.7703037
v -0.5500000 7.2600002 18.7882996
v 0.5500000 7.2600002 18.7882996
v -0.5500000 7.2600002 18.8062954
v 0.5500000 7.2600002 18.8062954
v -0.5500000 7.2600002 18.8242912
v 0.5500000 7.2600002 18.8242912
v -0.5500000 7.2600002 18.8422871
v 0.5500000 7.2600002 18.8422871
v -0.5500000 7.2600002 18.8602829
v 0.5500000 7.2600002 18.8602829
v -0.5500000 7.2600002 18.8782787
v 0.5500000 7.2600002 18.8782787
v -0.5500000 7.2600002 18.8962746
v 0.5500000 7.2600002 18.8962746
v -0.5500000 7.2600002 18.9142704
v 0.5500000 7.2600002 18.9142704
v -0.5500000 7.2600002 18.9322662
v 0.5500000 7.2600002 18.9322662
v -0.5500000 7.2600002 18.9502621
v 0.5500000 7.2600002 18.9502621
v -0.5500000 7.2600002 18.9682579
v 0.5500000 7.2600002 18.9682579
v -0.5500000 7.2600002 18.9862537
v 0.5500000 7.2600002 18.9862537
v -0.5500000 7.2600002 19.0042496
v 0.5500000 7.2600002 19.0042496
v -0.5500000 7.2600002 19.0222454
v 0.5500000 7.2600002 19.0222454
v -0.5500000 7.2600002 19.0402412
v 0.5500000 7.2600002 19.0402412
v -0.5500000 7.2600002 19.0582371
v 0.5500000 7.2600002 19.0582371
v -0.5500000 7.2600002 19.0762329
v 0.5500000 7.2600002 19.0762329
v -0.5500000 7.2600002 19.0942287
v 0.5500000 7.2600002 19.0942287
v -0.5500000 7.2600002 19.1122246
v 0.5500000 7.2600002 19.1122246
v -0.5500000 7.2600002 19.1302204
v 0.5500000 7.2600002 19.1302204
v -0.5500000 7.2600002 19.1482162
v 0.5500000 7.2600002 19.1482162
v -0.5500000 7.2600002 19.1662121
v 0.5500000 7.2600002 19.1662121
v -0.5500000 7.2600002 19.1842079
v 0.5500000 7.2600002 19.1842079
v -0.5500000 7.2600002 19.2022038
v 0.5500000 7.2600002 19.2022038
v -0.5500000 7.2600002 19.2201996
v 0.5500000 7.2600002 19.2201996
v -0.5500000 7.2600002 19.2381954
v 0.5500000 7.2600002 19.2381954
v -0.5500000 7.2600002 19.2561913
v 0.5500000 7.2600002 19.2561913
v -0.5500000 7.2600002 19.2741871
v 0.5500000 7.2600002 19.2741871
v -0.5500000 7.2600002 19.2921829
v 0.5500000 7.2600002 19.2921829
v -0.5500000 7.2600002 19.3101788
v 0.5500000 7.2600002 19.3101788
v -0.5500000 7.2600002 19.3281746
v 0.5500000 7.2600002 19.3281746
v -0.5500000 7.2600002 19.3461704
v 0.5500000 7.2600002 19.3461704
v -0.5500000 7.2600002 19.3641663
v 0.5500000 7.2600002 19.3641663
v -0.5500000 7.2600002 19.3821621
v 0.5500000 7.2600002 19.3821621
v -0.5500000 7.2600002 19.4001579
v 0.5500000 7.2600002 19.4001579
v -0.5500000 7.2600002 19.4181538
v 0.5500000 7.2600002 19.4181538
v -0.5500000 7.2600002 19.4361496
v 0.5500000 7.2600002 19.4361496
v -0.5500000 7.2600002 19.4541454
v 0.5500000 7.2600002 19.4541454
v -0.5500000 7.2600002 19.4721413
v 0.5500000 7.2600002 19.4721413
v -0.5500000 7.2600002 19.4901371
v 0.5500000 7.2600002 19.4901371
v -0.5500000 7.2600002 19.5081329
v 0.5500000 7.2600002 19.5081329
v -0.5500000 7.2600002 19.5261288
v 0.5500000 7.2600002 19.5261288
v -0.5500000 7.2600002 19.5441246
v 0.5500000 7.2600002 19.5441246
v -0.5500000 7.2600002 19.5621204
v 0.5500000 7.2600002 19.5621204
v -0.5500000 7.2600002 19.5801163
v 0.5500000 7.2600002 19.5801163
v -0.5500000 7.2600002 19.5981121
v 0.5500000 7.2600002 19.5981121
v -0.5500000 7.2600002 19.6161079
v 0.5500000 7.2600002 19.6161079
v -0.5500000 7.2600002 19.6341038
v 0.5500000 7.2600002 19.6341038
v -0.5500000 7.2600002 19.6520996
v 0.5500000 7.2600002 19.6520996
v -0.5500000 7.2600002 19.6700954
v 0.5500000 7.2600002 19.6700954
v -0.5500000 7.2600002 19.6880913
v 0.5500000 7.2600002 19.6880913
v -0.5500000 7.2600002 19.7060871
v 0.5500000 7.2600002 19.7060871
v -0.5500000 7.2600002 19.7240829
v 0.5500000 7.2600002 19.7240829
v -0.5500000 7.2600002 19.7420788
v 0.5500000 7.2600002 19.7420788
v -0.5500000 7.2600002 19.7600746
v 0.5500000 7.2600002 19.7600746
v -0.5500000 7.2600002 19.7780704
v 0.5500000 7.2600002 19.7780704
v -0.5500000 7.2600002 19.7960663
v 0.5500000 7.2600002 19.7960663
v -0.5500000 7.2600002 19.8140621
v 0.5500000 7.2600002 19.8140621
v -0.5500000 7.2600002 19.8320580
v 0.5500000 7.2600002 19.8320580
v -0.5500000 7.2600002 19.8500538
v 0.5500000 7.2600002 19.8500538
v -0.5500000 7.2600002 19.8680496
v 0.5500000 7.2600002 19.8680496
v -0.5500000 7.2600002 19.8860455
v 0.5500000 7.2600002 19.8860455
v -0.5500000 7.2600002 19.9040413
v 0.5500000 7.2600002 19.9040413
v -0.5500000 7.2600002 19.9220371
v 0.5500000 7.2600002 19.9220371
v -0.5500000 7.2600002 19.9400330
v 0.5500000 7.2600002 19.9400330
v -0.5500000 7.2600002 19.9580288
v 0.5500000 7.2600002 19.9580288
v -0.5500000 7.2600002 19.9760246
v 0.5500000 7.2600002 19.9760246
v -0.5500000 7.2600002 19.9940205
v 0.5500000 7.2600002 19.9940205
v -0.5500000 7.2600002 20.0120163
v 0.5500000 7.2600002 20.0120163
v -0.5500000 7.2600002 20.0300121
v 0.5500000 7.2600002 20.0300121
v -0.5500000 7.2600002 20.0480080
v 0.5500000 7.2600002 20.0480080
v -0.5500000 7.2600002 20.0660038
v 0.5500000 7.2600002 20.0660038
v -0.5500000 7.2600002 20.0839996
v 0.5500000 7.2600002 20.0839996
v -0.5500000 7.2600002 20.1019955
v 0.5500000 7.2600002 20.1019955
v -0.5500000 7.2600002 20.1199913
v 0.5500000 7.2600002 20.1199913
v -0.5500000 7.2600002 20.1379871
v 0.5500000 7.2600002 20.1379871
v -0.5500000 7.2600002 20.1559830
v 0.5500000 7.2600002 20.1559830
v -0.5500000 7.2600002 20.1739788
v 0.5500000 7.2600002 20.1739788
v -0.5500000 7.2600002 20.1919746
v 0.5500000 7.2600002 20.1919746
v -0.5500000 7.2600002 20.2099705
v 0.5500000 7.2600002 20.2099705
v -0.5500000 7.2600002 20.2279663
v 0.5500000 7.2600002 20.2279663
v -0.5500000 7.2600002 20.2459621
v 0.5500000 7.2600002 20.2459621
v -0.5500000 7.2600002 20.2639580
v 0.5500000 7.2600002 20.2639580
v -0.5500000 7.2600002 20.2819538
v 0.5500000 7.2600002 20.2819538
v -0.5500000 7.2600002 20.2999496
v 0.5500000 7.2600002 20.2999496
v -0.5500000 7.2600002 20.3179455
v 0.5500000 7.2600002 20.3179455
v -0.5500000 7.2600002 20.3359413
v 0.5500000 7.2600002 20.3359413
v -0.5500000 7.2600002 20.3539371
v 0.5500000 7.2600002 20.3539371
v -0.5500000 7.2600002 20.3719330
v 0.5500000 7.2600002 20.3719330
v -0.5500000 7.2600002 20.3899288
v 0.5500000 7.2600002 20.3899288
v -0.5500000 7.2600002 20.4079247
v 0.5500000 7.2600002 20.4079247
v -0.5500000 7.2600002 20.4259205
v 0.5500000 7.2600002 20.4259205
v -0.5500000 7.2600002 20.4439163
v 0.5500000 7.2600002 20.4439163
v -0.5500000 7.2600002 20.4619122
v 0.5500000 7.2600002 20.4619122
v -0.5500000 7.2600002 20.4799080
v 0.5500000 7.2600002 20.4799080
v -0.5500000 7.2600002 20.4979038
v 0.5500000 7.2600002 20.4979038
v -0.5500000 7.2600002 20.5158997
v 0.5500000 7.2600002 20.5158997
v -0.5500000 7.2600002 20.5338955
v 0.5500000 7.2600002 20.5338955
v -0.5500000 7.2600002 20.5518913
v 0.5500000 7.2600002 20.5518913
v -0.5500000 7.2600002 20.5698872
v 0.5500000 7.2600002 20.5698872
v -0.5500000 7.2600002 20.5878830
v 0.5500000 7.2600002 20.5878830
v -0.5500000 7.2600002 20.6058788
v 0.5500000 7.2600002 20.6058788
v -0.5500000 7.2600002 20.6238747
v 0.5500000 7.2600002 20.6238747
v -0.5500000 7.2600002 20.6418705
v 0.5500000 7.2600002 20.6418705
v -0.5500000 7.2600002 20.6598663
v 0.5500000 7.2600002 20.6598663
v -0.5500000 7.2600002 20.6778622
v 0.5500000 7.2600002 20.6778622
v -0.5500000 7.2600002 20.6958580
v 0.5500000 7.2600002 20.6958580
v -0.5500000 7.2600002 20.7138538
v 0.5500000 7.2600002 20.7138538
v -0.5500000 7.2600002 20.7318497
v 0.5500000 7.2600002 20.7318497
v -0.5500000 7.2600002 20.7498455
v 0.5500000 7.2600002 20.7498455
v -0.5500000 7.2600002 20.7678413
v 0.5500000 7.2600002 20.7678413
v -0.5500000 7.2600002 20.7858372
v 0.5500000 7.2600002 20.7858372
v -0.5500000 7.2600002 20.8038330
v 0.5500000 7.2600002 20.8038330
v -0.5500000 7.2600002 20.8218288
v 0.5500000 7.2600002 20.8218288
v -0.5500000 7.2600002 20.8398247
v 0.5500000 7.2600002 20.8398247
v -0.5500000 7.2600002 20.8578205
v 0.5500000 7.2600002 20.8578205
v -0.5500000 7.2600002 20.8758163
v 0.5500000 7.2600002 20.8758163
v -0.5500000 7.2600002 20.8938122
v 0.5500000 7.2600002 20.8938122
v -0.5500000 7.2600002 20.9118080
v 0.5500000 7.2600002 20.9118080
v -0.5500000 7.2600002 20.9298038
v 0.5500000 7.2600002 20.9298038
v -0.5500000 7.2600002 20.9477997
v 0.5500000 7.2600002 20.9477997
v -0.5500000 7.2600002 20.9657955
v 0.5500000 7.2600002 20.9657955
v -0.5500000 7.2600002 20.9837914
v 0.5500000 7.2600002 20.9837914
v -0.5500000 7.2600002 21.0017872
v 0.5500000 7.2600002 21.0017872
v -0.5500000 7.2600002 21.0197830
v 0.5500000 7.2600002 21.0197830
v -0.5500000 7.2600002 21.0377789
v 0.5500000 7.2600002 21.0377789
v -0.5500000 7.2600002 21.0557747
v 0.5500000 7.2600002 21.0557747
v -0.5500000 7.2600002 21.0737705
v 0.5500000 7.2600002 21.0737705
v -0.5500000 7.2600002 21.0917664
v 0.5500000 7.2600002 21.0917664
v -0.5500000 7.2600002 21.1097622
v 0.5500000 7.2600002 21.1097622
v -0.5500000 7.2600002 21.1277580
v 0.5500000 7.2600002 21.1277580
v -0.5500000 7.2600002 21.1457539
v 0.5500000 7.2600002 21.1457539
v -0.5500000 7.2600002 21.1637497
v 0.5500000 7.2600002 21.1637497
v -0.5500000 7.2600002 21.1817455
v 0.5500000 7.2600002 21.1817455
v -0.5500000 7.2600002 21.1997414
v 0.5500000 7.2600002 21.1997414
v -0.5500000 7.2600002 21.2177372
v 0.5500000 7.2600002 21.2177372
v -0.5500000 7.2600002 21.2357330
v 0.5500000 7.2600002 21.2357330
v -0.5500000 7.2600002 21.2537289
v 0.5500000 7.2600002 21.2537289
v -0.5500000 7.2600002 21.2717247
v 0.5500000 7.2600002 21.2717247
v -0.5500000 7.2600002 21.2897205
v 0.5500000 7.2600002 21.2897205
v -0.5500000 7.2600002 21.3077164
v 0.5500000 7.2600002 21.3077164
v -0.5500000 7.2600002 21.3257122
v 0.5500000 7.2600002 21.3257122
v -0.5500000 7.2600002 21.3437080
v 0.5500000 7.2600002 21.3437080
v -0.5500000 7.2600002 21.3617039
v 0.5500000 7.2600002 21.3617039
v -0.5500000 7.2600002 21.3796997
v 0.5500000 7.2600002 21.3796997
v -0.5500000 7.2600002 21.3976955
v 0.5500000 7.2600002 21.3976955
v -0.5500000 7.2600002 21.4156914
v 0.5500000 7.2600002 21.4156914
v -0.5500000 7.2600002 21.4336872
v 0.5500000 7.2600002 21.4336872
v -0.5500000 7.2600002 21.4516830
v 0.5500000 7.2600002 21.4516830
v -0.5500000 7.2600002 21.4696789
v 0.5500000 7.2600002 21.4696789
v -0.5500000 7.2600002 21.4876747
v 0.5500000 7.2600002 21.4876747
v -0.5500000 7.2600002 21.5056705
v 0.5500000 7.2600002 21.5056705
v -0.5500000 7.2600002 21.5236664
v 0.5500000 7.2600002 21.5236664
v -0.5500000 7.2600002 21.5416622
v 0.5500000 7.2600002 21.5416622
v -0.5500000 7.2600002 21.5596581
v 0.5500000 7.2600002 21.5596581
v -0.5500000 7.2600002 21.5776539
v 0.5500000 7.2600002 21.5776539
v -0.5500000 7.2600002 21.5956497
v 0.5500000 7.2600002 21.5956497
v -0.5500000 7.2600002 21.6136456
v 0.5500000 7.2600002 21.6136456
v -0.5500000 7.2600002 21.6316414
v 0.5500000 7.2600002 21.6316414
v -0.5500000 7.2600002 21.6496372
v 0.5500000 7.2600002 21.6496372
v -0.5500000 7.2600002 21.6676331
v 0.5500000 7.2600002 21.6676331
v -0.5500000 7.2600002 21.6856289
v 0.5500000 7.2600002 21.6856289
v -0.5500000 7.2600002 21.7036247
v 0.5500000 7.2600002 21.7036247
v -0.5500000 7.2600002 21.7216206
v 0.5500000 7.2600002 21.7216206
v -0.5500000 7.2600002 21.7396164
v 0.5500000 7.2600002 21.7396164
v -0.5500000 7.2600002 21.7576122
v 0.5500000 7.2600002 21.7576122
v -0.5500000 7.2600002 21.7756081
v 0.5500000 7.2600002 21.7756081
v -0.5500000 7.2600002 21.7936039
v 0.5500000 7.2600002 21.7936039
v -0.5500000 7.2600002 21.8115997
v 0.5500000 7.2600002 21.8115997
v -0.5500000 7.2600002 21.8295956
v 0.5500000 7.2600002 21.8295956
v -0.5500000 7.2600002 21.8475914
v 0.5500000 7.2600002 21.8475914
v -0.5500000 7.2600002 21.8655872
v 0.5500000 7.2600002 21.8655872
v -0.5500000 7.2600002 21.8835831
v 0.5500000 7.2600002 21.8835831
v -0.5500000 7.2600002 21.9015789
v 0.5500000 7.2600002 21.9015789
v -0.5500000 7.2600002 21.9195747
v 0.5500000 7.2600002 21.9195747
v -0.5500000 7.2600002 21.9375706
v 0.5500000 7.2600002 21.9375706
v -0.5500000 7.2600002 21.9555664
v 0.5500000 7.2600002 21.9555664
v -0.5500000 7.2600002 21.9735622
v 0.5500000 7.2600002 21.9735622
v -0.5500000 7.2600002 21.9915581
v 0.5500000 7.2600002 21.9915581
v -0.5500000 7.2600002 22.0095539
v 0.5500000 7.2600002 22.0095539
v -0.5500000 7.2600002 22.0275497
v 0.5500000 7.2600002 22.0275497
v -0.5500000 7.2600002 22.0455456
v 0.5500000 7.2600002 22.0455456
v -0.5500000 7.2600002 22.0635414
v 0.5500000 7.2600002 22.0635414
v -0.5500000 7.2600002 22.0815372
v 0.5500000 7.2600002 22.0815372
v -0.5500000 7.2600002 22.0995331
v 0.5500000 7.2600002 22.0995331
v -0.5500000 7.2600002 22.1175289
v 0.5500000 7.2600002 22.1175289
v -0.5500000 7.2600002 22.1355247
v 0.5500000 7.2600002 22.1355247
v -0.5500000 7.2600002 22.1535206
v 0.5500000 7.2600002 22.1535206
v -0.5500000 7.2600002 22.1715164
v 0.5500000 7.2600002 22.1715164
v -0.5500000 7.2600002 22.1895123
v 0.5500000 7.2600002 22.1895123
v -0.5500000 7.2600002 22.2075081
v 0.5500000 7.2600002 22.2075081
v -0.5500000 7.2600002 22.2255039
v 0.5500000 7.2600002 22.2255039
v -0.5500000 7.2600002 22.2434998
v 0.5500000 7.2600002 22.2434998
v -0.5500000 7.2600002 22.2614956
v 0.5500000 7.2600002 22.2614956
v -0.5500000 7.2600002 22.2794914
v 0.5500000 7.2600002 22.2794914
v -0.5500000 7.2600002 22.2974873
v 0.5500000 7.2600002 22.2974873
v -0.5500000 7.2600002 22.3154831
v 0.5500000 7.2600002 22.3154831
v -0.5500000 7.2600002 22.3334789
v 0.5500000 7.2600002 22.3334789
v -0.5500000 7.2600002 22.3514748
v 0.5500000 7.2600002 22.3514748
v -0.5500000 7.2600002 22.3694706
v 0.5500000 7.2600002 22.3694706
v -0.5500000 7.2600002 22.3874664
v 0.5500000 7.2600002 22.3874664
v -0.5500000 7.2600002 22.4054623
v 0.5500000 7.2600002 22.4054623
v -0.5500000 7.2600002 22.4234581
v 0.5500000 7.2600002 22.4234581
v -0.5500000 7.2600002 22.4414539
v 0.5500000 7.2600002 22.4414539
v -0.5500000 7.2600002 22.4594498
v 0.5500000 7.2600002 22.4594498
v -0.5500000 7.2600002 22.4774456
v 0.5500000 7.2600002 22.4774456
v -0.5500000 7.2600002 22.4954414
v 0.5500000 7.2600002 22.4954414
v -0.5500000 7.2600002 22.5134373
v 0.5500000 7.2600002 22.5134373
v -0.5500000 7.2600002 22.5314331
v 0.5500000 7.2600002 22.5314331
v -0.5500000 7.2600002 22.5494289
v 0.5500000 7.2600002 22.5494289
v -0.5500000 7.2600002 22.5674248
v 0.5500000 7.2600002 22.5674248
v -0.5500000 7.2600002 22.5854206
v 0.5500000 7.2600002 22.5854206
v -0.5500000 7.2600002 22.6034164
v 0.5500000 7.2600002 22.6034164
v -0.5500000 7.2600002 22.6214123
v 0.5500000 7.2600002 22.6214123
v -0.5500000 7.2600002 22.6394081
v 0.5500000 7.2600002 22.6394081
v -0.5500000 7.2600002 22.6574039
v 0.5500000 7.2600002 22.6574039
v -0.5500000 7.2600002 22.6753998
v 0.5500000 7.2600002 22.6753998
v -0.5500000 7.2600002 22.6933956
v 0.5500000 7.2600002 22.6933956
v -0.5500000 7.2600002 22.7113914
v 0.5500000 7.2600002 22.7113914
v -0.5500000 7.2600002 22.7293873
v 0.5500000 7.2600002 22.7293873
v -0.5500000 7.2600002 22.7473831
v 0.5500000 7.2600002 22.7473831
v -0.5500000 7.2600002 22.7653790
v 0.5500000 7.2600002 22.7653790
v -0.5500000 7.2600002 22.7833748
v 0.5500000 7.2600002 22.7833748
v -0.5500000 7.2600002 22.8013706
v 0.5500000 7.2600002 22.8013706
v -0.5500000 7.2600002 22.8193665
v 0.5500000 7.2600002 22.8193665
v -0.5500000 7.2600002 22.8373623
v 0.5500000 7.2600002 22.8373623
v -0.5500000 7.2600002 22.8553581
v 0.5500000 7.2600002 22.8553581
v -0.5500000 7.2600002 22.8733540
v 0.5500000 7.2600002 22.8733540
v -0.5500000 7.2600002 22.8913498
v 0.5500000 7.2600002 22.8913498
v -0.5500000 7.2600002 22.9093456
v 0.5500000 7.2600002 22.9093456
v -0.5500000 7.2600002 22.9273415
v 0.5500000 7.2600002 22.9273415
v -0.5500000 7.2600002 22.9453373
v 0.5500000 7.2600002 22.9453373
v -0.5500000 7.2600002 22.9633331
v 0.5500000 7.2600002 22.9633331
v -0.5500000 7.2600002 22.9813290
v 0.5500000 7.2600002 22.9813290
v -0.5500000 7.2600002 22.9993248
v 0.5500000 7.2600002 22.9993248
v -0.5500000 7.2600002 23.0173206
v 0.5500000 7.2600002 23.0173206
v -0.5500000 7.2600002 23.0353165
v 0.5500000 7.2600002 23.0353165
v -0.5500000 7.2600002 23.0533123
v 0.5500000 7.2600002 23.0533123
v -0.5500000 7.2600002 23.0713081
v 0.5500000 7.2600002 23.0713081
v -0.5500000 7.2600002 23.0893040
v 0.5500000 7.2600002 23.0893040
v -0.5500000 7.2600002 23.1072998
v 0.5500000 7.2600002 23.1072998
v -0.5500000 7.2600002 23.1252956
v 0.5500000 7.2600002 23.1252956
v -0.5500000 7.2600002 23.1432915
v 0.5500000 7.2600002 23.1432915
v -0.5500000 7.2600002 23.1612873
v 0.5500000 7.2600002 23.1612873
v -0.5500000 7.2600002 23.1792831
v 0.5500000 7.2600002 23.1792831
v -0.5500000 7.2600002 23.1972790
v 0.5500000 7.2600002 23.1972790
v -0.5500000 7.2600002 23.2152748
v 0.5500000 7.2600002 23.2152748
v -0.5500000 7.2600002 23.2332706
v 0.5500000 7.2600002 23.2332706
v -0.5500000 7.2600002 23.2512665
v 0.5500000 7.2600002 23.2512665
v -0.5500000 7.2600002 23.2692623
v 0.5500000 7.2600002 23.2692623
v -0.5500000 7.2600002 23.2872581
v 0.5500000 7.2600002 23.2872581
v -0.5500000 7.2600002 23.3052540
v 0.5500000 7.2600002 23.3052540
v -0.5500000 7.2600002 23.3232498
v 0.5500000 7.2600002 23.3232498
v -0.5500000 7.2600002 23.3412457
v 0.5500000 7.2600002 23.3412457
v -0.5500000 7.2600002 23.3592415
v 0.5500000 7.2600002 23.3592415
v -0.5500000 7.2600002 23.3772373
v 0.5500000 7.2600002 23.3772373
v -0.5500000 7.2600002 23.3952332
v 0.5500000 7.2600002 23.3952332
v -0.5500000 7.2600002 23.4132290
v 0.5500000 7.2600002 23.4132290
v -0.5500000 7.2600002 23.4312248
v 0.5500000 7.2600002 23.4312248
v -0.5500000 7.2600002 23.4492207
v 0.5500000 7.2600002 23.4492207
v -0.5500000 7.2600002 23.4672165
v 0.5500000 7.2600002 23.4672165
v -0.5500000 7.2600002 23.4852123
v 0.5500000 7.2600002 23.4852123
v -0.5500000 7.2600002 23.5032082
v 0.5500000 7.2600002 23.5032082
v -0.5500000 7.2600002 23.5212040
v 0.5500000 7.2600002 23.5212040
v -0.5500000 7.2600002 23.5391998
v 0.5500000 7.2600002 23.5391998
v -0.5500000 7.2600002 23.5571957
v 0.5500000 7.2600002 23.5571957
v -0.5500000 7.2600002 23.5751915
v 0.5500000 7.2600002 23.5751915
v -0.5500000 7.2600002 23.5931873
v 0.5500000 7.2600002 23.5931873
v -0.5500000 7.2600002 23.6111832
v 0.5500000 7.2600002 23.6111832
v -0.5500000 7.2600002 23.6291790
v 0.5500000 7.2600002 23.6291790
v -0.5500000 7.2600002 23.6471748
v 0.5500000 7.2600002 23.6471748
v -0.5500000 7.2600002 23.6651707
v 0.5500000 7.2600002 23.6651707
v -0.5500000 7.2600002 23.6831665
v 0.5500000 7.2600002 23.6831665
v -0.5500000 7.2600002 23.7011623
v 0.5500000 7.2600002 23.7011623
v -0.5500000 7.2600002 23.7191582
v 0.5500000 7.2600002 23.7191582
v -0.5500000 7.2600002 23.7371540
v 0.5500000 7.2600002 23.7371540
v -0.5500000 7.2600002 23.7551498
v 0.5500000 7.2600002 23.7551498
v -0.5500000 7.2600002 23.7731457
v 0.5500000 7.2600002 23.7731457
v -0.5500000 7.2600002 23.7911415
v 0.5500000 7.2600002 23.7911415
v -0.5500000 7.2600002 23.8091373
v 0.5500000 7.2600002 23.8091373
v -0.5500000 7.2600002 23.8271332
v 0.5500000 7.2600002 23.8271332
v -0.5500000 7.2600002 23.8451290
v 0.5500000 7.2600002 23.8451290
v -0.5500000 7.2600002 23.8631248
v 0.5500000 7.2600002 23.8631248
v -0.5500000 7.2600002 23.8811207
v 0.5500000 7.2600002 23.8811207
v -0.5500000 7.2600002 23.8991165
v 0.5500000 7.2600002 23.8991165
v -0.5500000 7.2600002 23.9171124
v 0.5500000 7.2600002 23.9171124
v -0.5500000 7.2600002 23.9351082
v 0.5500000 7.2600002 23.9351082
v -0.5500000 7.2600002 23.9531040
v 0.5500000 7.2600002 23.9531040
v -0.5500000 7.2600002 23.9710999
v 0.5500000 7.2600002 23.9710999
v -0.5500000 7.2600002 23.9890957
v 0.5500000 7.2600002 23.9890957
v -0.5500000 7.2600002 24.0070915
v 0.5500000 7.2600002 24.0070915
v -0.5500000 7.2600002 24.0250874
v 0.5500000 7.2600002 24.0250874
v -0.5500000 7.2600002 24.0430832
v 0.5500000 7.2600002 24.0430832
v -0.5500000 7.2600002 24.0610790
v 0.5500000 7.2600002 24.0610790
v -0.5500000 7.2600002 24.0790749
v 0.5500000 7.2600002 24.0790749
v -0.5500000 7.2600002 24.0970707
v 0.5500000 7.2600002 24.0970707
v -0.5500000 7.2600002 24.1150665
v 0.5500000 7.2600002 24.1150665
v -0.5500000 7.2600002 24.1330624
v 0.5500000 7.2600002 24.1330624
v -0.5500000 7.2600002 24.1510582
v 0.5500000 7.2600002 24.1510582
v -0.5500000 7.2600002 24.1690540
v 0.5500000 7.2600002 24.1690540
v -0.5500000 7.2600002 24.1870499
v 0.5500000 7.2600002 24.1870499
v -0.5500000 7.2600002 24.2050457
v 0.5500000 7.2600002 24.2050457
v -0.5500000 7.2600002 24.2230415
v 0.5500000 7.2600002 24.2230415
v -0.5500000 7.2600002 24.2410374
v 0.5500000 7.2600002 24.2410374
v -0.5500000 7.2600002 24.2590332
v 0.5500000 7.2600002 24.2590332
v -0.5500000 7.2600002 24.2770290
v 0.5500000 7.2600002 24.2770290
v -0.5500000 7.2600002 24.2950249
v 0.5500000 7.2600002 24.2950249
v -0.5500000 7.2600002 24.3130207
v 0.5500000 7.2600002 24.3130207
v -0.5500000 7.2600002 24.3310165
v 0.5500000 7.2600002 24.3310165
v -0.5500000 7.2600002 24.3490124
v 0.5500000 7.2600002 24.3490124
v -0.5500000 7.2600002 24.3670082
v 0.5500000 7.2600002 24.3670082
v -0.5500000 7.2600002 24.3850040
v 0.5500000 7.2600002 24.3850040
v -0.5500000 7.2600002 24.4029999
v 0.5500000 7.2600002 24.4029999
v -0.5500000 7.2600002 24.4209957
v 0.5500000 7.2600002 24.4209957
v -0.5500000 7.2600002 24.4389915
v 0.5500000 7.2600002 24.4389915
v -0.5500000 7.2600002 24.4569874
v 0.5500000 7.2600002 24.4569874
v -0.5500000 7.2600002 24.4749832
v 0.5500000 7.2600002 24.4749832
v -0.5500000 7.2600002 24.4929790
v 0.5500000 7.2600002 24.4929790
v -0.5500000 7.2600002 24.5109749
v 0.5500000 7.2600002 24.5109749
v -0.5500000 7.2600002 24.5289707
v 0.5500000 7.2600002 24.5289707
v -0.5500000 7.2600002 24.5469666
v 0.5500000 7.2600002 24.5469666
v -0.5500000 7.2600002 24.5649624
v 0.5500000 7.2600002 24.5649624
v -0.5500000 7.2600002 24.5829582
v 0.5500000 7.2600002 24.5829582
v -0.5500000 7.2600002 24.6009541
v 0.5500000 7.2600002 24.6009541
v -0.5500000 7.2600002 24.6189499
v 0.5500000 7.2600002 24.6189499
v -0.5500000 7.2600002 24.6369457
v 0.5500000 7.2600002 24.6369457
v -0.5500000 7.2600002 24.6549416
v 0.5500000 7.2600002 24.6549416
v -0.5500000 7.2600002 24.6729374
v 0.5500000 7.2600002 24.6729374
v -0.5500000 7.2600002 24.6909332
v 0.5500000 7.2600002 24.6909332
v -0.5500000 7.2600002 24.7089291
v 0.5500000 7.2600002 24.7089291
v -0.5500000 7.2600002 24.7269249
v 0.5500000 7.2600002 24.7269249
v -0.5500000 7.2600002 24.7449207
v 0.5500000 7.2600002 24.7449207
v -0.5500000 7.2600002 24.7629166
v 0.5500000 7.2600002 24.7629166
v -0.5500000 7.2600002 24.7809124
v 0.5500000 7.2600002 24.7809124
v -0.5500000 7.2600002 24.7989082
v 0.5500000 7.2600002 24.7989082
v -0.5500000 7.2600002 24.8169041
v 0.5500000 7.2600002 24.8169041
v -0.5500000 7.2600002 24.8348999
v 0.5500000 7.2600002 24.8348999
v -0.5500000 7.2600002 24.8528957
v 0.5500000 7.2600002 24.8528957
v -0.5500000 7.2600002 24.8708916
v 0.5500000 7.2600002 24.8708916
v -0.5500000 7.2600002 24.8888874
v 0.5500000 7.2600002 24.8888874
v -0.5500000 7.2600002 24.9068832
v 0.5500000 7.2600002 24.9068832
v -0.5500000 7.2600002 24.9248791
v 0.5500000 7.2600002 24.9248791
v -0.5500000 7.2600002 24.9428749
v 0.5500000 7.2600002 24.9428749
v -0.5500000 7.2600002 24.9608707
v 0.5500000 7.2600002 24.9608707
v -0.5500000 7.2600002 24.9788666
v 0.5500000 7.2600002 24.9788666
v -0.5500000 7.2600002 24.9968624
v 0.5500000 7.2600002 24.9968624
v -0.5500000 7.2600002 25.0148582
v 0.5500000 7.2600002 25.0148582
v -0.5500000 7.2600002 25.0328541
v 0.5500000 7.2600002 25.0328541
v -0.5500000 7.2600002 25.0508499
v 0.5500000 7.2600002 25.0508499
v -0.5500000 7.2600002 25.0688457
v 0.5500000 7.2600002 25.0688457
v -0.5500000 7.2600002 25.0868416
v 0.5500000 7.2600002 25.0868416
v -0.5500000 7.2600002 25.1048374
v 0.5500000 7.2600002 25.1048374
v -0.5500000 7.2600002 25.1228333
v 0.5500000 7.2600002 25.1228333
v -0.5500000 7.2600002 25.1408291
v 0.5500000 7.2600002 25.1408291
v -0.5500000 7.2600002 25.1588249
v 0.5500000 7.2600002 25.1588249
v -0.5500000 7.2600002 25.1768208
v 0.5500000 7.2600002 25.1768208
v -0.5500000 7.2600002 25.1948166
v 0.5500000 7.2600002 25.1948166
v -0.5500000 7.2600002 25.2128124
v 0.5500000 7.2600002 25.2128124
v -0.5500000 7.2600002 25.2308083
v 0.5500000 7.2600002 25.2308083
v -0.5500000 7.2600002 25.2488041
v 0.5500000 7.2600002 25.2488041
v -0.5500000 7.2600002 25.2667999
v 0.5500000 7.2600002 25.2667999
v -0.5500000 7.2600002 25.2847958
v 0.5500000 7.2600002 25.2847958
v -0.5500000 7.2600002 25.3027916
v 0.5500000 7.2600002 25.3027916
v -0.5500000 7.2600002 25.3207874
v 0.5500000 7.2600002 25.3207874
v -0.5500000 7.2600002 25.3387833
v 0.5500000 7.2600002 25.3387833
v -0.5500000 7.2600002 25.3567791
v 0.5500000 7.2600002 25.3567791
v -0.5500000 7.2600002 25.3747749
v 0.5500000 7.2600002 25.3747749
v -0.5500000 7.2600002 25.3927708
v 0.5500000 7.2600002 25.3927708
v -0.5500000 7.2600002 25.4107666
v 0.5500000 7.2600002 25.4107666
v -0.5500000 7.2600002 25.4287624
v 0.5500000 7.2600002 25.4287624
v -0.5500000 7.2600002 25.4467583
v 0.5500000 7.2600002 25.4467583
v -0.5500000 7.2600002 25.4647541
v 0.5500000 7.2600002 25.4647541
v -0.5500000 7.2600002 25.4827499
v 0.5500000 7.2600002 25.4827499
v -0.5500000 7.2600002 25.5007458
v 0.5500000 7.2600002 25.5007458
v -0.5500000 7.2600002 25.5187416
v 0.5500000 7.2600002 25.5187416
v -0.5500000 7.2600002 25.5367374
v 0.5500000 7.2600002 25.5367374
v -0.5500000 7.2600002 25.5547333
v 0.5500000 7.2600002 25.5547333
v -0.5500000 7.2600002 25.5727291
v 0.5500000 7.2600002 25.5727291
v -0.5500000 7.2600002 25.5907249
v 0.5500000 7.2600002 25.5907249
v -0.5500000 7.2600002 25.6087208
v 0.5500000 7.2600002 25.6087208
v -0.5500000 7.2600002 25.6267166
v 0.5500000 7.2600002 25.6267166
v -0.5500000 7.2600002 25.6447124
v 0.5500000 7.2600002 25.6447124
v -0.5500000 7.2600002 25.6627083
v 0.5500000 7.2600002 25.6627083
v -0.5500000 7.2600002 25.6807041
v 0.5500000 7.2600002 25.6807041
v -0.5500000 7.2600002 25.6987000
v 0.5500000 7.2600002 25.6987000
v -0.5500000 7.2600002 25.7166958
v 0.5500000 7.2600002 25.7166958
v -0.5500000 7.2600002 25.7346916
v 0.5500000 7.2600002 25.7346916
v -0.5500000 7.2600002 25.7526875
v 0.5500000 7.2600002 25.7526875
v -0.5500000 7.2600002 25.7706833
v 0.5500000 7.2600002 25.7706833
v -0.5500000 7.2600002 25.7886791
v 0.5500000 7.2600002 25.7886791
v -0.5500000 7.2600002 25.8066750
v 0.5500000 7.2600002 25.8066750
v -0.5500000 7.2600002 25.8246708
v 0.5500000 7.2600002 25.8246708
v -0.5500000 7.2600002 25.8426666
v 0.5500000 7.2600002 25.8426666
v -0.5500000 7.2600002 25.8606625
v 0.5500000 7.2600002 25.8606625
v -0.5500000 7.2600002 25.8786583
v 0.5500000 7.2600002 25.8786583
v -0.5500000 7.2600002 25.8966541
v 0.5500000 7.2600002 25.8966541
v -0.5500000 7.2600002 25.9146500
v 0.5500000 7.2600002 25.9146500
v -0.5500000 7.2600002 25.9326458
v 0.5500000 7.2600002 25.9326458
v -0.5500000 7.2600002 25.9506416
v 0.5500000 7.2600002 25.9506416
v -0.5500000 7.2600002 25.9686375
v 0.5500000 7.2600002 25.9686375
v -0.5500000 7.2600002 25.9866333
v 0.5500000 7.2600002 25.9866333
v -0.5500000 7.2600002 26.0046291
v 0.5500000 7.2600002 26.0046291
v -0.5500000 7.2600002 26.0226250
v 0.5500000 7.2600002 26.0226250
v -0.5500000 7.2600002 26.0406208
v 0.5500000 7.2600002 26.0406208
v -0.5500000 7.2600002 26.0586166
v 0.5500000 7.2600002 26.0586166
v -0.5500000 7.2600002 26.0766125
v 0.5500000 7.2600002 26.0766125
v -0.5500000 7.2600002 26.0946083
v 0.5500000 7.2600002 26.0946083
v -0.5500000 7.2600002 26.1126041
v 0.5500000 7.2600002 26.1126041
v -0.5500000 7.2600002 26.1306000
v 0.5500000 7.2600002 26.1306000
v -0.5500000 7.2600002 26.1485958
v 0.5500000 7.2600002 26.1485958
v -0.5500000 7.2600002 26.1665916
v 0.5500000 7.2600002 26.1665916
v -0.5500000 7.2600002 26.1845875
v 0.5500000 7.2600002 26.1845875
v -0.5500000 7.2600002 26.2025833
v 0.5500000 7.2600002 26.2025833
v -0.5500000 7.2600002 26.2205791
v 0.5500000 7.2600002 26.2205791
v -0.5500000 7.2600002 26.2385750
v 0.5500000 7.2600002 26.2385750
v -0.5500000 7.2600002 26.2565708
v 0.5500000 7.2600002 26.2565708
v -0.5500000 7.2600002 26.2745667
v 0.5500000 7.2600002 26.2745667
v -0.5500000 7.2600002 26.2925625
v 0.5500000 7.2600002 26.2925625
v -0.5500000 7.2600002 26.3105583
v 0.5500000 7.2600002 26.3105583
v -0.5500000 7.2600002 26.3285542
v 0.5500000 7.2600002 26.3285542
v -0.5500000 7.2600002 26.3465500
v 0.5500000 7.2600002 26.3465500
v -0.5500000 7.2600002 26.3645458
v 0.5500000 7.2600002 26.3645458
v -0.5500000 7.2600002 26.3825417
v 0.5500000 7.2600002 26.3825417
v -0.5500000 7.2600002 26.4005375
v 0.5500000 7.2600002 26.4005375
v -0.5500000 7.2600002 26.4185333
v 0.5500000 7.2600002 26.4185333
v -0.5500000 7.2600002 26.4365292
v 0.5500000 7.2600002 26.4365292
v -0.5500000 7.2600002 26.4545250
v 0.5500000 7.2600002 26.4545250
v -0.5500000 7.2600002 26.4725208
v 0.5500000 7.2600002 26.4725208
v -0.5500000 7.2600002 26.4905167
v 0.5500000 7.2600002 26.4905167
v -0.5500000 7.2600002 26.5085125
v 0.5500000 7.2600002 26.5085125
v -0.5500000 7.2600002 26.5265083
v 0.5500000 7.2600002 26.5265083
v -0.5500000 7.2600002 26.5445042
v 0.5500000 7.2600002 26.5445042
v -0.5500000 7.2600002 26.5625000
v 0.5500000 7.2600002 26.5625000
v -0.5500000 7.2600002 26.5804958
v 0.5500000 7.2600002 26.5804958
v -0.5500000 7.2600002 26.5984917
v 0.5500000 7.2600002 26.5984917
v -0.5500000 7.2600002 26.6164875
v 0.5500000 7.2600002 26.6164875
v -0.5500000 7.2600002 26.6344833
v 0.5500000 7.2600002 26.6344833
v -0.5500000 7.2600002 26.6524792
v 0.5500000 7.2600002 26.6524792
v -0.5500000 7.2600002 26.6704750
v 0.5500000 7.2600002 26.6704750
v -0.5500000 7.2600002 26.6884708
v 0.5500000 7.2600002 26.6884708
v -0.5500000 7.2600002 26.7064667
v 0.5500000 7.2600002 26.7064667
v -0.5500000 7.2600002 26.7244625
v 0.5500000 7.2600002 26.7244625
v -0.5500000 7.2600002 26.7424583
v 0.5500000 7.2600002 26.7424583
v -0.5500000 7.2600002 26.7604542
v 0.5500000 7.2600002 26.7604542
v -0.5500000 7.2600002 26.7784500
v 0.5500000 7.2600002 26.7784500
v -0.5500000 7.2600002 26.7964458
v 0.5500000 7.2600002 26.7964458
v -0.5500000 7.2600002 26.8144417
v 0.5500000 7.2600002 26.8144417
v -0.5500000 7.2600002 26.8324375
v 0.5500000 7.2600002 26.8324375
v -0.5500000 7.2600002 26.8504333
v 0.5500000 7.2600002 26.8504333
v -0.5500000 7.2600002 26.8684292
v 0.5500000 7.2600002 26.8684292
v -0.5500000 7.2600002 26.8864250
v 0.5500000 7.2600002 26.8864250
v -0.5500000 7.2600002 26.9044209
v 0.5500000 7.2600002 26.9044209
v -0.5500000 7.2600002 26.9224167
v 0.5500000 7.2600002 26.9224167
v -0.5500000 7.2600002 26.9404125
v 0.5500000 7.2600002 26.9404125
v -0.5500000 7.2600002 26.9584084
v 0.5500000 7.2600002 26.9584084
v -0.5500000 7.2600002 26.9764042
v 0.5500000 7.2600002 26.9764042
v -0.5500000 7.2600002 26.9944000
v 0.5500000 7.2600002 26.9944000
v -0.5500000 7.2600002 27.0123959
v 0.5500000 7.2600002 27.0123959
v -0.5500000 7.2600002 27.0303917
v 0.5500000 7.2600002 27.0303917
v -0.5500000 7.2600002 27.0483875
v 0.5500000 7.2600002 27.0483875
v -0.5500000 7.2600002 27.0663834
v 0.5500000 7.2600002 27.0663834
v -0.5500000 7.2600002 27.0843792
v 0.5500000 7.2600002 27.0843792
v -0.5500000 7.2600002 27.1023750
v 0.5500000 7.2600002 27.1023750
v -0.5500000 7.2600002 27.1203709
v 0.5500000 7.2600002 27.1203709
v -0.5500000 7.2600002 27.1383667
v 0.5500000 7.2600002 27.1383667
v -0.5500000 7.2600002 27.1563625
v 0.5500000 7.2600002 27.1563625
v -0.5500000 7.2600002 27.1743584
v 0.5500000 7.2600002 27.1743584
v -0.5500000 7.2600002 27.1923542
v 0.5500000 7.2600002 27.1923542
v -0.5500000 7.2600002 27.2103500
v 0.5500000 7.2600002 27.2103500
v -0.5500000 7.2600002 27.2283459
v 0.5500000 7.2600002 27.2283459
v -0.5500000 7.2600002 27.2463417
v 0.5500000 7.2600002 27.2463417
v -0.5500000 7.2600002 27.2643375
v 0.5500000 7.2600002 27.2643375
v -0.5500000 7.2600002 27.2823334
v 0.5500000 7.2600002 27.2823334
v -0.5500000 7.2600002 27.3003292
v 0.5500000 7.2600002 27.3003292
v -0.5500000 7.2600002 27.3183250
v 0.5500000 7.2600002 27.3183250
v -0.5500000 7.2600002 27.3363209
v 0.5500000 7.2600002 27.3363209
v -0.5500000 7.2600002 27.3543167
v 0.5500000 7.2600002 27.3543167
v -0.5500000 7.2600002 27.3723125
v 0.5500000 7.2600002 27.3723125
v -0.5500000 7.2600002 27.3903084
v 0.5500000 7.2600002 27.3903084
v -0.5500000 7.2600002 27.4083042
v 0.5500000 7.2600002 27.4083042
v -0.5500000 7.2600002 27.4263000
v 0.5500000 7.2600002 27.4263000
v -0.5500000 7.2600002 27.4442959
v 0.5500000 7.2600002 27.4442959
v -0.5500000 7.2600002 27.4622917
v 0.5500000 7.2600002 27.4622917
v -0.5500000 7.2600002 27.4802876
v 0.5500000 7.2600002 27.4802876
v -0.5500000 7.2600002 27.4982834
v 0.5500000 7.2600002 27.4982834
v -0.5500000 7.2600002 27.5162792
v 0.5500000 7.2600002 27.5162792
v -0.5500000 7.2600002 27.5342751
v 0.5500000 7.2600002 27.5342751
v -0.5500000 7.2600002 27.5522709
v 0.5500000 7.2600002 27.5522709
v -0.5500000 7.2600002 27.5702667
v 0.5500000 7.2600002 27.5702667
v -0.5500000 7.2600002 27.5882626
v 0.5500000 7.2600002 27.5882626
v -0.5500000 7.2600002 27.6062584
v 0.5500000 7.2600002 27.6062584
v -0.5500000 7.2600002 27.6242542
v 0.5500000 7.2600002 27.6242542
v -0.5500000 7.2600002 27.6422501
v 0.5500000 7.2600002 27.6422501
v -0.5500000 7.2600002 27.6602459
v 0.5500000 7.2600002 27.6602459
v -0.5500000 7.2600002 27.6782417
v 0.5500000 7.2600002 27.6782417
v -0.5500000 7.2600002 27.6962376
v 0.5500000 7.2600002 27.6962376
v -0.5500000 7.2600002 27.7142334
v 0.5500000 7.2600002 27.7142334
v -0.5500000 7.2600002 27.7322292
v 0.5500000 7.2600002 27.7322292
v -0.5500000 7.2600002 27.7502251
v 0.5500000 7.2600002 27.7502251
v -0.5500000 7.2600002 27.7682209
v 0.5500000 7.2600002 27.7682209
v -0.5500000 7.2600002 27.7862167
v 0.5500000 7.2600002 27.7862167
v -0.5500000 7.2600002 27.8042126
v 0.5500000 7.2600002 27.8042126
v -0.5500000 7.2600002 27.8222084
v 0.5500000 7.2600002 27.8222084
v -0.5500000 7.2600002 27.8402042
v 0.5500000 7.2600002 27.8402042
v -0.5500000 7.2600002 27.8582001
v 0.5500000 7.2600002 27.8582001
v -0.5500000 7.2600002 27.8761959
v 0.5500000 7.2600002 27.8761959
v -0.5500000 7.2600002 27.8941917
v 0.5500000 7.2600002 27.8941917
v -0.5500000 7.2600002 27.9121876
v 0.5500000 7.2600002 27.9121876
v -0.5500000 7.2600002 27.9301834
v 0.5500000 7.2600002 27.9301834
v -0.5500000 7.2600002 27.9481792
v 0.5500000 7.2600002 27.9481792
v -0.5500000 7.2600002 27.9661751
v 0.5500000 7.2600002 27.9661751
v -0.5500000 7.2600002 27.9841709
v 0.5500000 7.2600002 27.9841709
v -0.5500000 7.2600002 28.0021667
v 0.5500000 7.2600002 28.0021667
v -0.5500000 7.2600002 28.0201626
v 0.5500000 7.2600002 28.0201626
v -0.5500000 7.2600002 28.0381584
v 0.5500000 7.2600002 28.0381584
v -0.5500000 7.2600002 28.0561543
v 0.5500000 7.2600002 28.0561543
v -0.5500000 7.2600002 28.0741501
v 0.5500000 7.2600002 28.0741501
v -0.5500000 7.2600002 28.0921459
v 0.5500000 7.2600002 28.0921459
v -0.5500000 7.2600002 28.1101418
v 0.5500000 7.2600002 28.1101418
v -0.5500000 7.2600002 28.1281376
v 0.5500000 7.2600002 28.1281376
v -0.5500000 7.2600002 28.1461334
v 0.5500000 7.2600002 28.1461334
v -0.5500000 7.2600002 28.1641293
v 0.5500000 7.2600002 28.1641293
v -0.5500000 7.2600002 28.1821251
v 0.5500000 7.2600002 28.1821251
v -0.5500000 7.2600002 28.2001209
v 0.5500000 7.2600002 28.2001209
v -0.5500000 7.2600002 28.2181168
v 0.5500000 7.2600002 28.2181168
v -0.5500000 7.2600002 28.2361126
v 0.5500000 7.2600002 28.2361126
v -0.5500000 7.2600002 28.2541084
v 0.5500000 7.2600002 28.2541084
v -0.5500000 7.2600002 28.2721043
v 0.5500000 7.2600002 28.2721043
v -0.5500000 7.2600002 28.2901001
v 0.5500000 7.2600002 28.2901001
v -0.5500000 7.2600002 28.3080959
v 0.5500000 7.2600002 28.3080959
v -0.5500000 7.2600002 28.3260918
v 0.5500000 7.2600002 28.3260918
v -0.5500000 7.2600002 28.3440876
v 0.5500000 7.2600002 28.3440876
v -0.5500000 7.2600002 28.3620834
v 0.5500000 7.2600002 28.3620834
v -0.5500000 7.2600002 28.3800793
v 0.5500000 7.2600002 28.3800793
v -0.5500000 7.2600002 28.3980751
v 0.5500000 7.2600002 28.3980751
v -0.5500000 7.2600002 28.4160709
v 0.5500000 7.2600002 28.4160709
v -0.5500000 7.2600002 28.4340668
v 0.5500000 7.2600002 28.4340668
v -0.5500000 7.2600002 28.4520626
v 0.5500000 7.2600002 28.4520626
v -0.5500000 7.2600002 28.4700584
v 0.5500000 7.2600002 28.4700584
v -0.5500000 7.2600002 28.4880543
v 0.5500000 7.2600002 28.4880543
v -0.5500000 7.2600002 28.5060501
v 0.5500000 7.2600002 28.5060501
v -0.5500000 7.2600002 28.5240459
v 0.5500000 7.2600002 28.5240459
v -0.5500000 7.2600002 28.5420418
v 0.5500000 7.2600002 28.5420418
v -0.5500000 7.2600002 28.5600376
v 0.5500000 7.2600002 28.5600376
v -0.5500000 7.2600002 28.5780334
v 0.5500000 7.2600002 28.5780334
v -0.5500000 7.2600002 28.5960293
v 0.5500000 7.2600002 28.5960293
v -0.5500000 7.2600002 28.6140251
v 0.5500000 7.2600002 28.6140251
v -0.5500000 7.2600002 28.6320210
v 0.5500000 7.2600002 28.6320210
v -0.5500000 7.2600002 28.6500168
v 0.5500000 7.2600002 28.6500168
v -0.5500000 7.2600002 28.6680126
v 0.5500000 7.2600002 28.6680126
v -0.5500000 7.2600002 28.6860085
v 0.5500000 7.2600002 28.6860085
v -0.5500000 7.2600002 28.7040043
v 0.5500000 7.2600002 28.7040043
v -0.5500000 7.2600002 28.7220001
v 0.5500000 7.2600002 28.7220001
v -0.5500000 7.2600002 28.7399960
v 0.5500000 7.2600002 28.7399960
v -0.5500000 7.2600002 28.7579918
v 0.5500000 7.2600002 28.7579918
v -0.5500000 7.2600002 28.7759876
v 0.5500000 7.2600002 28.7759876
v -0.5500000 7.2600002 28.7939835
v 0.5500000 7.2600002 28.7939835
v -0.5500000 7.2600002 28.8119793
v 0.5500000 7.2600002 28.8119793
v -0.5500000 7.2600002 28.8299751
v 0.5500000 7.2600002 28.8299751
v -0.5500000 7.2600002 28.8479710
v 0.5500000 7.2600002 28.8479710
v -0.5500000 7.2600002 28.8659668
v 0.5500000 7.2600002 28.8659668
v -0.5500000 7.2600002 28.8839626
v 0.5500000 7.2600002 28.8839626
v -0.5500000 7.2600002 28.9019585
v 0.5500000 7.2600002 28.9019585
v -0.5500000 7.2600002 28.9199543
v 0.5500000 7.2600002 28.9199543
v -0.5500000 7.2600002 28.9379501
v 0.5500000 7.2600002 28.9379501
v -0.5500000 7.2600002 28.9559460
v 0.5500000 7.2600002 28.9559460
v -0.5500000 7.2600002 28.9739418
v 0.5500000 7.2600002 28.9739418
v -0.5500000 7.2600002 28.9919376
v 0.5500000 7.2600002 28.9919376
v -0.5500000 7.2600002 29.0099335
v 0.5500000 7.2600002 29.0099335
v -0.5500000 7.2600002 29.0279293
v 0.5500000 7.2600002 29.0279293
v -0.5500000 7.2600002 29.0459251
v 0.5500000 7.2600002 29.0459251
v -0.5500000 7.2600002 29.0639210
v 0.5500000 7.2600002 29.0639210
v -0.5500000 7.2600002 29.0819168
v 0.5500000 7.2600002 29.0819168
v -0.5500000 7.2600002 29.0999126
v 0.5500000 7.2600002 29.0999126
v -0.5500000 7.2600002 29.1179085
v 0.5500000 7.2600002 29.1179085
v -0.5500000 7.2600002 29.1359043
v 0.5500000 7.2600002 29.1359043
v -0.5500000 7.2600002 29.1539001
v 0.5500000 7.2600002 29.1539001
v -0.5500000 7.2600002 29.1718960
v 0.5500000 7.2600002 29.1718960
v -0.5500000 7.2600002 29.1898918
v 0.5500000 7.2600002 29.1898918
v -0.5500000 7.2600002 29.2078876
v 0.5500000 7.2600002 29.2078876
v -0.5500000 7.2600002 29.2258835
v 0.5500000 7.2600002 29.2258835
v -0.5500000 7.2600002 29.2438793
v 0.5500000 7.2600002 29.2438793
v -0.5500000 7.2600002 29.2618752
v 0.5500000 7.2600002 29.2618752
v -0.5500000 7.2600002 29.2798710
v 0.5500000 7.2600002 29.2798710
v -0.5500000 7.2600002 29.2978668
v 0.5500000 7.2600002 29.2978668
v -0.5500000 7.2600002 29.3158627
v 0.5500000 7.2600002 29.3158627
v -0.5500000 7.2600002 29.3338585
v 0.5500000 7.2600002 29.3338585
v -0.5500000 7.2600002 29.3518543
v 0.5500000 7.2600002 29.3518543
v -0.5500000 7.2600002 29.3698502
v 0.5500000 7.2600002 29.3698502
v -0.5500000 7.2600002 29.3878460
v 0.5500000 7.2600002 29.3878460
v -0.5500000 7.2600002 29.4058418
v 0.5500000 7.2600002 29.4058418
v -0.5500000 7.2600002 29.4238377
v 0.5500000 7.2600002 29.4238377
v -0.5500000 7.2600002 29.4418335
v 0.5500000 7.2600002 29.4418335
v -0.5500000 7.2600002 29.4598293
v 0.5500000 7.2600002 29.4598293
v -0.5500000 7.2600002 29.4778252
v 0.5500000 7.2600002 29.4778252
v -0.5500000 7.2600002 29.4958210
v 0.5500000 7.2600002 29.4958210
v -0.5500000 7.2600002 29.5138168
v 0.5500000 7.2600002 29.5138168
v -0.5500000 7.2600002 29.5318127
v 0.5500000 7.2600002 29.5318127
v -0.5500000 7.2600002 29.5498085
v 0.5500000 7.2600002 29.5498085
v -0.5500000 7.2600002 29.5678043
v 0.5500000 7.2600002 29.5678043
v -0.5500000 7.2600002 29.5858002
v 0.5500000 7.2600002 29.5858002
v -0.5500000 7.2600002 29.6037960
v 0.5500000 7.2600002 29.6037960
v -0.5500000 7.2600002 29.6217918
v 0.5500000 7.2600002 29.6217918
v -0.5500000 7.2600002 29.6397877
v 0.5500000 7.2600002 29.6397877
v -0.5500000 7.2600002 29.6577835
v 0.5500000 7.2600002 29.6577835
v -0.5500000 7.2600002 29.6757793
v 0.5500000 7.2600002 29.6757793
v -0.5500000 7.2600002 29.6937752
v 0.5500000 7.2600002 29.6937752
v -0.5500000 7.2600002 29.7117710
v 0.5500000 7.2600002 29.7117710
v -0.5500000 7.2600002 29.7297668
v 0.5500000 7.2600002 29.7297668
v -0.5500000 7.2600002 29.7477627
v 0.5500000 7.2600002 29.7477627
v -0.5500000 7.2600002 29.7657585
v 0.5500000 7.2600002 29.7657585
v -0.5500000 7.2600002 29.7837543
v 0.5500000 7.2600002 29.7837543
v -0.5500000 7.2600002 29.8017502
v 0.5500000 7.2600002 29.8017502
v -0.5500000 7.2600002 29.8197460
v 0.5500000 7.2600002 29.8197460
v -0.5500000 7.2600002 29.8377419
v 0.5500000 7.2600002 29.8377419
v -0.5500000 7.2600002 29.8557377
v 0.5500000 7.2600002 29.8557377
v -0.5500000 7.2600002 29.8737335
v 0.5500000 7.2600002 29.8737335
v -0.5500000 7.2600002 29.8917294
v 0.5500000 7.2600002 29.8917294
v -0.5500000 7.2600002 29.9097252
v 0.5500000 7.2600002 29.9097252
v -0.5500000 7.2600002 29.9277210
v 0.5500000 7.2600002 29.9277210
v -0.5500000 7.2600002 29.9457169
v 0.5500000 7.2600002 29.9457169
v -0.5500000 7.2600002 29.9637127
v 0.5500000 7.2600002 29.9637127
v -0.5500000 7.2600002 29.9817085
v 0.5500000 7.2600002 29.9817085
v -0.5500000 7.2600002 29.9997044
v 0.5500000 7.2600002 29.9997044
v -0.5477938 7.2602348 30.0164242
v 0.5522062 7.2597742 30.0162334
v -0.5455844 7.2604723 30.0331440
v 0.5544151 7.2595510 30.0327587
v -0.5433722 7.2607141 30.0498619
v 0.5566269 7.2593312 30.0492859
v -0.5411569 7.2609591 30.0665798
v 0.5588413 7.2591157 30.0658131
v -0.5389385 7.2612066 30.0832996
v 0.5610587 7.2589025 30.0823383
v -0.5367171 7.2614584 30.1000175
v 0.5632789 7.2586927 30.0988655
v -0.5344927 7.2617140 30.1167336
v 0.5655019 7.2584877 30.1153908
v -0.5322652 7.2619729 30.1334515
v 0.5677276 7.2582850 30.1319141
v -0.5300347 7.2622337 30.1501675
v 0.5699562 7.2580853 30.1484394
v -0.5278010 7.2624993 30.1668854
v 0.5721877 7.2578893 30.1649628
v -0.5255643 7.2627687 30.1836033
v 0.5744219 7.2576971 30.1814861
v -0.5233247 7.2630410 30.2003174
v 0.5766590 7.2575088 30.1980095
v -0.5210819 7.2633166 30.2170334
v 0.5788990 7.2573228 30.2145309
v -0.5188360 7.2635956 30.2337475
v 0.5811418 7.2571402 30.2310543
v -0.5165871 7.2638788 30.2504635
v 0.5833876 7.2569618 30.2475758
v -0.5143350 7.2641644 30.2671776
v 0.5856361 7.2567859 30.2640953
v -0.5120798 7.2644544 30.2838936
v 0.5878875 7.2566142 30.2806168
v -0.5098215 7.2647471 30.3006077
v 0.5901418 7.2564454 30.2971363
v -0.5075601 7.2650437 30.3173199
v 0.5923989 7.2562804 30.3136578
v -0.5052957 7.2653432 30.3340340
v 0.5946589 7.2561183 30.3301773
v -0.5030282 7.2656460 30.3507462
v 0.5969218 7.2559595 30.3466949
v -0.5007575 7.2659526 30.3674583
v 0.5991876 7.2558045 30.3632126
v -0.4984836 7.2662630 30.3841705
v 0.6014563 7.2556524 30.3797302
v -0.4962066 7.2665758 30.4008827
v 0.6037279 7.2555037 30.3962479
v -0.4939265 7.2668929 30.4175949
v 0.6060024 7.2553592 30.4127655
v -0.4916433 7.2672133 30.4343052
v 0.6082799 7.2552171 30.4292812
v -0.4893569 7.2675366 30.4510174
v 0.6105602 7.2550788 30.4457989
v -0.4870673 7.2678647 30.4677296
v 0.6128435 7.2549443 30.4623127
v -0.4847746 7.2681952 30.4844379
v 0.6151296 7.2548122 30.4788265
v -0.4824788 7.2685285 30.5011482
v 0.6174188 7.2546840 30.4953423
v -0.4801798 7.2688656 30.5178566
v 0.6197109 7.2545586 30.5118561
v -0.4778776 7.2692070 30.5345688
v 0.6220059 7.2544374 30.5283699
v -0.4755722 7.2695513 30.5512772
v 0.6243039 7.2543192 30.5448837
v -0.4732636 7.2698989 30.5679836
v 0.6266047 7.2542043 30.5613956
v -0.4709518 7.2702489 30.5846939
v 0.6289086 7.2540927 30.5779076
v -0.4686369 7.2706037 30.6014004
v 0.6312155 7.2539849 30.5944195
v -0.4663188 7.2709618 30.6181087
v 0.6335253 7.2538795 30.6109295
v -0.4639974 7.2713227 30.6348152
v 0.6358380 7.2537780 30.6274414
v -0.4616729 7.2716875 30.6515217
v 0.6381538 7.2536802 30.6439495
v -0.4593450 7.2720551 30.6682243
v 0.6404725 7.2535853 30.6604576
v -0.4570141 7.2724266 30.6849289
v 0.6427943 7.2534943 30.6769638
v -0.4546798 7.2728004 30.7016315
v 0.6451190 7.2534046 30.6934719
v -0.4523424 7.2731786 30.7183361
v 0.6474466 7.2533202 30.7099781
v -0.4500017 7.2735600 30.7350407
v 0.6497774 7.2532392 30.7264843
v -0.4476578 7.2739458 30.7517433
v 0.6521111 7.2531614 30.7429886
v -0.4453106 7.2743335 30.7684441
v 0.6544479 7.2530866 30.7594948
v -0.4429602 7.2747254 30.7851467
v 0.6567876 7.2530150 30.7759991
v -0.4406065 7.2751203 30.8018494
v 0.6591303 7.2529473 30.7925034
v -0.4382496 7.2755194 30.8185501
v 0.6614761 7.2528830 30.8090057
v -0.4358894 7.2759209 30.8352509
v 0.6638250 7.2528210 30.8255081
v -0.4335259 7.2763252 30.8519516
v 0.6661769 7.2527618 30.8420105
v -0.4311591 7.2767339 30.8686523
v 0.6685318 7.2527080 30.8585129
v -0.4287891 7.2771468 30.8853531
v 0.6708898 7.2526574 30.8750153
v -0.4264158 7.2775617 30.9020519
v 0.6732509 7.2526088 30.8915157
v -0.4240391 7.2779803 30.9187508
v 0.6756150 7.2525640 30.9080162
v -0.4216592 7.2784019 30.9354496
v 0.6779820 7.2525220 30.9245167
v -0.4192760 7.2788272 30.9521484
v 0.6803522 7.2524838 30.9410172
v -0.4168895 7.2792568 30.9688454
v 0.6827255 7.2524490 30.9575157
v -0.4144996 7.2796893 30.9855423
v 0.6851019 7.2524180 30.9740143
v -0.4121065 7.2801247 31.0022392
v 0.6874813 7.2523899 30.9905090
v -0.4097100 7.2805629 31.0189342
v 0.6898639 7.2523646 31.0070057
v -0.4073102 7.2810054 31.0356293
v 0.6922495 7.2523427 31.0235023
v -0.4049071 7.2814512 31.0523243
v 0.6946383 7.2523251 31.0399952
v -0.4025006 7.2819004 31.0690174
v 0.6970301 7.2523098 31.0564899
v -0.4000908 7.2823524 31.0857105
v 0.6994250 7.2522984 31.0729847
v -0.3976776 7.2828078 31.1024055
v 0.7018231 7.2522893 31.0894775
v -0.3952610 7.2832670 31.1190968
v 0.7042242 7.2522850 31.1059704
v -0.3928412 7.2837296 31.1357899
v 0.7066286 7.2522831 31.1224613
v -0.3904179 7.2841954 31.1524811
v 0.7090360 7.2522845 31.1389542
v -0.3879912 7.2846642 31.1691742
v 0.7114466 7.2522898 31.1554451
v -0.3855613 7.2851367 31.1858654
v 0.7138603 7.2522979 31.1719341
v -0.3831279 7.2856135 31.2025566
v 0.7162771 7.2523103 31.1884270
v -0.3806911 7.2860918 31.2192478
v 0.7186971 7.2523241 31.2049160
v -0.3782510 7.2865748 31.2359371
v 0.7211202 7.2523427 31.2214031
v -0.3758074 7.2870607 31.2526245
v 0.7235465 7.2523642 31.2378922
v -0.3733605 7.2875504 31.2693119
v 0.7259761 7.2523894 31.2543774
v -0.3709101 7.2880421 31.2859993
v 0.7284086 7.2524166 31.2708626
v -0.3684564 7.2885380 31.3026867
v 0.7308445 7.2524471 31.2873478
v -0.3659991 7.2890382 31.3193741
v 0.7332835 7.2524829 31.3038330
v -0.3635385 7.2895403 31.3360596
v 0.7357256 7.2525206 31.3203163
v -0.3610745 7.2900462 31.3527451
v 0.7381710 7.2525611 31.3367996
v -0.3586070 7.2905555 31.3694305
v 0.7406196 7.2526059 31.3532829
v -0.3561361 7.2910671 31.3861160
v 0.7430714 7.2526531 31.3697662
v -0.3536618 7.2915840 31.4027996
v 0.7455263 7.2527046 31.3862476
v -0.3511840 7.2921028 31.4194832
v 0.7479845 7.2527580 31.4027290
v -0.3487028 7.2926254 31.4361668
v 0.7504460 7.2528162 31.4192104
v -0.3462180 7.2931519 31.4528503
v 0.7529106 7.2528772 31.4356918
v -0.3437299 7.2936816 31.4695320
v 0.7553784 7.2529416 31.4521713
v -0.3412383 7.2942133 31.4862137
v 0.7578495 7.2530088 31.4686470
v -0.3387431 7.2947493 31.5028934
v 0.7603238 7.2530794 31.4851246
v -0.3362445 7.2952886 31.5195732
v 0.7628012 7.2531533 31.5016022
v -0.3337425 7.2958312 31.5362511
v 0.7652820 7.2532306 31.5180779
v -0.3312370 7.2963772 31.5529308
v 0.7677661 7.2533112 31.5345516
v -0.3287279 7.2969255 31.5696087
v 0.7702533 7.2533941 31.5510273
v -0.3262154 7.2974787 31.5862885
v 0.7727439 7.2534819 31.5675011
v -0.3236993 7.2980342 31.6029663
v 0.7752377 7.2535720 31.5839767
v -0.3211797 7.2985940 31.6196423
v 0.7777348 7.2536654 31.6004505
v -0.3186566 7.2991557 31.6363201
v 0.7802351 7.2537618 31.6169224
v -0.3161301 7.2997212 31.6529961
v 0.7827387 7.2538619 31.6333923
v -0.3136000 7.3002901 31.6696701
v 0.7852457 7.2539654 31.6498642
v -0.3110663 7.3008623 31.6863441
v 0.7877559 7.2540712 31.6663322
v -0.3085291 7.3014383 31.7030163
v 0.7902694 7.2541819 31.6828022
v -0.3059884 7.3020177 31.7196903
v 0.7927862 7.2542949 31.6992702
v -0.3034441 7.3025994 31.7363625
v 0.7953063 7.2544112 31.7157364
v -0.3008963 7.3031845 31.7530365
v 0.7978297 7.2545300 31.7322044
v -0.2983450 7.3037744 31.7697067
v 0.8003564 7.2546535 31.7486725
v -0.2957901 7.3043656 31.7863789
v 0.8028865 7.2547793 31.7651386
v -0.2932315 7.3049607 31.8030472
v 0.8054197 7.2549081 31.7816010
v -0.2906696 7.3055596 31.8197174
v 0.8079566 7.2550406 31.7980652
v -0.2881039 7.3061619 31.8363857
v 0.8104964 7.2551765 31.8145275
v -0.2855347 7.3067670 31.8530540
v 0.8130398 7.2553153 31.8309898
v -0.2829619 7.3073759 31.8697205
v 0.8155866 7.2554579 31.8474503
v -0.2803855 7.3079877 31.8863869
v 0.8181366 7.2556033 31.8639107
v -0.2778055 7.3086028 31.9030514
v 0.8206900 7.2557521 31.8803692
v -0.2752219 7.3092213 31.9197159
v 0.8232468 7.2559042 31.8968277
v -0.2726347 7.3098431 31.9363785
v 0.8258070 7.2560596 31.9132843
v -0.2700439 7.3104677 31.9530430
v 0.8283705 7.2562170 31.9297428
v -0.2674495 7.3110967 31.9697056
v 0.8309373 7.2563796 31.9461994
v -0.2648514 7.3117275 31.9863701
v 0.8335075 7.2565441 31.9626541
v -0.2622498 7.3123627 32.0030289
v 0.8360811 7.2567120 31.9791088
v -0.2596445 7.3130012 32.0196953
v 0.8386582 7.2568841 31.9955654
v -0.2570356 7.3136420 32.0363541
v 0.8412386 7.2570577 32.0120163
v -0.2544229 7.3142867 32.0530167
v 0.8438224 7.2572360 32.0284729
v -0.2518068 7.3149347 32.0696754
v 0.8464096 7.2574167 32.0449257
v -0.2491869 7.3155861 32.0863342
v 0.8490002 7.2576008 32.0613785
v -0.2465634 7.3162398 32.1029968
v 0.8515943 7.2577882 32.0778275
v -0.2439362 7.3168979 32.1196556
v 0.8541917 7.2579789 32.0942802
v -0.2413053 7.3175588 32.1363144
v 0.8567924 7.2581725 32.1107330
v -0.2386709 7.3182225 32.1529732
v 0.8593968 7.2583690 32.1271858
v -0.2360326 7.3188906 32.1696281
v 0.8620046 7.2585697 32.1436272
v -0.2333907 7.3195615 32.1862831
v 0.8646157 7.2587733 32.1600761
v -0.2307452 7.3202348 32.2029343
v 0.8672304 7.2589793 32.1765213
v -0.2280958 7.3209128 32.2195892
v 0.8698484 7.2591901 32.1929626
v -0.2254429 7.3215928 32.2362404
v 0.8724700 7.2594028 32.2094078
v -0.2227863 7.3222766 32.2528915
v 0.8750949 7.2596192 32.2258530
v -0.2201258 7.3229637 32.2695465
v 0.8777233 7.2598381 32.2422943
v -0.2174617 7.3236537 32.2861977
v 0.8803552 7.2600608 32.2587395
v -0.2147939 7.3243465 32.3028488
v 0.8829906 7.2602863 32.2751770
v -0.2121224 7.3250442 32.3195000
v 0.8856295 7.2605157 32.2916222
v -0.2094471 7.3257442 32.3361473
v 0.8882718 7.2607484 32.3080635
v -0.2067682 7.3264475 32.3527985
v 0.8909177 7.2609835 32.3245010
v -0.2040854 7.3271537 32.3694458
v 0.8935669 7.2612224 32.3409424
v -0.2013989 7.3278632 32.3860970
v 0.8962197 7.2614636 32.3573799
v -0.1987087 7.3285761 32.4027405
v 0.8988761 7.2617083 32.3738174
v -0.1960147 7.3292913 32.4193840
v 0.9015357 7.2619562 32.3902473
v -0.1933169 7.3300109 32.4360275
v 0.9041991 7.2622075 32.4066849
v -0.1906155 7.3307338 32.4526711
v 0.9068660 7.2624621 32.4231148
v -0.1879103 7.3314595 32.4693146
v 0.9095363 7.2627196 32.4395447
v -0.1852011 7.3321886 32.4859543
v 0.9122102 7.2629805 32.4559784
v -0.1824883 7.3329215 32.5025978
v 0.9148876 7.2632451 32.4724083
v -0.1797717 7.3336563 32.5192413
v 0.9175686 7.2635117 32.4888382
v -0.1770512 7.3343954 32.5358810
v 0.9202531 7.2637825 32.5052719
v -0.1743272 7.3351364 32.5525208
v 0.9229411 7.2640553 32.5216980
v -0.1715991 7.3358817 32.5691643
v 0.9256327 7.2643323 32.5381279
v -0.1688674 7.3366299 32.5858002
v 0.9283278 7.2646122 32.5545578
v -0.1661318 7.3373814 32.6024399
v 0.9310266 7.2648945 32.5709839
v -0.1633924 7.3381362 32.6190758
v 0.9337288 7.2651811 32.5874062
v -0.1606492 7.3388948 32.6357079
v 0.9364346 7.2654705 32.6038322
v -0.1579021 7.3396559 32.6523438
v 0.9391440 7.2657633 32.6202545
v -0.1551512 7.3404198 32.6689758
v 0.9418570 7.2660580 32.6366730
v -0.1523965 7.3411875 32.6856117
v 0.9445735 7.2663574 32.6530952
v -0.1496379 7.3419585 32.7022438
v 0.9472938 7.2666593 32.6695137
v -0.1468756 7.3427324 32.7188721
v 0.9500175 7.2669649 32.6859360
v -0.1441093 7.3435092 32.7355042
v 0.9527448 7.2672725 32.7023544
v -0.1413392 7.3442898 32.7521362
v 0.9554758 7.2675838 32.7187729
v -0.1385653 7.3450737 32.7687683
v 0.9582103 7.2678986 32.7351913
v -0.1357873 7.3458605 32.7854004
v 0.9609486 7.2682161 32.7516098
v -0.1330057 7.3466501 32.8020287
v 0.9636903 7.2685366 32.7680244
v -0.1302201 7.3474426 32.8186569
v 0.9664358 7.2688599 32.7844391
v -0.1274306 7.3482394 32.8352814
v 0.9691849 7.2691875 32.8008499
v -0.1246373 7.3490396 32.8519058
v 0.9719376 7.2695184 32.8172607
v -0.1218400 7.3498421 32.8685303
v 0.9746939 7.2698517 32.8336716
v -0.1190389 7.3506479 32.8851547
v 0.9774538 7.2701883 32.8500824
v -0.1162340 7.3514566 32.9017792
v 0.9802175 7.2705278 32.8664932
v -0.1134251 7.3522696 32.9183998
v 0.9829847 7.2708707 32.8829002
v -0.1106122 7.3530841 32.9350243
v 0.9857557 7.2712159 32.8993111
v -0.1077955 7.3539023 32.9516449
v 0.9885303 7.2715650 32.9157181
v -0.1049748 7.3547249 32.9682655
v 0.9913085 7.2719173 32.9321251
v -0.1021502 7.3555493 32.9848862
v 0.9940904 7.2722726 32.9485321
v -0.0993217 7.3563781 33.0015030
v 0.9968760 7.2726312 32.9649353
v -0.0964892 7.3572087 33.0181198
v 0.9996654 7.2729926 32.9813385
v -0.0936528 7.3580427 33.0347328
v 1.0024583 7.2733564 32.9977379
v -0.0908124 7.3588810 33.0513496
v 1.0052550 7.2737246 33.0141411
v -0.0879681 7.3597221 33.0679665
v 1.0080553 7.2740955 33.0305367
v -0.0851198 7.3605657 33.0845795
v 1.0108595 7.2744699 33.0469360
v -0.0822676 7.3614125 33.1011963
v 1.0136672 7.2748466 33.0633392
v -0.0794114 7.3622627 33.1178055
v 1.0164788 7.2752266 33.0797348
v -0.0765514 7.3631167 33.1344185
v 1.0192939 7.2756104 33.0961342
v -0.0736873 7.3639727 33.1510353
v 1.0221127 7.2759962 33.1125298
v -0.0708191 7.3648324 33.1676407
v 1.0249354 7.2763858 33.1289215
v -0.0679471 7.3656955 33.1842499
v 1.0277619 7.2767777 33.1453171
v -0.0650709 7.3665614 33.2008591
v 1.0305920 7.2771735 33.1617050
v -0.0621908 7.3674307 33.2174644
v 1.0334258 7.2775726 33.1780968
v -0.0593068 7.3683023 33.2340698
v 1.0362635 7.2779741 33.1944885
v -0.0564187 7.3691788 33.2506790
v 1.0391048 7.2783794 33.2108765
v -0.0535265 7.3700571 33.2672806
v 1.0419499 7.2787876 33.2272644
v -0.0506305 7.3709383 33.2838860
v 1.0447987 7.2791986 33.2436562
v -0.0477304 7.3718233 33.3004913
v 1.0476514 7.2796125 33.2600403
v -0.0448263 7.3727117 33.3170967
v 1.0505078 7.2800298 33.2764320
v -0.0419180 7.3736024 33.3336983
v 1.0533680 7.2804503 33.2928123
v -0.0390058 7.3744969 33.3502960
v 1.0562320 7.2808738 33.3091965
v -0.0360896 7.3753943 33.3668900
v 1.0590997 7.2813001 33.3255768
v -0.0331693 7.3762941 33.3834915
v 1.0619712 7.2817297 33.3419571
v -0.0302449 7.3771982 33.4000854
v 1.0648465 7.2821627 33.3583374
v -0.0273165 7.3781052 33.4166870
v 1.0677257 7.2825985 33.3747177
v -0.0243840 7.3790150 33.4332809
v 1.0706085 7.2830372 33.3910980
v -0.0214476 7.3799276 33.4498787
v 1.0734951 7.2834787 33.4074745
v -0.0185069 7.3808441 33.4664764
v 1.0763857 7.2839241 33.4238510
v -0.0155622 7.3817635 33.4830666
v 1.0792801 7.2843723 33.4402275
v -0.0126136 7.3826857 33.4996605
v 1.0821784 7.2848234 33.4566002
v -0.0096608 7.3836107 33.5162468
v 1.0850801 7.2852774 33.4729729
v -0.0067038 7.3845396 33.5328369
v 1.0879860 7.2857351 33.4893417
v -0.0037428 7.3854713 33.5494308
v 1.0908958 7.2861948 33.5057144
v -0.0007775 7.3864064 33.5660172
v 1.0938094 7.2866588 33.5220871
v 0.0021916 7.3873444 33.5826073
v 1.0967267 7.2871256 33.5384560
v 0.0051650 7.3882852 33.5991936
v 1.0996479 7.2875943 33.5548210
v 0.0081424 7.3892293 33.6157799
v 1.1025729 7.2880673 33.5711937
v 0.0111240 7.3901763 33.6323662
v 1.1055019 7.2885423 33.5875587
v 0.0141096 7.3911276 33.6489487
v 1.1084347 7.2890215 33.6039200
v 0.0170994 7.3920798 33.6655273
v 1.1113713 7.2895026 33.6202850
v 0.0200934 7.3930364 33.6821098
v 1.1143119 7.2899871 33.6366463
v 0.0230916 7.3939962 33.6986923
v 1.1172563 7.2904749 33.6530075
v 0.0260937 7.3949590 33.7152748
v 1.1202044 7.2909665 33.6693687
v 0.0291000 7.3959246 33.7318573
v 1.1231565 7.2914600 33.6857300
v 0.0321105 7.3968930 33.7484322
v 1.1261125 7.2919564 33.7020912
v 0.0351252 7.3978648 33.7650070
v 1.1290727 7.2924562 33.7184448
v 0.0381441 7.3988400 33.7815857
v 1.1320364 7.2929592 33.7348022
v 0.0411670 7.3998179 33.7981606
v 1.1350042 7.2934651 33.7511559
v 0.0441943 7.4007988 33.8147316
v 1.1379759 7.2939739 33.7675056
v 0.0472257 7.4017835 33.8313065
v 1.1409516 7.2944865 33.7838593
v 0.0502612 7.4027710 33.8478813
v 1.1439312 7.2950010 33.8002129
v 0.0533008 7.4037614 33.8644524
v 1.1469145 7.2955194 33.8165627
v 0.0563447 7.4047546 33.8810234
v 1.1499019 7.2960405 33.8329124
v 0.0593929 7.4057512 33.8975945
v 1.1528931 7.2965641 33.8492622
v 0.0624452 7.4067507 33.9141617
v 1.1558883 7.2970915 33.8656082
v 0.0655017 7.4077530 33.9307251
v 1.1588876 7.2976217 33.8819504
v 0.0685626 7.4087596 33.9472923
v 1.1618907 7.2981553 33.8982964
v 0.0716276 7.4097676 33.9638596
v 1.1648979 7.2986903 33.9146423
v 0.0746968 7.4107800 33.9804230
v 1.1679090 7.2992306 33.9309845
v 0.0777702 7.4117947 33.9969864
v 1.1709239 7.2997723 33.9473267
v 0.0808479 7.4128122 34.0135498
v 1.1739430 7.3003168 33.9636688
v 0.0839297 7.4138331 34.0301094
v 1.1769660 7.3008657 33.9800072
v 0.0870159 7.4148574 34.0466690
v 1.1799932 7.3014169 33.9963455
v 0.0901064 7.4158845 34.0632286
v 1.1830240 7.3019710 34.0126839
v 0.0932010 7.4169145 34.0797844
v 1.1860590 7.3025279 34.0290184
v 0.0962999 7.4179473 34.0963440
v 1.1890979 7.3030877 34.0453568
v 0.0994030 7.4189839 34.1129036
v 1.1921408 7.3036513 34.0616875
v 0.1025105 7.4200234 34.1294594
v 1.1951877 7.3042178 34.0780220
v 0.1056222 7.4210658 34.1460152
v 1.1982386 7.3047872 34.0943565
v 0.1087381 7.4221115 34.1625633
v 1.2012937 7.3053589 34.1106834
v 0.1118584 7.4231596 34.1791153
v 1.2043526 7.3059340 34.1270142
v 0.1149830 7.4242105 34.1956673
v 1.2074156 7.3065119 34.1433372
v 0.1181118 7.4252653 34.2122192
v 1.2104826 7.3070936 34.1596680
v 0.1212450 7.4263234 34.2287674
v 1.2135538 7.3076777 34.1759949
v 0.1243824 7.4273829 34.2453156
v 1.2166288 7.3082643 34.1923218
v 0.1275242 7.4284468 34.2618675
v 1.2197080 7.3088541 34.2086449
v 0.1306701 7.4295130 34.2784081
v 1.2227910 7.3094473 34.2249641
v 0.1338205 7.4305825 34.2949524
v 1.2258782 7.3100429 34.2412872
v 0.1369753 7.4316559 34.3114967
v 1.2289696 7.3106422 34.2576027
v 0.1401343 7.4327307 34.3280373
v 1.2320650 7.3112440 34.2739220
v 0.1432976 7.4338098 34.3445778
v 1.2351644 7.3118491 34.2902412
v 0.1464654 7.4348907 34.3611221
v 1.2382677 7.3124561 34.3065567
v 0.1496373 7.4359756 34.3776627
v 1.2413753 7.3130670 34.3228760
v 0.1528137 7.4370642 34.3942032
v 1.2444870 7.3136816 34.3391876
v 0.1559945 7.4381537 34.4107361
v 1.2476028 7.3142972 34.3554993
v 0.1591796 7.4392471 34.4272728
v 1.2507225 7.3149166 34.3718071
v 0.1623692 7.4403443 34.4438057
v 1.2538466 7.3155398 34.3881187
v 0.1655629 7.4414439 34.4603424
v 1.2569745 7.3161654 34.4044266
v 0.1687611 7.4425464 34.4768753
v 1.2601066 7.3167939 34.4207382
v 0.1719638 7.4436517 34.4934120
v 1.2632430 7.3174253 34.4370461
v 0.1751708 7.4447598 34.5099373
v 1.2663833 7.3180594 34.4533501
v 0.1783820 7.4458723 34.5264702
v 1.2695277 7.3186970 34.4696541
v 0.1815978 7.4469862 34.5429955
v 1.2726763 7.3193369 34.4859581
v 0.1848179 7.4481044 34.5595245
v 1.2758291 7.3199801 34.5022583
v 0.1880425 7.4492249 34.5760536
v 1.2789859 7.3206267 34.5185585
v 0.1912714 7.4503479 34.5925751
v 1.2821469 7.3212757 34.5348587
v 0.1945048 7.4514742 34.6091003
v 1.2853119 7.3219271 34.5511551
v 0.1977425 7.4526043 34.6256180
v 1.2884812 7.3225822 34.5674515
v 0.2009847 7.4537368 34.6421394
v 1.2916546 7.3232408 34.5837440
v 0.2042313 7.4548726 34.6586647
v 1.2948322 7.3239017 34.6000404
v 0.2074823 7.4560108 34.6751785
v 1.2980138 7.3245649 34.6163330
v 0.2107378 7.4571519 34.6917000
v 1.3011997 7.3252311 34.6326256
v 0.2139977 7.4582963 34.7082214
v 1.3043897 7.3259006 34.6489182
v 0.2172621 7.4594436 34.7247353
v 1.3075840 7.3265729 34.6652031
v 0.2205307 7.4605942 34.7412491
v 1.3107823 7.3272486 34.6814957
v 0.2238040 7.4617472 34.7577629
v 1.3139849 7.3279266 34.6977806
v 0.2270817 7.4629035 34.7742767
v 1.3171916 7.3286080 34.7140656
v 0.2303638 7.4640627 34.7907867
v 1.3204026 7.3292923 34.7303467
v 0.2336506 7.4652247 34.8073006
v 1.3236177 7.3299794 34.7466316
v 0.2369416 7.4663892 34.8238068
v 1.3268371 7.3306689 34.7629166
v 0.2402371 7.4675574 34.8403130
v 1.3300606 7.3313622 34.7791939
v 0.2435372 7.4687285 34.8568192
v 1.3332883 7.3320575 34.7954712
v 0.2468417 7.4699025 34.8733253
v 1.3365204 7.3327565 34.8117485
v 0.2501508 7.4710793 34.8898315
v 1.3397565 7.3334575 34.8280258
v 0.2534642 7.4722595 34.9063377
v 1.3429970 7.3341627 34.8443031
v 0.2567823 7.4734411 34.9228363
v 1.3462415 7.3348684 34.8605728
v 0.2601049 7.4746270 34.9393387
v 1.3494904 7.3355794 34.8768463
v 0.2634319 7.4758153 34.9558372
v 1.3527435 7.3362918 34.8931160
v 0.2667635 7.4770079 34.9723320
v 1.3560009 7.3370085 34.9093895
v 0.2700995 7.4782019 34.9888306
v 1.3592625 7.3377275 34.9256592
v 0.2734401 7.4793992 35.0053253
v 1.3625283 7.3384490 34.9419250
v 0.2767854 7.4805994 35.0218201
v 1.3657985 7.3391733 34.9581909
v 0.2801351 7.4818034 35.0383110
v 1.3690729 7.3399014 34.9744530
v 0.2834893 7.4830093 35.0548096
v 1.3723516 7.3406315 34.9907150
v 0.2868481 7.4842181 35.0713005
v 1.3756346 7.3413644 35.0069771
v 0.2902114 7.4854302 35.0877914
v 1.3789217 7.3421006 35.0232391
v 0.2935792 7.4866452 35.1042786
v 1.3822131 7.3428397 35.0394974
v 0.2969516 7.4878626 35.1207657
v 1.3855088 7.3435812 35.0557556
v 0.3003287 7.4890833 35.1372490
v 1.3888090 7.3443260 35.0720100
v 0.3037102 7.4903069 35.1537361
v 1.3921132 7.3450737 35.0882683
v 0.3070963 7.4915342 35.1702194
v 1.3954220 7.3458242 35.1045227
v 0.3104869 7.4927630 35.1867027
v 1.3987347 7.3465772 35.1207771
v 0.3138823 7.4939952 35.2031822
v 1.4020519 7.3473334 35.1370201
v 0.3172822 7.4952312 35.2196617
v 1.4053736 7.3480926 35.1532707
v 0.3206867 7.4964690 35.2361374
v 1.4086995 7.3488545 35.1695175
v 0.3240957 7.4977098 35.2526169
v 1.4120295 7.3496184 35.1857681
v 0.3275092 7.4989529 35.2690926
v 1.4153640 7.3503857 35.2020149
v 0.3309277 7.5002003 35.2855721
v 1.4187030 7.3511562 35.2182579
v 0.3343506 7.5014505 35.3020439
v 1.4220462 7.3519297 35.2345009
v 0.3377782 7.5027032 35.3185120
v 1.4253938 7.3527055 35.2507401
v 0.3412103 7.5039582 35.3349838
v 1.4287457 7.3534846 35.2669830
v 0.3446470 7.5052171 35.3514557
v 1.4321020 7.3542666 35.2832184
v 0.3480885 7.5064788 35.3679237
v 1.4354625 7.3550515 35.2994576
v 0.3515345 7.5077424 35.3843880
v 1.4388274 7.3558383 35.3156929
v 0.3549852 7.5090089 35.4008560
v 1.4421967 7.3566279 35.3319244
v 0.3584405 7.5102792 35.4173164
v 1.4455703 7.3574214 35.3481560
v 0.3619004 7.5115514 35.4337845
v 1.4489484 7.3582168 35.3643875
v 0.3653651 7.5128274 35.4502449
v 1.4523306 7.3590159 35.3806190
v 0.3688343 7.5141058 35.4667015
v 1.4557174 7.3598166 35.3968468
v 0.3723083 7.5153875 35.4831619
v 1.4591086 7.3606215 35.4130707
v 0.3757868 7.5166712 35.4996185
v 1.4625041 7.3614283 35.4292984
v 0.3792701 7.5179582 35.5160789
v 1.4659042 7.3622384 35.4455223
v 0.3827582 7.5192485 35.5325317
v 1.4693086 7.3630509 35.4617462
v 0.3862509 7.5205417 35.5489883
v 1.4727174 7.3638673 35.4779663
v 0.3897482 7.5218368 35.5654373
v 1.4761305 7.3646846 35.4941864
v 0.3932501 7.5231352 35.5818901
v 1.4795480 7.3655062 35.5104027
v 0.3967571 7.5244365 35.5983391
v 1.4829702 7.3663297 35.5266228
v 0.4002685 7.5257406 35.6147919
v 1.4863966 7.3671570 35.5428391
v 0.4037846 7.5270481 35.6312370
v 1.4898275 7.3679867 35.5590553
v 0.4073054 7.5283580 35.6476822
v 1.4932626 7.3688188 35.5752640
v 0.4108311 7.5296712 35.6641273
v 1.4967026 7.3696542 35.5914803
v 0.4143613 7.5309863 35.6805687
v 1.5001466 7.3704915 35.6076851
v 0.4178963 7.5323038 35.6970139
v 1.5035951 7.3713322 35.6238937
v 0.4214360 7.5336256 35.7134552
v 1.5070481 7.3721762 35.6401062
v 0.4249805 7.5349488 35.7298927
v 1.5105057 7.3730216 35.6563072
v 0.4285297 7.5362768 35.7463303
v 1.5139676 7.3738718 35.6725082
v 0.4320837 7.5376058 35.7627678
v 1.5174341 7.3747230 35.6887169
v 0.4356424 7.5389390 35.7792053
v 1.5209050 7.3755774 35.7049179
v 0.4392059 7.5402737 35.7956390
v 1.5243802 7.3764343 35.7211151
v 0.4427742 7.5416121 35.8120689
v 1.5278603 7.3772950 35.7373161
v 0.4463472 7.5429530 35.8284988
v 1.5313447 7.3781581 35.7535095
v 0.4499248 7.5442972 35.8449287
v 1.5348332 7.3790236 35.7697029
v 0.4535074 7.5456438 35.8613625
v 1.5383265 7.3798923 35.7859001
v 0.4570948 7.5469933 35.8777847
v 1.5418245 7.3807640 35.8020935
v 0.4606868 7.5483456 35.8942108
v 1.5453266 7.3816376 35.8182831
v 0.4642837 7.5496998 35.9106369
v 1.5488334 7.3825140 35.8344727
v 0.4678852 7.5510578 35.9270592
v 1.5523446 7.3833933 35.8506584
v 0.4714920 7.5524192 35.9434814
v 1.5558605 7.3842759 35.8668442
v 0.4751032 7.5537825 35.9598961
v 1.5593810 7.3851614 35.8830299
v 0.4787193 7.5551481 35.9763145
v 1.5629058 7.3860483 35.8992119
v 0.4823401 7.5565171 35.9927330
v 1.5664351 7.3869386 35.9153938
v 0.4859658 7.5578890 36.0091476
v 1.5699691 7.3878317 35.9315720
v 0.4895965 7.5592632 36.0255661
v 1.5735075 7.3887281 35.9477539
v 0.4932318 7.5606408 36.0419769
v 1.5770504 7.3896270 35.9639282
v 0.4968721 7.5620208 36.0583878
v 1.5805980 7.3905282 35.9801025
v 0.5005171 7.5634046 36.0747986
v 1.5841501 7.3914332 35.9962769
v 0.5041669 7.5647898 36.0912056
v 1.5877068 7.3923397 36.0124474
v 0.5078216 7.5661783 36.1076164
v 1.5912681 7.3932495 36.0286217
v 0.5114812 7.5675697 36.1240196
v 1.5948336 7.3941612 36.0447884
v 0.5151455 7.5689640 36.1404228
v 1.5984039 7.3950768 36.0609550
v 0.5188149 7.5703607 36.1568260
v 1.6019789 7.3959947 36.0771217
v 0.5224890 7.5717602 36.1732292
v 1.6055584 7.3969154 36.0932884
v 0.5261681 7.5731626 36.1896286
v 1.6091425 7.3978381 36.1094513
v 0.5298520 7.5745683 36.2060242
v 1.6127312 7.3987651 36.1256104
v 0.5335407 7.5759754 36.2224197
v 1.6163242 7.3996925 36.1417694
v 0.5372343 7.5773859 36.2388153
v 1.6199222 7.4006243 36.1579285
v 0.5409327 7.5787992 36.2552109
v 1.6235244 7.4015579 36.1740875
v 0.5446362 7.5802159 36.2716026
v 1.6271315 7.4024959 36.1902428
v 0.5483444 7.5816345 36.2879944
v 1.6307430 7.4034348 36.2063980
v 0.5520576 7.5830560 36.3043823
v 1.6343592 7.4043765 36.2225494
v 0.5557758 7.5844798 36.3207741
v 1.6379801 7.4053216 36.2386971
v 0.5594989 7.5859070 36.3371582
v 1.6416057 7.4062691 36.2548447
v 0.5632267 7.5873380 36.3535423
v 1.6452358 7.4072204 36.2709923
v 0.5669595 7.5887699 36.3699265
v 1.6488703 7.4081726 36.2871399
v 0.5706972 7.5902057 36.3863068
v 1.6525097 7.4091287 36.3032837
v 0.5744400 7.5916433 36.4026871
v 1.6561537 7.4100866 36.3194199
v 0.5781876 7.5930843 36.4190674
v 1.6598023 7.4110479 36.3355637
v 0.5819401 7.5945272 36.4354439
v 1.6634555 7.4120111 36.3517036
v 0.5856977 7.5959735 36.4518166
v 1.6671135 7.4129777 36.3678398
v 0.5894601 7.5974226 36.4681969
v 1.6707761 7.4139471 36.3839760
v 0.5932276 7.5988741 36.4845657
v 1.6744435 7.4149189 36.4001083
v 0.5970001 7.6003289 36.5009384
v 1.6781154 7.4158931 36.4162445
v 0.6007773 7.6017857 36.5173073
v 1.6817919 7.4168701 36.4323769
v 0.6045596 7.6032457 36.5336800
v 1.6854732 7.4178505 36.4485054
v 0.6083468 7.6047082 36.5500412
v 1.6891592 7.4188323 36.4646301
v 0.6121391 7.6061735 36.5664101
v 1.6928498 7.4198179 36.4807549
v 0.6159362 7.6076412 36.5827713
v 1.6965449 7.4208050 36.4968796
v 0.6197385 7.6091113 36.5991325
v 1.7002450 7.4217954 36.5130043
v 0.6235456 7.6105857 36.6154938
v 1.7039497 7.4227891 36.5291214
v 0.6273577 7.6120605 36.6318512
v 1.7076590 7.4237843 36.5452423
v 0.6311750 7.6135392 36.6482124
v 1.7113731 7.4247823 36.5613594
v 0.6349971 7.6150212 36.6645660
v 1.7150919 7.4257836 36.5774765
v 0.6388243 7.6165056 36.6809196
v 1.7188156 7.4267874 36.5935936
v 0.6426564 7.6179919 36.6972733
v 1.7225436 7.4277940 36.6097031
v 0.6464940 7.6194816 36.7136230
v 1.7262769 7.4288030 36.6258163
v 0.6503360 7.6209741 36.7299728
v 1.7300143 7.4298148 36.6419220
v 0.6541831 7.6224685 36.7463188
v 1.7337568 7.4308286 36.6580315
v 0.6580355 7.6239657 36.7626648
v 1.7375038 7.4318452 36.6741333
v 0.6618928 7.6254659 36.7790070
v 1.7412558 7.4328647 36.6902390
v 0.6657553 7.6269689 36.7953529
v 1.7450125 7.4338870 36.7063408
v 0.6696225 7.6284742 36.8116951
v 1.7487738 7.4349108 36.7224388
v 0.6734952 7.6299829 36.8280334
v 1.7525400 7.4359388 36.7385406
v 0.6773726 7.6314931 36.8443718
v 1.7563108 7.4369683 36.7546349
v 0.6812550 7.6330066 36.8607101
v 1.7600864 7.4380012 36.7707367
v 0.6851429 7.6345229 36.8770447
v 1.7638670 7.4390359 36.7868271
v 0.6890357 7.6360421 36.8933792
v 1.7676523 7.4400744 36.8029175
v 0.6929333 7.6375637 36.9097061
v 1.7714422 7.4411144 36.8190079
v 0.6968362 7.6390877 36.9260406
v 1.7752368 7.4421577 36.8350983
v 0.7007440 7.6406150 36.9423676
v 1.7790364 7.4432034 36.8511810
v 0.7046572 7.6421437 36.9586945
v 1.7828408 7.4442515 36.8672714
v 0.7085752 7.6436763 36.9750214
v 1.7866499 7.4453025 36.8833542
v 0.7124984 7.6452117 36.9913445
v 1.7904639 7.4463563 36.8994331
v 0.7164267 7.6467481 37.0076637
v 1.7942826 7.4474120 36.9155159
v 0.7203601 7.6482887 37.0239830
v 1.7981062 7.4484711 36.9315910
v 0.7242985 7.6498308 37.0403061
v 1.8019342 7.4495316 36.9476700
v 0.7282422 7.6513767 37.0566254
v 1.8057675 7.4505959 36.9637451
v 0.7321908 7.6529241 37.0729408
v 1.8096054 7.4516616 36.9798164
v 0.7361447 7.6544743 37.0892525
v 1.8134482 7.4527302 36.9958916
v 0.7401037 7.6560283 37.1055641
v 1.8172958 7.4538026 37.0119591
v 0.7440679 7.6575842 37.1218719
v 1.8211484 7.4548769 37.0280228
v 0.7480369 7.6591415 37.1381836
v 1.8250055 7.4559526 37.0440903
v 0.7520113 7.6607032 37.1544914
v 1.8288677 7.4570327 37.0601540
v 0.7559909 7.6622667 37.1707954
v 1.8327346 7.4581146 37.0762138
v 0.7599756 7.6638327 37.1870956
v 1.8366064 7.4591990 37.0922775
v 0.7639653 7.6654019 37.2033958
v 1.8404830 7.4602857 37.1083336
v 0.7679604 7.6669736 37.2196999
v 1.8443646 7.4613757 37.1243935
v 0.7719605 7.6685476 37.2360001
v 1.8482511 7.4624681 37.1404495
v 0.7759658 7.6701241 37.2522964
v 1.8521422 7.4635620 37.1565018
v 0.7799762 7.6717029 37.2685890
v 1.8560383 7.4646592 37.1725502
v 0.7839920 7.6732850 37.2848854
v 1.8599393 7.4657588 37.1886024
v 0.7880127 7.6748695 37.3011742
v 1.8638451 7.4668617 37.2046471
v 0.7920389 7.6764565 37.3174629
v 1.8677559 7.4679661 37.2206917
v 0.7960699 7.6780462 37.3337517
v 1.8716717 7.4690733 37.2367363
v 0.8001063 7.6796384 37.3500404
v 1.8755922 7.4701838 37.2527809
v 0.8041480 7.6812334 37.3663216
v 1.8795176 7.4712963 37.2688179
v 0.8081946 7.6828308 37.3826065
v 1.8834479 7.4724112 37.2848587
v 0.8122467 7.6844311 37.3988876
v 1.8873830 7.4735289 37.3008957
v 0.8163040 7.6860323 37.4151688
v 1.8913233 7.4746485 37.3169327
v 0.8203662 7.6876383 37.4314461
v 1.8952682 7.4757719 37.3329659
v 0.8244339 7.6892457 37.4477234
v 1.8992181 7.4768968 37.3489990
v 0.8285067 7.6908560 37.4639969
v 1.9031730 7.4780245 37.3650284
v 0.8325846 7.6924691 37.4802666
v 1.9071326 7.4791551 37.3810539
v 0.8366681 7.6940842 37.4965401
v 1.9110975 7.4802876 37.3970757
v 0.8407567 7.6957021 37.5128098
v 1.9150672 7.4814219 37.4131012
v 0.8448503 7.6973228 37.5290794
v 1.9190416 7.4825602 37.4291267
v 0.8489494 7.6989460 37.5453415
v 1.9230213 7.4837008 37.4451447
v 0.8530537 7.7005715 37.5616074
v 1.9270056 7.4848437 37.4611664
v 0.8571633 7.7021995 37.5778694
v 1.9309952 7.4859881 37.4771843
v 0.8612781 7.7038307 37.5941315
v 1.9349897 7.4871368 37.4931946
v 0.8653982 7.7054629 37.6103897
v 1.9389889 7.4882865 37.5092087
v 0.8695235 7.7070994 37.6266441
v 1.9429932 7.4894395 37.5252190
v 0.8736542 7.7087374 37.6428986
v 1.9470026 7.4905949 37.5412292
v 0.8777899 7.7103782 37.6591530
v 1.9510167 7.4917521 37.5572395
v 0.8819311 7.7120218 37.6754074
v 1.9550359 7.4929123 37.5732422
v 0.8860776 7.7136669 37.6916542
v 1.9590602 7.4940748 37.5892448
v 0.8902293 7.7153163 37.7079010
v 1.9630895 7.4952407 37.6052475
v 0.8943863 7.7169671 37.7241478
v 1.9671235 7.4964080 37.6212425
v 0.8985485 7.7186198 37.7403946
v 1.9711624 7.4975781 37.6372452
v 0.9027161 7.7202759 37.7566338
v 1.9752066 7.4987507 37.6532402
v 0.9068891 7.7219343 37.7728767
v 1.9792559 7.4999256 37.6692314
v 0.9110674 7.7235951 37.7891121
v 1.9833101 7.5011029 37.6852226
v 0.9152510 7.7252593 37.8053513
v 1.9873693 7.5022836 37.7012177
v 0.9194399 7.7269249 37.8215866
v 1.9914335 7.5034657 37.7172012
v 0.9236342 7.7285938 37.8378181
v 1.9955027 7.5046511 37.7331886
v 0.9278337 7.7302647 37.8540497
v 1.9995769 7.5058384 37.7491760
v 0.9320385 7.7319384 37.8702812
v 2.0036564 7.5070286 37.7651558
v 0.9362490 7.7336144 37.8865051
v 2.0077407 7.5082211 37.7811356
v 0.9404644 7.7352934 37.9027367
v 2.0118299 7.5094156 37.7971153
v 0.9446852 7.7369742 37.9189568
v 2.0159242 7.5106130 37.8130913
v 0.9489114 7.7386575 37.9351807
v 2.0200236 7.5118127 37.8290634
v 0.9531431 7.7403436 37.9513969
v 2.0241282 7.5130153 37.8450356
v 0.9573803 7.7420321 37.9676170
v 2.0282378 7.5142193 37.8610039
v 0.9616227 7.7437220 37.9838295
v 2.0323522 7.5154257 37.8769722
v 0.9658704 7.7454166 38.0000458
v 2.0364721 7.5166359 37.8929367
v 0.9701235 7.7471123 38.0162582
v 2.0405967 7.5178480 37.9089050
v 0.9743819 7.7488103 38.0324707
v 2.0447264 7.5190616 37.9248657
v 0.9786457 7.7505107 38.0486794
v 2.0488610 7.5202785 37.9408302
v 0.9829152 7.7522149 38.0648880
v 2.0530014 7.5214982 37.9567871
v 0.9871896 7.7539206 38.0810890
v 2.0571461 7.5227194 37.9727440
v 0.9914699 7.7556295 38.0972939
v 2.0612965 7.5239439 37.9886971
v 0.9957553 7.7573395 38.1134987
v 2.0654516 7.5251703 38.0046501
v 1.0000460 7.7590528 38.1296959
v 2.0696118 7.5263991 38.0206032
v 1.0043423 7.7607684 38.1458931
v 2.0737770 7.5276303 38.0365486
v 1.0086439 7.7624860 38.1620865
v 2.0779474 7.5288634 38.0524979
v 1.0129510 7.7642074 38.1782799
v 2.0821233 7.5301003 38.0684395
v 1.0172635 7.7659302 38.1944733
v 2.0863037 7.5313387 38.0843811
v 1.0215814 7.7676558 38.2106628
v 2.0904896 7.5325799 38.1003265
v 1.0259051 7.7693834 38.2268486
v 2.0946808 7.5338230 38.1162605
v 1.0302337 7.7711139 38.2430382
v 2.0988765 7.5350690 38.1321983
v 1.0345681 7.7728457 38.2592239
v 2.1030779 7.5363164 38.1481323
v 1.0389078 7.7745819 38.2753983
v 2.1072843 7.5375671 38.1640625
v 1.0432532 7.7763195 38.2915802
v 2.1114957 7.5388203 38.1799927
v 1.0476038 7.7780590 38.3077621
v 2.1157124 7.5400753 38.1959229
v 1.0519598 7.7798014 38.3239365
v 2.1199341 7.5413332 38.2118454
v 1.0563214 7.7815461 38.3401070
v 2.1241610 7.5425925 38.2277718
v 1.0606885 7.7832937 38.3562813
v 2.1283932 7.5438557 38.2436943
v 1.0650610 7.7850437 38.3724518
v 2.1326303 7.5451202 38.2596130
v 1.0694389 7.7867956 38.3886185
v 2.1368728 7.5463877 38.2755280
v 1.0738223 7.7885499 38.4047852
v 2.1411202 7.5476565 38.2914429
v 1.0782111 7.7903066 38.4209442
v 2.1453729 7.5489287 38.3073578
v 1.0826057 7.7920656 38.4371071
v 2.1496310 7.5502024 38.3232689
v 1.0870056 7.7938275 38.4532700
v 2.1538939 7.5514789 38.3391800
v 1.0914108 7.7955918 38.4694290
v 2.1581621 7.5527577 38.3550873
v 1.0958219 7.7973580 38.4855843
v 2.1624355 7.5540395 38.3709908
v 1.1002383 7.7991271 38.5017395
v 2.1667142 7.5553231 38.3868942
v 1.1046603 7.8008986 38.5178909
v 2.1709979 7.5566092 38.4027939
v 1.1090877 7.8026724 38.5340385
v 2.1752872 7.5578976 38.4186974
v 1.1135209 7.8044486 38.5501862
v 2.1795814 7.5591884 38.4345932
v 1.1179591 7.8062272 38.5663300
v 2.1838808 7.5604815 38.4504852
v 1.1224031 7.8080077 38.5824738
v 2.1881852 7.5617766 38.4663773
v 1.1268528 7.8097906 38.5986176
v 2.1924951 7.5630741 38.4822693
v 1.1313080 7.8115759 38.6147575
v 2.1968102 7.5643740 38.4981575
v 1.1357684 7.8133640 38.6308975
v 2.2011304 7.5656767 38.5140457
v 1.1402347 7.8151541 38.6470337
v 2.2054560 7.5669813 38.5299301
v 1.1447065 7.8169475 38.6631660
v 2.2097869 7.5682883 38.5458107
v 1.1491840 7.8187423 38.6792984
v 2.2141230 7.5695977 38.5616913
v 1.1536665 7.8205395 38.6954308
v 2.2184639 7.5709095 38.5775719
v 1.1581550 7.8223395 38.7115555
v 2.2228105 7.5722232 38.5934448
v 1.1626487 7.8241410 38.7276840
v 2.2271621 7.5735393 38.6093216
v 1.1671484 7.8259459 38.7438087
v 2.2315190 7.5748587 38.6251945
v 1.1716533 7.8277526 38.7599335
v 2.2358813 7.5761790 38.6410599
v 1.1761639 7.8295608 38.7760506
v 2.2402487 7.5775018 38.6569252
v 1.1806804 7.8313727 38.7921677
v 2.2446213 7.5788274 38.6727905
v 1.1852022 7.8331861 38.8082809
v 2.2489996 7.5801554 38.6886520
v 1.1897295 7.8350024 38.8243942
v 2.2533824 7.5814853 38.7045135
v 1.1942625 7.8368211 38.8405037
v 2.2577713 7.5828176 38.7203712
v 1.1988012 7.8386421 38.8566132
v 2.2621651 7.5841522 38.7362289
v 1.2033453 7.8404651 38.8727188
v 2.2665639 7.5854897 38.7520828
v 1.2078953 7.8422904 38.8888283
v 2.2709684 7.5868287 38.7679329
v 1.2124507 7.8441181 38.9049301
v 2.2753780 7.5881701 38.7837830
v 1.2170117 7.8459482 38.9210320
v 2.2797930 7.5895138 38.7996330
v 1.2215784 7.8477807 38.9371300
v 2.2842133 7.5908599 38.8154793
v 1.2261509 7.8496156 38.9532242
v 2.2886391 7.5922084 38.8313217
v 1.2307286 7.8514528 38.9693184
v 2.2930698 7.5935593 38.8471565
v 1.2353123 7.8532915 38.9854088
v 2.2975059 7.5949116 38.8629951
v 1.2399013 7.8551326 39.0014992
v 2.3019474 7.5962663 38.8788338
v 1.2444963 7.8569770 39.0175858
v 2.3063943 7.5976243 38.8946686
v 1.2490971 7.8588233 39.0336761
v 2.3108466 7.5989842 38.9104996
v 1.2537031 7.8606710 39.0497589
v 2.3153038 7.6003456 38.9263306
v 1.2583148 7.8625226 39.0658379
v 2.3197668 7.6017098 38.9421577
v 1.2629324 7.8643751 39.0819168
v 2.3242350 7.6030760 38.9579849
v 1.2675555 7.8662310 39.0979996
v 2.3287084 7.6044455 38.9738083
v 1.2721843 7.8680882 39.1140709
v 2.3331871 7.6058154 38.9896278
v 1.2768188 7.8699484 39.1301422
v 2.3376713 7.6071892 39.0054474
v 1.2814589 7.8718109 39.1462135
v 2.3421607 7.6085644 39.0212593
v 1.2861048 7.8736753 39.1622810
v 2.3466558 7.6099424 39.0370750
v 1.2907565 7.8755422 39.1783485
v 2.3511560 7.6113219 39.0528908
v 1.2954135 7.8774109 39.1944160
v 2.3556616 7.6127043 39.0686989
v 1.3000762 7.8792820 39.2104759
v 2.3601725 7.6140881 39.0845070
v 1.3047450 7.8811555 39.2265358
v 2.3646889 7.6154752 39.1003075
v 1.3094193 7.8830314 39.2425919
v 2.3692107 7.6168637 39.1161118
v 1.3140993 7.8849096 39.2586441
v 2.3737376 7.6182547 39.1319122
v 1.3187848 7.8867898 39.2747002
v 2.3782701 7.6196475 39.1477089
v 1.3234766 7.8886719 39.2907486
v 2.3828080 7.6210432 39.1635056
v 1.3281735 7.8905573 39.3068008
v 2.3873510 7.6224413 39.1792984
v 1.3328764 7.8924441 39.3228455
v 2.3918998 7.6238408 39.1950912
v 1.3375851 7.8943329 39.3388939
v 2.3964539 7.6252422 39.2108803
v 1.3422995 7.8962245 39.3549309
v 2.4010134 7.6266465 39.2266655
v 1.3470193 7.8981180 39.3709717
v 2.4055781 7.6280527 39.2424469
v 1.3517451 7.9000144 39.3870087
v 2.4101484 7.6294618 39.2582321
v 1.3564768 7.9019122 39.4030457
v 2.4147241 7.6308722 39.2740097
v 1.3612139 7.9038129 39.4190788
v 2.4193051 7.6322856 39.2897911
v 1.3659570 7.9057159 39.4351082
v 2.4238918 7.6337013 39.3055611
v 1.3707058 7.9076204 39.4511337
v 2.4284837 7.6351175 39.3213348
v 1.3754604 7.9095273 39.4671631
v 2.4330812 7.6365371 39.3371048
v 1.3802207 7.9114361 39.4831886
v 2.4376838 7.6379585 39.3528709
v 1.3849869 7.9133482 39.4992104
v 2.4422922 7.6393824 39.3686409
v 1.3897586 7.9152617 39.5152283
v 2.4469059 7.6408086 39.3843994
v 1.3945363 7.9171772 39.5312424
v 2.4515250 7.6422367 39.4001617
v 1.3993196 7.9190955 39.5472603
v 2.4561493 7.6436667 39.4159203
v 1.4041090 7.9210157 39.5632744
v 2.4607797 7.6450996 39.4316750
v 1.4089037 7.9229379 39.5792809
v 2.4654150 7.6465335 39.4474297
v 1.4137046 7.9248629 39.5952911
v 2.4700558 7.6479712 39.4631805
v 1.4185112 7.9267893 39.6112938
v 2.4747024 7.6494093 39.4789314
v 1.4233234 7.9287181 39.6273003
v 2.4793541 7.6508508 39.4946785
v 1.4281417 7.9306502 39.6433029
v 2.4840117 7.6522946 39.5104218
v 1.4329655 7.9325833 39.6593018
v 2.4886744 7.6537395 39.5261612
v 1.4377954 7.9345179 39.6752930
v 2.4933426 7.6551867 39.5419006
v 1.4426310 7.9364562 39.6912918
v 2.4980164 7.6566367 39.5576401
v 1.4474726 7.9383965 39.7072830
v 2.5026958 7.6580887 39.5733719
v 1.4523196 7.9403381 39.7232704
v 2.5073805 7.6595421 39.5891075
v 1.4571728 7.9422827 39.7392616
v 2.5120707 7.6609983 39.6048393
v 1.4620315 7.9442291 39.7552452
v 2.5167665 7.6624565 39.6205635
v 1.4668963 7.9461775 39.7712288
v 2.5214677 7.6639166 39.6362877
v 1.4717668 7.9481277 39.7872086
v 2.5261745 7.6653786 39.6520157
v 1.4766433 7.9500809 39.8031845
v 2.5308869 7.6668434 39.6677322
v 1.4815255 7.9520359 39.8191643
v 2.5356045 7.6683102 39.6834526
v 1.4864140 7.9539928 39.8351364
v 2.5403280 7.6697788 39.6991653
v 1.4913077 7.9559517 39.8511086
v 2.5450568 7.6712494 39.7148781
v 1.4962075 7.9579134 39.8670731
v 2.5497911 7.6727228 39.7305908
v 1.5011132 7.9598770 39.8830376
v 2.5545309 7.6741982 39.7462959
v 1.5060247 7.9618425 39.8990059
v 2.5592761 7.6756754 39.7620049
v 1.5109421 7.9638104 39.9149666
v 2.5640273 7.6771541 39.7777061
v 1.5158654 7.9657803 39.9309273
v 2.5687838 7.6786356 39.7934074
v 1.5207946 7.9677520 39.9468842
v 2.5735457 7.6801190 39.8091049
v 1.5257297 7.9697266 39.9628372
v 2.5783134 7.6816044 39.8247986
v 1.5306706 7.9717026 39.9787865
v 2.5830865 7.6830921 39.8404961
v 1.5356176 7.9736810 39.9947357
v 2.5878651 7.6845813 39.8561859
v 1.5405703 7.9756613 40.0106850
v 2.5926495 7.6860733 39.8718758
v 1.5455290 7.9776440 40.0266266
v 2.5974393 7.6875668 39.8875580
v 1.5504937 7.9796286 40.0425720
v 2.6022348 7.6890631 39.9032440
v 1.5554643 7.9816155 40.0585098
v 2.6070356 7.6905608 39.9189224
v 1.5604403 7.9836040 40.0744476
v 2.6118419 7.6920600 39.9346008
v 1.5654228 7.9855947 40.0903816
v 2.6166542 7.6935625 39.9502754
v 1.5704111 7.9875884 40.1063156
v 2.6214719 7.6950669 39.9659500
v 1.5754051 7.9895830 40.1222458
v 2.6262951 7.6965723 39.9816208
v 1.5804052 7.9915805 40.1381721
v 2.6311240 7.6980805 39.9972878
v 1.5854115 7.9935803 40.1540985
v 2.6359587 7.6995921 40.0129547
v 1.5904231 7.9955812 40.1700211
v 2.6407986 7.7011037 40.0286179
v 1.5954411 7.9975839 40.1859436
v 2.6456444 7.7026172 40.0442810
v 1.6004648 7.9995899 40.2018585
v 2.6504955 7.7041340 40.0599365
v 1.6054950 8.0015984 40.2177734
v 2.6553526 7.7056527 40.0755920
v 1.6105304 8.0036068 40.2336845
v 2.6602149 7.7071724 40.0912437
v 1.6155722 8.0056190 40.2495956
v 2.6650832 7.7086949 40.1068954
v 1.6206198 8.0076323 40.2655067
v 2.6699567 7.7102194 40.1225471
v 1.6256737 8.0096493 40.2814102
v 2.6748362 7.7117467 40.1381912
v 1.6307333 8.0116663 40.2973137
v 2.6797211 7.7132750 40.1538353
v 1.6357986 8.0136862 40.3132133
v 2.6846118 7.7148046 40.1694756
v 1.6408703 8.0157080 40.3291130
v 2.6895082 7.7163377 40.1851158
v 1.6459477 8.0177326 40.3450089
v 2.6944101 7.7178726 40.2007446
v 1.6510314 8.0197582 40.3609047
v 2.6993175 7.7194085 40.2163811
v 1.6561209 8.0217857 40.3767929
v 2.7042308 7.7209468 40.2320099
v 1.6612165 8.0238161 40.3926773
v 2.7091496 7.7224874 40.2476349
v 1.6663177 8.0258484 40.4085655
v 2.7140739 7.7240300 40.2632637
v 1.6714253 8.0278816 40.4244461
v 2.7190042 7.7255740 40.2788849
v 1.6765388 8.0299177 40.4403305
v 2.7239399 7.7271204 40.2945099
v 1.6816583 8.0319567 40.4562111
v 2.7288814 7.7286692 40.3101234
v 1.6867836 8.0339966 40.4720840
v 2.7338283 7.7302194 40.3257370
v 1.6919152 8.0360384 40.4879570
v 2.7387815 7.7317719 40.3413506
v 1.6970526 8.0380821 40.5038261
v 2.7437396 7.7333260 40.3569603
v 1.7021962 8.0401297 40.5196953
v 2.7487040 7.7348833 40.3725700
v 1.7073457 8.0421782 40.5355606
v 2.7536738 7.7364416 40.3881683
v 1.7125013 8.0442276 40.5514221
v 2.7586491 7.7380013 40.4037704
v 1.7176632 8.0462799 40.5672836
v 2.7636304 7.7395644 40.4193726
v 1.7228309 8.0483341 40.5831375
v 2.7686176 7.7411280 40.4349670
v 1.7280046 8.0503902 40.5989952
v 2.7736101 7.7426949 40.4505577
v 1.7331843 8.0524483 40.6148491
v 2.7786083 7.7442627 40.4661522
v 1.7383701 8.0545082 40.6306992
v 2.7836123 7.7458324 40.4817429
v 1.7435621 8.0565701 40.6465454
v 2.7886219 7.7474046 40.4973297
v 1.7487600 8.0586357 40.6623917
v 2.7936375 7.7489796 40.5129089
v 1.7539642 8.0607014 40.6782341
v 2.7986586 7.7505550 40.5284920
v 1.7591741 8.0627689 40.6940727
v 2.8036854 7.7521324 40.5440712
v 1.7643902 8.0648394 40.7099152
v 2.8087180 7.7537127 40.5596466
v 1.7696124 8.0669117 40.7257462
v 2.8137565 7.7552948 40.5752182
v 1.7748408 8.0689850 40.7415771
v 2.8188004 7.7568784 40.5907898
v 1.7800751 8.0710611 40.7574081
v 2.8238502 7.7584639 40.6063538
v 1.7853155 8.0731392 40.7732353
v 2.8289056 7.7600513 40.6219215
v 1.7905623 8.0752192 40.7890549
v 2.8339672 7.7616410 40.6374817
v 1.7958148 8.0773001 40.8048782
v 2.8390338 7.7632322 40.6530380
v 1.8010733 8.0793839 40.8206940
v 2.8441064 7.7648253 40.6685944
v 1.8063385 8.0814705 40.8365135
v 2.8491852 7.7664208 40.6841469
v 1.8116093 8.0835571 40.8523254
v 2.8542695 7.7680173 40.6996994
v 1.8168864 8.0856466 40.8681335
v 2.8593597 7.7696161 40.7152481
v 1.8221695 8.0877390 40.8839455
v 2.8644555 7.7712183 40.7307930
v 1.8274589 8.0898314 40.8997498
v 2.8695569 7.7728205 40.7463379
v 1.8327539 8.0919266 40.9155502
v 2.8746641 7.7744246 40.7618713
v 1.8380555 8.0940247 40.9313507
v 2.8797770 7.7760320 40.7774124
v 1.8433632 8.0961227 40.9471436
v 2.8848958 7.7776394 40.7929459
v 1.8486769 8.0982237 40.9629402
v 2.8900206 7.7792501 40.8084755
v 1.8539970 8.1003265 40.9787292
v 2.8951514 7.7808623 40.8240051
v 1.8593229 8.1024323 40.9945221
v 2.9002872 7.7824769 40.8395309
v 1.8646556 8.1045389 41.0103035
v 2.9054298 7.7840929 40.8550529
v 1.8699937 8.1066465 41.0260925
v 2.9105773 7.7857099 40.8705750
v 1.8753381 8.1087580 41.0418701
v 2.9157310 7.7873306 40.8860931
v 1.8806887 8.1108704 41.0576477
v 2.9208903 7.7889519 40.9016037
v 1.8860457 8.1129837 41.0734215
v 2.9260557 7.7905746 40.9171181
v 1.8914084 8.1151009 41.0891953
v 2.9312263 7.7922001 40.9326248
v 1.8967779 8.1172190 41.1049652
v 2.9364035 7.7938280 40.9481354
v 1.9021530 8.1193390 41.1207314
v 2.9415860 7.7954564 40.9636345
v 1.9075346 8.1214609 41.1364975
v 2.9467745 7.7970877 40.9791336
v 1.9129221 8.1235847 41.1522598
v 2.9519689 7.7987204 40.9946365
v 1.9183156 8.1257105 41.1680183
v 2.9571688 7.8003550 41.0101280
v 1.9237159 8.1278372 41.1837730
v 2.9623747 7.8019910 41.0256233
v 1.9291220 8.1299667 41.1995277
v 2.9675865 7.8036289 41.0411110
v 1.9345342 8.1320972 41.2152786
v 2.9728041 7.8052688 41.0566025
v 1.9399527 8.1342306 41.2310257
v 2.9780273 7.8069105 41.0720825
v 1.9453778 8.1363659 41.2467728
v 2.9832568 7.8085546 41.0875626
v 1.9508085 8.1385021 41.2625122
v 2.9884920 7.8101997 41.1030426
v 1.9562459 8.1406412 41.2782555
v 2.9937329 7.8118472 41.1185188
v 1.9616895 8.1427813 41.2939873
v 2.9989800 7.8134966 41.1339912
v 1.9671388 8.1449242 41.3097267
v 3.0042324 7.8151479 41.1494637
v 1.9725946 8.1470671 41.3254585
v 3.0094910 7.8167996 41.1649284
v 1.9780567 8.1492138 41.3411865
v 3.0147555 7.8184547 41.1803970
v 1.9835248 8.1513615 41.3569107
v 3.0200257 7.8201108 41.1958542
v 1.9889994 8.1535101 41.3726387
v 3.0253019 7.8217688 41.2113152
v 1.9944800 8.1556625 41.3883553
v 3.0305839 7.8234291 41.2267723
v 1.9999671 8.1578159 41.4040756
v 3.0358720 7.8250909 41.2422256
v 2.0054603 8.1599703 41.4197922
v 3.0411658 7.8267541 41.2576752
v 2.0109594 8.1621265 41.4355049
v 3.0464652 7.8284192 41.2731285
v 2.0164652 8.1642866 41.4512138
v 3.0517712 7.8300872 41.2885704
v 2.0219772 8.1664457 41.4669228
v 3.0570824 7.8317552 41.3040123
v 2.0274954 8.1686087 41.4826279
v 3.0623999 7.8334265 41.3194504
v 2.0330200 8.1707726 41.4983292
v 3.0677233 7.8350983 41.3348923
v 2.0385509 8.1729393 41.5140266
v 3.0730524 7.8367734 41.3503227
v 2.0440876 8.1751060 41.5297203
v 3.0783875 7.8384490 41.3657494
v 2.0496311 8.1772757 41.5454102
v 3.0837288 7.8401265 41.3811798
v 2.0551803 8.1794462 41.5611000
v 3.0890753 7.8418055 41.3966026
v 2.0607364 8.1816196 41.5767899
v 3.0944283 7.8434868 41.4120255
v 2.0662982 8.1837950 41.5924721
v 3.0997870 7.8451700 41.4274406
v 2.0718665 8.1859713 41.6081543
v 3.1051517 7.8468547 41.4428558
v 2.0774412 8.1881485 41.6238289
v 3.1105218 7.8485408 41.4582710
v 2.0830219 8.1903286 41.6395073
v 3.1158984 7.8502288 41.4736824
v 2.0886087 8.1925106 41.6551819
v 3.1212807 7.8519187 41.4890900
v 2.0942025 8.1946945 41.6708527
v 3.1266694 7.8536110 41.5044937
v 2.0998020 8.1968794 41.6865196
v 3.1320634 7.8553038 41.5198936
v 2.1054084 8.1990671 41.7021828
v 3.1374638 7.8569994 41.5352974
v 2.1110206 8.2012558 41.7178421
v 3.1428695 7.8586960 41.5506897
v 2.1166394 8.2034454 41.7335014
v 3.1482818 7.8603935 41.5660820
v 2.1222644 8.2056389 41.7491570
v 3.1536999 7.8620949 41.5814705
v 2.1278958 8.2078323 41.7648087
v 3.1591239 7.8637962 41.5968552
v 2.1335330 8.2100277 41.7804604
v 3.1645536 7.8654995 41.6122398
v 2.1391771 8.2122259 41.7961006
v 3.1699898 7.8672056 41.6276207
v 2.1448271 8.2144241 41.8117447
v 3.1754315 7.8689117 41.6429977
v 2.1504836 8.2166252 41.8273888
v 3.1808791 7.8706207 41.6583748
v 2.1561470 8.2188282 41.8430252
v 3.1863332 7.8723316 41.6737442
v 2.1618161 8.2210321 41.8586617
v 3.1917930 7.8740435 41.6891136
v 2.1674919 8.2232380 41.8742905
v 3.1972589 7.8757572 41.7044754
v 2.1731741 8.2254467 41.8899231
v 3.2027309 7.8774734 41.7198410
v 2.1788623 8.2276554 41.9055481
v 3.2082088 7.8791900 41.7351990
v 2.1845570 8.2298679 41.9211693
v 3.2136922 7.8809094 41.7505531
v 2.1902583 8.2320805 41.9367905
v 3.2191823 7.8826299 41.7659073
v 2.1959653 8.2342949 41.9524040
v 3.2246780 7.8843517 41.7812614
v 2.2016792 8.2365103 41.9680176
v 3.2301798 7.8860750 41.7966080
v 2.2073994 8.2387285 41.9836311
v 3.2356873 7.8878012 41.8119545
v 2.2131262 8.2409487 41.9992409
v 3.2412014 7.8895288 41.8272972
v 2.2188590 8.2431707 42.0148430
v 3.2467210 7.8912578 41.8426323
v 2.2245982 8.2453938 42.0304451
v 3.2522466 7.8929887 41.8579674
v 2.2303438 8.2476177 42.0460434
v 3.2577786 7.8947201 41.8732986
v 2.2360959 8.2498436 42.0616417
v 3.2633166 7.8964539 41.8886299
v 2.2418542 8.2520704 42.0772324
v 3.2688603 7.8981881 41.9039536
v 2.2476192 8.2543020 42.0928268
v 3.2744102 7.8999267 41.9192810
v 2.2533903 8.2565327 42.1084137
v 3.2799664 7.9016647 41.9346008
v 2.2591679 8.2587652 42.1239967
v 3.2855279 7.9034052 41.9499168
v 2.2649517 8.2609997 42.1395760
v 3.2910957 7.9051461 41.9652290
v 2.2707424 8.2632360 42.1551552
v 3.2966700 7.9068899 41.9805412
v 2.2765393 8.2654734 42.1707306
v 3.3022499 7.9086351 41.9958496
v 2.2823424 8.2677135 42.1863022
v 3.3078361 7.9103827 42.0111542
v 2.2881522 8.2699547 42.2018661
v 3.3134284 7.9121304 42.0264511
v 2.2939680 8.2721968 42.2174339
v 3.3190262 7.9138803 42.0417519
v 2.2997906 8.2744427 42.2329941
v 3.3246305 7.9156327 42.0570450
v 2.3056195 8.2766886 42.2485542
v 3.3302410 7.9173861 42.0723381
v 2.3114548 8.2789354 42.2641106
v 3.3358569 7.9191403 42.0876274
v 2.3172965 8.2811852 42.2796669
v 3.3414798 7.9208970 42.1029167
v 2.3231449 8.2834358 42.2952194
v 3.3471084 7.9226551 42.1181946
v 2.3289998 8.2856884 42.3107643
v 3.3527429 7.9244142 42.1334724
v 2.3348606 8.2879429 42.3263092
v 3.3583834 7.9261761 42.1487503
v 2.3407283 8.2901974 42.3418503
v 3.3640299 7.9279380 42.1640244
v 2.3466020 8.2924557 42.3573875
v 3.3696828 7.9297028 42.1792946
v 2.3524826 8.2947140 42.3729248
v 3.3753417 7.9314685 42.1945648
v 2.3583694 8.2969751 42.3884544
v 3.3810067 7.9332361 42.2098274
v 2.3642633 8.2992373 42.4039841
v 3.3866780 7.9350061 42.2250900
v 2.3701630 8.3015013 42.4195061
v 3.3923550 7.9367762 42.2403450
v 2.3760695 8.3037653 42.4350319
v 3.3980384 7.9385476 42.2556038
v 2.3819823 8.3060322 42.4505539
v 3.4037280 7.9403210 42.2708511
v 2.3879013 8.3083010 42.4660683
v 3.4094229 7.9420972 42.2860985
v 2.3938274 8.3105707 42.4815788
v 3.4151249 7.9438734 42.3013420
v 2.3997595 8.3128424 42.4970894
v 3.4208324 7.9456525 42.3165855
v 2.4056978 8.3151150 42.5125961
v 3.4265461 7.9474316 42.3318253
v 2.4116433 8.3173904 42.5280991
v 3.4322660 7.9492135 42.3470612
v 2.4175949 8.3196659 42.5435982
v 3.4379921 7.9509964 42.3622932
v 2.4235535 8.3219442 42.5590973
v 3.4437242 7.9527812 42.3775177
v 2.4295177 8.3242235 42.5745926
v 3.4494624 7.9545674 42.3927460
v 2.4354889 8.3265047 42.5900841
v 3.4552066 7.9563551 42.4079704
v 2.4414661 8.3287868 42.6055717
v 3.4609568 7.9581437 42.4231911
v 2.4474502 8.3310709 42.6210556
v 3.4667134 7.9599352 42.4384079
v 2.4534407 8.3333559 42.6365356
v 3.4724760 7.9617262 42.4536209
v 2.4594383 8.3356438 42.6520157
v 3.4782453 7.9635205 42.4688263
v 2.4654422 8.3379316 42.6674881
v 3.4840202 7.9653158 42.4840317
v 2.4714525 8.3402224 42.6829605
v 3.4898016 7.9671125 42.4992371
v 2.4774690 8.3425140 42.6984291
v 3.4955888 7.9689107 42.5144386
v 2.4834921 8.3448067 42.7138977
v 3.5013821 7.9707108 42.5296326
v 2.4895222 8.3471012 42.7293587
v 3.5071819 7.9725113 42.5448265
v 2.4955585 8.3493977 42.7448158
v 3.5129874 7.9743142 42.5600166
v 2.5016012 8.3516941 42.7602730
v 3.5187993 7.9761176 42.5752068
v 2.5076509 8.3539934 42.7757225
v 3.5246177 7.9779234 42.5903893
v 2.5137067 8.3562946 42.7911720
v 3.5304418 7.9797306 42.6055641
v 2.5197690 8.3585968 42.8066177
v 3.5362723 7.9815392 42.6207428
v 2.5258379 8.3608990 42.8220596
v 3.5421085 7.9833484 42.6359177
v 2.5319138 8.3632050 42.8374977
v 3.5479517 7.9851608 42.6510887
v 2.5379958 8.3655109 42.8529396
v 3.5538006 7.9869728 42.6662560
v 2.5440845 8.3678188 42.8683701
v 3.5596557 7.9887872 42.6814194
v 2.5501800 8.3701286 42.8838005
v 3.5655169 7.9906030 42.6965828
v 2.5562818 8.3724394 42.8992271
v 3.5713847 7.9924207 42.7117348
v 2.5623899 8.3747520 42.9146500
v 3.5772581 7.9942398 42.7268906
v 2.5685053 8.3770657 42.9300690
v 3.5831380 7.9960594 42.7420425
v 2.5746264 8.3793812 42.9454842
v 3.5890241 7.9978809 42.7571907
v 2.5807550 8.3816977 42.9608955
v 3.5949166 7.9997039 42.7723274
v 2.5868895 8.3840151 42.9763069
v 3.6008151 8.0015287 42.7874718
v 2.5930309 8.3863354 42.9917107
v 3.6067200 8.0033550 42.8026085
v 2.5991788 8.3886566 43.0071144
v 3.6126308 8.0051823 42.8177376
v 2.6053333 8.3909788 43.0225143
v 3.6185479 8.0070105 42.8328705
v 2.6114941 8.3933029 43.0379105
v 3.6244707 8.0088406 42.8479996
v 2.6176622 8.3956289 43.0533066
v 3.6304009 8.0106726 42.8631210
v 2.6238365 8.3979559 43.0686951
v 3.6363363 8.0125055 42.8782425
v 2.6300173 8.4002838 43.0840797
v 3.6422787 8.0143394 42.8933601
v 2.6362047 8.4026136 43.0994682
v 3.6482267 8.0161753 42.9084740
v 2.6423991 8.4049454 43.1148453
v 3.6541812 8.0180130 42.9235840
v 2.6485994 8.4072762 43.1302185
v 3.6601417 8.0198517 42.9386902
v 2.6548066 8.4096107 43.1455956
v 3.6661086 8.0216923 42.9537926
v 2.6610208 8.4119453 43.1609650
v 3.6720819 8.0235329 42.9688950
v 2.6672413 8.4142828 43.1763306
v 3.6780612 8.0253763 42.9839935
v 2.6734686 8.4166203 43.1916962
v 3.6840467 8.0272198 42.9990845
v 2.6797025 8.4189596 43.2070541
v 3.6900389 8.0290651 43.0141754
v 2.6859431 8.4213009 43.2224083
v 3.6960368 8.0309124 43.0292625
v 2.6921897 8.4236431 43.2377663
v 3.7020411 8.0327606 43.0443459
v 2.6984434 8.4259863 43.2531128
v 3.7080517 8.0346098 43.0594254
v 2.7047043 8.4283314 43.2684593
v 3.7140689 8.0364609 43.0744972
v 2.7109711 8.4306774 43.2838020
v 3.7200921 8.0383129 43.0895729
v 2.7172446 8.4330254 43.2991409
v 3.7261214 8.0401669 43.1046448
v 2.7235250 8.4353743 43.3144760
v 3.7321572 8.0420218 43.1197052
v 2.7298121 8.4377251 43.3298111
v 3.7381988 8.0438786 43.1347733
v 2.7361054 8.4400768 43.3451424
v 3.7442470 8.0457363 43.1498299
v 2.7424059 8.4424295 43.3604660
v 3.7503018 8.0475950 43.1648865
v 2.7487130 8.4447851 43.3757858
v 3.7563624 8.0494547 43.1799393
v 2.7550266 8.4471407 43.3911057
v 3.7624295 8.0513163 43.1949844
v 2.7613468 8.4494982 43.4064217
v 3.7685027 8.0531797 43.2100334
v 2.7676740 8.4518557 43.4217377
v 3.7745824 8.0550432 43.2250748
v 2.7740076 8.4542170 43.4370422
v 3.7806685 8.0569105 43.2401123
v 2.7803478 8.4565773 43.4523506
v 3.7867603 8.0587769 43.2551460
v 2.7866945 8.4589396 43.4676476
v 3.7928591 8.0606451 43.2701759
v 2.7930484 8.4613037 43.4829445
v 3.7989640 8.0625153 43.2852058
v 2.7994089 8.4636679 43.4982414
v 3.8050747 8.0643854 43.3002281
v 2.8057759 8.4660349 43.5135269
v 3.8111923 8.0662584 43.3152466
v 2.8121493 8.4684038 43.5288200
v 3.8173158 8.0681314 43.3302650
v 2.8185296 8.4707718 43.5441017
v 3.8234458 8.0700054 43.3452797
v 2.8249168 8.4731426 43.5593796
v 3.8295822 8.0718822 43.3602829
v 2.8313112 8.4755144 43.5746574
v 3.8357248 8.0737600 43.3752937
v 2.8377116 8.4778862 43.5899353
v 3.8418739 8.0756378 43.3902969
v 2.8441186 8.4802599 43.6052017
v 3.8480291 8.0775175 43.4052963
v 2.8505328 8.4826355 43.6204720
v 3.8541906 8.0793991 43.4202919
v 2.8569536 8.4850130 43.6357307
v 3.8603587 8.0812807 43.4352837
v 2.8633809 8.4873915 43.6509895
v 3.8665328 8.0831652 43.4502754
v 2.8698149 8.4897699 43.6662445
v 3.8727131 8.0850496 43.4652557
v 2.8762560 8.4921503 43.6814957
v 3.8789005 8.0869360 43.4802399
v 2.8827031 8.4945326 43.6967468
v 3.8850935 8.0888243 43.4952164
v 2.8891578 8.4969168 43.7119904
v 3.8912930 8.0907125 43.5101929
v 2.8956184 8.4993010 43.7272339
v 3.8974991 8.0926027 43.5251617
v 2.9020863 8.5016861 43.7424698
v 3.9037113 8.0944939 43.5401306
v 2.9085610 8.5040731 43.7577057
v 3.9099300 8.0963869 43.5550919
v 2.9150419 8.5064611 43.7729378
v 3.9161549 8.0982809 43.5700569
v 2.9215302 8.5088501 43.7881660
v 3.9223862 8.1001740 43.5850105
v 2.9280248 8.5112410 43.8033867
v 3.9286237 8.1020708 43.5999641
v 2.9345264 8.5136328 43.8186073
v 3.9348679 8.1039686 43.6149101
v 2.9410346 8.5160255 43.8338242
v 3.9411180 8.1058674 43.6298599
v 2.9475498 8.5184212 43.8490410
v 3.9473753 8.1077671 43.6448021
v 2.9540713 8.5208158 43.8642464
v 3.9536378 8.1096678 43.6597404
v 2.9605999 8.5232124 43.8794518
v 3.9599075 8.1115704 43.6746712
v 2.9671352 8.5256100 43.8946533
v 3.9661834 8.1134739 43.6896057
v 2.9736769 8.5280104 43.9098511
v 3.9724653 8.1153784 43.7045288
v 2.9802258 8.5304098 43.9250488
v 3.9787538 8.1172838 43.7194519
v 2.9867818 8.5328121 43.9402390
v 3.9850495 8.1191921 43.7343750
v 2.9933441 8.5352144 43.9554291
v 3.9913504 8.1211004 43.7492905
v 2.9999130 8.5376196 43.9706116
v 3.9976580 8.1230097 43.7642059
v 3.0064888 8.5400238 43.9857903
v 4.0039721 8.1249199 43.7791100
v 3.0130718 8.5424299 44.0009651
v 4.0102930 8.1268320 43.7940178
v 3.0196609 8.5448380 44.0161400
v 4.0166197 8.1287441 43.8089180
v 3.0262575 8.5472469 44.0313072
v 4.0229530 8.1306591 43.8238182
v 3.0328608 8.5496559 44.0464745
v 4.0292931 8.1325741 43.8387108
v 3.0394704 8.5520678 44.0616341
v 4.0356388 8.1344900 43.8536034
v 3.0460875 8.5544796 44.0767937
v 4.0419917 8.1364079 43.8684883
v 3.0527108 8.5568924 44.0919456
v 4.0483503 8.1383266 43.8833733
v 3.0593412 8.5593071 44.1071014
v 4.0547161 8.1402454 43.8982544
v 3.0659781 8.5617228 44.1222496
v 4.0610876 8.1421671 43.9131279
v 3.0726223 8.5641394 44.1373901
v 4.0674658 8.1440897 43.9280014
v 3.0792727 8.5665579 44.1525307
v 4.0738502 8.1460123 43.9428673
v 3.0859306 8.5689774 44.1676674
v 4.0802417 8.1479378 43.9577370
v 3.0925946 8.5713968 44.1828003
v 4.0866389 8.1498632 43.9725952
v 3.0992661 8.5738192 44.1979294
v 4.0930429 8.1517897 43.9874573
v 3.1059439 8.5762405 44.2130547
v 4.0994530 8.1537170 44.0023079
v 3.1126289 8.5786648 44.2281799
v 4.1058698 8.1556473 44.0171585
v 3.1193206 8.5810900 44.2432938
v 4.1122928 8.1575766 44.0320053
v 3.1260190 8.5835161 44.2584114
v 4.1187224 8.1595087 44.0468483
v 3.1327245 8.5859423 44.2735176
v 4.1251583 8.1614408 44.0616875
v 3.1394367 8.5883703 44.2886276
v 4.1316009 8.1633730 44.0765228
v 3.1461558 8.5907993 44.3037262
v 4.1380501 8.1653080 44.0913544
v 3.1528814 8.5932302 44.3188286
v 4.1445050 8.1672430 44.1061821
v 3.1596143 8.5956621 44.3339233
v 4.1509671 8.1691809 44.1210022
v 3.1663537 8.5980940 44.3490105
v 4.1574349 8.1711187 44.1358223
v 3.1731005 8.6005278 44.3641014
v 4.1639099 8.1730566 44.1506386
v 3.1798539 8.6029615 44.3791809
v 4.1703911 8.1749964 44.1654510
v 3.1866138 8.6053982 44.3942642
v 4.1768789 8.1769371 44.1802597
v 3.1933806 8.6078348 44.4093361
v 4.1833725 8.1788797 44.1950645
v 3.2001548 8.6102724 44.4244118
v 4.1898732 8.1808233 44.2098656
v 3.2069354 8.6127110 44.4394798
v 4.1963801 8.1827660 44.2246590
v 3.2137229 8.6151514 44.4545441
v 4.2028937 8.1847124 44.2394562
v 3.2205172 8.6175928 44.4696045
v 4.2094135 8.1866579 44.2542419
v 3.2273185 8.6200352 44.4846611
v 4.2159395 8.1886063 44.2690315
v 3.2341268 8.6224775 44.4997139
v 4.2224727 8.1905546 44.2838097
v 3.2409420 8.6249228 44.5147667
v 4.2290120 8.1925039 44.2985878
v 3.2477636 8.6273680 44.5298080
v 4.2355576 8.1944551 44.3133621
v 3.2545927 8.6298141 44.5448494
v 4.2421103 8.1964054 44.3281288
v 3.2614284 8.6322613 44.5598869
v 4.2486687 8.1983585 44.3428993
v 3.2682705 8.6347094 44.5749207
v 4.2552338 8.2003126 44.3576584
v 3.2751205 8.6371593 44.5899544
v 4.2618060 8.2022667 44.3724174
v 3.2819767 8.6396093 44.6049767
v 4.2683840 8.2042227 44.3871727
v 3.2888396 8.6420612 44.6199989
v 4.2749681 8.2061787 44.4019203
v 3.2957098 8.6445131 44.6350136
v 4.2815595 8.2081366 44.4166679
v 3.3025868 8.6469660 44.6500320
v 4.2881570 8.2100954 44.4314117
v 3.3094709 8.6494217 44.6650429
v 4.2947617 8.2120552 44.4461479
v 3.3163617 8.6518755 44.6800461
v 4.3013721 8.2140150 44.4608841
v 3.3232596 8.6543322 44.6950531
v 4.3079891 8.2159758 44.4756165
v 3.3301642 8.6567898 44.7100487
v 4.3146129 8.2179394 44.4903450
v 3.3370762 8.6592484 44.7250481
v 4.3212433 8.2199039 44.5050697
v 3.3439941 8.6617079 44.7400398
v 4.3278799 8.2218676 44.5197868
v 3.3509195 8.6641684 44.7550240
v 4.3345227 8.2238340 44.5345039
v 3.3578522 8.6666298 44.7700081
v 4.3411727 8.2257996 44.5492134
v 3.3647916 8.6690912 44.7849846
v 4.3478293 8.2277670 44.5639229
v 3.3717375 8.6715555 44.7999649
v 4.3544917 8.2297354 44.5786285
v 3.3786907 8.6740198 44.8149376
v 4.3611612 8.2317057 44.5933266
v 3.3856506 8.6764841 44.8298988
v 4.3678370 8.2336760 44.6080208
v 3.3926175 8.6789513 44.8448639
v 4.3745189 8.2356472 44.6227112
v 3.3995917 8.6814175 44.8598251
v 4.3812079 8.2376194 44.6373978
v 3.4065723 8.6838865 44.8747787
v 4.3879032 8.2395926 44.6520844
v 3.4135604 8.6863546 44.8897324
v 4.3946052 8.2415667 44.6667633
v 3.4205546 8.6888256 44.9046745
v 4.4013133 8.2435417 44.6814384
v 3.4275568 8.6912956 44.9196167
v 4.4080286 8.2455177 44.6961060
v 3.4345648 8.6937666 44.9345627
v 4.4147496 8.2474947 44.7107773
v 3.4415810 8.6962404 44.9494934
v 4.4214783 8.2494726 44.7254410
v 3.4486032 8.6987133 44.9644279
v 4.4282126 8.2514515 44.7401009
v 3.4556329 8.7011890 44.9793510
v 4.4349542 8.2534313 44.7547569
v 3.4626694 8.7036638 44.9942780
v 4.4417019 8.2554121 44.7694092
v 3.4697125 8.7061405 45.0091972
v 4.4484558 8.2573929 44.7840538
v 3.4767632 8.7086172 45.0241089
v 4.4552169 8.2593756 44.7986984
v 3.4838204 8.7110949 45.0390244
v 4.4619842 8.2613592 44.8133392
v 3.4908850 8.7135744 45.0539284
v 4.4687581 8.2633429 44.8279762
v 3.4979563 8.7160540 45.0688324
v 4.4755387 8.2653284 44.8426056
v 3.5050347 8.7185354 45.0837326
v 4.4823260 8.2673140 44.8572311
v 3.5121200 8.7210169 45.0986214
v 4.4891195 8.2693014 44.8718529
v 3.5192122 8.7234993 45.1135178
v 4.4959197 8.2712898 44.8864746
v 3.5263116 8.7259827 45.1284027
v 4.5027266 8.2732773 44.9010925
v 3.5334175 8.7284670 45.1432877
v 4.5095396 8.2752676 44.9157028
v 3.5405312 8.7309523 45.1581650
v 4.5163603 8.2772570 44.9303055
v 3.5476513 8.7334385 45.1730385
v 4.5231867 8.2792492 44.9449120
v 3.5547788 8.7359247 45.1879082
v 4.5300202 8.2812414 44.9595070
v 3.5619125 8.7384129 45.2027779
v 4.5368595 8.2832336 44.9741020
v 3.5690539 8.7409019 45.2176399
v 4.5437059 8.2852287 44.9886971
v 3.5762019 8.7433910 45.2324982
v 4.5505586 8.2872219 45.0032806
v 3.5833573 8.7458811 45.2473526
v 4.5574183 8.2892179 45.0178680
v 3.5905192 8.7483730 45.2622032
v 4.5642838 8.2912140 45.0324440
v 3.5976887 8.7508640 45.2770500
v 4.5711565 8.2932110 45.0470161
v 3.6048646 8.7533560 45.2918892
v 4.5780358 8.2952089 45.0615883
v 3.6120481 8.7558508 45.3067322
v 4.5849218 8.2972078 45.0761566
v 3.6192384 8.7583447 45.3215637
v 4.5918145 8.2992077 45.0907211
v 3.6264358 8.7608395 45.3363953
v 4.5987134 8.3012085 45.1052780
v 3.6336393 8.7633362 45.3512192
v 4.6056185 8.3032093 45.1198273
v 3.6408510 8.7658329 45.3660393
v 4.6125307 8.3052120 45.1343803
v 3.6480694 8.7683306 45.3808556
v 4.6194496 8.3072138 45.1489220
v 3.6552944 8.7708292 45.3956642
v 4.6263752 8.3092184 45.1634636
v 3.6625271 8.7733269 45.4104767
v 4.6333075 8.3112221 45.1780014
v 3.6697662 8.7758284 45.4252777
v 4.6402459 8.3132277 45.1925354
v 3.6770129 8.7783279 45.4400826
v 4.6471915 8.3152332 45.2070656
v 3.6842663 8.7808304 45.4548798
v 4.6541433 8.3172398 45.2215881
v 3.6915269 8.7833328 45.4696693
v 4.6611018 8.3192482 45.2361107
v 3.6987944 8.7858353 45.4844551
v 4.6680670 8.3212566 45.2506218
v 3.7060688 8.7883396 45.4992371
v 4.6750383 8.3232651 45.2651367
v 3.7133510 8.7908440 45.5140190
v 4.6820173 8.3252754 45.2796440
v 3.7206392 8.7933483 45.5287971
v 4.6890020 8.3272858 45.2941475
v 3.7279353 8.7958555 45.5435677
v 4.6959939 8.3292971 45.3086510
v 3.7352381 8.7983627 45.5583344
v 4.7029924 8.3313103 45.3231430
v 3.7425475 8.8008690 45.5730972
v 4.7099967 8.3333225 45.3376389
v 3.7498646 8.8033781 45.5878563
v 4.7170086 8.3353357 45.3521233
v 3.7571886 8.8058872 45.6026039
v 4.7240272 8.3373508 45.3666039
v 3.7645190 8.8083963 45.6173553
v 4.7310514 8.3393660 45.3810806
v 3.7718573 8.8109064 45.6320992
v 4.7380829 8.3413801 45.3955498
v 3.7792025 8.8134184 45.6468430
v 4.7451210 8.3433981 45.4100266
v 3.7865543 8.8159304 45.6615829
v 4.7521658 8.3454161 45.4244919
v 3.7939134 8.8184433 45.6763115
v 4.7592168 8.3474331 45.4389534
v 3.8012795 8.8209553 45.6910439
v 4.7662749 8.3494511 45.4534111
v 3.8086534 8.8234692 45.7057648
v 4.7733397 8.3514709 45.4678650
v 3.8160338 8.8259830 45.7204857
v 4.7804112 8.3534908 45.4823112
v 3.8234212 8.8284998 45.7351990
v 4.7874889 8.3555117 45.4967575
v 3.8308156 8.8310156 45.7499084
v 4.7945738 8.3575335 45.5111923
v 3.8382177 8.8335323 45.7646179
v 4.8016653 8.3595562 45.5256271
v 3.8456259 8.8360500 45.7793159
v 4.8087626 8.3615780 45.5400581
v 3.8530416 8.8385687 45.7940178
v 4.8158674 8.3636026 45.5544853
v 3.8604646 8.8410873 45.8087082
v 4.8229785 8.3656273 45.5689087
v 3.8678946 8.8436060 45.8234024
v 4.8300967 8.3676519 45.5833282
v 3.8753316 8.8461266 45.8380852
v 4.8372211 8.3696766 45.5977440
v 3.8827760 8.8486471 45.8527679
v 4.8443527 8.3717031 45.6121521
v 3.8902273 8.8511686 45.8674431
v 4.8514910 8.3737307 45.6265602
v 3.8976855 8.8536901 45.8821144
v 4.8586354 8.3757582 45.6409569
v 3.9051516 8.8562126 45.8967819
v 4.8657870 8.3777847 45.6553574
v 3.9126241 8.8587370 45.9114456
v 4.8729453 8.3798151 45.6697464
v 3.9201045 8.8612614 45.9261017
v 4.8801103 8.3818455 45.6841354
v 3.9275911 8.8637857 45.9407539
v 4.8872819 8.3838758 45.6985130
v 3.9350851 8.8663101 45.9554062
v 4.8944597 8.3859062 45.7128983
v 3.9425859 8.8688374 45.9700546
v 4.9016447 8.3879375 45.7272720
v 3.9500940 8.8713636 45.9846954
v 4.9088359 8.3899698 45.7416458
v 3.9576097 8.8738899 45.9993362
v 4.9160342 8.3920021 45.7560120
v 3.9651318 8.8764181 46.0139656
v 4.9232388 8.3940363 45.7703743
v 3.9726613 8.8789454 46.0285950
v 4.9304504 8.3960695 45.7847290
v 3.9801979 8.8814754 46.0432167
v 4.9376688 8.3981037 45.7990837
v 3.9877417 8.8840046 46.0578384
v 4.9448938 8.4001389 45.8134308
v 3.9952922 8.8865347 46.0724525
v 4.9521251 8.4021749 45.8277779
v 4.0028501 8.8890648 46.0870628
v 4.9593635 8.4042110 45.8421135
v 4.0104156 8.8915958 46.1016655
v 4.9666085 8.4062481 45.8564491
v 4.0179877 8.8941278 46.1162682
v 4.9738603 8.4082861 45.8707771
v 4.0255671 8.8966599 46.1308632
v 4.9811182 8.4103241 45.8851051
v 4.0331535 8.8991928 46.1454544
v 4.9883833 8.4123611 45.8994217
v 4.0407472 8.9017267 46.1600418
v 4.9956555 8.4144011 45.9137421
v 4.0483479 8.9042606 46.1746292
v 5.0029340 8.4164410 45.9280548
v 4.0559559 8.9067955 46.1892090
v 5.0102196 8.4184818 45.9423676
v 4.0635705 8.9093304 46.2037849
v 5.0175109 8.4205227 45.9566689
v 4.0711927 8.9118662 46.2183571
v 5.0248098 8.4225645 45.9709740
v 4.0788221 8.9144030 46.2329216
v 5.0321150 8.4246073 45.9852715
v 4.0864582 8.9169397 46.2474861
v 5.0394268 8.4266500 45.9995613
v 4.0941019 8.9194765 46.2620392
v 5.0467453 8.4286928 46.0138474
v 4.1017523 8.9220142 46.2765961
v 5.0540714 8.4307365 46.0281296
v 4.1094103 8.9245529 46.2911415
v 5.0614033 8.4327812 46.0424080
v 4.1170759 8.9270906 46.3056870
v 5.0687428 8.4348249 46.0566788
v 4.1247478 8.9296303 46.3202248
v 5.0760884 8.4368706 46.0709496
v 4.1324272 8.9321699 46.3347588
v 5.0834408 8.4389162 46.0852089
v 4.1401134 8.9347105 46.3492889
v 5.0907998 8.4409628 46.0994720
v 4.1478076 8.9372520 46.3638115
v 5.0981660 8.4430084 46.1137276
v 4.1555085 8.9397926 46.3783340
v 5.1055388 8.4450569 46.1279755
v 4.1632166 8.9423351 46.3928452
v 5.1129179 8.4471054 46.1422195
v 4.1709318 8.9448776 46.4073601
v 5.1203041 8.4491539 46.1564598
v 4.1786537 8.9474192 46.4218636
v 5.1276970 8.4512014 46.1706963
v 4.1863837 8.9499626 46.4363632
v 5.1350970 8.4532509 46.1849289
v 4.1941209 8.9525070 46.4508629
v 5.1425033 8.4553013 46.1991539
v 4.2018652 8.9550514 46.4653511
v 5.1499166 8.4573517 46.2133751
v 4.2096157 8.9575968 46.4798393
v 5.1573362 8.4594030 46.2275963
v 4.2173738 8.9601421 46.4943237
v 5.1647625 8.4614544 46.2418060
v 4.2251391 8.9626875 46.5088005
v 5.1721959 8.4635057 46.2560158
v 4.2329121 8.9652328 46.5232735
v 5.1796360 8.4655571 46.2702141
v 4.2406917 8.9677801 46.5377426
v 5.1870828 8.4676104 46.2844162
v 4.2484779 8.9703264 46.5522041
v 5.1945362 8.4696627 46.2986107
v 4.2562728 8.9728746 46.5666656
v 5.2019973 8.4717169 46.3127975
v 4.2640738 8.9754210 46.5811195
v 5.2094636 8.4737711 46.3269844
v 4.2718830 8.9779701 46.5955658
v 5.2169380 8.4758263 46.3411636
v 4.2796979 8.9805183 46.6100159
v 5.2244182 8.4778805 46.3553391
v 4.2875209 8.9830675 46.6244545
v 5.2319055 8.4799356 46.3695107
v 4.2953515 8.9856176 46.6388893
v 5.2394004 8.4819918 46.3836784
v 4.3031883 8.9881668 46.6533203
v 5.2469006 8.4840469 46.3978348
v 4.3110328 8.9907169 46.6677475
v 5.2544084 8.4861050 46.4119949
v 4.3188853 8.9932680 46.6821671
v 5.2619233 8.4881620 46.4261475
v 4.3267441 8.9958191 46.6965866
v 5.2694445 8.4902191 46.4402924
v 4.3346105 8.9983702 46.7109985
v 5.2769723 8.4922762 46.4544373
v 4.3424840 9.0009212 46.7254028
v 5.2845073 8.4943352 46.4685745
v 4.3503637 9.0034733 46.7398071
v 5.2920485 8.4963932 46.4827118
v 4.3582516 9.0060263 46.7542076
v 5.2995968 8.4984522 46.4968376
v 4.3661461 9.0085793 46.7686005
v 5.3071518 8.5005112 46.5109634
v 4.3740482 9.0111313 46.7829857
v 5.3147135 8.5025711 46.5250816
v 4.3819580 9.0136852 46.7973747
v 5.3222818 8.5046310 46.5391960
v 4.3898745 9.0162401 46.8117523
v 5.3298578 8.5066919 46.5533066
v 4.3977981 9.0187931 46.8261261
v 5.3374391 8.5087528 46.5674133
v 4.4057293 9.0213480 46.8404961
v 5.3450289 8.5108137 46.5815163
v 4.4136677 9.0239029 46.8548622
v 5.3526239 8.5128746 46.5956078
v 4.4216127 9.0264578 46.8692245
v 5.3602266 8.5149374 46.6097031
v 4.4295650 9.0290136 46.8835793
v 5.3678355 8.5169992 46.6237907
v 4.4375257 9.0315704 46.8979301
v 5.3754520 8.5190620 46.6378746
v 4.4454927 9.0341263 46.9122734
v 5.3830748 8.5211258 46.6519508
v 4.4534674 9.0366831 46.9266205
v 5.3907051 8.5231886 46.6660233
v 4.4614491 9.0392389 46.9409561
v 5.3983417 8.5252523 46.6800919
v 4.4694371 9.0417967 46.9552879
v 5.4059844 8.5273161 46.6941566
v 4.4774337 9.0443535 46.9696159
v 5.4136348 8.5293808 46.7082176
v 4.4854374 9.0469122 46.9839363
v 5.4212914 8.5314455 46.7222710
v 4.4934473 9.0494699 46.9982605
v 5.4289551 8.5335112 46.7363205
v 4.5014653 9.0520287 47.0125732
v 5.4366260 8.5355759 46.7503662
v 4.5094905 9.0545864 47.0268822
v 5.4443030 8.5376415 46.7644081
v 4.5175228 9.0571461 47.0411835
v 5.4519873 8.5397072 46.7784424
v 4.5255628 9.0597048 47.0554848
v 5.4596782 8.5417738 46.7924767
v 4.5336089 9.0622644 47.0697823
v 5.4673753 8.5438395 46.8064995
v 4.5416627 9.0648232 47.0840721
v 5.4750800 8.5459061 46.8205223
v 4.5497241 9.0673838 47.0983582
v 5.4827914 8.5479727 46.8345413
v 4.5577927 9.0699434 47.1126404
v 5.4905090 8.5500402 46.8485565
v 4.5658689 9.0725060 47.1269150
v 5.4982352 8.5521088 46.8625641
v 4.5739517 9.0750656 47.1411858
v 5.5059662 8.5541763 46.8765678
v 4.5820422 9.0776262 47.1554489
v 5.5137048 8.5562449 46.8905640
v 4.5901394 9.0801878 47.1697083
v 5.5214500 8.5583124 46.9045563
v 4.5982442 9.0827494 47.1839638
v 5.5292020 8.5603819 46.9185448
v 4.6063561 9.0853100 47.1982155
v 5.5369611 8.5624504 46.9325218
v 4.6144753 9.0878725 47.2124596
v 5.5447273 8.5645189 46.9464989
v 4.6226015 9.0904350 47.2266998
v 5.5524998 8.5665894 46.9604721
v 4.6307359 9.0929966 47.2409325
v 5.5602794 8.5686588 46.9744377
v 4.6388764 9.0955601 47.2551651
v 5.5680652 8.5707283 46.9884033
v 4.6470251 9.0981226 47.2693901
v 5.5758581 8.5727987 47.0023613
v 4.6551809 9.1006842 47.2836113
v 5.5836582 8.5748682 47.0163155
v 4.6633434 9.1032476 47.2978287
v 5.5914650 8.5769396 47.0302658
v 4.6715136 9.1058111 47.3120384
v 5.5992785 8.5790110 47.0442085
v 4.6796913 9.1083755 47.3262482
v 5.6070995 8.5810814 47.0581512
v 4.6878762 9.1109390 47.3404503
v 5.6149268 8.5831528 47.0720863
v 4.6960673 9.1135025 47.3546448
v 5.6227603 8.5852242 47.0860138
v 4.7042665 9.1160660 47.3688316
v 5.6306009 8.5872955 47.0999336
v 4.7124739 9.1186304 47.3830185
v 5.6384497 8.5893679 47.1138535
v 4.7206874 9.1211948 47.3971977
v 5.6463037 8.5914402 47.1277657
v 4.7289085 9.1237583 47.4113731
v 5.6541653 8.5935116 47.1416740
v 4.7371368 9.1263237 47.4255447
v 5.6620331 8.5955830 47.1555786
v 4.7453728 9.1288881 47.4397125
v 5.6699085 8.5976553 47.1694794
v 4.7536154 9.1314535 47.4538727
v 5.6777906 8.5997286 47.1833725
v 4.7618651 9.1340170 47.4680290
v 5.6856790 8.6018000 47.1972618
v 4.7701230 9.1365824 47.4821815
v 5.6935744 8.6038733 47.2111473
v 4.7783880 9.1391478 47.4963303
v 5.7014771 8.6059465 47.2250290
v 4.7866597 9.1417131 47.5104713
v 5.7093863 8.6080198 47.2389030
v 4.7949390 9.1442785 47.5246086
v 5.7173023 8.6100931 47.2527733
v 4.8032255 9.1468430 47.5387383
v 5.7252254 8.6121655 47.2666359
v 4.8115196 9.1494083 47.5528603
v 5.7331553 8.6142406 47.2804985
v 4.8198214 9.1519737 47.5669785
v 5.7410917 8.6163139 47.2943497
v 4.8281298 9.1545391 47.5810966
v 5.7490358 8.6183872 47.3082008
v 4.8364458 9.1571054 47.5952072
v 5.7569857 8.6204615 47.3220444
v 4.8447685 9.1596718 47.6093140
v 5.7649431 8.6225357 47.3358841
v 4.8530984 9.1622381 47.6234169
v 5.7729068 8.6246099 47.3497200
v 4.8614364 9.1648045 47.6375160
v 5.7808776 8.6266842 47.3635521
v 4.8697820 9.1673708 47.6516037
v 5.7888560 8.6287603 47.3773727
v 4.8781338 9.1699371 47.6656837
v 5.7968407 8.6308346 47.3911934
v 4.8864932 9.1725035 47.6797638
v 5.8048310 8.6329088 47.4050064
v 4.8948607 9.1750708 47.6938400
v 5.8128304 8.6349840 47.4188156
v 4.9032345 9.1776361 47.7079086
v 5.8208351 8.6370592 47.4326172
v 4.9116158 9.1802025 47.7219772
v 5.8288474 8.6391335 47.4464188
v 4.9200048 9.1827698 47.7360344
v 5.8368664 8.6412086 47.4602165
v 4.9284010 9.1853371 47.7500916
v 5.8448915 8.6432838 47.4740067
v 4.9368052 9.1879025 47.7641373
v 5.8529248 8.6453590 47.4877853
v 4.9452157 9.1904688 47.7781830
v 5.8609643 8.6474333 47.5015640
v 4.9536338 9.1930351 47.7922211
v 5.8690104 8.6495094 47.5153351
v 4.9620590 9.1956024 47.8062515
v 5.8770638 8.6515846 47.5291061
v 4.9704919 9.1981697 47.8202820
v 5.8851237 8.6536598 47.5428696
v 4.9789319 9.2007360 47.8343086
v 5.8931909 8.6557360 47.5566292
v 4.9873791 9.2033033 47.8483238
v 5.9012642 8.6578112 47.5703850
v 4.9958344 9.2058697 47.8623352
v 5.9093456 8.6598873 47.5841293
v 5.0042953 9.2084370 47.8763428
v 5.9174328 8.6619625 47.5978699
v 5.0127649 9.2110033 47.8903465
v 5.9255276 8.6640387 47.6116066
v 5.0212417 9.2135706 47.9043388
v 5.9336286 8.6661139 47.6253395
v 5.0297256 9.2161369 47.9183350
v 5.9417367 8.6681900 47.6390686
v 5.0382161 9.2187023 47.9323235
v 5.9498515 8.6702652 47.6527901
v 5.0467148 9.2212696 47.9463043
v 5.9579735 8.6723404 47.6665115
v 5.0552211 9.2238359 47.9602814
v 5.9661021 8.6744165 47.6802216
v 5.0637341 9.2264023 47.9742508
v 5.9742374 8.6764908 47.6939240
v 5.0722547 9.2289696 47.9882126
v 5.9823804 8.6785679 47.7076263
v 5.0807824 9.2315350 48.0021744
v 5.9905295 8.6806431 47.7213211
v 5.0893173 9.2341022 48.0161285
v 5.9986858 8.6827183 47.7350159
v 5.0978599 9.2366676 48.0300827
v 6.0068488 8.6847935 47.7487030
v 5.1064095 9.2392340 48.0440254
v 6.0150189 8.6868696 47.7623787
v 5.1149669 9.2417994 48.0579643
v 6.0231957 8.6889448 47.7760582
v 5.1235313 9.2443666 48.0718994
v 6.0313797 8.6910200 47.7897263
v 5.1321034 9.2469320 48.0858269
v 6.0395703 8.6930952 47.8033943
v 5.1406822 9.2494974 48.0997505
v 6.0477676 8.6951704 47.8170509
v 5.1492696 9.2520638 48.1136703
v 6.0559726 8.6972466 47.8307114
v 5.1578627 9.2546282 48.1275826
v 6.0641832 8.6993208 47.8443565
v 5.1664639 9.2571936 48.1414871
v 6.0724010 8.7013960 47.8580017
v 5.1750727 9.2597589 48.1553879
v 6.0806265 8.7034712 47.8716354
v 5.1836877 9.2623243 48.1692848
v 6.0888581 8.7055464 47.8852730
v 5.1923118 9.2648897 48.1831779
v 6.0970979 8.7076216 47.8988991
v 5.2009420 9.2674541 48.1970673
v 6.1053429 8.7096958 47.9125290
v 5.2095799 9.2700195 48.2109451
v 6.1135955 8.7117710 47.9261398
v 5.2182250 9.2725849 48.2248192
v 6.1218553 8.7138462 47.9397545
v 5.2268777 9.2751493 48.2386932
v 6.1301217 8.7159204 47.9533615
v 5.2355375 9.2777138 48.2525558
v 6.1383944 8.7179947 47.9669647
v 5.2442045 9.2802782 48.2664185
v 6.1466742 8.7200689 47.9805603
v 5.2528791 9.2828426 48.2802696
v 6.1549616 8.7221432 47.9941521
v 5.2615609 9.2854071 48.2941170
v 6.1632552 8.7242174 48.0077400
v 5.2702503 9.2879715 48.3079605
v 6.1715565 8.7262917 48.0213165
v 5.2789469 9.2905340 48.3218002
v 6.1798639 8.7283659 48.0348969
v 5.2876511 9.2930975 48.3356323
v 6.1881790 8.7304392 48.0484695
v 5.2963624 9.2956610 48.3494606
v 6.1965003 8.7325125 48.0620308
v 5.3050809 9.2982244 48.3632774
v 6.2048287 8.7345858 48.0755882
v 5.3138070 9.3007870 48.3770981
v 6.2131639 8.7366600 48.0891418
v 5.3225403 9.3033504 48.3909073
v 6.2215061 8.7387333 48.1026917
v 5.3312812 9.3059130 48.4047127
v 6.2298551 8.7408056 48.1162376
v 5.3400292 9.3084745 48.4185104
v 6.2382112 8.7428789 48.1297760
v 5.3487840 9.3110371 48.4323044
v 6.2465739 8.7449512 48.1433029
v 5.3575463 9.3135996 48.4460945
v 6.2549434 8.7470236 48.1568336
v 5.3663168 9.3161612 48.4598770
v 6.2633200 8.7490969 48.1703568
v 5.3750939 9.3187227 48.4736595
v 6.2717032 8.7511683 48.1838722
v 5.3838797 9.3212833 48.4874306
v 6.2800941 8.7532406 48.1973839
v 5.3926721 9.3238459 48.5011978
v 6.2884917 8.7553129 48.2108917
v 5.4014707 9.3264055 48.5149574
v 6.2968955 8.7573843 48.2243919
v 5.4102778 9.3289671 48.5287132
v 6.3053069 8.7594557 48.2378883
v 5.4190917 9.3315277 48.5424652
v 6.3137250 8.7615280 48.2513733
v 5.4279137 9.3340864 48.5562096
v 6.3221502 8.7635984 48.2648582
v 5.4367428 9.3366470 48.5699501
v 6.3305817 8.7656689 48.2783394
v 5.4455791 9.3392057 48.5836830
v 6.3390203 8.7677393 48.2918129
v 5.4544220 9.3417645 48.5974083
v 6.3474655 8.7698097 48.3052788
v 5.4632735 9.3443241 48.6111298
v 6.3559184 8.7718792 48.3187408
v 5.4721317 9.3468828 48.6248474
v 6.3643780 8.7739496 48.3321991
v 5.4809976 9.3494415 48.6385651
v 6.3728442 8.7760201 48.3456497
v 5.4898710 9.3519993 48.6522713
v 6.3813171 8.7780895 48.3590965
v 5.4987512 9.3545570 48.6659698
v 6.3897977 8.7801590 48.3725357
v 5.5076394 9.3571157 48.6796646
v 6.3982844 8.7822275 48.3859711
v 5.5165343 9.3596725 48.6933556
v 6.4067788 8.7842960 48.3994026
v 5.5254374 9.3622293 48.7070427
v 6.4152794 8.7863646 48.4128304
v 5.5343475 9.3647852 48.7207184
v 6.4237881 8.7884321 48.4262466
v 5.5432644 9.3673420 48.7343903
v 6.4323015 8.7905006 48.4396591
v 5.5521894 9.3698978 48.7480583
v 6.4408240 8.7925682 48.4530678
v 5.5611210 9.3724527 48.7617188
v 6.4493523 8.7946348 48.4664688
v 5.5700603 9.3750086 48.7753754
v 6.4578872 8.7967024 48.4798660
v 5.5790071 9.3775635 48.7890244
v 6.4664297 8.7987690 48.4932556
v 5.5879617 9.3801184 48.8026695
v 6.4749789 8.8008356 48.5066414
v 5.5969229 9.3826723 48.8163071
v 6.4835348 8.8029013 48.5200195
v 5.6058912 9.3852253 48.8299408
v 6.4920979 8.8049679 48.5333939
v 5.6148677 9.3877792 48.8435707
v 6.5006680 8.8070335 48.5467644
v 5.6238518 9.3903322 48.8571930
v 6.5092449 8.8090982 48.5601273
v 5.6328425 9.3928852 48.8708038
v 6.5178285 8.8111629 48.5734863
v 5.6418409 9.3954372 48.8844147
v 6.5264187 8.8132286 48.5868378
v 5.6508470 9.3979893 48.8980217
v 6.5350165 8.8152924 48.6001854
v 5.6598592 9.4005413 48.9116249
v 6.5436206 8.8173561 48.6135292
v 5.6688805 9.4030914 48.9252167
v 6.5522327 8.8194199 48.6268616
v 5.6779079 9.4056425 48.9388046
v 6.5608511 8.8214827 48.6401901
v 5.6869435 9.4081936 48.9523849
v 6.5694766 8.8235455 48.6535187
v 5.6959867 9.4107428 48.9659615
v 6.5781088 8.8256083 48.6668358
v 5.7050366 9.4132929 48.9795341
v 6.5867476 8.8276701 48.6801491
v 5.7140942 9.4158421 48.9930992
v 6.5953941 8.8297329 48.6934547
v 5.7231588 9.4183912 49.0066643
v 6.6040468 8.8317938 48.7067604
v 5.7322302 9.4209394 49.0202103
v 6.6127062 8.8338556 48.7200546
v 5.7413101 9.4234867 49.0337601
v 6.6213732 8.8359165 48.7333450
v 5.7503967 9.4260349 49.0473061
v 6.6300468 8.8379765 48.7466316
v 5.7594910 9.4285803 49.0608368
v 6.6387272 8.8400354 48.7599106
v 5.7685924 9.4311275 49.0743713
v 6.6474147 8.8420944 48.7731857
v 5.7777019 9.4336739 49.0878983
v 6.6561093 8.8441544 48.7864532
v 5.7868176 9.4362192 49.1014137
v 6.6648102 8.8462133 48.7997169
v 5.7959418 9.4387636 49.1149254
v 6.6735187 8.8482714 48.8129692
v 5.8050728 9.4413080 49.1284370
v 6.6822338 8.8503294 48.8262215
v 5.8142114 9.4438524 49.1419373
v 6.6909556 8.8523855 48.8394699
v 5.8233571 9.4463968 49.1554337
v 6.6996846 8.8544436 48.8527069
v 5.8325109 9.4489393 49.1689224
v 6.7084208 8.8564997 48.8659439
v 5.8416710 9.4514818 49.1824112
v 6.7171631 8.8585558 48.8791733
v 5.8508396 9.4540243 49.1958885
v 6.7259130 8.8606119 48.8923912
v 5.8600149 9.4565659 49.2093582
v 6.7346697 8.8626671 48.9056091
v 5.8691978 9.4591074 49.2228317
v 6.7434330 8.8647223 48.9188232
v 5.8783879 9.4616470 49.2362900
v 6.7522035 8.8667755 48.9320297
v 5.8875861 9.4641886 49.2497444
v 6.7609811 8.8688307 48.9452248
v 5.8967915 9.4667273 49.2631950
v 6.7697659 8.8708830 48.9584236
v 5.9060040 9.4692650 49.2766380
v 6.7785568 8.8729362 48.9716072
v 5.9152231 9.4718037 49.2900734
v 6.7873545 8.8749886 48.9847908
v 5.9244499 9.4743423 49.3035049
v 6.7961597 8.8770409 48.9979706
v 5.9336843 9.4768801 49.3169327
v 6.8049717 8.8790922 49.0111389
v 5.9429269 9.4794168 49.3303528
v 6.8137908 8.8811445 49.0243073
v 5.9521756 9.4819527 49.3437691
v 6.8226161 8.8831940 49.0374641
v 5.9614325 9.4844894 49.3571739
v 6.8314486 8.8852444 49.0506172
v 5.9706960 9.4870243 49.3705750
v 6.8402886 8.8872948 49.0637665
v 5.9799671 9.4895592 49.3839760
v 6.8491344 8.8893433 49.0769081
v 5.9892464 9.4920931 49.3973656
v 6.8579884 8.8913927 49.0900459
v 5.9985313 9.4946270 49.4107475
v 6.8668480 8.8934402 49.1031761
v 6.0078259 9.4971590 49.4241295
v 6.8757153 8.8954878 49.1162987
v 6.0171266 9.4996920 49.4375038
v 6.8845897 8.8975344 49.1294212
v 6.0264344 9.5022240 49.4508667
v 6.8934703 8.8995819 49.1425323
v 6.0357494 9.5047541 49.4642296
v 6.9023581 8.9016275 49.1556435
v 6.0450726 9.5072851 49.4775887
v 6.9112530 8.9036722 49.1687431
v 6.0544038 9.5098143 49.4909363
v 6.9201550 8.9057169 49.1818390
v 6.0637417 9.5123434 49.5042763
v 6.9290638 8.9077616 49.1949272
v 6.0730867 9.5148726 49.5176125
v 6.9379797 8.9098043 49.2080116
v 6.0824399 9.5174007 49.5309448
v 6.9469028 8.9118481 49.2210922
v 6.0918002 9.5199280 49.5442696
v 6.9558320 8.9138908 49.2341576
v 6.1011677 9.5224533 49.5575905
v 6.9647694 8.9159317 49.2472267
v 6.1105428 9.5249805 49.5709038
v 6.9737124 8.9179745 49.2602882
v 6.1199245 9.5275049 49.5842094
v 6.9826622 8.9200144 49.2733421
v 6.1293149 9.5300293 49.5975113
v 6.9916205 8.9220543 49.2863922
v 6.1387119 9.5325527 49.6108017
v 7.0005846 8.9240932 49.2994308
v 6.1481161 9.5350761 49.6240921
v 7.0095558 8.9261322 49.3124695
v 6.1575279 9.5375996 49.6373749
v 7.0185337 8.9281712 49.3255005
v 6.1669474 9.5401220 49.6506500
v 7.0275183 8.9302092 49.3385239
v 6.1763730 9.5426435 49.6639214
v 7.0365100 8.9322462 49.3515434
v 6.1858072 9.5451641 49.6771889
v 7.0455084 8.9342823 49.3645592
v 6.1952481 9.5476837 49.6904449
v 7.0545135 8.9363194 49.3775635
v 6.2046967 9.5502043 49.7037010
v 7.0635262 8.9383554 49.3905678
v 6.2141523 9.5527220 49.7169456
v 7.0725451 8.9403887 49.4035606
v 6.2236152 9.5552387 49.7301865
v 7.0815711 8.9424229 49.4165497
v 6.2330861 9.5577564 49.7434235
v 7.0906043 8.9444561 49.4295349
v 6.2425642 9.5602732 49.7566490
v 7.0996447 8.9464903 49.4425087
v 6.2520494 9.5627890 49.7698746
v 7.1086912 8.9485216 49.4554825
v 6.2615423 9.5653038 49.7830849
v 7.1177454 8.9505539 49.4684486
v 6.2710433 9.5678177 49.7962952
v 7.1268067 8.9525833 49.4814072
v 6.2805500 9.5703316 49.8095016
v 7.1358738 8.9546146 49.4943619
v 6.2900653 9.5728445 49.8227005
v 7.1449485 8.9566431 49.5073090
v 6.2995877 9.5753555 49.8358917
v 7.1540303 8.9586716 49.5202484
v 6.3091178 9.5778666 49.8490753
v 7.1631188 8.9607000 49.5331879
v 6.3186545 9.5803776 49.8622551
v 7.1722140 8.9627266 49.5461159
v 6.3281994 9.5828876 49.8754311
v 7.1813164 8.9647541 49.5590401
v 6.3377514 9.5853958 49.8885994
v 7.1904259 8.9667797 49.5719566
v 6.3473110 9.5879040 49.9017563
v 7.1995420 8.9688053 49.5848694
v 6.3568783 9.5904112 49.9149132
v 7.2086658 8.9708300 49.5977745
v 6.3664527 9.5929165 49.9280624
v 7.2177958 8.9728527 49.6106720
v 6.3760338 9.5954227 49.9412003
v 7.2269325 8.9748764 49.6235657
v 6.3856230 9.5979271 49.9543381
v 7.2360764 8.9768982 49.6364517
v 6.3952188 9.6004324 49.9674683
v 7.2452269 8.9789209 49.6493378
v 6.4048219 9.6029358 49.9805908
v 7.2543836 8.9809418 49.6622086
v 6.4144325 9.6054373 49.9937134
v 7.2635479 8.9829607 49.6750793
v 6.4240508 9.6079407 50.0068207
v 7.2727189 8.9849815 49.6879425
v 6.4336762 9.6104403 50.0199280
v 7.2818971 8.9869986 49.7007980
v 6.4433098 9.6129398 50.0330238
v 7.2910824 8.9890175 49.7136497
v 6.4529495 9.6154385 50.0461159
v 7.3002739 8.9910336 49.7264900
v 6.4625969 9.6179380 50.0592041
v 7.3094730 8.9930506 49.7393341
v 6.4722528 9.6204348 50.0722847
v 7.3186789 8.9950666 49.7521629
v 6.4819150 9.6229315 50.0853577
v 7.3278918 8.9970808 49.7649918
v 6.4915853 9.6254263 50.0984230
v 7.3371110 8.9990931 49.7778130
v 6.5012627 9.6279211 50.1114883
v 7.3463383 9.0011072 49.7906265
v 6.5109472 9.6304150 50.1245384
v 7.3555717 9.0031185 49.8034325
v 6.5206394 9.6329088 50.1375923
v 7.3648119 9.0051317 49.8162346
v 6.5303388 9.6353998 50.1506310
v 7.3740592 9.0071421 49.8290291
v 6.5400457 9.6378927 50.1636658
v 7.3833132 9.0091524 49.8418198
v 6.5497603 9.6403818 50.1766968
v 7.3925748 9.0111609 49.8545990
v 6.5594821 9.6428709 50.1897202
v 7.4018426 9.0131693 49.8673782
v 6.5692110 9.6453590 50.2027321
v 7.4111176 9.0151768 49.8801460
v 6.5789480 9.6478481 50.2157440
v 7.4203997 9.0171833 49.8929138
v 6.5886917 9.6503344 50.2287521
v 7.4296885 9.0191889 49.9056702
v 6.5984421 9.6528187 50.2417488
v 7.4389839 9.0211926 49.9184227
v 6.6082010 9.6553040 50.2547417
v 7.4482870 9.0231972 49.9311714
v 6.6179671 9.6577892 50.2677269
v 7.4575963 9.0252018 49.9439125
v 6.6277409 9.6602716 50.2807045
v 7.4669132 9.0272036 49.9566460
v 6.6375208 9.6627531 50.2936783
v 7.4762354 9.0292044 49.9693756
v 6.6473088 9.6652336 50.3066444
v 7.4855657 9.0312042 49.9820976
v 6.6571045 9.6677141 50.3196068
v 7.4949036 9.0332060 49.9948082
v 6.6669073 9.6701937 50.3325615
v 7.5042467 9.0352049 50.0075188
v 6.6767163 9.6726723 50.3455048
v 7.5135970 9.0372028 50.0202179
v 6.6865335 9.6751499 50.3584480
v 7.5229545 9.0391998 50.0329170
v 6.6963577 9.6776257 50.3713799
v 7.5323181 9.0411968 50.0456047
v 6.7061896 9.6801004 50.3843079
v 7.5416894 9.0431910 50.0582886
v 6.7160287 9.6825743 50.3972282
v 7.5510669 9.0451860 50.0709648
v 6.7258754 9.6850481 50.4101448
v 7.5604520 9.0471792 50.0836372
v 6.7357292 9.6875210 50.4230537
v 7.5698442 9.0491734 50.0963020
v 6.7455907 9.6899929 50.4359512
v 7.5792432 9.0511646 50.1089630
v 6.7554598 9.6924620 50.4488487
v 7.5886488 9.0531549 50.1216164
v 6.7653351 9.6949310 50.4617386
v 7.5980606 9.0551453 50.1342621
v 6.7752194 9.6974001 50.4746208
v 7.6074805 9.0571337 50.1469002
v 6.7851105 9.6998663 50.4874992
v 7.6169071 9.0591211 50.1595345
v 6.7950082 9.7023335 50.5003700
v 7.6263404 9.0611095 50.1721611
v 6.8049135 9.7047987 50.5132294
v 7.6357803 9.0630960 50.1847839
v 6.8148265 9.7072620 50.5260849
v 7.6452270 9.0650806 50.1973953
v 6.8247466 9.7097254 50.5389404
v 7.6546807 9.0670652 50.2100067
v 6.8346744 9.7121868 50.5517845
v 7.6641412 9.0690479 50.2226067
v 6.8446097 9.7146482 50.5646210
v 7.6736093 9.0710306 50.2352066
v 6.8545513 9.7171078 50.5774498
v 7.6830835 9.0730114 50.2477913
v 6.8645020 9.7195673 50.5902786
v 7.6925650 9.0749922 50.2603760
v 6.8744593 9.7220249 50.6030922
v 7.7020540 9.0769711 50.2729530
v 6.8844233 9.7244797 50.6159058
v 7.7115488 9.0789490 50.2855225
v 6.8943954 9.7269354 50.6287117
v 7.7210507 9.0809259 50.2980843
v 6.9043741 9.7293911 50.6415062
v 7.7305593 9.0829029 50.3106422
v 6.9143605 9.7318449 50.6543007
v 7.7400746 9.0848780 50.3231926
v 6.9243546 9.7342958 50.6670837
v 7.7495975 9.0868521 50.3357391
v 6.9343557 9.7367477 50.6798630
v 7.7591276 9.0888252 50.3482742
v 6.9443641 9.7391968 50.6926308
v 7.7686639 9.0907974 50.3608055
v 6.9543805 9.7416458 50.7053986
v 7.7782073 9.0927677 50.3733292
v 6.9644036 9.7440939 50.7181549
v 7.7877574 9.0947390 50.3858490
v 6.9744339 9.7465391 50.7309074
v 7.7973137 9.0967073 50.3983650
v 6.9844728 9.7489853 50.7436562
v 7.8068786 9.0986748 50.4108696
v 6.9945178 9.7514296 50.7563934
v 7.8164487 9.1006422 50.4233704
v 7.0045705 9.7538738 50.7691269
v 7.8260264 9.1026096 50.4358597
v 7.0146298 9.7563152 50.7818489
v 7.8356109 9.1045742 50.4483452
v 7.0246968 9.7587557 50.7945671
v 7.8452020 9.1065378 50.4608269
v 7.0347710 9.7611952 50.8072777
v 7.8547993 9.1085005 50.4733009
v 7.0448532 9.7636337 50.8199883
v 7.8644047 9.1104622 50.4857674
v 7.0549426 9.7660713 50.8326836
v 7.8740163 9.1124229 50.4982262
v 7.0650392 9.7685070 50.8453789
v 7.8836350 9.1143818 50.5106850
v 7.0751429 9.7709427 50.8580627
v 7.8932600 9.1163406 50.5231323
v 7.0852547 9.7733765 50.8707466
v 7.9028931 9.1182976 50.5355721
v 7.0953722 9.7758074 50.8834190
v 7.9125319 9.1202536 50.5480080
v 7.1054988 9.7782393 50.8960800
v 7.9221787 9.1222086 50.5604324
v 7.1156316 9.7806692 50.9087410
v 7.9318309 9.1241617 50.5728569
v 7.1257720 9.7830982 50.9213905
v 7.9414907 9.1261158 50.5852699
v 7.1359196 9.7855263 50.9340401
v 7.9511566 9.1280670 50.5976830
v 7.1460748 9.7879515 50.9466782
v 7.9608302 9.1300173 50.6100845
v 7.1562366 9.7903776 50.9593086
v 7.9705105 9.1319666 50.6224785
v 7.1664071 9.7928009 50.9719353
v 7.9801974 9.1339149 50.6348686
v 7.1765842 9.7952242 50.9845505
v 7.9898920 9.1358633 50.6472473
v 7.1867690 9.7976456 50.9971657
v 7.9995923 9.1378078 50.6596260
v 7.1969604 9.8000660 51.0097694
v 8.0093002 9.1397533 50.6719933
v 7.2071600 9.8024855 51.0223694
v 8.0190153 9.1416979 50.6843567
v 7.2173667 9.8049030 51.0349617
v 8.0287371 9.1436405 50.6967125
v 7.2275801 9.8073187 51.0475464
v 8.0384645 9.1455812 50.7090607
v 7.2378011 9.8097343 51.0601234
v 8.0481997 9.1475220 50.7214088
v 7.2480297 9.8121481 51.0726967
v 8.0579414 9.1494608 50.7337456
v 7.2582660 9.8145599 51.0852623
v 8.0676908 9.1513977 50.7460747
v 7.2685084 9.8169718 51.0978203
v 8.0774460 9.1533346 50.7583961
v 7.2787590 9.8193817 51.1103668
v 8.0872078 9.1552696 50.7707138
v 7.2890167 9.8217888 51.1229134
v 8.0969772 9.1572037 50.7830238
v 7.2992816 9.8241968 51.1354523
v 8.1067533 9.1591368 50.7953262
v 7.3095541 9.8266029 51.1479797
v 8.1165361 9.1610680 50.8076248
v 7.3198338 9.8290081 51.1605034
v 8.1263256 9.1630001 50.8199120
v 7.3301201 9.8314114 51.1730232
v 8.1361217 9.1649284 50.8321953
v 7.3404140 9.8338137 51.1855316
v 8.1459255 9.1668577 50.8444748
v 7.3507156 9.8362141 51.1980362
v 8.1557350 9.1687832 50.8567429
v 7.3610244 9.8386135 51.2105293
v 8.1655521 9.1707096 50.8690071
v 7.3713403 9.8410110 51.2230225
v 8.1753759 9.1726341 50.8812637
v 7.3816633 9.8434086 51.2355042
v 8.1852064 9.1745567 50.8935165
v 7.3919940 9.8458033 51.2479782
v 8.1950436 9.1764784 50.9057541
v 7.4023318 9.8481970 51.2604446
v 8.2048874 9.1783991 50.9179916
v 7.4126773 9.8505907 51.2729111
v 8.2147388 9.1803198 50.9302216
v 7.4230299 9.8529806 51.2853661
v 8.2245970 9.1822367 50.9424477
v 7.4333892 9.8553705 51.2978134
v 8.2344608 9.1841536 50.9546661
v 7.4437566 9.8577595 51.3102531
v 8.2443323 9.1860695 50.9668694
v 7.4541306 9.8601465 51.3226891
v 8.2542105 9.1879835 50.9790764
v 7.4645128 9.8625317 51.3351173
v 8.2640963 9.1898975 50.9912758
v 7.4749017 9.8649158 51.3475380
v 8.2739878 9.1918087 51.0034599
v 7.4852986 9.8672981 51.3599510
v 8.2838869 9.1937180 51.0156441
v 7.4957018 9.8696804 51.3723564
v 8.2937927 9.1956272 51.0278206
v 7.5061126 9.8720598 51.3847542
v 8.3037043 9.1975355 51.0399895
v 7.5165305 9.8744383 51.3971481
v 8.3136234 9.1994410 51.0521545
v 7.5269561 9.8768158 51.4095383
v 8.3235493 9.2013474 51.0643082
v 7.5373893 9.8791904 51.4219131
v 8.3334827 9.2032509 51.0764542
v 7.5478287 9.8815651 51.4342880
v 8.3434219 9.2051525 51.0886002
v 7.5582767 9.8839378 51.4466515
v 8.3533688 9.2070541 51.1007347
v 7.5687308 9.8863077 51.4590073
v 8.3633213 9.2089529 51.1128616
v 7.5791931 9.8886776 51.4713593
v 8.3732815 9.2108517 51.1249847
v 7.5896626 9.8910465 51.4837036
v 8.3832483 9.2127476 51.1371002
v 7.6001387 9.8934126 51.4960403
v 8.3932219 9.2146425 51.1492081
v 7.6106224 9.8957787 51.5083694
v 8.4032021 9.2165375 51.1613083
v 7.6211128 9.8981419 51.5206909
v 8.4131889 9.2184296 51.1734009
v 7.6316113 9.9005032 51.5330048
v 8.4231834 9.2203217 51.1854935
v 7.6421165 9.9028645 51.5453148
v 8.4331837 9.2222118 51.1975746
v 7.6526289 9.9052238 51.5576172
v 8.4431906 9.2241001 51.2096481
v 7.6631494 9.9075813 51.5699120
v 8.4532051 9.2259865 51.2217140
v 7.6736765 9.9099369 51.5822029
v 8.4632254 9.2278728 51.2337761
v 7.6842103 9.9122925 51.5944786
v 8.4732533 9.2297573 51.2458305
v 7.6947522 9.9146461 51.6067543
v 8.4832878 9.2316399 51.2578773
v 7.7053018 9.9169970 51.6190186
v 8.4933290 9.2335215 51.2699127
v 7.7158575 9.9193468 51.6312752
v 8.5033770 9.2354021 51.2819481
v 7.7264209 9.9216967 51.6435280
v 8.5134315 9.2372808 51.2939720
v 7.7369905 9.9240427 51.6557732
v 8.5234919 9.2391577 51.3059883
v 7.7475691 9.9263878 51.6680107
v 8.5335608 9.2410336 51.3180046
v 7.7581539 9.9287310 51.6802444
v 8.5436363 9.2429075 51.3300095
v 7.7687464 9.9310741 51.6924629
v 8.5537176 9.2447815 51.3420067
v 7.7793465 9.9334154 51.7046852
v 8.5638065 9.2466536 51.3540001
v 7.7899523 9.9357538 51.7168922
v 8.5739012 9.2485228 51.3659859
v 7.8005672 9.9380922 51.7290955
v 8.5840034 9.2503920 51.3779602
v 7.8111882 9.9404278 51.7412872
v 8.5941124 9.2522583 51.3899307
v 7.8218164 9.9427624 51.7534790
v 8.6042280 9.2541237 51.4018936
v 7.8324533 9.9450951 51.7656593
v 8.6143513 9.2559872 51.4138527
v 7.8430958 9.9474258 51.7778320
v 8.6244793 9.2578506 51.4258041
v 7.8537459 9.9497547 51.7899971
v 8.6346149 9.2597103 51.4377403
v 7.8644042 9.9520826 51.8021584
v 8.6447582 9.2615709 51.4496803
v 7.8750687 9.9544086 51.8143082
v 8.6549072 9.2634277 51.4616089
v 7.8857408 9.9567327 51.8264503
v 8.6650639 9.2652845 51.4735298
v 7.8964195 9.9590559 51.8385887
v 8.6752262 9.2671385 51.4854469
v 7.9071064 9.9613771 51.8507233
v 8.6853962 9.2689924 51.4973526
v 7.9178004 9.9636965 51.8628464
v 8.6955729 9.2708445 51.5092545
v 7.9285011 9.9660139 51.8749580
v 8.7057552 9.2726946 51.5211449
v 7.9392085 9.9683304 51.8870697
v 8.7159443 9.2745438 51.5330353
v 7.9499240 9.9706459 51.8991699
v 8.7261410 9.2763901 51.5449142
v 7.9606466 9.9729576 51.9112663
v 8.7363443 9.2782364 51.5567894
v 7.9713769 9.9752684 51.9233513
v 8.7465553 9.2800798 51.5686531
v 7.9821129 9.9775791 51.9354324
v 8.7567711 9.2819233 51.5805130
v 7.9928579 9.9798870 51.9475060
v 8.7669954 9.2837639 51.5923653
v 8.0036097 9.9821939 51.9595718
v 8.7772245 9.2856035 51.6042099
v 8.0143681 9.9844980 51.9716263
v 8.7874622 9.2874422 51.6160431
v 8.0251331 9.9868011 51.9836807
v 8.7977047 9.2892780 51.6278763
v 8.0359068 9.9891014 51.9957199
v 8.8079557 9.2911129 51.6397018
v 8.0466862 9.9914017 52.0077553
v 8.8182125 9.2929459 51.6515160
v 8.0574741 9.9936991 52.0197868
v 8.8284760 9.2947779 51.6633263
v 8.0682678 9.9959955 52.0318108
v 8.8387470 9.2966089 51.6751289
v 8.0790691 9.9982901 52.0438232
v 8.8490238 9.2984362 51.6869278
v 8.0898790 10.0005827 52.0558319
v 8.8593073 9.3002634 51.6987152
v 8.1006947 10.0028734 52.0678291
v 8.8695984 9.3020887 51.7104912
v 8.1115179 10.0051622 52.0798187
v 8.8798952 9.3039122 51.7222672
v 8.1223478 10.0074492 52.0918045
v 8.8901987 9.3057337 51.7340317
v 8.1331863 10.0097351 52.1037827
v 8.9005089 9.3075542 51.7457962
v 8.1440296 10.0120182 52.1157532
v 8.9108257 9.3093719 51.7575455
v 8.1548834 10.0143003 52.1277161
v 8.9211512 9.3111887 51.7692871
v 8.1657419 10.0165806 52.1396675
v 8.9314814 9.3130054 51.7810249
v 8.1766081 10.0188589 52.1516151
v 8.9418192 9.3148184 51.7927589
v 8.1874819 10.0211353 52.1635590
v 8.9521627 9.3166313 51.8044815
v 8.1983624 10.0234098 52.1754913
v 8.9625130 9.3184404 51.8162003
v 8.2092505 10.0256824 52.1874161
v 8.9728708 9.3202496 51.8279037
v 8.2201452 10.0279541 52.1993332
v 8.9832354 9.3220558 51.8396072
v 8.2310476 10.0302229 52.2112427
v 8.9936056 9.3238611 51.8513031
v 8.2419567 10.0324898 52.2231445
v 9.0039845 9.3256645 51.8629913
v 8.2528744 10.0347557 52.2350426
v 9.0143681 9.3274670 51.8746681
v 8.2637968 10.0370197 52.2469292
v 9.0247583 9.3292675 51.8863411
v 8.2747278 10.0392828 52.2588081
v 9.0351553 9.3310652 51.8980064
v 8.2856655 10.0415421 52.2706833
v 9.0455608 9.3328629 51.9096680
v 8.2966118 10.0438004 52.2825508
v 9.0559711 9.3346577 51.9213219
v 8.3075638 10.0460567 52.2944107
v 9.0663891 9.3364506 51.9329681
v 8.3185225 10.0483112 52.3062592
v 9.0768137 9.3382416 51.9446030
v 8.3294888 10.0505638 52.3181000
v 9.0872440 9.3400307 51.9562302
v 8.3404627 10.0528145 52.3299408
v 9.0976820 9.3418198 51.9678574
v 8.3514433 10.0550642 52.3417702
v 9.1081247 9.3436060 51.9794731
v 8.3624315 10.0573111 52.3535919
v 9.1185770 9.3453913 51.9910812
v 8.3734264 10.0595570 52.3654060
v 9.1290340 9.3471737 52.0026817
v 8.3844280 10.0617990 52.3772125
v 9.1394978 9.3489542 52.0142746
v 8.3954382 10.0640402 52.3890076
v 9.1499681 9.3507338 52.0258560
v 8.4064541 10.0662794 52.4008026
v 9.1604462 9.3525114 52.0374374
v 8.4174776 10.0685167 52.4125824
v 9.1709299 9.3542871 52.0490112
v 8.4285078 10.0707521 52.4243622
v 9.1814203 9.3560610 52.0605774
v 8.4395456 10.0729866 52.4361305
v 9.1919165 9.3578339 52.0721321
v 8.4505901 10.0752172 52.4478874
v 9.2024212 9.3596029 52.0836830
v 8.4616423 10.0774479 52.4596443
v 9.2129316 9.3613720 52.0952263
v 8.4727030 10.0796757 52.4713898
v 9.2234488 9.3631382 52.1067581
v 8.4837685 10.0819006 52.4831276
v 9.2339725 9.3649035 52.1182899
v 8.4948425 10.0841246 52.4948578
v 9.2445030 9.3666658 52.1298065
v 8.5059223 10.0863466 52.5065804
v 9.2550392 9.3684263 52.1413231
v 8.5170097 10.0885658 52.5182991
v 9.2655830 9.3701859 52.1528282
v 8.5281038 10.0907841 52.5300026
v 9.2761335 9.3719444 52.1643257
v 8.5392065 10.0930014 52.5417061
v 9.2866907 9.3737001 52.1758156
v 8.5503149 10.0952148 52.5533943
v 9.2972536 9.3754539 52.1872978
v 8.5614309 10.0974264 52.5650787
v 9.3078241 9.3772058 52.1987762
v 8.5725536 10.0996361 52.5767593
v 9.3184013 9.3789558 52.2102432
v 8.5836840 10.1018438 52.5884285
v 9.3289843 9.3807039 52.2217064
v 8.5948210 10.1040497 52.6000900
v 9.3395739 9.3824501 52.2331619
v 8.6059656 10.1062536 52.6117439
v 9.3501711 9.3841944 52.2446098
v 8.6171169 10.1084557 52.6233940
v 9.3607731 9.3859367 52.2560463
v 8.6282740 10.1106548 52.6350327
v 9.3713827 9.3876781 52.2674789
v 8.6394396 10.1128531 52.6466599
v 9.3819990 9.3894167 52.2789001
v 8.6506128 10.1150494 52.6582870
v 9.3926229 9.3911533 52.2903214
v 8.6617928 10.1172428 52.6699028
v 9.4032516 9.3928890 52.3017311
v 8.6729784 10.1194353 52.6815109
v 9.4138880 9.3946238 52.3131332
v 8.6841717 10.1216249 52.6931152
v 9.4245300 9.3963537 52.3245316
v 8.6953735 10.1238127 52.7047081
v 9.4351788 9.3980837 52.3359184
v 8.7065811 10.1259985 52.7162933
v 9.4458351 9.3998117 52.3472977
v 8.7177963 10.1281815 52.7278709
v 9.4564972 9.4015369 52.3586693
v 8.7290182 10.1303635 52.7394333
v 9.4671659 9.4032612 52.3700333
v 8.7402468 10.1325426 52.7509956
v 9.4778414 9.4049826 52.3813896
v 8.7514830 10.1347198 52.7625504
v 9.4885244 9.4067020 52.3927383
v 8.7627258 10.1368952 52.7740974
v 9.4992123 9.4084196 52.4040794
v 8.7739763 10.1390667 52.7856407
v 9.5099077 9.4101353 52.4154167
v 8.7852335 10.1412382 52.7971687
v 9.5206099 9.4118490 52.4267464
v 8.7964983 10.1434069 52.8086967
v 9.5313177 9.4135599 52.4380684
v 8.8077698 10.1455736 52.8202095
v 9.5420322 9.4152708 52.4493828
v 8.8190479 10.1477375 52.8317184
v 9.5527534 9.4169788 52.4606857
v 8.8303328 10.1498995 52.8432198
v 9.5634813 9.4186831 52.4719810
v 8.8416252 10.1520596 52.8547096
v 9.5742168 9.4203873 52.4832726
v 8.8529253 10.1542177 52.8661957
v 9.5849581 9.4220896 52.4945526
v 8.8642311 10.1563730 52.8776703
v 9.5957050 9.4237890 52.5058289
v 8.8755436 10.1585274 52.8891373
v 9.6064587 9.4254875 52.5170975
v 8.8868647 10.1606789 52.9005966
v 9.6172190 9.4271832 52.5283508
v 8.8981915 10.1628284 52.9120483
v 9.6279850 9.4288769 52.5396042
v 8.9095268 10.1649752 52.9234924
v 9.6387596 9.4305677 52.5508499
v 8.9208679 10.1671200 52.9349365
v 9.6495399 9.4322586 52.5620880
v 8.9322147 10.1692629 52.9463654
v 9.6603260 9.4339457 52.5733185
v 8.9435711 10.1714029 52.9577866
v 9.6711197 9.4356318 52.5845413
v 8.9549332 10.1735420 52.9692001
v 9.6819191 9.4373150 52.5957565
v 8.9663019 10.1756783 52.9806061
v 9.6927252 9.4389973 52.6069641
v 8.9776783 10.1778126 52.9920044
v 9.7035370 9.4406757 52.6181641
v 8.9890623 10.1799440 53.0033989
v 9.7143564 9.4423532 52.6293526
v 9.0004530 10.1820736 53.0147820
v 9.7251825 9.4440289 52.6405373
v 9.0118494 10.1842012 53.0261574
v 9.7360144 9.4457026 52.6517143
v 9.0232534 10.1863260 53.0375214
v 9.7468538 9.4473734 52.6628876
v 9.0346651 10.1884489 53.0488777
v 9.7576990 9.4490423 52.6740456
v 9.0460835 10.1905689 53.0602303
v 9.7685509 9.4507103 52.6851997
v 9.0575085 10.1926870 53.0715714
v 9.7794094 9.4523745 52.6963425
v 9.0689411 10.1948042 53.0829086
v 9.7902737 9.4540377 52.7074814
v 9.0803795 10.1969175 53.0942345
v 9.8011436 9.4556990 52.7186089
v 9.0918255 10.1990290 53.1055489
v 9.8120213 9.4573565 52.7297325
v 9.1032791 10.2011375 53.1168594
v 9.8229065 9.4590130 52.7408447
v 9.1147394 10.2032452 53.1281624
v 9.8337965 9.4606686 52.7519493
v 9.1262054 10.2053499 53.1394577
v 9.8446941 9.4623213 52.7630539
v 9.1376791 10.2074528 53.1507454
v 9.8555975 9.4639702 52.7741432
v 9.1491604 10.2095528 53.1620216
v 9.8665066 9.4656181 52.7852211
v 9.1606474 10.2116499 53.1732903
v 9.8774233 9.4672632 52.7962990
v 9.1721430 10.2137442 53.1845551
v 9.8883467 9.4689074 52.8073654
v 9.1836443 10.2158384 53.1958084
v 9.8992758 9.4705496 52.8184280
v 9.1951523 10.2179289 53.2070503
v 9.9102116 9.4721880 52.8294792
v 9.2066689 10.2200165 53.2182922
v 9.9211540 9.4738255 52.8405228
v 9.2181902 10.2221031 53.2295189
v 9.9321012 9.4754601 52.8515587
v 9.2297201 10.2241869 53.2407417
v 9.9430571 9.4770937 52.8625908
v 9.2412558 10.2262688 53.2519569
v 9.9540186 9.4787235 52.8736076
v 9.2528000 10.2283478 53.2631607
v 9.9649868 9.4803524 52.8846207
v 9.2643490 10.2304239 53.2743607
v 9.9759617 9.4819784 52.8956299
v 9.2759075 10.2324982 53.2855492
v 9.9869423 9.4836025 52.9066277
v 9.2874708 10.2345705 53.2967300
v 9.9979296 9.4852247 52.9176178
v 9.2990408 10.2366400 53.3079033
v 10.0089235 9.4868441 52.9286003
v 9.3106184 10.2387075 53.3190689
v 10.0199232 9.4884615 52.9395752
v 9.3222036 10.2407722 53.3302269
v 10.0309305 9.4900761 52.9505424
v 9.3337936 10.2428341 53.3413773
v 10.0419426 9.4916897 52.9615021
v 9.3453922 10.2448940 53.3525200
v 10.0529613 9.4932995 52.9724541
v 9.3569984 10.2469511 53.3636513
v 10.0639877 9.4949083 52.9833946
v 9.3686104 10.2490072 53.3747787
v 10.0750198 9.4965143 52.9943314
v 9.3802290 10.2510595 53.3858986
v 10.0860586 9.4981184 53.0052605
v 9.3918552 10.2531099 53.3970070
v 10.0971031 9.4997206 53.0161781
v 9.4034882 10.2551575 53.4081078
v 10.1081543 9.5013199 53.0270958
v 9.4151268 10.2572041 53.4192009
v 10.1192112 9.5029163 53.0379982
v 9.4267731 10.2592468 53.4302902
v 10.1302757 9.5045128 53.0488968
v 9.4384270 10.2612867 53.4413643
v 10.1413460 9.5061045 53.0597878
v 9.4500866 10.2633247 53.4524345
v 10.1524239 9.5076942 53.0706673
v 9.4617538 10.2653608 53.4634933
v 10.1635075 9.5092821 53.0815430
v 9.4734287 10.2673941 53.4745483
v 10.1745968 9.5108690 53.0924072
v 9.4851093 10.2694244 53.4855957
v 10.1856937 9.5124512 53.1032715
v 9.4967966 10.2714529 53.4966354
v 10.1967955 9.5140333 53.1141205
v 9.5084906 10.2734795 53.5076637
v 10.2079039 9.5156116 53.1249657
v 9.5201912 10.2755022 53.5186882
v 10.2190189 9.5171881 53.1357994
v 9.5318995 10.2775230 53.5297012
v 10.2301397 9.5187626 53.1466293
v 9.5436144 10.2795410 53.5406990
v 10.2412672 9.5203342 53.1574440
v 9.5553370 10.2815561 53.5516930
v 10.2524023 9.5219030 53.1682549
v 9.5670652 10.2835703 53.5626831
v 10.2635431 9.5234709 53.1790543
v 9.5788002 10.2855806 53.5736618
v 10.2746887 9.5250349 53.1898499
v 9.5905428 10.2875881 53.5846291
v 10.2858419 9.5265980 53.2006340
v 9.6022921 10.2895947 53.5955925
v 10.2970018 9.5281582 53.2114143
v 9.6140471 10.2915964 53.6065483
v 10.3081675 9.5297155 53.2221870
v 9.6258106 10.2935972 53.6174927
v 10.3193398 9.5312700 53.2329483
v 9.6375790 10.2955952 53.6284332
v 10.3305187 9.5328236 53.2437057
v 9.6493559 10.2975893 53.6393623
v 10.3417044 9.5343733 53.2544518
v 9.6611395 10.2995825 53.6502876
v 10.3528948 9.5359221 53.2651939
v 9.6729279 10.3015747 53.6612015
v 10.3640919 9.5374680 53.2759247
v 9.6847248 10.3035612 53.6721001
v 10.3752956 9.5390120 53.2866478
v 9.6965275 10.3055458 53.6829948
v 10.3865051 9.5405521 53.2973595
v 9.7083378 10.3075285 53.6938858
v 10.3977222 9.5420904 53.3080673
v 9.7201548 10.3095083 53.7047615
v 10.4089441 9.5436258 53.3187675
v 9.7319784 10.3114853 53.7156334
v 10.4201727 9.5451603 53.3294563
v 9.7438097 10.3134594 53.7264977
v 10.4314089 9.5466900 53.3401375
v 9.7556467 10.3154316 53.7373505
v 10.4426508 9.5482197 53.3508148
v 9.7674913 10.3174009 53.7481995
v 10.4538984 9.5497465 53.3614807
v 9.7793407 10.3193674 53.7590370
v 10.4651527 9.5512686 53.3721428
v 9.7911978 10.3213320 53.7698708
v 10.4764128 9.5527906 53.3827934
v 9.8030624 10.3232927 53.7806892
v 10.4876785 9.5543089 53.3934364
v 9.8149328 10.3252516 53.7915001
v 10.4989519 9.5558252 53.4040718
v 9.8268108 10.3272076 53.8023071
v 10.5102310 9.5573406 53.4146957
v 9.8386946 10.3291616 53.8131027
v 10.5215158 9.5588522 53.4253159
v 9.8505859 10.3311129 53.8238869
v 10.5328083 9.5603609 53.4359245
v 9.8624840 10.3330603 53.8346672
v 10.5441055 9.5618677 53.4465294
v 9.8743887 10.3350067 53.8454437
v 10.5554094 9.5633717 53.4571228
v 9.8863001 10.3369484 53.8562050
v 10.5667200 9.5648727 53.4677086
v 9.8982182 10.3388891 53.8669586
v 10.5780373 9.5663729 53.4782867
v 9.9101439 10.3408260 53.8777046
v 10.5893602 9.5678692 53.4888573
v 9.9220753 10.3427610 53.8884392
v 10.6006908 9.5693636 53.4994164
v 9.9340134 10.3446932 53.8991699
v 10.6120262 9.5708551 53.5099716
v 9.9459581 10.3466225 53.9098892
v 10.6233664 9.5723438 53.5205154
v 9.9579096 10.3485489 53.9206009
v 10.6347151 9.5738297 53.5310593
v 9.9698687 10.3504734 53.9313049
v 10.6460695 9.5753136 53.5415878
v 9.9818335 10.3523951 53.9420013
v 10.6574297 9.5767965 53.5521088
v 9.9938049 10.3543139 53.9526863
v 10.6687965 9.5782747 53.5626183
v 10.0057840 10.3562288 53.9633636
v 10.6801691 9.5797510 53.5731277
v 10.0177679 10.3581409 53.9740334
v 10.6915483 9.5812244 53.5836220
v 10.0297594 10.3600521 53.9846954
v 10.7029333 9.5826969 53.5941086
v 10.0417585 10.3619585 53.9953499
v 10.7143240 9.5841646 53.6045952
v 10.0537634 10.3638630 54.0059967
v 10.7257223 9.5856304 53.6150665
v 10.0657749 10.3657646 54.0166283
v 10.7371254 9.5870934 53.6255302
v 10.0777931 10.3676643 54.0272560
v 10.7485352 9.5885544 53.6359825
v 10.0898180 10.3695602 54.0378761
v 10.7599516 9.5900116 53.6464348
v 10.1018496 10.3714542 54.0484848
v 10.7713728 9.5914688 53.6568756
v 10.1138878 10.3733454 54.0590897
v 10.7828026 9.5929213 53.6673050
v 10.1259327 10.3752327 54.0696793
v 10.7942371 9.5943718 53.6777267
v 10.1379852 10.3771181 54.0802612
v 10.8056793 9.5958204 53.6881409
v 10.1500435 10.3790007 54.0908356
v 10.8171253 9.5972662 53.6985474
v 10.1621094 10.3808804 54.1014061
v 10.8285789 9.5987091 53.7089500
v 10.1741810 10.3827572 54.1119690
v 10.8400383 9.6001492 53.7193375
v 10.1862583 10.3846312 54.1225204
v 10.8515034 9.6015863 53.7297211
v 10.1983433 10.3865023 54.1330605
v 10.8629761 9.6030207 53.7400932
v 10.2104349 10.3883705 54.1435928
v 10.8744535 9.6044521 53.7504578
v 10.2225323 10.3902349 54.1541138
v 10.8859367 9.6058817 53.7608185
v 10.2346373 10.3920975 54.1646309
v 10.8974276 9.6073074 53.7711678
v 10.2467480 10.3939571 54.1751404
v 10.9089222 9.6087322 53.7815094
v 10.2588654 10.3958139 54.1856384
v 10.9204254 9.6101542 53.7918396
v 10.2709894 10.3976669 54.1961288
v 10.9319334 9.6115723 53.8021622
v 10.2831202 10.3995190 54.2066078
v 10.9434481 9.6129894 53.8124809
v 10.2952576 10.4013672 54.2170830
v 10.9549675 9.6144028 53.8227882
v 10.3074007 10.4032125 54.2275505
v 10.9664946 9.6158133 53.8330879
v 10.3195505 10.4050560 54.2380028
v 10.9780264 9.6172218 53.8433800
v 10.3317080 10.4068947 54.2484512
v 10.9895658 9.6186275 53.8536606
v 10.3438711 10.4087315 54.2588882
v 11.0011091 9.6200294 53.8639374
v 10.3560410 10.4105644 54.2693214
v 11.0126610 9.6214294 53.8742027
v 10.3682175 10.4123945 54.2797356
v 11.0242176 9.6228266 53.8844566
v 10.3803997 10.4142237 54.2901459
v 11.0357800 9.6242208 53.8947067
v 10.3925896 10.4160480 54.3005524
v 11.0473480 9.6256123 53.9049454
v 10.4047852 10.4178705 54.3109474
v 11.0589237 9.6270018 53.9151802
v 10.4169884 10.4196892 54.3213348
v 11.0705051 9.6283875 53.9254074
v 10.4291973 10.4215040 54.3317108
v 11.0820923 9.6297712 53.9356232
v 10.4414139 10.4233170 54.3420792
v 11.0936852 9.6311512 53.9458313
v 10.4536371 10.4251280 54.3524399
v 11.1052866 9.6325293 53.9560318
v 10.4658670 10.4269342 54.3627930
v 11.1168928 9.6339045 53.9662170
v 10.4781027 10.4287376 54.3731308
v 11.1285048 9.6352768 53.9764023
v 10.4903450 10.4305401 54.3834648
v 11.1401234 9.6366463 53.9865761
v 10.5025940 10.4323378 54.3937912
v 11.1517467 9.6380129 53.9967422
v 10.5148478 10.4341326 54.4041100
v 11.1633749 9.6393766 54.0069008
v 10.5271091 10.4359255 54.4144173
v 11.1750107 9.6407385 54.0170479
v 10.5393772 10.4377136 54.4247169
v 11.1866531 9.6420975 54.0271873
v 10.5516520 10.4394999 54.4350052
v 11.1983004 9.6434526 54.0373230
v 10.5639324 10.4412842 54.4452896
v 11.2099533 9.6448059 54.0474472
v 10.5762196 10.4430637 54.4555588
v 11.2216129 9.6461563 54.0575562
v 10.5885134 10.4448395 54.4658203
v 11.2332792 9.6475029 54.0676651
v 10.6008129 10.4466143 54.4760780
v 11.2449512 9.6488466 54.0777626
v 10.6131191 10.4483852 54.4863205
v 11.2566280 9.6501884 54.0878525
v 10.6254330 10.4501534 54.4965591
v 11.2683125 9.6515274 54.0979309
v 10.6377525 10.4519186 54.5067863
v 11.2800026 9.6528635 54.1080055
v 10.6500788 10.4536791 54.5170059
v 11.2916975 9.6541948 54.1180725
v 10.6624107 10.4554377 54.5272179
v 11.3034000 9.6555262 54.1281242
v 10.6747503 10.4571934 54.5374184
v 11.3151083 9.6568527 54.1381721
v 10.6870966 10.4589462 54.5476112
v 11.3268213 9.6581764 54.1482124
v 10.6994486 10.4606953 54.5577965
v 11.3385420 9.6594982 54.1582451
v 10.7118063 10.4624405 54.5679741
v 11.3502665 9.6608162 54.1682625
v 10.7241716 10.4641838 54.5781403
v 11.3619986 9.6621323 54.1782761
v 10.7365427 10.4659243 54.5882988
v 11.3737364 9.6634455 54.1882820
v 10.7489214 10.4676619 54.5984459
v 11.3854818 9.6647558 54.1982765
v 10.7613058 10.4693956 54.6085815
v 11.3972311 9.6660624 54.2082672
v 10.7736969 10.4711266 54.6187134
v 11.4089870 9.6673660 54.2182465
v 10.7860937 10.4728537 54.6288338
v 11.4207487 9.6686678 54.2282143
v 10.7984972 10.4745789 54.6389465
v 11.4325171 9.6699657 54.2381744
v 10.8109083 10.4763002 54.6490517
v 11.4442911 9.6712618 54.2481270
v 10.8233242 10.4780178 54.6591454
v 11.4560699 9.6725521 54.2580757
v 10.8357458 10.4797335 54.6692314
v 11.4678545 9.6738424 54.2680092
v 10.8481741 10.4814463 54.6793137
v 11.4796457 9.6751299 54.2779388
v 10.8606100 10.4831553 54.6893806
v 11.4914427 9.6764135 54.2878609
v 10.8730516 10.4848585 54.6994400
v 11.5032454 9.6776934 54.2977676
v 10.8855000 10.4865627 54.7094879
v 11.5150547 9.6789722 54.3076706
v 10.8979540 10.4882622 54.7195358
v 11.5268698 9.6802464 54.3175659
v 10.9104156 10.4899578 54.7295647
v 11.5386906 9.6815186 54.3274498
v 10.9228821 10.4916496 54.7395859
v 11.5505180 9.6827869 54.3373260
v 10.9353561 10.4933405 54.7496033
v 11.5623512 9.6840525 54.3471985
v 10.9478369 10.4950266 54.7596092
v 11.5741892 9.6853151 54.3570518
v 10.9603224 10.4967098 54.7696037
v 11.5860338 9.6865749 54.3669014
v 10.9728146 10.4983892 54.7795944
v 11.5978832 9.6878309 54.3767471
v 10.9853134 10.5000648 54.7895699
v 11.6097393 9.6890850 54.3865776
v 10.9978180 10.5017395 54.7995415
v 11.6216011 9.6903362 54.3964043
v 11.0103302 10.5034103 54.8095016
v 11.6334686 9.6915836 54.4062195
v 11.0228472 10.5050774 54.8194542
v 11.6453428 9.6928291 54.4160271
v 11.0353718 10.5067406 54.8293953
v 11.6572227 9.6940708 54.4258232
v 11.0479031 10.5084028 54.8393326
v 11.6691074 9.6953096 54.4356155
v 11.0604382 10.5100594 54.8492546
v 11.6809978 9.6965446 54.4454002
v 11.0729818 10.5117140 54.8591690
v 11.6928949 9.6977777 54.4551697
v 11.0855303 10.5133638 54.8690758
v 11.7047987 9.6990080 54.4649315
v 11.0980864 10.5150108 54.8789711
v 11.7167063 9.7002335 54.4746895
v 11.1106472 10.5166559 54.8888626
v 11.7286205 9.7014570 54.4844360
v 11.1232147 10.5182962 54.8987389
v 11.7405415 9.7026777 54.4941750
v 11.1357899 10.5199347 54.9086075
v 11.7524681 9.7038946 54.5038986
v 11.1483698 10.5215683 54.9184685
v 11.7643995 9.7051086 54.5136223
v 11.1609573 10.5232000 54.9283218
v 11.7763367 9.7063208 54.5233307
v 11.1735487 10.5248280 54.9381638
v 11.7882795 9.7075291 54.5330353
v 11.1861486 10.5264521 54.9479942
v 11.8002291 9.7087336 54.5427284
v 11.1987534 10.5280724 54.9578209
v 11.8121834 9.7099342 54.5524101
v 11.2113657 10.5296907 54.9676361
v 11.8241453 9.7111349 54.5620880
v 11.2239847 10.5313053 54.9774399
v 11.8361120 9.7123299 54.5717545
v 11.2366085 10.5329161 54.9872398
v 11.8480835 9.7135229 54.5814171
v 11.2492390 10.5345240 54.9970284
v 11.8600616 9.7147112 54.5910683
v 11.2618752 10.5361280 55.0068054
v 11.8720455 9.7158976 54.6007080
v 11.2745180 10.5377293 55.0165787
v 11.8840361 9.7170811 54.6103439
v 11.2871675 10.5393267 55.0263367
v 11.8960314 9.7182608 54.6199646
v 11.2998228 10.5409212 55.0360870
v 11.9080324 9.7194376 54.6295776
v 11.3124828 10.5425110 55.0458298
v 11.9200382 9.7206116 54.6391907
v 11.3251505 10.5440989 55.0555611
v 11.9320517 9.7217817 54.6487846
v 11.3378248 10.5456829 55.0652885
v 11.9440699 9.7229500 54.6583748
v 11.3505049 10.5472641 55.0749969
v 11.9560938 9.7241135 54.6679535
v 11.3631907 10.5488405 55.0847054
v 11.9681234 9.7252741 54.6775246
v 11.3758821 10.5504150 55.0944023
v 11.9801588 9.7264328 54.6870918
v 11.3885803 10.5519848 55.1040916
v 11.9921989 9.7275867 54.6966438
v 11.4012861 10.5535526 55.1137657
v 12.0042467 9.7287388 54.7061882
v 11.4139977 10.5551147 55.1234360
v 12.0163002 9.7298870 54.7157211
v 11.4267130 10.5566759 55.1330948
v 12.0283575 9.7310324 54.7252502
v 11.4394360 10.5582314 55.1427422
v 12.0404205 9.7321739 54.7347679
v 11.4521646 10.5597858 55.1523819
v 12.0524912 9.7333126 54.7442780
v 11.4649010 10.5613356 55.1620178
v 12.0645676 9.7344484 54.7537766
v 11.4776411 10.5628815 55.1716423
v 12.0766478 9.7355804 54.7632713
v 11.4903889 10.5644236 55.1812553
v 12.0887337 9.7367086 54.7727547
v 11.5031424 10.5659637 55.1908569
v 12.1008253 9.7378349 54.7822266
v 11.5159016 10.5674992 55.2004509
v 12.1129246 9.7389565 54.7916908
v 11.5286674 10.5690308 55.2100372
v 12.1250267 9.7400761 54.8011475
v 11.5414400 10.5705605 55.2196083
v 12.1371374 9.7411919 54.8105965
v 11.5542173 10.5720854 55.2291756
v 12.1492510 9.7423048 54.8200340
v 11.5670013 10.5736065 55.2387314
v 12.1613731 9.7434139 54.8294601
v 11.5797920 10.5751257 55.2482834
v 12.1734982 9.7445211 54.8388824
v 11.5925875 10.5766401 55.2578163
v 12.1856298 9.7456236 54.8482933
v 11.6053896 10.5781517 55.2673492
v 12.1977682 9.7467232 54.8576965
v 11.6181974 10.5796595 55.2768669
v 12.2099104 9.7478189 54.8670921
v 11.6310110 10.5811634 55.2863808
v 12.2220583 9.7489128 54.8764763
v 11.6438313 10.5826645 55.2958794
v 12.2342129 9.7500019 54.8858528
v 11.6566582 10.5841618 55.3053741
v 12.2463722 9.7510891 54.8952179
v 11.6694908 10.5856552 55.3148537
v 12.2585373 9.7521725 54.9045753
v 11.6823292 10.5871449 55.3243256
v 12.2707081 9.7532520 54.9139252
v 11.6951742 10.5886316 55.3337936
v 12.2828856 9.7543287 54.9232635
v 11.7080240 10.5901146 55.3432465
v 12.2950678 9.7554016 54.9325943
v 11.7208805 10.5915937 55.3526878
v 12.3072548 9.7564707 54.9419136
v 11.7337427 10.5930700 55.3621254
v 12.3194494 9.7575388 54.9512291
v 11.7466116 10.5945415 55.3715477
v 12.3316469 9.7586002 54.9605293
v 11.7594852 10.5960102 55.3809662
v 12.3438511 9.7596607 54.9698257
v 11.7723656 10.5974751 55.3903732
v 12.3560619 9.7607174 54.9791107
v 11.7852526 10.5989361 55.3997726
v 12.3682775 9.7617702 54.9883881
v 11.7981443 10.6003952 55.4091568
v 12.3804979 9.7628212 54.9976578
v 11.8110437 10.6018486 55.4185371
v 12.3927240 9.7638664 55.0069160
v 11.8239470 10.6033001 55.4279099
v 12.4049559 9.7649097 55.0161667
v 11.8368578 10.6047468 55.4372711
v 12.4171934 9.7659502 55.0254135
v 11.8497744 10.6061907 55.4466248
v 12.4294367 9.7669859 55.0346451
v 11.8626957 10.6076307 55.4559669
v 12.4416847 9.7680197 55.0438652
v 11.8756237 10.6090670 55.4653015
v 12.4539394 9.7690496 55.0530853
v 11.8885593 10.6104994 55.4746208
v 12.4661999 9.7700758 55.0622902
v 11.9014988 10.6119280 55.4839363
v 12.4784641 9.7710981 55.0714836
v 11.9144449 10.6133528 55.4932365
v 12.4907351 9.7721167 55.0806694
v 11.9273958 10.6147747 55.5025291
v 12.5030107 9.7731342 55.0898476
v 11.9403524 10.6161919 55.5118179
v 12.5152922 9.7741451 55.0990143
v 11.9533167 10.6176062 55.5210876
v 12.5275793 9.7751551 55.1081696
v 11.9662857 10.6190157 55.5303535
v 12.5398712 9.7761602 55.1173210
v 11.9792614 10.6204224 55.5396118
v 12.5521698 9.7771626 55.1264648
v 11.9922438 10.6218252 55.5488586
v 12.5644732 9.7781610 55.1355972
v 12.0052309 10.6232252 55.5580940
v 12.5767813 9.7791567 55.1447182
v 12.0182238 10.6246214 55.5673218
v 12.5890970 9.7801485 55.1538315
v 12.0312223 10.6260128 55.5765381
v 12.6014147 9.7811375 55.1629410
v 12.0442276 10.6274004 55.5857468
v 12.6137409 9.7821207 55.1720352
v 12.0572367 10.6287851 55.5949478
v 12.6260710 9.7831030 55.1811218
v 12.0702534 10.6301651 55.6041336
v 12.6384068 9.7840805 55.1902008
v 12.0832767 10.6315422 55.6133156
v 12.6507492 9.7850552 55.1992683
v 12.0963039 10.6329155 55.6224899
v 12.6630955 9.7860260 55.2083282
v 12.1093388 10.6342850 55.6316490
v 12.6754475 9.7869930 55.2173805
v 12.1223793 10.6356497 55.6408005
v 12.6878052 9.7879572 55.2264175
v 12.1354246 10.6370125 55.6499405
v 12.7001677 9.7889175 55.2354507
v 12.1484756 10.6383705 55.6590729
v 12.7125359 9.7898750 55.2444763
v 12.1615334 10.6397247 55.6681938
v 12.7249107 9.7908287 55.2534904
v 12.1745958 10.6410751 55.6773109
v 12.7372885 9.7917786 55.2624931
v 12.1876650 10.6424217 55.6864128
v 12.7496729 9.7927246 55.2714882
v 12.2007399 10.6437645 55.6955070
v 12.7620630 9.7936668 55.2804756
v 12.2138195 10.6451025 55.7045898
v 12.7744579 9.7946062 55.2894516
v 12.2269058 10.6464386 55.7136612
v 12.7868595 9.7955418 55.2984161
v 12.2399979 10.6477699 55.7227287
v 12.7992649 9.7964745 55.3073769
v 12.2530966 10.6490984 55.7317848
v 12.8116770 9.7974024 55.3163261
v 12.2661991 10.6504221 55.7408257
v 12.8240929 9.7983274 55.3252678
v 12.2793093 10.6517420 55.7498627
v 12.8365145 9.7992487 55.3341980
v 12.2924232 10.6530571 55.7588921
v 12.8489418 9.8001671 55.3431206
v 12.3055449 10.6543703 55.7679062
v 12.8613749 9.8010817 55.3520279
v 12.3186712 10.6556787 55.7769127
v 12.8738127 9.8019915 55.3609352
v 12.3318043 10.6569834 55.7859116
v 12.8862553 9.8028994 55.3698273
v 12.3449421 10.6582832 55.7948990
v 12.8987045 9.8038025 55.3787155
v 12.3580866 10.6595802 55.8038788
v 12.9111586 9.8047028 55.3875885
v 12.3712358 10.6608734 55.8128395
v 12.9236174 9.8055992 55.3964500
v 12.3843908 10.6621618 55.8218002
v 12.9360819 9.8064909 55.4053116
v 12.3975506 10.6634474 55.8307457
v 12.9485512 9.8073797 55.4141579
v 12.4107170 10.6647282 55.8396873
v 12.9610252 9.8082657 55.4229927
v 12.4238892 10.6660061 55.8486176
v 12.9735050 9.8091469 55.4318237
v 12.4370670 10.6672802 55.8575363
v 12.9859905 9.8100262 55.4406433
v 12.4502497 10.6685495 55.8664474
v 12.9984808 9.8109007 55.4494553
v 12.4634390 10.6698151 55.8753471
v 13.0109758 9.8117714 55.4582558
v 12.4766340 10.6710768 55.8842392
v 13.0234785 9.8126383 55.4670486
v 12.4898348 10.6723347 55.8931160
v 13.0359850 9.8135014 55.4758339
v 12.5030413 10.6735878 55.9019852
v 13.0484953 9.8143616 55.4846039
v 12.5162525 10.6748381 55.9108467
v 13.0610123 9.8152170 55.4933662
v 12.5294704 10.6760836 55.9197006
v 13.0735340 9.8160696 55.5021210
v 12.5426922 10.6773252 55.9285393
v 13.0860615 9.8169184 55.5108681
v 12.5559206 10.6785641 55.9373703
v 13.0985937 9.8177643 55.5195999
v 12.5691547 10.6797991 55.9461899
v 13.1111298 9.8186064 55.5283279
v 12.5823946 10.6810293 55.9550056
v 13.1236734 9.8194437 55.5370445
v 12.5956402 10.6822548 55.9638100
v 13.1362209 9.8202782 55.5457573
v 12.6088915 10.6834774 55.9725990
v 13.1487741 9.8211079 55.5544548
v 12.6221485 10.6846952 55.9813843
v 13.1613331 9.8219347 55.5631409
v 12.6354084 10.6859093 55.9901581
v 13.1738949 9.8227577 55.5718231
v 12.6486778 10.6871195 55.9989204
v 13.1864643 9.8235769 55.5804939
v 12.6619511 10.6883259 56.0076714
v 13.1990376 9.8243923 55.5891533
v 12.6752291 10.6895285 56.0164146
v 13.2116156 9.8252039 55.5978050
v 12.6885128 10.6907263 56.0251465
v 13.2241993 9.8260126 55.6064453
v 12.7018023 10.6919212 56.0338745
v 13.2367887 9.8268166 55.6150818
v 12.7150984 10.6931114 56.0425873
v 13.2493830 9.8276176 55.6237030
v 12.7283993 10.6942978 56.0512886
v 13.2619820 9.8284149 55.6323204
v 12.7417059 10.6954784 56.0599823
v 13.2745867 9.8292065 55.6409225
v 12.7550173 10.6966572 56.0686684
v 13.2871962 9.8299961 55.6495171
v 12.7683353 10.6978302 56.0773392
v 13.2998104 9.8307819 55.6581039
v 12.7816591 10.6990004 56.0860062
v 13.3124304 9.8315630 55.6666794
v 12.7949867 10.7001657 56.0946579
v 13.3250542 9.8323412 55.6752472
v 12.8083210 10.7013283 56.1033058
v 13.3376846 9.8331146 55.6838036
v 12.8216600 10.7024860 56.1119385
v 13.3503199 9.8338852 55.6923523
v 12.8350048 10.7036390 56.1205635
v 13.3629589 9.8346510 55.7008934
v 12.8483562 10.7047882 56.1291771
v 13.3756046 9.8354149 55.7094154
v 12.8617125 10.7059336 56.1377831
v 13.3882551 9.8361731 55.7179375
v 12.8750734 10.7070751 56.1463776
v 13.4009104 9.8369274 55.7264481
v 12.8884392 10.7082119 56.1549644
v 13.4135704 9.8376789 55.7349510
v 12.9018126 10.7093449 56.1635399
v 13.4262362 9.8384266 55.7434425
v 12.9151897 10.7104740 56.1721039
v 13.4389057 9.8391705 55.7519226
v 12.9285727 10.7115984 56.1806602
v 13.4515810 9.8399096 55.7603951
v 12.9419603 10.7127190 56.1892090
v 13.4642611 9.8406448 55.7688599
v 12.9553547 10.7138357 56.1977425
v 13.4769459 9.8413782 55.7773170
v 12.9687548 10.7149487 56.2062683
v 13.4896364 9.8421059 55.7857590
v 12.9821587 10.7160559 56.2147827
v 13.5023308 9.8428297 55.7941895
v 12.9955683 10.7171593 56.2232895
v 13.5150309 9.8435497 55.8026199
v 13.0089836 10.7182598 56.2317848
v 13.5277367 9.8442669 55.8110313
v 13.0224066 10.7193556 56.2402687
v 13.5404482 9.8449793 55.8194389
v 13.0358315 10.7204466 56.2487450
v 13.5531616 9.8456869 55.8278389
v 13.0492640 10.7215328 56.2572136
v 13.5658827 9.8463917 55.8362236
v 13.0627003 10.7226171 56.2656670
v 13.5786076 9.8470926 55.8446007
v 13.0761423 10.7236958 56.2741089
v 13.5913382 9.8477898 55.8529663
v 13.0895901 10.7247705 56.2825470
v 13.6040726 9.8484831 55.8613281
v 13.1030436 10.7258406 56.2909737
v 13.6168127 9.8491716 55.8696785
v 13.1165018 10.7269068 56.2993851
v 13.6295576 9.8498564 55.8780136
v 13.1299648 10.7279692 56.3077927
v 13.6423073 9.8505373 55.8863449
v 13.1434336 10.7290268 56.3161926
v 13.6550608 9.8512154 55.8946686
v 13.1569090 10.7300806 56.3245773
v 13.6678209 9.8518896 55.9029770
v 13.1703882 10.7311306 56.3329506
v 13.6805849 9.8525581 55.9112740
v 13.1838732 10.7321758 56.3413200
v 13.6933546 9.8532238 55.9195671
v 13.1973629 10.7332163 56.3496742
v 13.7061291 9.8538847 55.9278526
v 13.2108593 10.7342520 56.3580208
v 13.7189083 9.8545427 55.9361229
v 13.2243586 10.7352848 56.3663521
v 13.7316923 9.8551960 55.9443855
v 13.2378645 10.7363129 56.3746834
v 13.7444811 9.8558464 55.9526405
v 13.2513752 10.7373362 56.3829956
v 13.7572727 9.8564920 55.9608841
v 13.2648926 10.7383566 56.3913002
v 13.7700729 9.8571329 55.9691200
v 13.2784147 10.7393713 56.3995972
v 13.7828760 9.8577700 55.9773407
v 13.2919416 10.7403812 56.4078827
v 13.7956858 9.8584042 55.9855576
v 13.3054733 10.7413883 56.4161568
v 13.8084984 9.8590336 55.9937630
v 13.3190117 10.7423906 56.4244194
v 13.8213158 9.8596601 56.0019569
v 13.3325539 10.7433901 56.4326744
v 13.8341389 9.8602819 56.0101433
v 13.3461018 10.7443829 56.4409142
v 13.8469658 9.8608990 56.0183144
v 13.3596544 10.7453718 56.4491501
v 13.8597975 9.8615122 56.0264816
v 13.3732119 10.7463570 56.4573784
v 13.8726339 9.8621216 56.0346413
v 13.3867750 10.7473373 56.4655914
v 13.8854761 9.8627281 56.0427856
v 13.4003429 10.7483139 56.4737892
v 13.8983231 9.8633289 56.0509224
v 13.4139166 10.7492857 56.4819870
v 13.9111738 9.8639269 56.0590515
v 13.4274950 10.7502546 56.4901695
v 13.9240294 9.8645201 56.0671730
v 13.4410782 10.7512188 56.4983444
v 13.9368896 9.8651104 56.0752792
v 13.4546661 10.7521782 56.5065041
v 13.9497547 9.8656960 56.0833778
v 13.4682608 10.7531328 56.5146599
v 13.9626245 9.8662786 56.0914650
v 13.4818602 10.7540836 56.5228004
v 13.9755011 9.8668556 56.0995445
v 13.4954653 10.7550287 56.5309334
v 13.9883814 9.8674288 56.1076164
v 13.5090752 10.7559700 56.5390587
v 14.0012665 9.8679981 56.1156731
v 13.5226898 10.7569075 56.5471687
v 14.0141563 9.8685617 56.1237221
v 13.5363092 10.7578411 56.5552673
v 14.0270491 9.8691235 56.1317596
v 13.5499344 10.7587681 56.5633621
v 14.0399475 9.8696804 56.1397934
v 13.5635633 10.7596922 56.5714417
v 14.0528498 9.8702326 56.1478119
v 13.5771980 10.7606115 56.5795135
v 14.0657578 9.8707819 56.1558228
v 13.5908375 10.7615280 56.5875740
v 14.0786705 9.8713264 56.1638298
v 13.6044817 10.7624388 56.5956230
v 14.0915880 9.8718672 56.1718178
v 13.6181316 10.7633457 56.6036644
v 14.1045094 9.8724041 56.1797981
v 13.6317873 10.7642479 56.6116943
v 14.1174364 9.8729362 56.1877747
v 13.6454468 10.7651443 56.6197166
v 14.1303673 9.8734646 56.1957359
v 13.6591120 10.7660379 56.6277237
v 14.1433039 9.8739882 56.2036896
v 13.6727819 10.7669258 56.6357231
v 14.1562433 9.8745079 56.2116280
v 13.6864576 10.7678099 56.6437111
v 14.1691885 9.8750238 56.2195625
v 13.7001381 10.7686892 56.6516914
v 14.1821404 9.8755350 56.2274895
v 13.7138233 10.7695656 56.6596642
v 14.1950951 9.8760433 56.2354012
v 13.7275152 10.7704363 56.6676216
v 14.2080545 9.8765459 56.2433052
v 13.7412109 10.7713022 56.6755676
v 14.2210197 9.8770456 56.2511978
v 13.7549105 10.7721643 56.6835022
v 14.2339869 9.8775396 56.2590790
v 13.7686157 10.7730217 56.6914291
v 14.2469597 9.8780308 56.2669525
v 13.7823257 10.7738752 56.6993484
v 14.2599373 9.8785181 56.2748184
v 13.7960405 10.7747231 56.7072525
v 14.2729197 9.8789997 56.2826767
v 13.8097620 10.7755661 56.7151527
v 14.2859068 9.8794785 56.2905235
v 13.8234863 10.7764063 56.7230377
v 14.2988987 9.8799524 56.2983551
v 13.8372164 10.7772398 56.7309151
v 14.3118944 9.8804216 56.3061790
v 13.8509512 10.7780704 56.7387772
v 14.3248949 9.8808880 56.3139954
v 13.8646917 10.7788963 56.7466354
v 14.3378992 9.8813477 56.3218002
v 13.8784351 10.7797174 56.7544823
v 14.3509083 9.8818064 56.3296013
v 13.8921862 10.7805347 56.7623138
v 14.3639231 9.8822594 56.3373871
v 13.9059410 10.7813473 56.7701416
v 14.3769417 9.8827076 56.3451614
v 13.9196997 10.7821541 56.7779541
v 14.3899641 9.8831520 56.3529282
v 13.9334641 10.7829571 56.7857590
v 14.4029922 9.8835926 56.3606873
v 13.9472332 10.7837553 56.7935486
v 14.4160252 9.8840284 56.3684311
v 13.9610081 10.7845488 56.8013306
v 14.4290619 9.8844595 56.3761673
v 13.9747868 10.7853394 56.8091049
v 14.4421024 9.8848877 56.3838959
v 13.9885702 10.7861233 56.8168678
v 14.4551477 9.8853111 56.3916130
v 14.0023594 10.7869043 56.8246231
v 14.4681988 9.8857298 56.3993225
v 14.0161524 10.7876797 56.8323631
v 14.4812536 9.8861446 56.4070168
v 14.0299511 10.7884493 56.8400917
v 14.4943123 9.8865538 56.4147072
v 14.0437546 10.7892151 56.8478127
v 14.5073757 9.8869591 56.4223824
v 14.0575628 10.7899780 56.8555222
v 14.5204439 9.8873615 56.4300537
v 14.0713758 10.7907343 56.8632202
v 14.5335169 9.8877592 56.4377060
v 14.0851927 10.7914867 56.8709068
v 14.5465937 9.8881531 56.4453545
v 14.0990162 10.7922354 56.8785896
v 14.5596752 9.8885412 56.4529915
v 14.1128416 10.7929783 56.8862572
v 14.5727606 9.8889256 56.4606209
v 14.1266747 10.7937174 56.8939171
v 14.5858517 9.8893080 56.4682426
v 14.1405115 10.7944508 56.9015656
v 14.5989447 9.8896828 56.4758530
v 14.1543531 10.7951803 56.9092026
v 14.6120443 9.8900537 56.4834518
v 14.1681986 10.7959042 56.9168282
v 14.6251478 9.8904209 56.4910393
v 14.1820498 10.7966242 56.9244423
v 14.6382551 9.8907843 56.4986153
v 14.1959057 10.7973394 56.9320488
v 14.6513672 9.8911428 56.5061836
v 14.2097664 10.7980509 56.9396439
v 14.6644840 9.8914976 56.5137405
v 14.2236309 10.7987576 56.9472275
v 14.6776047 9.8918476 56.5212860
v 14.2375011 10.7994576 56.9547958
v 14.6907291 9.8921928 56.5288239
v 14.2513752 10.8001537 56.9623642
v 14.7038593 9.8925343 56.5363541
v 14.2652540 10.8008461 56.9699173
v 14.7169924 9.8928719 56.5438766
v 14.2791386 10.8015327 56.9774628
v 14.7301311 9.8932037 56.5513840
v 14.2930260 10.8022156 56.9849968
v 14.7432728 9.8935318 56.5588875
v 14.3069201 10.8028927 56.9925194
v 14.7564192 9.8938541 56.5663719
v 14.3208179 10.8035660 57.0000305
v 14.7695713 9.8941746 56.5738525
v 14.3347206 10.8042345 57.0075302
v 14.7827263 9.8944883 56.5813217
v 14.3486280 10.8048983 57.0150223
v 14.7958860 9.8947992 56.5887833
v 14.3625393 10.8055573 57.0224991
v 14.8090496 9.8951054 56.5962296
v 14.3764553 10.8062105 57.0299683
v 14.8222179 9.8954077 56.6036682
v 14.3903770 10.8068600 57.0374260
v 14.8353901 9.8957043 56.6110954
v 14.4043036 10.8075047 57.0448723
v 14.8485670 9.8959980 56.6185112
v 14.4182339 10.8081455 57.0523109
v 14.8617477 9.8962860 56.6259193
v 14.4321690 10.8087797 57.0597343
v 14.8749332 9.8965693 56.6333199
v 14.4461079 10.8094101 57.0671501
v 14.8881226 9.8968487 56.6407051
v 14.4600506 10.8100357 57.0745583
v 14.9013157 9.8971252 56.6480827
v 14.4740000 10.8106565 57.0819511
v 14.9145136 9.8973951 56.6554527
v 14.4879532 10.8112726 57.0893402
v 14.9277153 9.8976622 56.6628113
v 14.5019112 10.8118830 57.0967140
v 14.9409218 9.8979235 56.6701622
v 14.5158730 10.8124895 57.1040802
v 14.9541321 9.8981810 56.6775055
v 14.5298395 10.8130913 57.1114311
v 14.9673471 9.8984337 56.6848335
v 14.5438108 10.8136892 57.1187782
v 14.9805651 9.8986826 56.6921501
v 14.5577860 10.8142805 57.1261139
v 14.9937887 9.8989267 56.6994629
v 14.5717659 10.8148680 57.1334343
v 15.0070152 9.8991652 56.7067604
v 14.5857515 10.8154497 57.1407471
v 15.0202475 9.8993998 56.7140503
v 14.5997419 10.8160276 57.1480484
v 15.0334826 9.8996305 56.7213287
v 14.6137352 10.8165998 57.1553345
v 15.0467224 9.8998575 56.7285995
v 14.6277332 10.8171673 57.1626167
v 15.0599651 9.9000778 56.7358589
v 14.6417341 10.8177309 57.1698875
v 15.0732126 9.9002962 56.7431068
v 14.6557417 10.8182888 57.1771431
v 15.0864649 9.9005070 56.7503471
v 14.6697531 10.8188419 57.1843910
v 15.0997210 9.9007149 56.7575722
v 14.6837702 10.8193903 57.1916275
v 15.1129808 9.9009199 56.7647934
v 14.6977901 10.8199329 57.1988564
v 15.1262455 9.9011173 56.7719994
v 14.7118158 10.8204727 57.2060699
v 15.1395140 9.9013119 56.7791977
v 14.7258453 10.8210058 57.2132721
v 15.1527863 9.9015017 56.7863846
v 14.7398787 10.8215351 57.2204666
v 15.1660624 9.9016876 56.7935638
v 14.7539158 10.8220587 57.2276497
v 15.1793423 9.9018679 56.8007317
v 14.7679577 10.8225784 57.2348213
v 15.1926270 9.9020443 56.8078880
v 14.7820053 10.8230925 57.2419853
v 15.2059155 9.9022169 56.8150368
v 14.7960558 10.8236017 57.2491379
v 15.2192068 9.9023829 56.8221741
v 14.8101120 10.8241053 57.2562790
v 15.2325039 9.9025450 56.8292999
v 14.8241711 10.8246050 57.2634087
v 15.2458038 9.9027033 56.8364143
v 14.8382349 10.8250999 57.2705269
v 15.2591085 9.9028568 56.8435249
v 14.8523045 10.8255892 57.2776375
v 15.2724171 9.9030046 56.8506203
v 14.8663769 10.8260736 57.2847366
v 15.2857304 9.9031496 56.8577042
v 14.8804541 10.8265533 57.2918243
v 15.2990465 9.9032879 56.8647842
v 14.8945370 10.8270273 57.2989006
v 15.3123684 9.9034224 56.8718529
v 14.9086218 10.8274975 57.3059692
v 15.3256922 9.9035530 56.8789062
v 14.9227123 10.8279629 57.3130226
v 15.3390217 9.9036789 56.8859520
v 14.9368067 10.8284216 57.3200684
v 15.3523531 9.9038000 56.8929901
v 14.9509068 10.8288774 57.3271027
v 15.3656902 9.9039164 56.9000168
v 14.9650097 10.8293266 57.3341255
v 15.3790302 9.9040279 56.9070320
v 14.9791164 10.8297720 57.3411407
v 15.3923740 9.9041357 56.9140396
v 14.9932280 10.8302116 57.3481407
v 15.4057226 9.9042377 56.9210320
v 15.0073433 10.8306456 57.3551292
v 15.4190750 9.9043360 56.9280128
v 15.0231695 10.8338556 57.3652306
v 15.4346361 9.9075689 56.9378090
v 15.0372953 10.8342886 57.3721962
v 15.4479990 9.9076662 56.9447670
v 15.0514269 10.8347168 57.3791466
v 15.4613657 9.9077568 56.9517174
v 15.0655622 10.8351402 57.3860893
v 15.4747362 9.9078445 56.9586525
v 15.0797014 10.8355579 57.3930206
v 15.4881105 9.9079266 56.9655838
v 15.0938454 10.8359718 57.3999443
v 15.5014896 9.9080048 56.9725075
v 15.1079931 10.8363791 57.4068565
v 15.5148726 9.9080782 56.9794121
v 15.1221457 10.8367834 57.4137573
v 15.5282583 9.9081469 56.9863129
v 15.1363020 10.8371820 57.4206467
v 15.5416479 9.9082117 56.9932022
v 15.1504612 10.8375750 57.4275284
v 15.5550423 9.9082708 57.0000839
v 15.1646252 10.8379631 57.4343948
v 15.5684395 9.9083252 57.0069504
v 15.1787949 10.8383465 57.4412537
v 15.5818405 9.9083748 57.0138092
v 15.1929674 10.8387251 57.4481010
v 15.5952463 9.9084215 57.0206566
v 15.2071438 10.8390980 57.4549332
v 15.6086559 9.9084606 57.0274963
v 15.2213259 10.8394661 57.4617577
v 15.6220694 9.9084969 57.0343208
v 15.2355118 10.8398285 57.4685707
v 15.6354866 9.9085274 57.0411339
v 15.2497005 10.8401861 57.4753723
v 15.6489067 9.9085531 57.0479431
v 15.2638931 10.8405380 57.4821663
v 15.6623306 9.9085751 57.0547371
v 15.2780914 10.8408852 57.4889450
v 15.6757584 9.9085922 57.0615234
v 15.2922926 10.8412285 57.4957123
v 15.6891909 9.9086037 57.0682983
v 15.3064985 10.8415661 57.5024719
v 15.7026262 9.9086113 57.0750656
v 15.3207073 10.8418980 57.5092239
v 15.7160645 9.9086132 57.0818176
v 15.3349209 10.8422241 57.5159645
v 15.7295074 9.9086113 57.0885658
v 15.3491383 10.8425465 57.5226936
v 15.7429543 9.9086037 57.0953026
v 15.3633595 10.8428631 57.5294075
v 15.7564049 9.9085922 57.1020241
v 15.3775854 10.8431749 57.5361061
v 15.7698584 9.9085760 57.1087379
v 15.3918142 10.8434811 57.5428009
v 15.7833166 9.9085541 57.1154404
v 15.4060478 10.8437824 57.5494843
v 15.7967777 9.9085274 57.1221313
v 15.4202852 10.8440781 57.5561562
v 15.8102427 9.9084969 57.1288185
v 15.4345274 10.8443699 57.5628166
v 15.8237123 9.9084606 57.1354866
v 15.4487724 10.8446560 57.5694695
v 15.8371830 9.9084206 57.1421471
v 15.4630213 10.8449364 57.5761108
v 15.8506594 9.9083748 57.1488037
v 15.4772758 10.8452120 57.5827408
v 15.8641396 9.9083261 57.1554489
v 15.4915333 10.8454828 57.5893555
v 15.8776226 9.9082708 57.1620789
v 15.5057936 10.8457479 57.5959625
v 15.8911104 9.9082117 57.1686935
v 15.5200605 10.8460073 57.6025581
v 15.9046011 9.9081469 57.1753044
v 15.5343294 10.8462620 57.6091423
v 15.9180956 9.9080772 57.1819038
v 15.5486021 10.8465128 57.6157150
v 15.9315939 9.9080038 57.1884918
v 15.5628786 10.8467569 57.6222801
v 15.9450941 9.9079237 57.1950722
v 15.5771599 10.8469963 57.6288300
v 15.9585991 9.9078407 57.2016449
v 15.5914431 10.8472300 57.6353760
v 15.9721079 9.9077520 57.2082062
v 15.6057329 10.8474588 57.6419029
v 15.9856195 9.9076586 57.2147484
v 15.6200256 10.8476830 57.6484184
v 15.9991360 9.9075603 57.2212868
v 15.6343212 10.8479023 57.6549301
v 16.0126553 9.9074574 57.2278137
v 15.6486216 10.8481140 57.6614265
v 16.0261784 9.9073486 57.2343330
v 15.6629248 10.8483219 57.6679153
v 16.0397034 9.9072361 57.2408371
v 15.6772327 10.8485250 57.6743889
v 16.0532341 9.9071169 57.2473335
v 15.6915445 10.8487215 57.6808548
v 16.0667667 9.9069948 57.2538223
v 15.7058601 10.8489141 57.6873055
v 16.0803051 9.9068670 57.2602959
v 15.7201796 10.8491011 57.6937485
v 16.0938454 9.9067354 57.2667618
v 15.7345018 10.8492832 57.7001801
v 16.1073875 9.9065971 57.2732162
v 15.7488289 10.8494596 57.7066002
v 16.1209354 9.9064550 57.2796593
v 15.7631588 10.8496313 57.7130089
v 16.1344872 9.9063082 57.2860909
v 15.7774925 10.8497953 57.7194099
v 16.1480408 9.9061556 57.2925148
v 15.7918310 10.8499565 57.7257996
v 16.1615982 9.9059982 57.2989349
v 15.8061733 10.8501120 57.7321739
v 16.1751595 9.9058371 57.3053322
v 15.8205185 10.8502617 57.7385368
v 16.1887245 9.9056702 57.3117256
v 15.8348675 10.8504066 57.7448959
v 16.2022915 9.9054985 57.3181076
v 15.8492193 10.8505459 57.7512360
v 16.2158623 9.9053211 57.3244781
v 15.8635759 10.8506794 57.7575722
v 16.2294388 9.9051399 57.3308372
v 15.8779364 10.8508091 57.7638931
v 16.2430172 9.9049530 57.3371887
v 15.8923006 10.8509321 57.7702026
v 16.2565975 9.9047613 57.3435287
v 15.9066687 10.8510494 57.7765007
v 16.2701836 9.9045658 57.3498573
v 15.9210396 10.8511620 57.7827873
v 16.2837715 9.9043636 57.3561745
v 15.9354134 10.8512688 57.7890663
v 16.2973633 9.9041557 57.3624840
v 15.9497919 10.8513718 57.7953377
v 16.3109570 9.9039459 57.3687859
v 15.9641743 10.8514681 57.8015862
v 16.3245564 9.9037294 57.3750725
v 15.9785604 10.8515596 57.8078308
v 16.3381596 9.9035082 57.3813477
v 15.9929485 10.8516464 57.8140678
v 16.3517628 9.9032822 57.3876152
v 16.0073433 10.8517256 57.8202858
v 16.3653717 9.9030504 57.3938713
v 16.0217381 10.8518009 57.8264999
v 16.3789845 9.9028149 57.4001160
v 16.0361366 10.8518715 57.8326988
v 16.3925972 9.9025726 57.4063530
v 16.0505409 10.8519354 57.8388863
v 16.4062157 9.9023275 57.4125786
v 16.0649490 10.8519945 57.8450623
v 16.4198380 9.9020758 57.4187927
v 16.0793591 10.8520489 57.8512306
v 16.4334621 9.9018192 57.4249992
v 16.0937748 10.8520966 57.8573837
v 16.4470921 9.9015579 57.4311905
v 16.1081924 10.8521395 57.8635292
v 16.4607239 9.9012918 57.4373741
v 16.1226139 10.8521767 57.8696594
v 16.4743557 9.9010201 57.4435425
v 16.1370392 10.8522091 57.8757858
v 16.4879951 9.9007435 57.4497070
v 16.1514664 10.8522348 57.8818970
v 16.5016365 9.9004622 57.4558563
v 16.1658993 10.8522558 57.8880005
v 16.5152798 9.9001760 57.4619980
v 16.1803341 10.8522720 57.8940849
v 16.5289288 9.8998833 57.4681282
v 16.1947727 10.8522816 57.9001656
v 16.5425777 9.8995876 57.4742470
v 16.2092133 10.8522863 57.9062309
v 16.5562325 9.8992853 57.4803581
v 16.2236595 10.8522863 57.9122849
v 16.5698891 9.8989782 57.4864578
v 16.2381096 10.8522797 57.9183311
v 16.5835495 9.8986664 57.4925423
v 16.2525616 10.8522682 57.9243622
v 16.5972118 9.8983498 57.4986191
v 16.2670174 10.8522511 57.9303856
v 16.6108780 9.8980274 57.5046883
v 16.2814770 10.8522282 57.9363976
v 16.6245480 9.8977013 57.5107460
v 16.2959404 10.8522005 57.9423943
v 16.6382217 9.8973684 57.5167885
v 16.3104057 10.8521671 57.9483833
v 16.6518974 9.8970318 57.5228233
v 16.3248749 10.8521280 57.9543610
v 16.6655769 9.8966894 57.5288467
v 16.3393478 10.8520842 57.9603271
v 16.6792603 9.8963423 57.5348663
v 16.3538246 10.8520355 57.9662819
v 16.6929436 9.8959904 57.5408669
v 16.3683033 10.8519793 57.9722214
v 16.7066326 9.8956327 57.5468597
v 16.3827877 10.8519182 57.9781570
v 16.7203236 9.8952703 57.5528412
v 16.3972740 10.8518524 57.9840775
v 16.7340202 9.8949032 57.5588150
v 16.4117641 10.8517809 57.9899902
v 16.7477169 9.8945303 57.5647736
v 16.4262562 10.8517036 57.9958878
v 16.7614193 9.8941517 57.5707245
v 16.4407520 10.8516207 58.0017738
v 16.7751217 9.8937693 57.5766640
v 16.4552517 10.8515320 58.0076523
v 16.7888279 9.8933811 57.5825958
v 16.4697552 10.8514385 58.0135155
v 16.8025379 9.8929882 57.5885124
v 16.4842606 10.8513393 58.0193710
v 16.8162498 9.8925896 57.5944214
v 16.4987717 10.8512335 58.0252151
v 16.8299675 9.8921862 57.6003189
v 16.5132828 10.8511238 58.0310478
v 16.8436852 9.8917770 57.6062050
v 16.5277996 10.8510075 58.0368652
v 16.8574085 9.8913631 57.6120834
v 16.5423183 10.8508863 58.0426788
v 16.8711338 9.8909445 57.6179504
v 16.5568409 10.8507595 58.0484734
v 16.8848591 9.8905201 57.6238060
v 16.5713654 10.8506269 58.0542641
v 16.8985901 9.8900919 57.6296501
v 16.5858936 10.8504877 58.0600395
v 16.9123249 9.8896570 57.6354866
v 16.6004257 10.8503437 58.0657997
v 16.9260597 9.8892174 57.6413078
v 16.6149597 10.8501949 58.0715599
v 16.9398003 9.8887730 57.6471214
v 16.6294994 10.8500395 58.0772972
v 16.9535427 9.8883219 57.6529198
v 16.6440411 10.8498802 58.0830307
v 16.9672871 9.8878670 57.6587143
v 16.6585846 10.8497133 58.0887489
v 16.9810371 9.8874063 57.6644936
v 16.6731339 10.8495417 58.0944595
v 16.9947891 9.8869410 57.6702652
v 16.6876831 10.8493633 58.1001549
v 17.0085411 9.8864689 57.6760292
v 16.7022381 10.8491812 58.1058388
v 17.0222988 9.8859949 57.6817741
v 16.7167950 10.8489923 58.1115189
v 17.0360584 9.8855124 57.6875153
v 16.7313557 10.8487978 58.1171761
v 17.0498219 9.8850260 57.6932411
v 16.7459183 10.8485985 58.1228333
v 17.0635872 9.8845348 57.6989594
v 16.7604847 10.8483925 58.1284714
v 17.0773563 9.8840370 57.7046661
v 16.7750549 10.8481808 58.1341019
v 17.0911293 9.8835354 57.7103577
v 16.7896290 10.8479652 58.1397171
v 17.1049023 9.8830280 57.7160416
v 16.8042030 10.8477421 58.1453247
v 17.1186790 9.8825150 57.7217178
v 16.8187809 10.8475142 58.1509247
v 17.1324596 9.8819971 57.7273865
v 16.8333645 10.8472795 58.1565056
v 17.1462421 9.8814745 57.7330360
v 16.8479481 10.8470402 58.1620789
v 17.1600285 9.8809452 57.7386780
v 16.8625374 10.8467951 58.1676445
v 17.1738167 9.8804121 57.7443123
v 16.8771286 10.8465443 58.1731911
v 17.1876068 9.8798733 57.7499352
v 16.8917217 10.8462868 58.1787300
v 17.2014027 9.8793278 57.7555428
v 16.9063187 10.8460255 58.1842613
v 17.2151985 9.8787785 57.7611427
v 16.9209194 10.8457575 58.1897774
v 17.2289982 9.8782244 57.7667351
v 16.9355221 10.8454847 58.1952820
v 17.2427998 9.8776636 57.7723083
v 16.9501286 10.8452063 58.2007751
v 17.2566051 9.8770990 57.7778778
v 16.9647350 10.8449202 58.2062569
v 17.2704105 9.8765287 57.7834358
v 16.9793472 10.8446293 58.2117271
v 17.2842216 9.8759518 57.7889824
v 16.9939613 10.8443327 58.2171936
v 17.2980347 9.8753710 57.7945175
v 17.0085773 10.8440313 58.2226372
v 17.3118496 9.8747835 57.8000374
v 17.0231991 10.8437233 58.2280731
v 17.3256664 9.8741913 57.8055573
v 17.0378227 10.8434095 58.2335014
v 17.3394890 9.8735952 57.8110619
v 17.0524464 10.8430901 58.2389145
v 17.3533115 9.8729916 57.8165512
v 17.0670776 10.8427649 58.2443199
v 17.3671379 9.8723841 57.8220329
v 17.0817070 10.8424339 58.2497101
v 17.3809662 9.8717709 57.8275070
v 17.0963440 10.8420982 58.2550926
v 17.3947983 9.8711529 57.8329659
v 17.1109810 10.8417559 58.2604599
v 17.4086304 9.8705282 57.8384171
v 17.1256199 10.8414068 58.2658234
v 17.4224682 9.8698988 57.8438568
v 17.1402645 10.8410530 58.2711678
v 17.4363079 9.8692646 57.8492851
v 17.1549110 10.8406935 58.2765007
v 17.4501495 9.8686247 57.8547020
v 17.1695595 10.8403282 58.2818260
v 17.4639931 9.8679790 57.8601112
v 17.1842098 10.8399572 58.2871361
v 17.4778423 9.8673277 57.8655052
v 17.1988640 10.8395805 58.2924385
v 17.4916916 9.8666725 57.8708916
v 17.2135201 10.8391972 58.2977295
v 17.5055428 9.8660107 57.8762665
v 17.2281818 10.8388090 58.3030052
v 17.5193958 9.8653440 57.8816261
v 17.2428455 10.8384151 58.3082771
v 17.5332546 9.8646717 57.8869820
v 17.2575092 10.8380146 58.3135262
v 17.5471134 9.8639946 57.8923225
v 17.2721767 10.8376083 58.3187752
v 17.5609760 9.8633118 57.8976555
v 17.2868481 10.8371983 58.3240051
v 17.5748425 9.8626232 57.9029770
v 17.3015232 10.8367796 58.3292274
v 17.5887089 9.8619299 57.9082909
v 17.3161983 10.8363571 58.3344383
v 17.6025791 9.8612309 57.9135857
v 17.3308773 10.8359270 58.3396339
v 17.6164494 9.8605261 57.9188728
v 17.3455582 10.8354912 58.3448219
v 17.6303253 9.8598156 57.9241524
v 17.3602428 10.8350506 58.3499985
v 17.6442013 9.8591003 57.9294205
v 17.3749275 10.8346033 58.3551598
v 17.6580811 9.8583784 57.9346733
v 17.3896179 10.8341522 58.3603134
v 17.6719627 9.8576527 57.9399185
v 17.4043102 10.8336926 58.3654556
v 17.6858463 9.8569202 57.9451523
v 17.4190044 10.8332291 58.3705826
v 17.6997356 9.8561840 57.9503784
v 17.4337006 10.8327589 58.3757057
v 17.7136230 9.8554411 57.9555931
v 17.4484024 10.8322830 58.3808098
v 17.7275162 9.8546944 57.9607887
v 17.4631042 10.8318014 58.3859062
v 17.7414093 9.8539400 57.9659843
v 17.4778099 10.8313131 58.3909912
v 17.7553062 9.8531809 57.9711685
v 17.4925175 10.8308191 58.3960648
v 17.7692051 9.8524160 57.9763336
v 17.5072269 10.8303194 58.4011269
v 17.7831059 9.8516455 57.9814949
v 17.5219402 10.8298140 58.4061737
v 17.7970104 9.8508711 57.9866409
v 17.5366535 10.8293037 58.4112129
v 17.8109150 9.8500900 57.9917793
v 17.5513744 10.8287859 58.4162407
v 17.8248234 9.8493032 57.9969063
v 17.5660934 10.8282614 58.4212570
v 17.8387337 9.8485117 58.0020218
v 17.5808144 10.8277330 58.4262581
v 17.8526459 9.8477144 58.0071297
v 17.5955410 10.8271980 58.4312515
v 17.8665600 9.8469124 58.0122223
v 17.6102676 10.8266582 58.4362335
v 17.8804779 9.8461037 58.0173035
v 17.6249981 10.8261108 58.4412003
v 17.8943958 9.8452892 58.0223770
v 17.6397305 10.8255577 58.4461594
v 17.9083195 9.8444710 58.0274353
v 17.6544666 10.8249989 58.4511070
v 17.9222431 9.8436451 58.0324898
v 17.6692047 10.8244333 58.4560394
v 17.9361725 9.8428144 58.0375290
v 17.6839447 10.8238640 58.4609680
v 17.9500999 9.8419800 58.0425568
v 17.6986866 10.8232870 58.4658775
v 17.9640293 9.8411379 58.0475731
v 17.7134323 10.8227043 58.4707794
v 17.9779625 9.8402901 58.0525818
v 17.7281780 10.8221169 58.4756699
v 17.9918995 9.8394394 58.0575790
v 17.7429276 10.8215218 58.4805412
v 18.0058365 9.8385811 58.0625648
v 17.7576809 10.8209219 58.4854126
v 18.0197773 9.8377180 58.0675430
v 17.7724342 10.8203154 58.4902649
v 18.0337181 9.8368483 58.0725021
v 17.7871914 10.8197031 58.4951096
v 18.0476627 9.8359747 58.0774612
v 17.8019505 10.8190842 58.4999390
v 18.0616093 9.8350945 58.0823975
v 17.8167114 10.8184605 58.5047569
v 18.0755577 9.8342075 58.0873299
v 17.8314762 10.8178301 58.5095673
v 18.0895061 9.8333178 58.0922470
v 17.8462410 10.8171930 58.5143661
v 18.1034584 9.8324194 58.0971603
v 17.8610096 10.8165522 58.5191498
v 18.1174145 9.8315191 58.1020584
v 17.8757801 10.8159037 58.5239220
v 18.1313725 9.8306112 58.1069450
v 17.8905544 10.8152494 58.5286865
v 18.1453304 9.8296976 58.1118240
v 17.9053288 10.8145895 58.5334358
v 18.1592922 9.8287783 58.1166878
v 17.9201069 10.8139229 58.5381775
v 18.1732540 9.8278542 58.1215439
v 17.9348850 10.8132505 58.5429077
v 18.1872196 9.8269224 58.1263885
v 17.9496670 10.8125725 58.5476189
v 18.2011852 9.8259869 58.1312218
v 17.9644508 10.8118868 58.5523262
v 18.2151566 9.8250456 58.1360435
v 17.9792366 10.8111973 58.5570183
v 18.2291260 9.8240986 58.1408577
v 17.9940224 10.8105011 58.5616989
v 18.2430992 9.8231468 58.1456528
v 18.0088139 10.8097973 58.5663681
v 18.2570744 9.8221874 58.1504440
v 18.0236053 10.8090897 58.5710258
v 18.2710495 9.8212242 58.1552238
v 18.0384007 10.8083763 58.5756721
v 18.2850285 9.8202553 58.1599922
v 18.0531979 10.8076544 58.5803108
v 18.2990131 9.8192797 58.1647530
v 18.0679970 10.8069267 58.5849342
v 18.3129959 9.8182983 58.1694984
v 18.0827999 10.8061943 58.5895462
v 18.3269825 9.8173122 58.1742325
v 18.0976048 10.8054562 58.5941505
v 18.3409710 9.8163204 58.1789589
v 18.1124115 10.8047104 58.5987396
v 18.3549614 9.8153229 58.1836700
v 18.1272202 10.8039598 58.6033134
v 18.3689537 9.8143187 58.1883736
v 18.1420307 10.8032026 58.6078835
v 18.3829479 9.8133097 58.1930656
v 18.1568432 10.8024387 58.6124344
v 18.3969440 9.8122959 58.1977463
v 18.1716595 10.8016701 58.6169815
v 18.4109402 9.8112755 58.2024155
v 18.1864758 10.8008938 58.6215096
v 18.4249401 9.8102493 58.2070732
v 18.2012939 10.8001127 58.6260300
v 18.4389420 9.8092184 58.2117233
v 18.2161121 10.7993250 58.6305351
v 18.4529438 9.8081808 58.2163582
v 18.2309361 10.7985325 58.6350327
v 18.4669476 9.8071384 58.2209854
v 18.2457581 10.7977314 58.6395187
v 18.4809532 9.8060894 58.2256012
v 18.2605820 10.7969255 58.6439896
v 18.4949608 9.8050356 58.2302017
v 18.2754116 10.7961140 58.6484528
v 18.5089703 9.8039761 58.2347946
v 18.2902393 10.7952967 58.6529007
v 18.5229816 9.8029108 58.2393799
v 18.3050728 10.7944708 58.6573410
v 18.5369949 9.8018389 58.2439499
v 18.3199062 10.7936411 58.6617699
v 18.5510120 9.8007612 58.2485085
v 18.3347435 10.7928038 58.6661835
v 18.5650291 9.7996798 58.2530594
v 18.3495808 10.7919607 58.6705856
v 18.5790462 9.7985907 58.2575989
v 18.3644199 10.7911119 58.6749802
v 18.5930691 9.7974958 58.2621231
v 18.3792629 10.7902565 58.6793594
v 18.6070919 9.7963963 58.2666397
v 18.3941078 10.7893953 58.6837273
v 18.6211166 9.7952909 58.2711449
v 18.4089527 10.7885275 58.6880836
v 18.6351414 9.7941790 58.2756386
v 18.4237976 10.7876549 58.6924286
v 18.6491699 9.7930622 58.2801208
v 18.4386463 10.7867737 58.6967621
v 18.6631985 9.7919388 58.2845993
v 18.4534988 10.7858887 58.7010841
v 18.6772308 9.7908115 58.2890587
v 18.4683514 10.7849970 58.7053986
v 18.6912632 9.7896776 58.2935104
v 18.4832077 10.7840977 58.7096939
v 18.7052994 9.7885380 58.2979507
v 18.4980640 10.7831945 58.7139854
v 18.7193356 9.7873926 58.3023796
v 18.5129223 10.7822828 58.7182579
v 18.7333736 9.7862406 58.3067970
v 18.5277805 10.7813663 58.7225227
v 18.7474117 9.7850838 58.3112068
v 18.5426426 10.7804441 58.7267761
v 18.7614536 9.7839212 58.3155975
v 18.5575066 10.7795143 58.7310219
v 18.7754974 9.7827530 58.3199883
v 18.5723724 10.7785788 58.7352486
v 18.7895432 9.7815790 58.3243599
v 18.5872421 10.7776365 58.7394676
v 18.8035889 9.7803984 58.3287239
v 18.6021099 10.7766886 58.7436714
v 18.8176365 9.7792120 58.3330803
v 18.6169796 10.7757339 58.7478638
v 18.8316860 9.7780190 58.3374176
v 18.6318550 10.7747726 58.7520485
v 18.8457375 9.7768211 58.3417473
v 18.6467285 10.7738066 58.7562180
v 18.8597908 9.7756186 58.3460693
v 18.6616039 10.7728338 58.7603760
v 18.8738461 9.7744093 58.3503723
v 18.6764832 10.7718544 58.7645226
v 18.8879013 9.7731953 58.3546715
v 18.6913605 10.7708702 58.7686615
v 18.9019585 9.7719746 58.3589554
v 18.7062435 10.7698784 58.7727852
v 18.9160175 9.7707481 58.3632317
v 18.7211266 10.7688808 58.7768974
v 18.9300804 9.7695160 58.3674965
v 18.7360096 10.7678757 58.7809982
v 18.9441395 9.7682781 58.3717499
v 18.7508945 10.7668657 58.7850914
v 18.9582043 9.7670336 58.3759956
v 18.7657833 10.7658482 58.7891693
v 18.9722691 9.7657833 58.3802261
v 18.7806721 10.7648258 58.7932320
v 18.9863377 9.7645283 58.3844414
v 18.7955647 10.7637968 58.7972870
v 19.0004063 9.7632666 58.3886566
v 18.8104572 10.7627602 58.8013306
v 19.0144749 9.7619991 58.3928528
v 18.8253498 10.7617188 58.8053589
v 19.0285473 9.7607269 58.3970413
v 18.8402462 10.7606707 58.8093796
v 19.0426197 9.7594481 58.4012146
v 18.8551426 10.7596159 58.8133850
v 19.0566921 9.7581625 58.4053802
v 18.8700409 10.7585545 58.8173828
v 19.0707664 9.7568722 58.4095306
v 18.8849411 10.7574883 58.8213692
v 19.0848427 9.7555752 58.4136772
v 18.8998413 10.7564144 58.8253441
v 19.0989227 9.7542725 58.4178123
v 18.9147453 10.7553339 58.8292999
v 19.1130028 9.7529650 58.4219284
v 18.9296494 10.7542477 58.8332520
v 19.1270828 9.7516499 58.4260406
v 18.9445553 10.7531557 58.8371849
v 19.1411648 9.7503309 58.4301414
v 18.9594631 10.7520571 58.8411140
v 19.1552486 9.7490053 58.4342308
v 18.9743710 10.7509527 58.8450279
v 19.1693325 9.7476740 58.4383049
v 18.9892826 10.7498417 58.8489304
v 19.1834202 9.7463360 58.4423752
v 19.0041943 10.7487240 58.8528214
v 19.1975079 9.7449932 58.4464264
v 19.0191078 10.7476006 58.8567009
v 19.2115974 9.7436447 58.4504738
v 19.0340214 10.7464714 58.8605652
v 19.2256870 9.7422905 58.4545059
v 19.0489388 10.7453337 58.8644257
v 19.2397766 9.7409296 58.4585266
v 19.0638561 10.7441912 58.8682671
v 19.2538700 9.7395620 58.4625359
v 19.0787754 10.7430410 58.8721008
v 19.2679653 9.7381887 58.4665375
v 19.0936947 10.7418852 58.8759193
v 19.2820606 9.7368097 58.4705238
v 19.1086159 10.7407227 58.8797264
v 19.2961578 9.7354259 58.4745064
v 19.1235390 10.7395554 58.8835220
v 19.3102531 9.7340355 58.4784698
v 19.1384621 10.7383804 58.8873100
v 19.3243523 9.7326393 58.4824257
v 19.1533890 10.7371998 58.8910789
v 19.3384552 9.7312374 58.4863701
v 19.1683159 10.7360106 58.8948441
v 19.3525581 9.7298288 58.4903030
v 19.1832447 10.7348166 58.8985939
v 19.3666592 9.7284136 58.4942284
v 19.1981735 10.7336159 58.9023361
v 19.3807640 9.7269936 58.4981384
v 19.2131062 10.7324095 58.9060631
v 19.3948689 9.7255678 58.5020409
v 19.2280369 10.7311964 58.9097748
v 19.4089756 9.7241373 58.5059280
v 19.2429695 10.7299767 58.9134827
v 19.4230843 9.7226982 58.5098114
v 19.2579041 10.7287512 58.9171715
v 19.4371910 9.7212553 58.5136757
v 19.2728405 10.7275181 58.9208527
v 19.4513035 9.7198048 58.5175323
v 19.2877769 10.7262802 58.9245224
v 19.4654121 9.7183495 58.5213776
v 19.3027153 10.7250347 58.9281731
v 19.4795265 9.7168884 58.5252113
v 19.3176556 10.7237825 58.9318199
v 19.4936390 9.7154207 58.5290337
v 19.3325939 10.7225237 58.9354515
v 19.5077534 9.7139463 58.5328484
v 19.3475361 10.7212591 58.9390717
v 19.5218678 9.7124662 58.5366440
v 19.3624802 10.7199879 58.9426804
v 19.5359840 9.7109814 58.5404358
v 19.3774223 10.7187119 58.9462776
v 19.5501022 9.7094898 58.5442162
v 19.3923702 10.7174282 58.9498634
v 19.5642223 9.7079926 58.5479851
v 19.4073162 10.7161369 58.9534340
v 19.5783405 9.7064896 58.5517387
v 19.4222622 10.7148418 58.9569969
v 19.5924625 9.7049809 58.5554848
v 19.4372101 10.7135372 58.9605522
v 19.6065826 9.7034645 58.5592232
v 19.4521599 10.7122278 58.9640923
v 19.6207047 9.7019434 58.5629463
v 19.4671097 10.7109118 58.9676170
v 19.6348305 9.7004156 58.5666542
v 19.4820614 10.7095900 58.9711304
v 19.6489544 9.6988840 58.5703583
v 19.4970150 10.7082605 58.9746361
v 19.6630802 9.6973429 58.5740471
v 19.5119705 10.7069254 58.9781265
v 19.6772079 9.6957979 58.5777283
v 19.5269241 10.7055836 58.9816055
v 19.6913338 9.6942482 58.5813980
v 19.5418797 10.7042351 58.9850769
v 19.7054653 9.6926899 58.5850525
v 19.5568371 10.7028799 58.9885292
v 19.7195950 9.6911268 58.5886955
v 19.5717945 10.7015181 58.9919739
v 19.7337246 9.6895571 58.5923309
v 19.5867538 10.7001505 58.9954071
v 19.7478561 9.6879816 58.5959549
v 19.6017132 10.6987762 58.9988289
v 19.7619877 9.6864014 58.5995674
v 19.6166744 10.6973944 59.0022354
v 19.7761211 9.6848116 58.6031723
v 19.6316376 10.6960077 59.0056343
v 19.7902565 9.6832190 58.6067619
v 19.6465988 10.6946144 59.0090218
v 19.8043900 9.6816196 58.6103401
v 19.6615639 10.6932125 59.0123940
v 19.8185272 9.6800137 58.6139107
v 19.6765289 10.6918058 59.0157547
v 19.8326645 9.6784029 58.6174622
v 19.6914940 10.6903906 59.0191078
v 19.8468018 9.6767836 58.6210136
v 19.7064590 10.6889715 59.0224419
v 19.8609390 9.6751604 58.6245461
v 19.7214260 10.6875458 59.0257683
v 19.8750782 9.6735306 58.6280708
v 19.7363949 10.6861115 59.0290833
v 19.8892193 9.6718941 58.6315842
v 19.7513638 10.6846724 59.0323868
v 19.9033604 9.6702528 58.6350861
v 19.7663326 10.6832256 59.0356750
v 19.9175014 9.6686039 58.6385727
v 19.7813034 10.6817732 59.0389595
v 19.9316444 9.6669512 58.6420555
v 19.7962742 10.6803131 59.0422249
v 19.9457874 9.6652908 58.6455193
v 19.8112450 10.6788483 59.0454788
v 19.9599304 9.6636238 58.6489792
v 19.8262177 10.6773748 59.0487251
v 19.9740753 9.6619520 58.6524239
v 19.8411922 10.6758966 59.0519562
v 19.9882221 9.6602736 58.6558609
v 19.8561668 10.6744108 59.0551796
v 20.0023689 9.6585894 58.6592827
v 19.8711414 10.6729193 59.0583878
v 20.0165157 9.6568995 58.6626968
v 19.8861179 10.6714211 59.0615845
v 20.0306606 9.6552029 58.6660995
v 19.9010944 10.6699152 59.0647697
v 20.0448093 9.6535006 58.6694908
v 19.9160728 10.6684046 59.0679436
v 20.0589600 9.6517916 58.6728706
v 19.9310493 10.6668863 59.0711060
v 20.0731087 9.6500769 58.6762390
v 19.9460278 10.6653595 59.0742531
v 20.0872593 9.6483555 58.6795921
v 19.9610062 10.6638279 59.0773926
v 20.1014099 9.6466274 58.6829453
v 19.9759884 10.6622887 59.0805168
v 20.1155605 9.6448936 58.6862755
v 19.9909687 10.6607447 59.0836296
v 20.1297131 9.6431551 58.6896019
v 20.0059509 10.6591930 59.0867348
v 20.1438675 9.6414089 58.6929131
v 20.0209312 10.6576366 59.0898247
v 20.1580200 9.6396580 58.6962166
v 20.0359116 10.6560707 59.0928993
v 20.1721725 9.6378994 58.6995049
v 20.0508976 10.6545000 59.0959663
v 20.1863270 9.6361361 58.7027855
v 20.0658817 10.6529226 59.0990257
v 20.2004833 9.6343660 58.7060509
v 20.0808659 10.6513376 59.1020660
v 20.2146397 9.6325903 58.7093048
v 20.0958500 10.6497459 59.1050987
v 20.2287960 9.6308079 58.7125587
v 20.1108379 10.6481485 59.1081200
v 20.2429523 9.6290197 58.7157936
v 20.1258221 10.6465445 59.1111259
v 20.2571087 9.6272249 58.7190132
v 20.1408081 10.6449337 59.1141205
v 20.2712669 9.6254234 58.7222290
v 20.1557961 10.6433153 59.1171074
v 20.2854233 9.6236162 58.7254295
v 20.1707821 10.6416912 59.1200790
v 20.2995815 9.6218033 58.7286224
v 20.1857719 10.6400604 59.1230431
v 20.3137436 9.6199837 58.7318001
v 20.2007599 10.6384220 59.1259918
v 20.3279037 9.6181583 58.7349701
v 20.2157516 10.6367779 59.1289291
v 20.3420639 9.6163273 58.7381287
v 20.2307415 10.6351261 59.1318512
v 20.3562260 9.6144886 58.7412720
v 20.2457314 10.6334696 59.1347656
v 20.3703880 9.6126451 58.7444077
v 20.2607231 10.6318054 59.1376686
v 20.3845482 9.6107960 58.7475319
v 20.2757149 10.6301346 59.1405563
v 20.3987122 9.6089401 58.7506409
v 20.2907047 10.6284561 59.1434326
v 20.4128742 9.6070766 58.7537460
v 20.3056984 10.6267719 59.1463013
v 20.4270363 9.6052074 58.7568359
v 20.3206902 10.6250820 59.1491508
v 20.4412003 9.6033325 58.7599144
v 20.3356819 10.6233835 59.1520004
v 20.4553642 9.6014509 58.7629852
v 20.3506775 10.6216803 59.1548271
v 20.4695282 9.5995646 58.7660408
v 20.3656712 10.6199684 59.1576462
v 20.4836941 9.5976715 58.7690887
v 20.3806629 10.6182508 59.1604500
v 20.4978580 9.5957708 58.7721214
v 20.3956585 10.6165266 59.1632462
v 20.5120220 9.5938654 58.7751465
v 20.4106522 10.6147957 59.1660309
v 20.5261879 9.5919533 58.7781601
v 20.4256477 10.6130571 59.1688042
v 20.5403557 9.5900354 58.7811623
v 20.4406433 10.6113138 59.1715660
v 20.5545197 9.5881109 58.7841530
v 20.4556389 10.6095629 59.1743126
v 20.5686874 9.5861807 58.7871284
v 20.4706345 10.6078053 59.1770477
v 20.5828552 9.5842438 58.7901001
v 20.4856339 10.6060400 59.1797714
v 20.5970230 9.5823011 58.7930527
v 20.5006275 10.6042690 59.1824837
v 20.6111889 9.5803509 58.7960014
v 20.5156212 10.6024904 59.1851845
v 20.6253548 9.5783949 58.7989388
v 20.5306187 10.6007061 59.1878738
v 20.6395206 9.5764332 58.8018570
v 20.5456142 10.5989151 59.1905518
v 20.6536884 9.5744667 58.8047714
v 20.5606117 10.5971165 59.1932182
v 20.6678581 9.5724926 58.8076744
v 20.5756092 10.5953121 59.1958694
v 20.6820240 9.5705109 58.8105621
v 20.5906067 10.5934992 59.1985092
v 20.6961937 9.5685244 58.8134384
v 20.6056042 10.5916815 59.2011375
v 20.7103634 9.5665312 58.8163109
v 20.6206036 10.5898561 59.2037582
v 20.7245312 9.5645323 58.8191681
v 20.6355991 10.5880241 59.2063637
v 20.7386990 9.5625267 58.8220177
v 20.6505966 10.5861864 59.2089577
v 20.7528687 9.5605154 58.8248482
v 20.6655960 10.5843410 59.2115364
v 20.7670364 9.5584965 58.8276711
v 20.6805935 10.5824881 59.2141113
v 20.7812061 9.5564718 58.8304825
v 20.6955910 10.5806284 59.2166672
v 20.7953758 9.5544405 58.8332825
v 20.7105904 10.5787630 59.2192154
v 20.8095474 9.5524054 58.8360748
v 20.7255878 10.5768909 59.2217522
v 20.8237133 9.5503616 58.8388557
v 20.7405853 10.5750122 59.2242737
v 20.8378830 9.5483131 58.8416214
v 20.7555828 10.5731258 59.2267838
v 20.8520527 9.5462570 58.8443756
v 20.7705803 10.5712337 59.2292824
v 20.8662224 9.5441952 58.8471260
v 20.7855816 10.5693331 59.2317734
v 20.8803921 9.5421267 58.8498611
v 20.8005791 10.5674267 59.2342491
v 20.8945618 9.5400524 58.8525810
v 20.8155766 10.5655136 59.2367096
v 20.9087315 9.5379715 58.8552933
v 20.8305759 10.5635929 59.2391624
v 20.9229031 9.5358829 58.8579979
v 20.8455753 10.5616655 59.2416077
v 20.9370708 9.5337896 58.8606873
v 20.8605728 10.5597324 59.2440338
v 20.9512405 9.5316906 58.8633652
v 20.8755703 10.5577927 59.2464485
v 20.9654102 9.5295849 58.8660316
v 20.8905678 10.5558462 59.2488556
v 20.9795799 9.5274725 58.8686905
v 20.9055672 10.5538921 59.2512474
v 20.9937515 9.5253544 58.8713341
v 20.9205666 10.5519333 59.2536278
v 21.0079193 9.5232296 58.8739662
v 20.9355640 10.5499649 59.2559929
v 21.0220890 9.5210991 58.8765907
v 20.9505615 10.5479908 59.2583542
v 21.0362587 9.5189610 58.8792038
v 20.9655590 10.5460091 59.2607002
v 21.0504284 9.5168171 58.8818092
v 20.9805546 10.5440216 59.2630348
v 21.0645962 9.5146675 58.8843956
v 20.9955540 10.5420265 59.2653542
v 21.0787678 9.5125103 58.8869743
v 21.0105515 10.5400257 59.2676620
v 21.0929337 9.5103474 58.8895416
v 21.0255470 10.5380173 59.2699661
v 21.1071014 9.5081787 58.8920975
v 21.0405445 10.5360012 59.2722511
v 21.1212711 9.5060024 58.8946419
v 21.0555420 10.5339794 59.2745247
v 21.1354408 9.5038223 58.8971748
v 21.0705376 10.5319500 59.2767830
v 21.1496086 9.5016327 58.8997002
v 21.0855331 10.5299149 59.2790337
v 21.1637764 9.4994392 58.9022102
v 21.1005287 10.5278721 59.2812729
v 21.1779442 9.4972382 58.9047089
v 21.1155262 10.5258226 59.2835007
v 21.1921139 9.4950304 58.9071960
v 21.1305199 10.5237665 59.2857132
v 21.2062798 9.4928179 58.9096756
v 21.1455154 10.5217028 59.2879143
v 21.2204475 9.4905977 58.9121437
v 21.1605110 10.5196323 59.2901115
v 21.2346153 9.4883709 58.9146004
v 21.1755047 10.5175552 59.2922897
v 21.2487812 9.4861374 58.9170456
v 21.1904984 10.5154705 59.2944527
v 21.2629471 9.4838982 58.9194756
v 21.2054920 10.5133801 59.2966118
v 21.2771130 9.4816513 58.9219017
v 21.2204857 10.5112820 59.2987556
v 21.2912788 9.4794006 58.9243126
v 21.2354794 10.5091782 59.3008881
v 21.3054447 9.4771423 58.9267120
v 21.2504711 10.5070658 59.3030090
v 21.3196087 9.4748774 58.9291000
v 21.2654648 10.5049477 59.3051109
v 21.3337746 9.4726067 58.9314766
v 21.2804565 10.5028229 59.3072128
v 21.3479385 9.4703293 58.9338455
v 21.2954483 10.5006914 59.3092957
v 21.3621063 9.4680452 58.9362030
v 21.3104401 10.4985523 59.3113708
v 21.3762703 9.4657555 58.9385452
v 21.3254318 10.4964056 59.3134270
v 21.3904343 9.4634581 58.9408760
v 21.3404217 10.4942532 59.3154793
v 21.4045963 9.4611549 58.9432030
v 21.3554134 10.4920931 59.3175163
v 21.4187603 9.4588461 58.9455147
v 21.3704014 10.4899263 59.3195419
v 21.4329243 9.4565306 58.9478149
v 21.3853893 10.4877529 59.3215523
v 21.4470844 9.4542084 58.9500999
v 21.4003773 10.4855719 59.3235550
v 21.4612446 9.4518785 58.9523773
v 21.4153652 10.4833841 59.3255463
v 21.4754047 9.4495440 58.9546432
v 21.4303532 10.4811897 59.3275261
v 21.4895687 9.4472027 58.9568977
v 21.4453392 10.4789886 59.3294907
v 21.5037270 9.4448547 58.9591446
v 21.4603271 10.4767809 59.3314438
v 21.5178871 9.4425001 58.9613724
v 21.4753113 10.4745655 59.3333855
v 21.5320473 9.4401398 58.9635963
v 21.4902973 10.4723425 59.3353157
v 21.5462055 9.4377718 58.9658089
v 21.5052814 10.4701138 59.3372307
v 21.5603657 9.4353981 58.9680061
v 21.5202656 10.4678783 59.3391418
v 21.5745220 9.4330177 58.9701996
v 21.5352478 10.4656353 59.3410378
v 21.5886803 9.4306316 58.9723778
v 21.5502319 10.4633856 59.3429222
v 21.6028366 9.4282389 58.9745445
v 21.5652161 10.4611292 59.3447952
v 21.6169930 9.4258394 58.9766998
v 21.5801964 10.4588642 59.3466568
v 21.6311493 9.4234333 58.9788437
v 21.5951748 10.4565945 59.3485031
v 21.6453037 9.4210205 58.9809799
v 21.6101570 10.4543180 59.3503380
v 21.6594582 9.4186029 58.9830971
v 21.6251373 10.4520321 59.3521576
v 21.6736145 9.4161777 58.9852066
v 21.6401157 10.4497414 59.3539696
v 21.6877651 9.4137459 58.9873009
v 21.6550941 10.4474430 59.3557663
v 21.7019196 9.4113083 58.9893875
v 21.6700706 10.4451370 59.3575592
v 21.7160721 9.4088631 58.9914703
v 21.6850491 10.4428244 59.3593369
v 21.7302227 9.4064131 58.9935379
v 21.7000256 10.4405050 59.3611031
v 21.7443752 9.4039545 58.9955940
v 21.7150002 10.4381790 59.3628578
v 21.7585258 9.4014912 58.9976387
v 21.7299728 10.4358454 59.3646011
v 21.7726746 9.3990202 58.9996719
v 21.7449474 10.4335051 59.3663254
v 21.7868214 9.3965445 59.0016937
v 21.7599201 10.4311581 59.3680458
v 21.8009701 9.3940620 59.0037041
v 21.7748928 10.4288025 59.3697472
v 21.8151188 9.3915710 59.0057030
v 21.7898636 10.4264421 59.3714409
v 21.8292656 9.3890753 59.0076866
v 21.8048325 10.4240742 59.3731194
v 21.8434105 9.3865719 59.0096626
v 21.8198013 10.4216986 59.3747902
v 21.8575554 9.3840628 59.0116310
v 21.8347702 10.4193163 59.3764572
v 21.8717003 9.3815470 59.0135880
v 21.8497391 10.4169273 59.3781052
v 21.8858452 9.3790245 59.0155334
v 21.8647041 10.4145298 59.3797340
v 21.8999863 9.3764954 59.0174675
v 21.8796711 10.4121265 59.3813591
v 21.9141293 9.3739605 59.0193901
v 21.8946381 10.4097166 59.3829727
v 21.9282722 9.3714190 59.0213013
v 21.9096012 10.4073000 59.3845711
v 21.9424114 9.3688707 59.0231972
v 21.9245644 10.4048758 59.3861542
v 21.9565506 9.3663168 59.0250854
v 21.9395275 10.4024439 59.3877296
v 21.9706898 9.3637552 59.0269585
v 21.9544888 10.4000053 59.3892899
v 21.9848270 9.3611870 59.0288239
v 21.9694500 10.3975601 59.3908386
v 21.9989681 9.3586140 59.0306778
v 21.9844093 10.3951082 59.3923836
v 22.0131035 9.3560324 59.0325203
v 21.9993687 10.3926487 59.3939171
v 22.0272388 9.3534451 59.0343590
v 22.0143261 10.3901806 59.3954353
v 22.0413723 9.3508511 59.0361824
v 22.0292816 10.3877077 59.3969421
v 22.0555077 9.3482504 59.0379944
v 22.0442371 10.3852282 59.3984299
v 22.0696392 9.3456450 59.0397949
v 22.0591888 10.3827391 59.3999138
v 22.0837708 9.3430300 59.0415840
v 22.0741444 10.3802452 59.4013824
v 22.0979023 9.3404102 59.0433578
v 22.0890961 10.3777428 59.4028358
v 22.1120338 9.3377838 59.0451241
v 22.1040478 10.3752337 59.4042816
v 22.1261616 9.3351507 59.0468750
v 22.1189976 10.3727179 59.4057121
v 22.1402912 9.3325109 59.0486183
v 22.1339474 10.3701963 59.4071312
v 22.1544170 9.3298655 59.0503502
v 22.1488953 10.3676653 59.4085350
v 22.1685448 9.3272123 59.0520668
v 22.1638432 10.3651285 59.4099388
v 22.1826687 9.3245535 59.0537758
v 22.1787872 10.3625860 59.4113312
v 22.1967926 9.3218889 59.0554810
v 22.1937313 10.3600349 59.4127045
v 22.2109165 9.3192177 59.0571747
v 22.2086735 10.3574762 59.4140663
v 22.2250385 9.3165388 59.0588493
v 22.2236176 10.3549118 59.4154205
v 22.2391586 9.3138542 59.0605164
v 22.2385578 10.3523397 59.4167557
v 22.2532787 9.3111620 59.0621719
v 22.2534962 10.3497601 59.4180870
v 22.2673969 9.3084641 59.0638161
v 22.2684345 10.3471746 59.4193993
v 22.2815151 9.3057585 59.0654488
v 22.2833710 10.3445816 59.4207039
v 22.2956314 9.3030472 59.0670662
v 22.2983074 10.3419809 59.4219894
v 22.3097477 9.3003302 59.0686722
v 22.3132420 10.3393736 59.4232674
v 22.3238621 9.2976065 59.0702705
v 22.3281746 10.3367586 59.4245338
v 22.3379745 9.2948751 59.0718575
v 22.3431072 10.3341370 59.4257927
v 22.3520870 9.2921371 59.0734367
v 22.3580379 10.3315077 59.4270401
v 22.3661976 9.2893915 59.0750046
v 22.3729687 10.3288727 59.4282761
v 22.3803082 9.2866421 59.0765610
v 22.3878956 10.3262291 59.4294968
v 22.3944187 9.2838840 59.0781097
v 22.4028244 10.3235798 59.4307060
v 22.4085274 9.2811203 59.0796394
v 22.4177513 10.3209219 59.4319038
v 22.4226341 9.2783499 59.0811653
v 22.4326763 10.3182573 59.4330902
v 22.4367390 9.2755728 59.0826721
v 22.4475956 10.3155861 59.4342613
v 22.4508419 9.2727890 59.0841713
v 22.4625187 10.3129072 59.4354210
v 22.4649448 9.2699976 59.0856590
v 22.4774361 10.3102217 59.4365692
v 22.4790459 9.2672014 59.0871353
v 22.4923553 10.3075285 59.4377060
v 22.4931450 9.2643976 59.0886002
v 22.5072727 10.3048296 59.4388313
v 22.5072460 9.2615881 59.0900536
v 22.5221901 10.3021231 59.4399414
v 22.5213432 9.2587709 59.0914917
v 22.5371037 10.2994080 59.4410477
v 22.5354404 9.2559471 59.0929260
v 22.5520153 10.2966871 59.4421387
v 22.5495358 9.2531176 59.0943527
v 22.5669270 10.2939587 59.4432220
v 22.5636272 9.2502804 59.0957642
v 22.5818367 10.2912235 59.4442902
v 22.5777206 9.2474384 59.0971680
v 22.5967445 10.2884808 59.4453506
v 22.5918121 9.2445889 59.0985565
v 22.6116505 10.2857313 59.4463921
v 22.6059017 9.2417326 59.0999336
v 22.6265583 10.2829752 59.4474220
v 22.6199894 9.2388697 59.1012993
v 22.6414623 10.2802105 59.4484444
v 22.6340771 9.2360001 59.1026573
v 22.6563644 10.2774391 59.4494514
v 22.6481628 9.2331238 59.1040001
v 22.6712646 10.2746611 59.4504471
v 22.6622467 9.2302408 59.1053314
v 22.6861649 10.2718754 59.4514313
v 22.6763306 9.2273521 59.1066513
v 22.7010593 10.2690830 59.4524002
v 22.6904125 9.2244549 59.1079559
v 22.7159557 10.2662840 59.4533577
v 22.7044926 9.2215528 59.1092567
v 22.7308502 10.2634764 59.4543037
v 22.7185707 9.2186441 59.1105385
v 22.7457447 10.2606630 59.4552422
v 22.7326488 9.2157278 59.1118202
v 22.7606354 10.2578421 59.4561768
v 22.7467232 9.2128057 59.1130905
v 22.7755222 10.2550144 59.4570923
v 22.7607975 9.2098770 59.1143494
v 22.7904129 10.2521782 59.4579964
v 22.7748718 9.2069416 59.1155968
v 22.8052959 10.2493362 59.4588852
v 22.7889423 9.2039986 59.1168289
v 22.8201809 10.2464857 59.4597664
v 22.8030109 9.2010489 59.1180534
v 22.8350639 10.2436295 59.4606323
v 22.8170815 9.1980934 59.1192627
v 22.8499432 10.2407637 59.4614906
v 22.8311443 9.1951303 59.1204643
v 22.8648224 10.2378941 59.4623299
v 22.8452110 9.1921616 59.1216545
v 22.8796997 10.2350159 59.4631615
v 22.8592758 9.1891861 59.1228294
v 22.8945751 10.2321291 59.4639778
v 22.8733349 9.1862040 59.1239967
v 22.9094486 10.2292366 59.4647865
v 22.8873959 9.1832142 59.1251488
v 22.9243202 10.2263374 59.4655800
v 22.9014549 9.1802197 59.1262932
v 22.9391899 10.2234297 59.4663582
v 22.9155121 9.1772165 59.1274223
v 22.9540596 10.2205153 59.4671364
v 22.9295692 9.1742086 59.1285515
v 22.9689274 10.2175951 59.4678993
v 22.9436245 9.1711931 59.1296654
v 22.9837933 10.2146664 59.4686508
v 22.9576778 9.1681709 59.1307678
v 22.9986572 10.2117300 59.4693909
v 22.9717293 9.1651430 59.1318588
v 23.0135174 10.2087879 59.4701195
v 22.9857769 9.1621075 59.1329384
v 23.0283775 10.2058382 59.4708366
v 22.9998245 9.1590662 59.1340065
v 23.0432358 10.2028799 59.4715385
v 23.0138702 9.1560163 59.1350670
v 23.0580902 10.1999159 59.4722328
v 23.0279160 9.1529608 59.1361122
v 23.0729427 10.1969442 59.4729080
v 23.0419559 9.1498995 59.1371460
v 23.0877953 10.1939650 59.4735756
v 23.0559959 9.1468306 59.1381721
v 23.1026459 10.1909790 59.4742317
v 23.0700378 9.1437550 59.1391792
v 23.1174927 10.1879854 59.4748726
v 23.0840721 9.1406717 59.1401787
v 23.1323395 10.1849852 59.4755020
v 23.0981102 9.1375837 59.1411667
v 23.1471825 10.1819782 59.4761200
v 23.1121445 9.1344891 59.1421432
v 23.1620255 10.1789637 59.4767227
v 23.1261749 9.1313868 59.1431122
v 23.1768665 10.1759405 59.4773254
v 23.1402073 9.1282778 59.1440735
v 23.1917038 10.1729116 59.4779167
v 23.1542358 9.1251612 59.1450233
v 23.2065411 10.1698751 59.4784889
v 23.1682644 9.1220388 59.1459618
v 23.2213726 10.1668301 59.4790573
v 23.1822872 9.1189098 59.1468887
v 23.2362080 10.1637802 59.4796066
v 23.1963100 9.1157742 59.1478043
v 23.2510357 10.1607218 59.4801445
v 23.2103329 9.1126318 59.1487083
v 23.2658634 10.1576567 59.4806747
v 23.2243519 9.1094828 59.1495972
v 23.2806892 10.1545830 59.4811897
v 23.2383690 9.1063271 59.1504784
v 23.2955132 10.1515026 59.4816933
v 23.2523842 9.1031647 59.1513481
v 23.3103352 10.1484165 59.4821815
v 23.2663975 9.0999966 59.1522102
v 23.3251534 10.1453218 59.4826622
v 23.2804108 9.0968199 59.1530571
v 23.3399715 10.1422205 59.4831276
v 23.2944202 9.0936365 59.1538887
v 23.3547878 10.1391125 59.4835854
v 23.3084278 9.0904484 59.1547127
v 23.3696003 10.1359968 59.4840240
v 23.3224354 9.0872526 59.1555252
v 23.3844128 10.1328735 59.4844551
v 23.3364391 9.0840511 59.1563225
v 23.3992195 10.1297436 59.4848747
v 23.3504410 9.0808411 59.1571159
v 23.4140263 10.1266050 59.4852867
v 23.3644428 9.0776243 59.1579018
v 23.4288330 10.1234608 59.4856873
v 23.3784409 9.0744019 59.1586761
v 23.4436340 10.1203079 59.4860764
v 23.3924370 9.0711727 59.1594391
v 23.4584332 10.1171484 59.4864540
v 23.4064312 9.0679369 59.1601906
v 23.4732304 10.1139812 59.4868202
v 23.4204235 9.0646935 59.1609306
v 23.4880257 10.1108065 59.4871712
v 23.4344139 9.0614424 59.1616554
v 23.5028191 10.1076260 59.4875145
v 23.4484024 9.0581856 59.1623726
v 23.5176086 10.1044369 59.4878426
v 23.4623871 9.0549221 59.1630821
v 23.5323982 10.1012411 59.4881592
v 23.4763718 9.0516520 59.1637726
v 23.5471821 10.0980368 59.4884605
v 23.4903545 9.0483751 59.1644554
v 23.5619678 10.0948257 59.4887543
v 23.5043354 9.0450916 59.1651230
v 23.5767498 10.0916100 59.4890327
v 23.5183125 9.0418015 59.1657829
v 23.5915260 10.0883846 59.4893036
v 23.5322876 9.0385056 59.1664352
v 23.6063042 10.0851536 59.4895592
v 23.5462608 9.0352020 59.1670723
v 23.6210766 10.0819139 59.4897995
v 23.5602322 9.0318918 59.1676941
v 23.6358509 10.0786676 59.4900322
v 23.5742016 9.0285749 59.1683083
v 23.6506195 10.0754147 59.4902534
v 23.5881691 9.0252514 59.1689110
v 23.6653862 10.0721531 59.4904671
v 23.6021347 9.0219212 59.1695137
v 23.6801491 10.0688848 59.4906693
v 23.6160965 9.0185843 59.1700974
v 23.6949100 10.0656090 59.4908600
v 23.6300564 9.0152397 59.1706772
v 23.7096691 10.0623274 59.4910393
v 23.6440144 9.0118895 59.1712379
v 23.7244282 10.0590372 59.4912071
v 23.6579723 9.0085325 59.1717949
v 23.7391834 10.0557394 59.4913597
v 23.6719265 9.0051680 59.1723366
v 23.7539349 10.0524340 59.4915009
v 23.6858768 9.0017958 59.1728668
v 23.7686844 10.0491209 59.4916306
v 23.6998253 8.9984179 59.1733856
v 23.7834301 10.0458012 59.4917488
v 23.7137737 8.9950333 59.1738930
v 23.7981739 10.0424747 59.4918556
v 23.7277164 8.9916420 59.1743889
v 23.8129177 10.0391407 59.4919510
v 23.7416592 8.9882431 59.1748734
v 23.8276577 10.0357981 59.4920311
v 23.7556019 8.9848375 59.1753502
v 23.8423958 10.0324497 59.4921036
v 23.7695389 8.9814262 59.1758118
v 23.8571301 10.0290947 59.4921646
v 23.7834759 8.9780083 59.1762619
v 23.8718605 10.0257311 59.4922066
v 23.7974091 8.9745817 59.1767006
v 23.8865891 10.0223608 59.4922409
v 23.8113403 8.9711504 59.1771317
v 23.9013157 10.0189829 59.4922600
v 23.8252697 8.9677114 59.1775475
v 23.9160385 10.0155983 59.4922752
v 23.8391953 8.9642658 59.1779518
v 23.9307594 10.0122051 59.4922791
v 23.8531189 8.9608135 59.1783524
v 23.9454784 10.0088053 59.4922676
v 23.8670406 8.9573545 59.1787453
v 23.9601955 10.0053988 59.4922523
v 23.8809605 8.9538889 59.1791267
v 23.9749069 10.0019846 59.4922218
v 23.8948746 8.9504156 59.1794930
v 23.9896183 9.9985628 59.4921799
v 23.9087887 8.9469366 59.1798477
v 24.0043240 9.9951334 59.4921227
v 23.9227009 8.9434500 59.1801949
v 24.0190315 9.9916973 59.4920578
v 23.9366112 8.9399567 59.1805267
v 24.0337315 9.9882536 59.4919777
v 23.9505177 8.9364576 59.1808510
v 24.0484314 9.9848022 59.4918861
v 23.9644203 8.9329510 59.1811638
v 24.0631294 9.9813442 59.4917870
v 23.9783249 8.9294376 59.1814613
v 24.0778217 9.9778786 59.4916687
v 23.9922237 8.9259167 59.1817474
v 24.0925121 9.9744053 59.4915428
v 24.0061207 8.9223900 59.1820259
v 24.1072006 9.9709253 59.4914055
v 24.0200157 8.9188566 59.1822929
v 24.1218872 9.9674377 59.4912491
v 24.0339088 8.9153156 59.1825485
v 24.1365700 9.9639435 59.4910889
v 24.0477982 8.9117680 59.1827927
v 24.1512508 9.9604416 59.4909172
v 24.0616856 8.9082146 59.1830254
v 24.1659279 9.9569321 59.4907265
v 24.0755692 8.9046535 59.1832466
v 24.1806011 9.9534149 59.4905319
v 24.0894489 8.9010849 59.1834564
v 24.1952724 9.9498911 59.4903259
v 24.1033306 8.8975115 59.1836624
v 24.2099400 9.9463587 59.4901085
v 24.1172047 8.8939295 59.1838570
v 24.2246056 9.9428196 59.4898834
v 24.1310806 8.8903408 59.1840363
v 24.2392693 9.9392738 59.4896469
v 24.1449509 8.8867455 59.1842117
v 24.2539291 9.9357195 59.4893951
v 24.1588211 8.8831434 59.1843719
v 24.2685852 9.9321585 59.4891319
v 24.1726875 8.8795347 59.1845207
v 24.2832375 9.9285898 59.4888535
v 24.1865501 8.8759184 59.1846619
v 24.2978878 9.9250154 59.4885674
v 24.2004108 8.8722982 59.1847878
v 24.3125343 9.9214325 59.4882698
v 24.2142677 8.8686676 59.1849022
v 24.3271790 9.9178429 59.4879570
v 24.2281227 8.8650322 59.1850090
v 24.3418217 9.9142447 59.4876366
v 24.2419758 8.8613901 59.1851006
v 24.3564606 9.9106398 59.4873009
v 24.2558250 8.8577394 59.1851845
v 24.3710957 9.9070272 59.4869537
v 24.2696743 8.8540831 59.1852570
v 24.3857288 9.9034090 59.4865952
v 24.2835178 8.8504210 59.1853104
v 24.4003582 9.8997812 59.4862251
v 24.2973614 8.8467512 59.1853600
v 24.4149857 9.8961468 59.4858437
v 24.3111992 8.8430748 59.1853981
v 24.4296074 9.8925056 59.4854507
v 24.3250351 8.8393917 59.1854248
v 24.4442272 9.8888569 59.4850426
v 24.3388691 8.8357010 59.1854362
v 24.4588451 9.8852015 59.4846306
v 24.3527012 8.8320036 59.1854515
v 24.4734612 9.8815374 59.4842110
v 24.3665276 8.8282995 59.1854515
v 24.4880733 9.8778658 59.4837723
v 24.3803539 8.8245878 59.1854401
v 24.5026798 9.8741875 59.4833298
v 24.3941784 8.8208714 59.1854172
v 24.5172825 9.8705025 59.4828682
v 24.4079952 8.8171463 59.1853828
v 24.5318851 9.8668089 59.4824028
v 24.4218121 8.8134146 59.1853371
v 24.5464840 9.8631077 59.4819183
v 24.4356251 8.8096771 59.1852798
v 24.5610790 9.8594007 59.4814224
v 24.4494381 8.8059320 59.1852112
v 24.5756721 9.8556852 59.4809189
v 24.4632454 8.8021803 59.1851349
v 24.5902596 9.8519630 59.4804001
v 24.4770508 8.7984219 59.1850433
v 24.6048450 9.8482332 59.4798698
v 24.4908543 8.7946558 59.1849403
v 24.6194286 9.8444948 59.4793282
v 24.5046520 8.7908831 59.1848335
v 24.6340065 9.8407507 59.4787750
v 24.5184479 8.7871046 59.1847076
v 24.6485825 9.8369989 59.4782104
v 24.5322418 8.7833185 59.1845703
v 24.6631565 9.8332396 59.4776306
v 24.5460339 8.7795248 59.1844254
v 24.6777229 9.8294725 59.4770432
v 24.5598221 8.7757254 59.1842728
v 24.6922894 9.8256979 59.4764442
v 24.5736065 8.7719183 59.1841011
v 24.7068520 9.8219175 59.4758301
v 24.5873871 8.7681055 59.1839218
v 24.7214088 9.8181276 59.4752045
v 24.6011658 8.7642851 59.1837311
v 24.7359657 9.8143301 59.4745750
v 24.6149406 8.7604570 59.1835365
v 24.7505169 9.8105268 59.4739342
v 24.6287136 8.7566233 59.1833305
v 24.7650661 9.8067160 59.4732819
v 24.6424809 8.7527819 59.1831131
v 24.7796116 9.8028984 59.4726181
v 24.6562481 8.7489357 59.1828842
v 24.7941532 9.7990713 59.4719391
v 24.6700115 8.7450800 59.1826477
v 24.8086910 9.7952385 59.4712524
v 24.6837711 8.7412186 59.1823959
v 24.8232288 9.7913980 59.4705505
v 24.6975307 8.7373495 59.1821365
v 24.8377609 9.7875509 59.4698410
v 24.7112846 8.7334757 59.1818619
v 24.8522873 9.7836952 59.4691162
v 24.7250328 8.7295933 59.1815796
v 24.8668118 9.7798328 59.4683800
v 24.7387829 8.7257042 59.1812859
v 24.8813324 9.7759619 59.4676323
v 24.7525253 8.7218084 59.1809807
v 24.8958511 9.7720852 59.4668732
v 24.7662697 8.7179070 59.1806641
v 24.9103661 9.7681999 59.4661026
v 24.7800064 8.7139969 59.1803360
v 24.9248753 9.7643070 59.4653206
v 24.7937412 8.7100811 59.1799965
v 24.9393826 9.7604084 59.4645271
v 24.8074741 8.7061577 59.1796455
v 24.9538860 9.7565022 59.4637184
v 24.8212032 8.7022285 59.1792870
v 24.9683876 9.7525873 59.4628983
v 24.8349304 8.6982908 59.1789093
v 24.9828835 9.7486658 59.4620705
v 24.8486519 8.6943483 59.1785240
v 24.9973774 9.7447367 59.4612350
v 24.8623714 8.6903982 59.1781387
v 25.0118656 9.7407999 59.4603882
v 24.8760853 8.6864405 59.1777420
v 25.0263500 9.7368565 59.4595337
v 24.8897991 8.6824760 59.1773300
v 25.0408344 9.7329054 59.4586639
v 24.9035091 8.6785059 59.1769104
v 25.0553112 9.7289467 59.4577827
v 24.9172153 8.6745281 59.1764793
v 25.0697861 9.7249804 59.4568863
v 24.9309158 8.6705427 59.1760330
v 25.0842571 9.7210064 59.4559822
v 24.9446163 8.6665516 59.1755791
v 25.0987244 9.7170267 59.4550629
v 24.9583130 8.6625528 59.1751175
v 25.1131859 9.7130384 59.4541359
v 24.9720039 8.6585474 59.1746407
v 25.1276474 9.7090425 59.4531975
v 24.9856949 8.6545362 59.1741524
v 25.1421032 9.7050400 59.4522438
v 24.9993801 8.6505165 59.1736565
v 25.1565571 9.7010288 59.4512787
v 25.0130634 8.6464901 59.1731415
v 25.1710052 9.6970110 59.4503021
v 25.0267448 8.6424570 59.1726227
v 25.1854515 9.6929846 59.4493141
v 25.0404205 8.6384172 59.1720924
v 25.1998920 9.6889524 59.4483147
v 25.0540943 8.6343699 59.1715508
v 25.2143288 9.6849127 59.4473038
v 25.0677643 8.6303167 59.1709976
v 25.2287636 9.6808643 59.4462814
v 25.0814285 8.6262569 59.1704330
v 25.2431946 9.6768103 59.4452515
v 25.0950928 8.6221895 59.1698608
v 25.2576218 9.6727476 59.4442139
v 25.1087532 8.6181154 59.1692810
v 25.2720432 9.6686773 59.4431648
v 25.1224079 8.6140337 59.1686897
v 25.2864609 9.6646004 59.4421005
v 25.1360588 8.6099453 59.1680908
v 25.3008747 9.6605158 59.4410286
v 25.1497097 8.6058512 59.1674767
v 25.3152866 9.6564245 59.4399414
v 25.1633549 8.6017504 59.1668549
v 25.3296947 9.6523256 59.4388428
v 25.1769962 8.5976419 59.1662140
v 25.3440952 9.6482182 59.4377327
v 25.1906338 8.5935249 59.1655693
v 25.3584938 9.6441040 59.4366112
v 25.2042694 8.5894032 59.1649132
v 25.3728886 9.6399832 59.4354782
v 25.2179012 8.5852747 59.1642456
v 25.3872814 9.6358547 59.4343338
v 25.2315273 8.5811386 59.1635666
v 25.4016705 9.6317177 59.4331779
v 25.2451534 8.5769958 59.1628761
v 25.4160519 9.6275740 59.4320107
v 25.2587757 8.5728464 59.1621742
v 25.4304314 9.6234226 59.4308319
v 25.2723923 8.5686893 59.1614609
v 25.4448071 9.6192636 59.4296417
v 25.2860050 8.5645247 59.1607361
v 25.4591808 9.6150970 59.4284363
v 25.2996159 8.5603542 59.1600037
v 25.4735451 9.6109238 59.4272232
v 25.3132210 8.5561771 59.1592560
v 25.4879074 9.6067429 59.4260025
v 25.3268242 8.5519924 59.1585083
v 25.5022678 9.6025543 59.4247704
v 25.3404217 8.5478020 59.1577492
v 25.5166225 9.5983591 59.4235306
v 25.3540173 8.5436029 59.1569748
v 25.5309734 9.5941553 59.4222755
v 25.3676090 8.5393972 59.1561928
v 25.5453205 9.5899448 59.4210091
v 25.3811970 8.5351868 59.1553993
v 25.5596657 9.5857267 59.4197311
v 25.3947830 8.5309668 59.1545944
v 25.5740051 9.5815010 59.4184456
v 25.4083672 8.5267410 59.1537819
v 25.5883408 9.5772676 59.4171448
v 25.4219437 8.5225077 59.1529541
v 25.6026726 9.5730267 59.4158287
v 25.4355202 8.5182686 59.1521187
v 25.6170006 9.5687790 59.4145050
v 25.4490891 8.5140209 59.1512680
v 25.6313248 9.5645237 59.4131660
v 25.4626579 8.5097675 59.1504097
v 25.6456432 9.5602608 59.4118195
v 25.4762211 8.5055084 59.1495361
v 25.6599579 9.5559912 59.4104614
v 25.4897804 8.5012407 59.1486588
v 25.6742668 9.5517130 59.4090881
v 25.5033340 8.4969664 59.1477661
v 25.6885719 9.5474291 59.4077072
v 25.5168839 8.4926863 59.1468582
v 25.7028732 9.5431376 59.4063148
v 25.5304298 8.4883986 59.1459465
v 25.7171688 9.5388374 59.4049149
v 25.5439739 8.4841042 59.1450272
v 25.7314644 9.5345297 59.4035034
v 25.5575142 8.4798021 59.1440964
v 25.7457523 9.5302153 59.4020844
v 25.5710506 8.4754934 59.1431580
v 25.7600384 9.5258932 59.4006462
v 25.5845814 8.4711771 59.1422081
v 25.7743187 9.5215635 59.3992043
v 25.5981102 8.4668550 59.1412468
v 25.7885952 9.5172272 59.3977470
v 25.6116352 8.4625263 59.1402702
v 25.8028679 9.5128822 59.3962784
v 25.6251564 8.4581909 59.1392899
v 25.8171329 9.5085306 59.3947945
v 25.6386738 8.4538469 59.1382942
v 25.8313961 9.5041714 59.3933067
v 25.6521854 8.4494972 59.1372871
v 25.8456554 9.4998055 59.3917999
v 25.6656933 8.4451408 59.1362686
v 25.8599110 9.4954309 59.3902855
v 25.6792011 8.4407759 59.1352425
v 25.8741627 9.4910498 59.3887596
v 25.6927013 8.4364061 59.1342049
v 25.8884087 9.4866600 59.3872185
v 25.7061996 8.4320278 59.1331520
v 25.9026489 9.4822645 59.3856697
v 25.7196922 8.4276438 59.1320915
v 25.9168854 9.4778595 59.3841095
v 25.7331810 8.4232521 59.1310196
v 25.9311180 9.4734497 59.3825455
v 25.7466660 8.4188538 59.1299438
v 25.9453468 9.4690304 59.3809662
v 25.7601471 8.4144478 59.1288605
v 25.9595718 9.4646053 59.3793793
v 25.7736282 8.4100361 59.1277618
v 25.9737911 9.4601698 59.3777733
v 25.7870998 8.4056158 59.1266518
v 25.9880047 9.4557295 59.3761635
v 25.8005695 8.4011908 59.1255302
v 26.0022182 9.4512815 59.3745384
v 25.8140354 8.3967581 59.1244011
v 26.0164242 9.4468250 59.3729019
v 25.8274975 8.3923168 59.1232605
v 26.0306244 9.4423618 59.3712540
v 25.8409538 8.3878708 59.1221085
v 26.0448208 9.4378910 59.3695984
v 25.8544064 8.3834171 59.1209488
v 26.0590153 9.4334126 59.3679276
v 25.8678570 8.3789558 59.1197739
v 26.0732021 9.4289265 59.3662453
v 25.8813038 8.3744888 59.1185875
v 26.0873852 9.4244347 59.3645515
v 25.8947430 8.3700142 59.1173897
v 26.1015644 9.4199333 59.3628464
v 25.9081821 8.3655319 59.1161804
v 26.1157379 9.4154253 59.3611298
v 25.9216118 8.3610449 59.1149673
v 26.1299076 9.4109106 59.3594093
v 25.9350414 8.3565493 59.1137428
v 26.1440735 9.4063873 59.3576736
v 25.9484673 8.3520470 59.1125107
v 26.1582336 9.4018574 59.3559341
v 25.9618874 8.3475380 59.1112671
v 26.1723900 9.3973198 59.3541756
v 25.9753036 8.3430233 59.1100121
v 26.1865425 9.3927746 59.3524094
v 25.9887161 8.3384991 59.1087494
v 26.2006874 9.3882227 59.3506279
v 26.0021248 8.3339701 59.1074715
v 26.2148304 9.3836613 59.3488388
v 26.0155277 8.3294334 59.1061859
v 26.2289658 9.3790951 59.3470383
v 26.0289268 8.3248901 59.1048889
v 26.2431011 9.3745193 59.3452225
v 26.0423222 8.3203392 59.1035767
v 26.2572289 9.3699369 59.3433990
v 26.0557137 8.3157816 59.1022568
v 26.2713509 9.3653479 59.3415604
v 26.0690994 8.3112173 59.1009293
v 26.2854710 9.3607502 59.3397141
v 26.0824833 8.3066463 59.0995865
v 26.2995834 9.3561459 59.3378525
v 26.0958633 8.3020687 59.0982361
v 26.3136940 9.3515339 59.3359909
v 26.1092377 8.2974834 59.0968781
v 26.3277969 9.3469143 59.3341141
v 26.1226082 8.2928905 59.0955124
v 26.3418980 9.3422871 59.3322296
v 26.1359730 8.2882919 59.0941315
v 26.3559914 9.3376532 59.3303299
v 26.1493340 8.2836866 59.0927429
v 26.3700809 9.3330116 59.3284187
v 26.1626911 8.2790737 59.0913429
v 26.3841648 9.3283615 59.3264961
v 26.1760426 8.2744541 59.0899315
v 26.3982468 9.3237047 59.3245659
v 26.1893921 8.2698259 59.0885124
v 26.4123230 9.3190413 59.3226204
v 26.2027359 8.2651930 59.0870781
v 26.4263935 9.3143692 59.3206596
v 26.2160740 8.2605534 59.0856361
v 26.4404583 9.3096914 59.3186951
v 26.2294102 8.2559061 59.0841827
v 26.4545193 9.3050041 59.3167152
v 26.2427425 8.2512512 59.0827141
v 26.4685764 9.3003092 59.3147240
v 26.2560673 8.2465887 59.0812416
v 26.4826279 9.2956085 59.3127213
v 26.2693901 8.2419205 59.0797501
v 26.4966736 9.2908993 59.3107147
v 26.2827072 8.2372456 59.0782623
v 26.5107155 9.2861834 59.3086967
v 26.2960205 8.2325640 59.0767632
v 26.5247498 9.2814598 59.3066635
v 26.3093300 8.2278748 59.0752487
v 26.5387821 9.2767277 59.3046227
v 26.3226337 8.2231789 59.0737267
v 26.5528088 9.2719889 59.3025703
v 26.3359356 8.2184763 59.0721931
v 26.5668316 9.2672434 59.3005066
v 26.3492298 8.2137671 59.0706482
v 26.5808487 9.2624893 59.2984314
v 26.3625221 8.2090492 59.0690918
v 26.5948601 9.2577295 59.2963448
v 26.3758087 8.2043257 59.0675240
v 26.6088676 9.2529612 59.2942467
v 26.3890915 8.1995955 59.0659447
v 26.6228676 9.2481852 59.2921333
v 26.4023666 8.1948576 59.0643578
v 26.6368637 9.2434015 59.2900162
v 26.4156418 8.1901140 59.0627594
v 26.6508560 9.2386112 59.2878799
v 26.4289093 8.1853619 59.0611496
v 26.6648426 9.2338133 59.2857437
v 26.4421749 8.1806040 59.0595322
v 26.6788254 9.2290077 59.2835960
v 26.4554329 8.1758385 59.0579109
v 26.6928024 9.2241945 59.2814331
v 26.4686890 8.1710672 59.0562744
v 26.7067719 9.2193737 59.2792625
v 26.4819374 8.1662884 59.0546303
v 26.7207394 9.2145452 59.2770767
v 26.4951839 8.1615019 59.0529709
v 26.7347012 9.2097111 59.2748833
v 26.5084286 8.1567097 59.0513039
v 26.7486572 9.2048683 59.2726784
v 26.5216637 8.1519089 59.0496254
v 26.7626076 9.2000179 59.2704582
v 26.5348969 8.1471024 59.0479317
v 26.7765541 9.1951599 59.2682266
v 26.5481224 8.1422882 59.0462341
v 26.7904949 9.1902943 59.2659874
v 26.5613461 8.1374683 59.0445213
v 26.8044319 9.1854229 59.2637367
v 26.5745659 8.1326408 59.0427971
v 26.8183613 9.1805429 59.2614784
v 26.5877781 8.1278067 59.0410728
v 26.8322868 9.1756563 59.2592125
v 26.6009865 8.1229658 59.0393410
v 26.8462067 9.1707611 59.2569351
v 26.6141930 8.1181183 59.0375900
v 26.8601227 9.1658583 59.2546425
v 26.6273918 8.1132612 59.0358315
v 26.8740311 9.1609497 59.2523384
v 26.6405869 8.1084003 59.0340614
v 26.8879375 9.1560307 59.2500267
v 26.6537762 8.1035309 59.0322838
v 26.9018345 9.1511068 59.2476997
v 26.6669598 8.0986547 59.0304909
v 26.9157276 9.1461744 59.2453651
v 26.6801395 8.0937719 59.0286903
v 26.9296150 9.1412354 59.2430153
v 26.6933136 8.0888824 59.0268745
v 26.9434986 9.1362877 59.2406540
v 26.7064877 8.0839844 59.0250549
v 26.9573784 9.1313334 59.2382851
v 26.7196541 8.0790815 59.0232201
v 26.9712486 9.1263723 59.2359123
v 26.7328148 8.0741720 59.0213814
v 26.9851170 9.1214037 59.2335243
v 26.7459736 8.0692549 59.0195351
v 26.9989796 9.1164265 59.2311211
v 26.7591228 8.0643291 59.0176735
v 27.0128365 9.1114416 59.2287178
v 26.7722702 8.0593977 59.0158043
v 27.0266876 9.1064510 59.2262955
v 26.7854118 8.0544605 59.0139236
v 27.0405312 9.1014519 59.2238617
v 26.7985497 8.0495148 59.0120316
v 27.0543728 9.0964460 59.2214165
v 26.8116817 8.0445623 59.0101280
v 27.0682049 9.0914316 59.2189636
v 26.8248081 8.0396032 59.0082169
v 27.0820351 9.0864105 59.2164955
v 26.8379288 8.0346375 59.0062904
v 27.0958576 9.0813828 59.2140160
v 26.8510456 8.0296650 59.0043526
v 27.1096764 9.0763464 59.2115364
v 26.8641586 8.0246859 59.0024147
v 27.1234894 9.0713034 59.2090416
v 26.8772659 8.0197001 59.0004692
v 27.1372948 9.0662518 59.2065392
v 26.8903694 8.0147057 58.9985085
v 27.1510963 9.0611935 59.2040215
v 26.9034653 8.0097046 58.9965324
v 27.1648922 9.0561275 59.2014923
v 26.9165592 8.0046978 58.9945526
v 27.1786842 9.0510540 59.1989517
v 26.9296455 7.9996829 58.9925613
v 27.1924706 9.0459738 59.1964035
v 26.9427299 7.9946618 58.9905548
v 27.2062492 9.0408859 59.1938400
v 26.9558067 7.9896336 58.9885406
v 27.2200241 9.0357904 59.1912651
v 26.9688797 7.9845986 58.9865150
v 27.2337914 9.0306873 59.1886826
v 26.9819489 7.9795566 58.9844818
v 27.2475567 9.0255775 59.1860924
v 26.9950123 7.9745083 58.9824409
v 27.2613144 9.0204601 59.1834908
v 27.0080719 7.9694519 58.9803886
v 27.2750683 9.0153341 59.1808815
v 27.0211239 7.9643888 58.9783287
v 27.2888145 9.0102015 59.1782532
v 27.0341721 7.9593191 58.9762573
v 27.3025570 9.0050621 59.1756210
v 27.0472164 7.9542427 58.9741745
v 27.3162918 8.9999142 59.1729774
v 27.0602531 7.9491591 58.9720802
v 27.3300209 8.9947596 59.1703186
v 27.0732880 7.9440684 58.9699783
v 27.3437443 8.9895964 59.1676521
v 27.0863132 7.9389710 58.9678612
v 27.3574638 8.9844275 59.1649704
v 27.0993385 7.9338675 58.9657364
v 27.3711777 8.9792509 59.1622849
v 27.1123543 7.9287562 58.9636078
v 27.3848858 8.9740658 59.1595879
v 27.1253681 7.9236379 58.9614677
v 27.3985882 8.9688740 59.1568794
v 27.1383762 7.9185128 58.9593163
v 27.4122849 8.9636736 59.1541634
v 27.1513786 7.9133806 58.9571571
v 27.4259720 8.9584684 59.1514320
v 27.1643753 7.9082427 58.9549828
v 27.4396591 8.9532537 59.1486893
v 27.1773682 7.9030962 58.9527969
v 27.4533386 8.9480305 59.1459389
v 27.1903572 7.8979430 58.9506035
v 27.4670086 8.9428024 59.1431770
v 27.2033367 7.8927841 58.9483986
v 27.4806747 8.9375658 59.1403961
v 27.2163124 7.8876176 58.9461823
v 27.4943371 8.9323215 59.1376190
v 27.2292843 7.8824439 58.9439621
v 27.5079937 8.9270706 59.1348267
v 27.2422504 7.8772640 58.9417343
v 27.5216446 8.9218121 59.1320267
v 27.2552109 7.8720765 58.9394913
v 27.5352879 8.9165459 59.1292114
v 27.2681675 7.8668823 58.9372406
v 27.5489254 8.9112720 59.1263885
v 27.2811184 7.8616810 58.9349823
v 27.5625591 8.9059906 59.1235542
v 27.2940617 7.8564725 58.9327049
v 27.5761852 8.9007025 59.1207047
v 27.3070011 7.8512583 58.9304199
v 27.5898056 8.8954058 59.1178474
v 27.3199387 7.8460355 58.9281273
v 27.6034203 8.8901024 59.1149826
v 27.3328667 7.8408070 58.9258270
v 27.6170292 8.8847923 59.1121063
v 27.3457890 7.8355713 58.9235229
v 27.6306324 8.8794746 59.1092224
v 27.3587093 7.8303294 58.9212036
v 27.6442280 8.8741484 59.1063232
v 27.3716221 7.8250794 58.9188690
v 27.6578197 8.8688164 59.1034164
v 27.3845310 7.8198237 58.9165268
v 27.6714039 8.8634768 59.1004944
v 27.3974323 7.8145609 58.9141769
v 27.6849842 8.8581285 59.0975685
v 27.4103298 7.8092904 58.9118156
v 27.6985588 8.8527737 59.0946236
v 27.4232216 7.8040137 58.9094429
v 27.7121258 8.8474112 59.0916748
v 27.4361095 7.7987299 58.9070663
v 27.7256889 8.8420420 59.0887184
v 27.4489899 7.7934389 58.9046745
v 27.7392426 8.8366642 59.0857506
v 27.4618645 7.7881413 58.9022789
v 27.7527943 8.8312788 59.0827675
v 27.4747372 7.7828360 58.8998680
v 27.7663364 8.8258877 59.0797768
v 27.4876003 7.7775249 58.8974495
v 27.7798729 8.8204880 59.0767708
v 27.5004616 7.7722068 58.8950157
v 27.7934055 8.8150816 59.0737572
v 27.5133152 7.7668815 58.8925743
v 27.8069286 8.8096676 59.0707321
v 27.5261631 7.7615495 58.8901215
v 27.8204498 8.8042459 59.0676994
v 27.5390053 7.7562108 58.8876686
v 27.8339634 8.7988167 59.0646591
v 27.5518436 7.7508640 58.8852005
v 27.8474674 8.7933798 59.0616112
v 27.5646763 7.7455111 58.8827248
v 27.8609695 8.7879362 59.0585442
v 27.5775032 7.7401514 58.8802376
v 27.8744640 8.7824850 59.0554657
v 27.5903225 7.7347841 58.8777390
v 27.8879528 8.7770262 59.0523834
v 27.6031399 7.7294111 58.8752289
v 27.9014359 8.7715597 59.0492821
v 27.6159477 7.7240300 58.8727074
v 27.9149132 8.7660866 59.0461807
v 27.6287537 7.7186427 58.8701859
v 27.9283829 8.7606049 59.0430679
v 27.6415520 7.7132473 58.8676529
v 27.9418449 8.7551165 59.0399399
v 27.6543465 7.7078462 58.8651047
v 27.9553051 8.7496204 59.0368042
v 27.6671352 7.7024379 58.8625488
v 27.9687576 8.7441177 59.0336609
v 27.6799164 7.6970229 58.8599854
v 27.9822025 8.7386084 59.0305023
v 27.6926937 7.6916018 58.8574066
v 27.9956417 8.7330894 59.0273323
v 27.7054653 7.6861720 58.8548164
v 28.0090752 8.7275648 59.0241508
v 27.7182312 7.6807370 58.8522148
v 28.0225010 8.7220325 59.0209656
v 27.7309895 7.6752949 58.8496170
v 28.0359230 8.7164927 59.0177689
v 27.7437439 7.6698446 58.8470001
v 28.0493374 8.7109451 59.0145607
v 27.7564945 7.6643887 58.8443794
v 28.0627441 8.7053900 59.0113411
v 27.7692375 7.6589251 58.8417473
v 28.0761471 8.6998281 59.0081100
v 27.7819729 7.6534548 58.8390961
v 28.0895424 8.6942596 59.0048676
v 27.7947044 7.6479783 58.8364410
v 28.1029301 8.6886826 59.0016212
v 27.8074322 7.6424942 58.8337822
v 28.1163139 8.6830978 58.9983673
v 27.8201523 7.6370029 58.8311157
v 28.1296902 8.6775064 58.9950981
v 27.8328648 7.6315055 58.8284340
v 28.1430588 8.6719074 58.9918175
v 27.8455734 7.6260014 58.8257408
v 28.1564236 8.6663017 58.9885254
v 27.8582783 7.6204896 58.8230362
v 28.1697807 8.6606874 58.9852257
v 27.8709755 7.6149716 58.8203239
v 28.1831322 8.6550665 58.9819145
v 27.8836670 7.6094465 58.8176003
v 28.1964779 8.6494379 58.9785919
v 27.8963528 7.6039133 58.8148727
v 28.2098160 8.6438017 58.9752617
v 27.9090347 7.5983744 58.8121300
v 28.2231483 8.6381588 58.9719200
v 27.9217072 7.5928288 58.8093834
v 28.2364731 8.6325092 58.9685707
v 27.9343758 7.5872769 58.8066216
v 28.2497940 8.6268501 58.9652061
v 27.9470406 7.5817165 58.8038521
v 28.2631073 8.6211853 58.9618340
v 27.9596977 7.5761504 58.8010750
v 28.2764130 8.6155128 58.9584579
v 27.9723473 7.5705776 58.7982864
v 28.2897110 8.6098328 58.9550629
v 27.9849930 7.5649967 58.7954865
v 28.3030052 8.6041451 58.9516602
v 27.9976311 7.5594096 58.7926788
v 28.3162937 8.5984507 58.9482498
v 28.0102673 7.5538154 58.7898636
v 28.3295746 8.5927486 58.9448280
v 28.0228958 7.5482144 58.7870369
v 28.3428478 8.5870390 58.9413948
v 28.0355167 7.5426073 58.7841988
v 28.3561153 8.5813217 58.9379463
v 28.0481319 7.5369916 58.7813530
v 28.3693752 8.5755978 58.9344978
v 28.0607433 7.5313702 58.7784996
v 28.3826294 8.5698662 58.9310341
v 28.0733452 7.5257421 58.7756310
v 28.3958759 8.5641260 58.9275589
v 28.0859432 7.5201058 58.7727585
v 28.4091187 8.5583801 58.9240761
v 28.0985374 7.5144634 58.7698708
v 28.4223537 8.5526266 58.9205818
v 28.1111240 7.5088148 58.7669792
v 28.4355812 8.5468664 58.9170799
v 28.1237068 7.5031595 58.7640724
v 28.4488029 8.5410976 58.9135666
v 28.1362801 7.4974961 58.7611618
v 28.4620171 8.5353212 58.9100380
v 28.1488495 7.4918261 58.7582359
v 28.4752235 8.5295391 58.9065056
v 28.1614113 7.4861507 58.7553062
v 28.4884243 8.5237494 58.9029617
v 28.1739674 7.4804678 58.7523651
v 28.5016193 8.5179501 58.8994064
v 28.1865177 7.4747767 58.7494125
v 28.5148067 8.5121469 58.8958473
v 28.1990604 7.4690809 58.7464561
v 28.5279884 8.5063343 58.8922729
v 28.2116013 7.4633765 58.7434845
v 28.5411644 8.5005140 58.8886871
v 28.2241325 7.4576659 58.7405014
v 28.5543327 8.4946880 58.8850975
v 28.2366600 7.4519486 58.7375145
v 28.5674953 8.4888535 58.8814888
v 28.2491817 7.4462242 58.7345161
v 28.5806503 8.4830122 58.8778763
v 28.2616959 7.4404936 58.7315063
v 28.5937977 8.4771633 58.8742523
v 28.2742062 7.4347553 58.7284927
v 28.6069412 8.4713058 58.8706207
v 28.2867088 7.4290099 58.7254639
v 28.6200752 8.4654436 58.8669777
v 28.2992058 7.4232588 58.7224312
v 28.6332035 8.4595718 58.8633270
v 28.3116970 7.4174995 58.7193832
v 28.6463261 8.4536943 58.8596611
v 28.3241825 7.4117346 58.7163277
v 28.6594410 8.4478073 58.8559875
v 28.3366604 7.4059615 58.7132645
v 28.6725483 8.4419146 58.8523064
v 28.3491306 7.4001827 58.7101936
v 28.6856480 8.4360151 58.8486099
v 28.3615971 7.3943968 58.7071075
v 28.6987400 8.4301071 58.8449097
v 28.3740559 7.3886037 58.7040176
v 28.7118263 8.4241915 58.8411942
v 28.3865089 7.3828039 58.7009125
v 28.7249069 8.4182701 58.8374710
v 28.3989563 7.3769975 58.6977997
v 28.7379799 8.4123402 58.8337364
v 28.4113960 7.3711843 58.6946831
v 28.7510471 8.4064035 58.8299942
v 28.4238300 7.3653636 58.6915512
v 28.7641048 8.4004583 58.8262405
v 28.4362583 7.3595357 58.6884079
v 28.7771587 8.3945065 58.8224792
v 28.4486828 7.3537016 58.6852646
v 28.7902050 8.3885479 58.8187065
v 28.4610996 7.3478613 58.6821022
v 28.8032436 8.3825817 58.8149261
v 28.4735088 7.3420134 58.6789398
v 28.8162746 8.3766079 58.8111305
v 28.4859104 7.3361588 58.6757622
v 28.8292980 8.3706274 58.8073311
v 28.4983082 7.3302975 58.6725731
v 28.8423176 8.3646383 58.8035202
v 28.5106983 7.3244286 58.6693802
v 28.8553276 8.3586435 58.7996941
v 28.5230827 7.3185539 58.6661720
v 28.8683338 8.3526411 58.7958603
v 28.5354633 7.3126726 58.6629562
v 28.8813267 8.3466301 58.7920227
v 28.5478344 7.3067832 58.6597366
v 28.8943176 8.3406124 58.7881699
v 28.5601997 7.3008876 58.6565018
v 28.9073009 8.3345881 58.7843094
v 28.5725613 7.2949853 58.6532593
v 28.9202785 8.3285570 58.7804413
v 28.5849133 7.2890763 58.6500092
v 28.9332485 8.3225174 58.7765541
v 28.5972614 7.2831602 58.6467476
v 28.9462090 8.3164711 58.7726669
v 28.6096001 7.2772379 58.6434784
v 28.9591618 8.3104162 58.7687683
v 28.6219349 7.2713075 58.6401978
v 28.9721107 8.3043556 58.7648544
v 28.6342621 7.2653713 58.6369095
v 28.9850521 8.2982864 58.7609367
v 28.6465855 7.2594275 58.6336098
v 28.9979839 8.2922115 58.7570038
v 28.6588993 7.2534781 58.6303024
v 29.0109119 8.2861280 58.7530670
v 28.6712093 7.2475204 58.6269913
v 29.0238323 8.2800379 58.7491188
v 28.6835117 7.2415571 58.6236610
v 29.0367432 8.2739401 58.7451591
v 28.6958046 7.2355857 58.6203270
v 29.0496483 8.2678356 58.7411919
v 28.7080956 7.2296090 58.6169853
v 29.0625458 8.2617226 58.7372131
v 28.7203789 7.2236242 58.6136322
v 29.0754356 8.2556028 58.7332230
v 28.7326546 7.2176332 58.6102676
v 29.0883198 8.2494774 58.7292252
v 28.7449245 7.2116361 58.6068954
v 29.1011982 8.2433424 58.7252197
v 28.7571888 7.2056308 58.6035156
v 29.1140671 8.2372007 58.7212029
v 28.7694435 7.1996188 58.6001244
v 29.1269283 8.2310524 58.7171707
v 28.7816944 7.1936007 58.5967255
v 29.1397839 8.2248964 58.7131348
v 28.7939396 7.1875758 58.5933151
v 29.1526318 8.2187338 58.7090912
v 28.8061771 7.1815438 58.5898972
v 29.1654720 8.2125635 58.7050323
v 28.8184071 7.1755052 58.5864716
v 29.1783066 8.2063856 58.7009697
v 28.8306351 7.1694593 58.5830345
v 29.1911335 8.2002001 58.6968956
v 28.8428516 7.1634073 58.5795937
v 29.2039528 8.1940079 58.6928062
v 28.8550644 7.1573477 58.5761375
v 29.2167625 8.1878090 58.6887131
v 28.8672676 7.1512818 58.5726700
v 29.2295685 8.1816015 58.6846085
v 28.8794670 7.1452088 58.5691986
v 29.2423649 8.1753874 58.6804962
v 28.8916569 7.1391296 58.5657196
v 29.2551537 8.1691666 58.6763725
v 28.9038429 7.1330433 58.5622292
v 29.2679386 8.1629381 58.6722374
v 28.9160213 7.1269503 58.5587273
v 29.2807140 8.1567030 58.6680946
v 28.9281940 7.1208506 58.5552177
v 29.2934837 8.1504583 58.6639442
v 28.9403610 7.1147428 58.5517006
v 29.3062420 8.1442089 58.6597786
v 28.9525204 7.1086302 58.5481682
v 29.3189983 8.1379519 58.6556091
v 28.9646740 7.1025105 58.5446320
v 29.3317432 8.1316872 58.6514244
v 28.9768200 7.0963831 58.5410881
v 29.3444843 8.1254148 58.6472359
v 28.9889584 7.0902495 58.5375328
v 29.3572159 8.1191359 58.6430359
v 29.0010910 7.0841084 58.5339661
v 29.3699360 8.1128492 58.6388283
v 29.0132160 7.0779614 58.5303993
v 29.3826542 8.1065559 58.6346092
v 29.0253353 7.0718074 58.5268135
v 29.3953609 8.1002550 58.6303787
v 29.0374470 7.0656462 58.5232239
v 29.4080639 8.0939474 58.6261406
v 29.0495510 7.0594792 58.5196266
v 29.4207573 8.0876312 58.6218910
v 29.0616493 7.0533037 58.5160179
v 29.4334450 8.0813093 58.6176376
v 29.0737419 7.0471234 58.5123978
v 29.4461231 8.0749788 58.6133690
v 29.0858288 7.0409346 58.5087700
v 29.4587975 8.0686426 58.6090927
v 29.0979080 7.0347409 58.5051346
v 29.4714603 8.0622978 58.6048050
v 29.1099796 7.0285387 58.5014877
v 29.4841175 8.0559464 58.6005096
v 29.1220455 7.0223303 58.4978333
v 29.4967670 8.0495872 58.5962067
v 29.1341038 7.0161157 58.4941711
v 29.5094090 8.0432215 58.5918922
v 29.1461544 7.0098939 58.4904976
v 29.5220413 8.0368490 58.5875664
v 29.1581993 7.0036654 58.4868202
v 29.5346699 8.0304680 58.5832329
v 29.1702366 6.9974294 58.4831276
v 29.5472889 8.0240803 58.5788918
v 29.1822681 6.9911871 58.4794273
v 29.5599003 8.0176859 58.5745392
v 29.1942921 6.9849391 58.4757233
v 29.5725040 8.0112839 58.5701752
v 29.2063084 6.9786835 58.4720001
v 29.5851002 8.0048752 58.5658073
v 29.2183208 6.9724212 58.4682808
v 29.5976887 7.9984589 58.5614281
v 29.2303219 6.9661522 58.4645424
v 29.6102715 7.9920349 58.5570374
v 29.2423210 6.9598761 58.4608002
v 29.6228447 7.9856033 58.5526352
v 29.2543106 6.9535933 58.4570465
v 29.6354103 7.9791660 58.5482292
v 29.2662926 6.9473038 58.4532890
v 29.6479683 7.9727201 58.5438118
v 29.2782707 6.9410076 58.4495125
v 29.6605206 7.9662685 58.5393867
v 29.2902393 6.9347048 58.4457359
v 29.6730633 7.9598083 58.5349503
v 29.3022022 6.9283953 58.4419479
v 29.6855984 7.9533420 58.5305061
v 29.3141575 6.9220786 58.4381523
v 29.6981277 7.9468679 58.5260506
v 29.3261070 6.9157562 58.4343452
v 29.7106476 7.9403868 58.5215836
v 29.3380508 6.9094257 58.4305344
v 29.7231617 7.9338989 58.5171089
v 29.3499851 6.9030895 58.4267082
v 29.7356663 7.9274030 58.5126266
v 29.3619137 6.8967462 58.4228745
v 29.7481613 7.9209008 58.5081367
v 29.3738327 6.8903966 58.4190331
v 29.7606525 7.9143915 58.5036316
v 29.3857479 6.8840408 58.4151840
v 29.7731361 7.9078741 58.4991226
v 29.3976555 6.8776770 58.4113235
v 29.7856102 7.9013510 58.4945984
v 29.4095573 6.8713074 58.4074554
v 29.7980747 7.8948193 58.4900703
v 29.4214497 6.8649302 58.4035759
v 29.8105354 7.8882799 58.4855309
v 29.4333344 6.8585463 58.3996925
v 29.8229828 7.8817353 58.4809837
v 29.4452133 6.8521562 58.3958015
v 29.8354282 7.8751822 58.4764252
v 29.4570866 6.8457594 58.3918915
v 29.8478642 7.8686218 58.4718590
v 29.4689503 6.8393555 58.3879814
v 29.8602905 7.8620548 58.4672813
v 29.4808083 6.8329449 58.3840599
v 29.8727112 7.8554811 58.4626961
v 29.4926605 6.8265276 58.3801308
v 29.8851223 7.8488994 58.4580994
v 29.5045033 6.8201041 58.3761902
v 29.8975258 7.8423104 58.4534988
v 29.5163383 6.8136725 58.3722458
v 29.9099216 7.8357158 58.4488869
v 29.5281696 6.8072362 58.3682899
v 29.9223080 7.8291125 58.4442673
v 29.5399914 6.8007922 58.3643265
v 29.9346886 7.8225021 58.4396362
v 29.5518036 6.7943411 58.3603516
v 29.9470596 7.8158846 58.4349937
v 29.5636139 6.7878838 58.3563728
v 29.9594269 7.8092604 58.4303436
v 29.5754166 6.7814198 58.3523788
v 29.9717846 7.8026290 58.4256859
v 29.5872097 6.7749486 58.3483772
v 29.9841347 7.7959895 58.4210167
v 29.5989990 6.7684703 58.3443718
v 29.9964752 7.7893443 58.4163399
v 29.6107788 6.7619863 58.3403511
v 30.0088100 7.7826915 58.4116516
v 29.6225529 6.7554955 58.3363266
v 30.0211353 7.7760315 58.4069519
v 29.6343174 6.7489977 58.3322906
v 30.0334530 7.7693639 58.4022522
v 29.6460781 6.7424932 58.3282471
v 30.0457630 7.7626901 58.3975372
v 29.6578274 6.7359824 58.3241959
v 30.0580635 7.7560081 58.3928146
v 29.6695709 6.7294645 58.3201370
v 30.0703583 7.7493191 58.3880806
v 29.6813087 6.7229395 58.3160667
v 30.0826416 7.7426233 58.3833427
v 29.6930389 6.7164078 58.3119926
v 30.0949211 7.7359209 58.3785896
v 29.7047615 6.7098703 58.3079033
v 30.1071911 7.7292113 58.3738327
v 29.7164783 6.7033267 58.3038101
v 30.1194534 7.7224936 58.3690643
v 29.7281876 6.6967750 58.2997055
v 30.1317062 7.7157698 58.3642883
v 29.7398872 6.6902170 58.2955933
v 30.1439514 7.7090383 58.3595009
v 29.7515793 6.6836524 58.2914696
v 30.1561890 7.7023001 58.3547058
v 29.7632637 6.6770811 58.2873383
v 30.1684170 7.6955543 58.3499031
v 29.7749424 6.6705031 58.2831993
v 30.1806374 7.6888018 58.3450890
v 29.7866135 6.6639185 58.2790565
v 30.1928501 7.6820421 58.3402710
v 29.7982769 6.6573277 58.2749023
v 30.2050571 7.6752758 58.3354378
v 29.8099346 6.6507301 58.2707405
v 30.2172527 7.6685009 58.3305969
v 29.8215847 6.6441250 58.2665634
v 30.2294407 7.6617203 58.3257484
v 29.8332272 6.6375132 58.2623863
v 30.2416229 7.6549325 58.3208923
v 29.8448639 6.6308961 58.2581940
v 30.2537937 7.6481371 58.3160248
v 29.8564892 6.6242714 58.2539978
v 30.2659588 7.6413350 58.3111496
v 29.8681087 6.6176400 58.2497940
v 30.2781143 7.6345253 58.3062592
v 29.8797226 6.6110020 58.2455750
v 30.2902622 7.6277084 58.3013649
v 29.8913250 6.6043568 58.2413521
v 30.3024025 7.6208854 58.2964668
v 29.9029236 6.5977063 58.2371178
v 30.3145351 7.6140547 58.2915535
v 29.9145145 6.5910482 58.2328758
v 30.3266563 7.6072164 58.2866364
v 29.9260979 6.5843835 58.2286301
v 30.3387737 7.6003723 58.2817039
v 29.9376736 6.5777130 58.2243690
v 30.3508797 7.5935206 58.2767639
v 29.9492416 6.5710349 58.2201080
v 30.3629799 7.5866613 58.2718163
v 29.9608040 6.5643501 58.2158318
v 30.3750687 7.5797958 58.2668610
v 29.9723549 6.5576591 58.2115479
v 30.3871517 7.5729227 58.2618942
v 29.9839001 6.5509615 58.2072525
v 30.3992252 7.5660424 58.2569199
v 29.9954395 6.5442576 58.2029572
v 30.4112911 7.5591550 58.2519379
v 30.0069714 6.5375457 58.1986465
v 30.4233475 7.5522614 58.2469482
v 30.0184937 6.5308285 58.1943283
v 30.4353962 7.5453601 58.2419434
v 30.0300083 6.5241046 58.1900024
v 30.4474373 7.5384517 58.2369347
v 30.0415154 6.5173736 58.1856728
v 30.4594707 7.5315356 58.2319183
v 30.0530186 6.5106359 58.1813278
v 30.4714947 7.5246134 58.2268867
v 30.0645123 6.5038919 58.1769753
v 30.4835110 7.5176840 58.2218552
v 30.0759983 6.4971409 58.1726151
v 30.4955177 7.5107479 58.2168083
v 30.0874748 6.4903831 58.1682472
v 30.5075188 7.5038042 58.2117538
v 30.0989456 6.4836197 58.1638718
v 30.5195084 7.4968543 58.2066917
v 30.1104088 6.4768491 58.1594887
v 30.5314922 7.4898958 58.2016220
v 30.1218662 6.4700718 58.1550980
v 30.5434666 7.4829311 58.1965408
v 30.1333141 6.4632874 58.1506958
v 30.5554314 7.4759598 58.1914520
v 30.1447525 6.4564972 58.1462860
v 30.5673885 7.4689803 58.1863556
v 30.1561871 6.4496999 58.1418686
v 30.5793381 7.4619951 58.1812515
v 30.1676102 6.4428959 58.1374435
v 30.5912800 7.4550018 58.1761360
v 30.1790295 6.4360857 58.1330070
v 30.6032143 7.4480028 58.1710129
v 30.1904411 6.4292688 58.1285629
v 30.6151352 7.4409952 58.1658783
v 30.2018433 6.4224453 58.1241150
v 30.6270523 7.4339814 58.1607399
v 30.2132378 6.4156146 58.1196556
v 30.6389599 7.4269609 58.1555901
v 30.2246265 6.4087782 58.1151848
v 30.6508579 7.4199324 58.1504288
v 30.2360058 6.4019346 58.1107101
v 30.6627483 7.4128971 58.1452637
v 30.2473774 6.3950844 58.1062241
v 30.6746292 7.4058552 58.1400871
v 30.2587395 6.3882275 58.1017342
v 30.6865005 7.3988066 58.1348991
v 30.2700958 6.3813648 58.0972328
v 30.6983643 7.3917508 58.1297073
v 30.2814445 6.3744950 58.0927200
v 30.7102222 7.3846879 58.1245079
v 30.2927876 6.3676190 58.0882072
v 30.7220707 7.3776178 58.1192932
v 30.3041210 6.3607359 58.0836792
v 30.7339096 7.3705411 58.1140785
v 30.3154449 6.3538461 58.0791435
v 30.7457390 7.3634572 58.1088486
v 30.3267632 6.3469501 58.0746002
v 30.7575626 7.3563662 58.1036110
v 30.3380756 6.3400478 58.0700493
v 30.7693768 7.3492684 58.0983620
v 30.3493786 6.3331380 58.0654869
v 30.7811813 7.3421631 58.0931091
v 30.3606720 6.3262224 58.0609207
v 30.7929764 7.3350520 58.0878487
v 30.3719597 6.3193002 58.0563469
v 30.8047657 7.3279333 58.0825768
v 30.3832378 6.3123713 58.0517616
v 30.8165474 7.3208070 58.0772972
v 30.3945122 6.3054357 58.0471687
v 30.8283176 7.3136749 58.0720100
v 30.4057751 6.2984943 58.0425682
v 30.8400784 7.3065357 58.0667114
v 30.4170322 6.2915459 58.0379639
v 30.8518333 7.2993884 58.0614052
v 30.4282799 6.2845902 58.0333443
v 30.8635750 7.2922344 58.0560951
v 30.4395180 6.2776279 58.0287209
v 30.8753109 7.2850733 58.0507698
v 30.4507504 6.2706594 58.0240898
v 30.8870392 7.2779059 58.0454407
v 30.4619751 6.2636847 58.0194473
v 30.8987598 7.2707319 58.0401001
v 30.4731960 6.2567034 58.0148010
v 30.9104710 7.2635512 58.0347519
v 30.4844036 6.2497163 58.0101395
v 30.9221706 7.2563624 58.0293961
v 30.4956036 6.2427211 58.0054779
v 30.9338665 7.2491665 58.0240326
v 30.5067997 6.2357197 58.0008011
v 30.9455490 7.2419643 58.0186577
v 30.5179825 6.2287121 57.9961205
v 30.9572239 7.2347550 58.0132751
v 30.5291615 6.2216983 57.9914322
v 30.9688931 7.2275386 58.0078926
v 30.5403309 6.2146773 57.9867363
v 30.9805489 7.2203155 58.0024910
v 30.5514908 6.2076497 57.9820290
v 30.9921989 7.2130852 57.9970818
v 30.5626450 6.2006159 57.9773140
v 31.0038414 7.2058482 57.9916687
v 30.5737953 6.1935754 57.9725952
v 31.0154724 7.1986041 57.9862442
v 30.5849304 6.1865287 57.9678650
v 31.0270939 7.1913538 57.9808121
v 30.5960598 6.1794758 57.9631271
v 31.0387096 7.1840959 57.9753723
v 30.6071835 6.1724162 57.9583817
v 31.0503139 7.1768312 57.9699211
v 30.6182957 6.1653490 57.9536247
v 31.0619106 7.1695595 57.9644661
v 30.6294041 6.1582766 57.9488640
v 31.0735016 7.1622806 57.9589996
v 30.6405029 6.1511970 57.9440918
v 31.0850792 7.1549950 57.9535217
v 30.6515923 6.1441107 57.9393158
v 31.0966492 7.1477032 57.9480400
v 30.6626740 6.1370182 57.9345284
v 31.1082096 7.1404037 57.9425507
v 30.6737461 6.1299191 57.9297333
v 31.1197624 7.1330976 57.9370499
v 30.6848145 6.1228142 57.9249344
v 31.1313057 7.1257839 57.9315414
v 30.6958733 6.1157007 57.9201202
v 31.1428394 7.1184635 57.9260216
v 30.7069225 6.1085825 57.9153023
v 31.1543655 7.1111364 57.9205017
v 30.7179642 6.1014576 57.9104767
v 31.1658859 7.1038036 57.9149704
v 30.7290001 6.0943260 57.9056473
v 31.1773930 7.0964637 57.9094276
v 30.7400265 6.0871892 57.9007988
v 31.1888943 7.0891156 57.9038773
v 30.7510433 6.0800443 57.8959503
v 31.2003841 7.0817618 57.8983231
v 30.7620525 6.0728936 57.8910904
v 31.2118645 7.0743995 57.8927574
v 30.7730560 6.0657353 57.8862267
v 31.2233391 7.0670323 57.8871841
v 30.7840500 6.0585723 57.8813553
v 31.2348022 7.0596576 57.8815994
v 30.7950363 6.0514026 57.8764725
v 31.2462578 7.0522757 57.8760071
v 30.8060150 6.0442247 57.8715820
v 31.2577019 7.0448866 57.8704071
v 30.8169823 6.0370417 57.8666840
v 31.2691402 7.0374908 57.8647995
v 30.8279438 6.0298510 57.8617783
v 31.2805653 7.0300875 57.8591881
v 30.8388958 6.0226545 57.8568687
v 31.2919865 7.0226793 57.8535614
v 30.8498402 6.0154524 57.8519440
v 31.3033981 7.0152631 57.8479309
v 30.8607788 6.0082431 57.8470154
v 31.3147964 7.0078402 57.8422890
v 30.8717079 6.0010281 57.8420753
v 31.3261909 7.0004101 57.8366432
v 30.8826294 5.9938049 57.8371315
v 31.3375721 6.9929733 57.8309898
v 30.8935413 5.9865761 57.8321800
v 31.3489475 6.9855294 57.8253250
v 30.9044476 5.9793410 57.8272171
v 31.3603115 6.9780793 57.8196487
v 30.9153423 5.9720998 57.8222504
v 31.3716679 6.9706216 57.8139687
v 30.9262295 5.9648509 57.8172722
v 31.3830128 6.9631577 57.8082809
v 30.9371090 5.9575968 57.8122864
v 31.3943539 6.9556866 57.8025818
v 30.9479809 5.9503355 57.8072968
v 31.4056797 6.9482088 57.7968788
v 30.9588413 5.9430685 57.8022957
v 31.4169979 6.9407244 57.7911682
v 30.9696980 5.9357948 57.7972946
v 31.4283085 6.9332333 57.7854500
v 30.9805431 5.9285145 57.7922783
v 31.4396095 6.9257345 57.7797165
v 30.9913826 5.9212275 57.7872543
v 31.4508991 6.9182291 57.7739792
v 31.0022106 5.9139338 57.7822266
v 31.4621830 6.9107170 57.7682343
v 31.0130329 5.9066343 57.7771835
v 31.4734554 6.9031982 57.7624817
v 31.0238438 5.8993282 57.7721405
v 31.4847221 6.8956728 57.7567177
v 31.0346489 5.8920155 57.7670860
v 31.4959755 6.8881402 57.7509499
v 31.0454445 5.8846965 57.7620277
v 31.5072212 6.8806005 57.7451744
v 31.0562325 5.8773704 57.7569618
v 31.5184593 6.8730555 57.7393913
v 31.0670128 5.8700390 57.7518806
v 31.5296860 6.8655028 57.7335968
v 31.0777855 5.8627009 57.7467957
v 31.5409031 6.8579435 57.7277908
v 31.0885487 5.8553562 57.7416992
v 31.5521164 6.8503776 57.7219810
v 31.0993042 5.8480058 57.7365990
v 31.5633144 6.8428044 57.7161636
v 31.1100521 5.8406482 57.7314911
v 31.5745068 6.8352242 57.7103386
v 31.1207905 5.8332844 57.7263832
v 31.5856895 6.8276377 57.7045059
v 31.1315193 5.8259144 57.7212601
v 31.5968628 6.8200445 57.6986656
v 31.1422424 5.8185377 57.7161293
v 31.6080265 6.8124437 57.6928177
v 31.1529560 5.8111544 57.7109909
v 31.6191826 6.8048372 57.6869621
v 31.1636620 5.8037653 57.7058449
v 31.6303272 6.7972240 57.6810913
v 31.1743603 5.7963696 57.7006912
v 31.6414661 6.7896037 57.6752167
v 31.1850491 5.7889676 57.6955261
v 31.6525936 6.7819762 57.6693382
v 31.1957302 5.7815585 57.6903572
v 31.6637077 6.7743421 57.6634483
v 31.2064018 5.7741437 57.6851845
v 31.6748180 6.7667012 57.6575508
v 31.2170658 5.7667222 57.6799965
v 31.6859169 6.7590542 57.6516457
v 31.2277184 5.7592945 57.6748085
v 31.6970081 6.7514000 57.6457367
v 31.2383671 5.7518606 57.6696091
v 31.7080879 6.7437391 57.6398163
v 31.2490044 5.7444201 57.6644058
v 31.7191620 6.7360716 57.6338921
v 31.2596359 5.7369728 57.6591911
v 31.7302227 6.7283964 57.6279564
v 31.2702579 5.7295189 57.6539726
v 31.7412739 6.7207155 57.6220131
v 31.2808704 5.7220602 57.6487465
v 31.7523174 6.7130280 57.6160622
v 31.2914753 5.7145939 57.6435051
v 31.7633514 6.7053337 57.6100998
v 31.3020706 5.7071218 57.6382599
v 31.7743778 6.6976323 57.6041298
v 31.3126583 5.6996436 57.6330070
v 31.7853928 6.6899242 57.5981522
v 31.3232384 5.6921587 57.6277466
v 31.7963982 6.6822095 57.5921669
v 31.3338051 5.6846671 57.6224785
v 31.8073940 6.6744876 57.5861778
v 31.3443699 5.6771693 57.6172066
v 31.8183823 6.6667595 57.5801773
v 31.3549232 5.6696644 57.6119232
v 31.8293629 6.6590233 57.5741730
v 31.3654690 5.6621532 57.6066360
v 31.8403320 6.6512823 57.5681572
v 31.3760071 5.6546373 57.6013374
v 31.8512897 6.6435337 57.5621376
v 31.3865337 5.6471138 57.5960350
v 31.8622398 6.6357789 57.5561066
v 31.3970528 5.6395841 57.5907211
v 31.8731804 6.6280169 57.5500717
v 31.4075661 5.6320481 57.5854034
v 31.8841114 6.6202493 57.5440292
v 31.4180660 5.6245065 57.5800781
v 31.8950329 6.6124740 57.5379753
v 31.4285603 5.6169581 57.5747414
v 31.9059448 6.6046925 57.5319138
v 31.4390450 5.6094036 57.5694046
v 31.9168434 6.5969038 57.5258484
v 31.4495201 5.6018419 57.5640564
v 31.9277382 6.5891089 57.5197754
v 31.4599876 5.5942750 57.5587006
v 31.9386215 6.5813074 57.5136948
v 31.4704475 5.5867014 57.5533371
v 31.9494953 6.5734982 57.5076027
v 31.4808979 5.5791202 57.5479698
v 31.9603596 6.5656834 57.5015068
v 31.4913387 5.5715342 57.5425911
v 31.9712143 6.5578609 57.4953995
v 31.5017738 5.5639405 57.5372086
v 31.9820595 6.5500321 57.4892883
v 31.5121956 5.5563416 57.5318146
v 31.9928970 6.5421972 57.4831657
v 31.5226135 5.5487366 57.5264168
v 32.0037231 6.5343556 57.4770393
v 31.5330200 5.5411248 57.5210075
v 32.0145378 6.5265074 57.4709053
v 31.5434170 5.5335073 57.5155983
v 32.0253448 6.5186520 57.4647598
v 31.5538082 5.5258827 57.5101776
v 32.0361443 6.5107908 57.4586105
v 31.5641899 5.5182524 57.5047455
v 32.0469284 6.5029221 57.4524536
v 31.5745602 5.5106153 57.4993134
v 32.0577126 6.4950471 57.4462852
v 31.5849285 5.5029721 57.4938698
v 32.0684814 6.4871645 57.4401093
v 31.5952835 5.4953222 57.4884186
v 32.0792389 6.4792767 57.4339333
v 31.6056290 5.4876671 57.4829597
v 32.0899887 6.4713817 57.4277458
v 31.6159687 5.4800048 57.4774971
v 32.1007309 6.4634800 57.4215469
v 31.6262970 5.4723368 57.4720230
v 32.1114616 6.4555717 57.4153442
v 31.6366196 5.4646621 57.4665451
v 32.1221809 6.4476576 57.4091301
v 31.6469288 5.4569817 57.4610558
v 32.1328964 6.4397359 57.4029121
v 31.6572342 5.4492946 57.4555626
v 32.1435966 6.4318085 57.3966866
v 31.6675282 5.4416018 57.4500618
v 32.1542892 6.4238739 57.3904533
v 31.6778145 5.4339018 57.4445534
v 32.1649704 6.4159322 57.3842087
v 31.6880875 5.4261956 57.4390335
v 32.1756439 6.4079843 57.3779602
v 31.6983566 5.4184833 57.4335098
v 32.1863060 6.4000297 57.3717041
v 31.7086163 5.4107652 57.4279785
v 32.1969604 6.3920689 57.3654366
v 31.7188663 5.4030399 57.4224434
v 32.2076035 6.3841014 57.3591652
v 31.7291069 5.3953099 57.4168968
v 32.2182388 6.3761272 57.3528862
v 31.7393417 5.3875723 57.4113426
v 32.2288628 6.3681459 57.3465996
v 31.7495651 5.3798285 57.4057808
v 32.2394753 6.3601589 57.3403015
v 31.7597790 5.3720789 57.4002151
v 32.2500801 6.3521647 57.3340034
v 31.7699852 5.3643231 57.3946419
v 32.2606773 6.3441644 57.3276978
v 31.7801838 5.3565612 57.3890610
v 32.2712631 6.3361573 57.3213806
v 31.7903728 5.3487926 57.3834763
v 32.2818375 6.3281441 57.3150597
v 31.8005505 5.3410187 57.3778801
v 32.2924042 6.3201232 57.3087273
v 31.8107224 5.3332372 57.3722801
v 32.3029633 6.3120966 57.3023911
v 31.8208847 5.3254509 57.3666687
v 32.3135071 6.3040628 57.2960472
v 31.8310375 5.3176575 57.3610573
v 32.3240471 6.2960234 57.2896957
v 31.8411827 5.3098583 57.3554306
v 32.3345718 6.2879772 57.2833328
v 31.8513184 5.3020525 57.3498001
v 32.3450890 6.2799244 57.2769661
v 31.8614445 5.2942410 57.3441582
v 32.3555984 6.2718649 57.2705879
v 31.8715649 5.2864227 57.3385124
v 32.3660965 6.2637992 57.2642059
v 31.8816738 5.2785983 57.3328629
v 32.3765831 6.2557268 57.2578201
v 31.8917713 5.2707682 57.3272018
v 32.3870621 6.2476478 57.2514267
v 31.9018631 5.2629323 57.3215408
v 32.3975334 6.2395620 57.2450218
v 31.9119473 5.2550888 57.3158684
v 32.4079895 6.2314701 57.2386093
v 31.9220200 5.2472401 57.3101883
v 32.4184418 6.2233710 57.2321930
v 31.9320850 5.2393842 57.3045044
v 32.4288788 6.2152658 57.2257690
v 31.9421387 5.2315230 57.2988052
v 32.4393082 6.2071538 57.2193375
v 31.9521866 5.2236552 57.2931061
v 32.4497261 6.1990352 57.2128944
v 31.9622231 5.2157807 57.2873955
v 32.4601364 6.1909103 57.2064476
v 31.9722519 5.2079010 57.2816811
v 32.4705353 6.1827788 57.1999931
v 31.9822693 5.2000146 57.2759590
v 32.4809265 6.1746407 57.1935349
v 31.9922810 5.1921215 57.2702332
v 32.4913063 6.1664968 57.1870689
v 32.0022850 5.1842237 57.2644997
v 32.5016785 6.1583452 57.1805916
v 32.0122757 5.1763182 57.2587547
v 32.5120354 6.1501880 57.1741028
v 32.0222588 5.1684070 57.2530060
v 32.5223846 6.1420240 57.1676140
v 32.0322342 5.1604900 57.2472496
v 32.5327225 6.1338530 57.1611176
v 32.0421982 5.1525660 57.2414856
v 32.5430527 6.1256766 57.1546173
v 32.0521545 5.1446366 57.2357178
v 32.5533752 6.1174936 57.1481056
v 32.0621033 5.1367016 57.2299385
v 32.5636864 6.1093040 57.1415901
v 32.0720406 5.1287599 57.2241554
v 32.5739899 6.1011071 57.1350594
v 32.0819702 5.1208110 57.2183647
v 32.5842743 6.0929046 57.1285286
v 32.0918884 5.1128573 57.2125664
v 32.5945587 6.0846958 57.1219902
v 32.1017990 5.1048975 57.2067604
v 32.6048241 6.0764799 57.1154404
v 32.1116982 5.0969305 57.2009506
v 32.6150856 6.0682583 57.1088905
v 32.1215935 5.0889587 57.1951332
v 32.6253357 6.0600295 57.1023331
v 32.1314774 5.0809798 57.1893082
v 32.6355782 6.0517945 57.0957642
v 32.1413536 5.0729947 57.1834793
v 32.6458092 6.0435534 57.0891876
v 32.1512184 5.0650043 57.1776352
v 32.6560287 6.0353050 57.0826073
v 32.1610794 5.0570068 57.1717949
v 32.6662407 6.0270514 57.0760231
v 32.1709251 5.0490041 57.1659431
v 32.6764412 6.0187898 57.0694275
v 32.1807594 5.0409942 57.1600876
v 32.6866302 6.0105228 57.0628204
v 32.1905899 5.0329790 57.1542206
v 32.6968079 6.0022492 57.0562134
v 32.2004089 5.0249581 57.1483459
v 32.7069778 5.9939694 57.0495987
v 32.2102203 5.0169301 57.1424713
v 32.7171364 5.9856834 57.0429802
v 32.2200203 5.0088968 57.1365852
v 32.7272835 5.9773903 57.0363464
v 32.2298088 5.0008574 57.1306915
v 32.7374268 5.9690914 57.0297089
v 32.2395935 4.9928112 57.1247940
v 32.7475624 5.9607854 57.0230675
v 32.2493706 4.9847589 57.1188850
v 32.7576790 5.9524732 57.0164185
v 32.2591362 4.9767013 57.1129761
v 32.7677879 5.9441557 57.0097580
v 32.2688942 4.9686375 57.1070557
v 32.7778931 5.9358311 57.0030937
v 32.2786407 4.9605675 57.1011314
v 32.7879829 5.9274988 56.9964218
v 32.2883797 4.9524908 57.0951996
v 32.7980614 5.9191613 56.9897461
v 32.2981071 4.9444079 57.0892563
v 32.8081322 5.9108176 56.9830627
v 32.3078270 4.9363198 57.0833130
v 32.8181915 5.9024668 56.9763718
v 32.3175354 4.9282255 57.0773621
v 32.8282394 5.8941107 56.9696732
v 32.3272400 4.9201250 57.0714035
v 32.8382797 5.8857479 56.9629631
v 32.3369293 4.9120188 57.0654335
v 32.8483047 5.8773785 56.9562531
v 32.3466110 4.9039059 57.0594635
v 32.8583260 5.8690023 56.9495354
v 32.3562813 4.8957872 57.0534859
v 32.8683319 5.8606200 56.9428062
v 32.3659439 4.8876624 57.0474968
v 32.8783302 5.8522315 56.9360733
v 32.3755989 4.8795314 57.0415039
v 32.8883171 5.8438363 56.9293365
v 32.3852425 4.8713937 57.0355072
v 32.8982964 5.8354349 56.9225883
v 32.3948784 4.8632507 57.0294991
v 32.9082642 5.8270278 56.9158363
v 32.4045029 4.8551021 57.0234871
v 32.9182167 5.8186135 56.9090767
v 32.4141197 4.8469472 57.0174675
v 32.9281654 5.8101935 56.9023094
v 32.4237251 4.8387866 57.0114479
v 32.9381027 5.8017669 56.8955383
v 32.4333267 4.8306193 57.0054169
v 32.9480247 5.7933340 56.8887558
v 32.4429131 4.8224459 56.9993744
v 32.9579430 5.7848945 56.8819733
v 32.4524956 4.8142667 56.9933319
v 32.9678459 5.7764492 56.8751793
v 32.4620628 4.8060818 56.9872780
v 32.9777412 5.7679973 56.8683777
v 32.4716225 4.7978902 56.9812241
v 32.9876289 5.7595391 56.8615761
v 32.4811745 4.7896934 56.9751625
v 32.9975052 5.7510753 56.8547630
v 32.4907150 4.7814908 56.9690895
v 33.0073662 5.7426038 56.8479424
v 32.5002480 4.7732806 56.9630165
v 33.0172234 5.7341261 56.8411140
v 32.5097694 4.7650652 56.9569283
v 33.0270691 5.7256432 56.8342819
v 32.5192871 4.7568445 56.9508362
v 33.0368996 5.7171531 56.8274422
v 32.5287895 4.7486167 56.9447441
v 33.0467262 5.7086568 56.8205948
v 32.5382881 4.7403827 56.9386368
v 33.0565376 5.7001543 56.8137436
v 32.5477715 4.7321434 56.9325333
v 33.0663452 5.6916461 56.8068848
v 32.5572510 4.7238984 56.9264145
v 33.0761375 5.6831307 56.8000145
v 32.5667152 4.7156472 56.9202919
v 33.0859184 5.6746106 56.7931442
v 32.5761757 4.7073903 56.9141617
v 33.0956955 5.6660833 56.7862663
v 32.5856247 4.6991272 56.9080315
v 33.1054573 5.6575484 56.7793808
v 32.5950661 4.6908574 56.9018860
v 33.1152077 5.6490083 56.7724876
v 32.6044960 4.6825824 56.8957405
v 33.1249504 5.6404624 56.7655907
v 32.6139183 4.6743007 56.8895836
v 33.1346855 5.6319098 56.7586823
v 32.6233330 4.6660142 56.8834229
v 33.1444092 5.6233516 56.7517700
v 32.6327362 4.6577210 56.8772583
v 33.1541214 5.6147861 56.7448540
v 32.6421280 4.6494217 56.8710823
v 33.1638222 5.6062155 56.7379303
v 32.6515083 4.6411171 56.8649063
v 33.1735077 5.5976372 56.7309990
v 32.6608810 4.6328058 56.8587227
v 33.1831894 5.5890532 56.7240639
v 32.6702423 4.6244888 56.8525276
v 33.1928558 5.5804639 56.7171173
v 32.6795959 4.6161666 56.8463287
v 33.2025146 5.5718679 56.7101669
v 32.6889420 4.6078377 56.8401260
v 33.2121620 5.5632653 56.7032051
v 32.6982765 4.5995030 56.8339119
v 33.2217979 5.5546565 56.6962471
v 32.7075996 4.5911622 56.8276939
v 33.2314301 5.5460420 56.6892776
v 32.7169189 4.5828156 56.8214722
v 33.2410431 5.5374212 56.6823006
v 32.7262268 4.5744638 56.8152428
v 33.2506523 5.5287938 56.6753197
v 32.7355232 4.5661044 56.8090096
v 33.2602501 5.5201612 56.6683273
v 32.7448158 4.5577407 56.8027649
v 33.2698364 5.5115209 56.6613388
v 32.7540894 4.5493703 56.7965164
v 33.2794113 5.5028749 56.6543350
v 32.7633591 4.5409942 56.7902603
v 33.2889748 5.4942226 56.6473274
v 32.7726173 4.5326118 56.7840004
v 33.2985268 5.4855647 56.6403160
v 32.7818642 4.5242238 56.7777367
v 33.3080711 5.4769011 56.6332932
v 32.7911034 4.5158300 56.7714615
v 33.3176041 5.4682307 56.6262703
v 32.8003387 4.5074306 56.7651863
v 33.3271294 5.4595537 56.6192360
v 32.8095589 4.4990244 56.7588997
v 33.3366394 5.4508705 56.6121941
v 32.8187714 4.4906130 56.7526054
v 33.3461418 5.4421811 56.6051521
v 32.8279686 4.4821954 56.7463112
v 33.3556328 5.4334855 56.5980988
v 32.8371620 4.4737716 56.7400055
v 33.3651123 5.4247851 56.5910416
v 32.8463440 4.4653430 56.7336960
v 33.3745842 5.4160771 56.5839767
v 32.8555183 4.4569077 56.7273788
v 33.3840408 5.4073639 56.5769043
v 32.8646774 4.4484673 56.7210541
v 33.3934937 5.3986440 56.5698318
v 32.8738327 4.4400201 56.7147293
v 33.4029312 5.3899174 56.5627441
v 32.8829803 4.4315662 56.7083893
v 33.4123611 5.3811860 56.5556526
v 32.8921127 4.4231086 56.7020531
v 33.4217758 5.3724480 56.5485573
v 32.9012375 4.4146442 56.6957054
v 33.4311790 5.3637037 56.5414581
v 32.9103508 4.4061737 56.6893539
v 33.4405746 5.3549523 56.5343513
v 32.9194565 4.3976970 56.6829948
v 33.4499626 5.3461962 56.5272408
v 32.9285545 4.3892155 56.6766319
v 33.4593391 5.3374338 56.5201187
v 32.9376411 4.3807278 56.6702576
v 33.4687080 5.3286648 56.5129890
v 32.9467201 4.3722343 56.6638832
v 33.4780617 5.3198900 56.5058594
v 32.9557838 4.3637342 56.6575012
v 33.4874001 5.3111091 56.4987183
v 32.9648399 4.3552289 56.6511078
v 33.4967384 5.3023214 56.4915771
v 32.9738884 4.3467178 56.6447144
v 33.5060577 5.2935286 56.4844208
v 32.9829254 4.3382006 56.6383133
v 33.5153732 5.2847290 56.4772682
v 32.9919586 4.3296776 56.6319084
v 33.5246735 5.2759233 56.4701042
v 33.0009766 4.3211484 56.6254921
v 33.5339622 5.2671118 56.4629326
v 33.0099831 4.3126144 56.6190758
v 33.5432434 5.2582941 56.4557571
v 33.0189819 4.3040733 56.6126480
v 33.5525093 5.2494707 56.4485779
v 33.0279732 4.2955275 56.6062164
v 33.5617714 5.2406406 56.4413872
v 33.0369530 4.2869749 56.5997810
v 33.5710144 5.2318053 56.4341965
v 33.0459213 4.2784181 56.5933380
v 33.5802536 5.2229633 56.4269981
v 33.0548782 4.2698545 56.5868874
v 33.5894814 5.2141151 56.4197922
v 33.0638313 4.2612848 56.5804367
v 33.5986977 5.2052617 56.4125824
v 33.0727730 4.2527099 56.5739746
v 33.6079025 5.1964006 56.4053612
v 33.0817032 4.2441282 56.5675087
v 33.6170959 5.1875353 56.3981400
v 33.0906219 4.2355413 56.5610352
v 33.6262779 5.1786623 56.3909073
v 33.0995369 4.2269487 56.5545578
v 33.6354523 5.1697841 56.3836746
v 33.1084366 4.2183499 56.5480728
v 33.6446190 5.1608992 56.3764305
v 33.1173286 4.2097454 56.5415840
v 33.6537666 5.1520095 56.3691826
v 33.1262093 4.2011352 56.5350838
v 33.6629066 5.1431131 56.3619308
v 33.1350822 4.1925201 56.5285873
v 33.6720352 5.1342106 56.3546753
v 33.1439438 4.1838980 56.5220795
v 33.6811562 5.1253023 56.3474083
v 33.1527977 4.1752710 56.5155678
v 33.6902695 5.1163878 56.3401413
v 33.1616440 4.1666379 56.5090485
v 33.6993675 5.1074672 56.3328629
v 33.1704750 4.1579986 56.5025253
v 33.7084503 5.0985413 56.3255844
v 33.1792984 4.1493549 56.4959946
v 33.7175293 5.0896091 56.3182945
v 33.1881104 4.1407042 56.4894600
v 33.7265968 5.0806699 56.3110008
v 33.1969185 4.1320472 56.4829140
v 33.7356491 5.0717254 56.3036995
v 33.2057114 4.1233859 56.4763680
v 33.7446976 5.0627751 56.2963905
v 33.2144928 4.1147180 56.4698143
v 33.7537346 5.0538187 56.2890816
v 33.2232704 4.1060448 56.4632530
v 33.7627487 5.0448565 56.2817612
v 33.2320328 4.0973659 56.4566879
v 33.7717628 5.0358882 56.2744446
v 33.2407875 4.0886807 56.4501190
v 33.7807655 5.0269136 56.2671089
v 33.2495308 4.0799904 56.4435387
v 33.7897568 5.0179334 56.2597771
v 33.2582703 4.0712943 56.4369621
v 33.7987366 5.0089474 56.2524376
v 33.2669907 4.0625925 56.4303703
v 33.8077049 4.9999547 56.2450905
v 33.2757072 4.0538840 56.4237785
v 33.8166618 4.9909568 56.2377396
v 33.2844124 4.0451713 56.4171829
v 33.8256111 4.9819522 56.2303810
v 33.2931099 4.0364518 56.4105721
v 33.8345451 4.9729424 56.2230186
v 33.3017921 4.0277271 56.4039650
v 33.8434715 4.9639263 56.2156448
v 33.3104668 4.0189962 56.3973465
v 33.8523865 4.9549041 56.2082710
v 33.3191376 4.0102601 56.3907280
v 33.8612900 4.9458761 56.2008934
v 33.3277893 4.0015182 56.3840981
v 33.8701820 4.9368424 56.1935043
v 33.3364372 3.9927707 56.3774643
v 33.8790665 4.9278035 56.1861153
v 33.3450699 3.9840181 56.3708305
v 33.8879356 4.9187579 56.1787148
v 33.3536949 3.9752593 56.3641853
v 33.8967972 4.9097061 56.1713142
v 33.3623123 3.9664946 56.3575325
v 33.9056473 4.9006486 56.1639061
v 33.3709183 3.9577241 56.3508797
v 33.9144859 4.8915854 56.1564865
v 33.3795128 3.9489481 56.3442154
v 33.9233131 4.8825159 56.1490669
v 33.3881035 3.9401665 56.3375511
v 33.9321327 4.8734407 56.1416435
v 33.3966789 3.9313793 56.3308830
v 33.9409370 4.8643603 56.1342125
v 33.4052467 3.9225869 56.3241997
v 33.9497337 4.8552732 56.1267738
v 33.4137993 3.9137881 56.3175163
v 33.9585190 4.8461804 56.1193352
v 33.4223480 3.9049840 56.3108330
v 33.9672928 4.8370814 56.1118851
v 33.4308853 3.8961740 56.3041382
v 33.9760551 4.8279772 56.1044312
v 33.4394112 3.8873587 56.2974396
v 33.9848061 4.8188672 56.0969772
v 33.4479256 3.8785379 56.2907333
v 33.9935455 4.8097506 56.0895119
v 33.4564362 3.8697109 56.2840233
v 34.0022774 4.8006287 56.0820427
v 33.4649315 3.8608789 56.2773094
v 34.0109940 4.7915001 56.0745659
v 33.4734192 3.8520403 56.2705879
v 34.0197029 4.7823663 56.0670853
v 33.4818916 3.8431966 56.2638626
v 34.0284004 4.7732263 56.0595970
v 33.4903603 3.8343472 56.2571297
v 34.0370865 4.7640805 56.0521088
v 33.4988174 3.8254921 56.2503967
v 34.0457573 4.7549291 56.0446091
v 33.5072594 3.8166316 56.2436523
v 34.0544205 4.7457719 56.0371094
v 33.5156937 3.8077655 56.2369003
v 34.0630760 4.7366085 56.0296021
v 33.5241203 3.7988932 56.2301483
v 34.0717163 4.7274389 56.0220871
v 33.5325394 3.7900155 56.2233887
v 34.0803490 4.7182641 56.0145645
v 33.5409431 3.7811325 56.2166214
v 34.0889664 4.7090826 56.0070419
v 33.5493393 3.7722433 56.2098541
v 34.0975723 4.6998968 55.9995079
v 33.5577240 3.7633495 56.2030754
v 34.1061707 4.6907039 55.9919739
v 33.5661011 3.7544491 56.1962967
v 34.1147614 4.6815062 55.9844322
v 33.5744705 3.7455442 56.1895103
v 34.1233368 4.6723022 55.9768867
v 33.5828247 3.7366333 56.1827202
v 34.1319008 4.6630926 55.9693336
v 33.5911674 3.7277164 56.1759224
v 34.1404572 4.6538768 55.9617767
v 33.5995026 3.7187943 56.1691208
v 34.1489983 4.6446557 55.9542160
v 33.6078300 3.7098668 56.1623154
v 34.1575317 4.6354289 55.9466438
v 33.6161423 3.7009337 56.1554985
v 34.1660500 4.6261959 55.9390717
v 33.6244469 3.6919947 56.1486816
v 34.1745605 4.6169567 55.9314919
v 33.6327438 3.6830499 56.1418571
v 34.1830559 4.6077127 55.9239120
v 33.6410255 3.6741002 56.1350327
v 34.1915436 4.5984626 55.9163208
v 33.6492996 3.6651447 56.1281967
v 34.2000237 4.5892062 55.9087257
v 33.6575661 3.6561835 56.1213570
v 34.2084846 4.5799446 55.9011269
v 33.6658211 3.6472168 56.1145134
v 34.2169418 4.5706768 55.8935204
v 33.6740646 3.6382446 56.1076622
v 34.2253838 4.5614042 55.8859100
v 33.6823006 3.6292677 56.1008072
v 34.2338181 4.5521250 55.8782921
v 33.6905212 3.6202841 56.0939445
v 34.2422409 4.5428395 55.8706741
v 33.6987381 3.6112943 56.0870819
v 34.2506485 4.5335488 55.8630486
v 33.7069397 3.6023002 56.0802116
v 34.2590485 4.5242524 55.8554192
v 33.7151337 3.5933001 56.0733376
v 34.2674370 4.5149503 55.8477821
v 33.7233162 3.5842946 56.0664558
v 34.2758102 4.5056429 55.8401375
v 33.7314911 3.5752840 56.0595665
v 34.2841759 4.4963303 55.8324928
v 33.7396507 3.5662682 56.0526772
v 34.2925301 4.4870110 55.8248444
v 33.7478065 3.5572462 56.0457840
v 34.3008728 4.4776859 55.8171844
v 33.7559509 3.5482187 56.0388794
v 34.3092079 4.4683552 55.8095207
v 33.7640800 3.5391855 56.0319710
v 34.3175278 4.4590182 55.8018532
v 33.7722015 3.5301468 56.0250587
v 34.3258362 4.4496765 55.7941818
v 33.7803116 3.5211029 56.0181427
v 34.3341331 4.4403291 55.7865067
v 33.7884178 3.5120540 56.0112228
v 34.3424225 4.4309764 55.7788239
v 33.7965088 3.5029995 56.0042953
v 34.3507004 4.4216166 55.7711334
v 33.8045883 3.4939384 55.9973602
v 34.3589668 4.4122519 55.7634392
v 33.8126640 3.4848731 55.9904213
v 34.3672218 4.4028821 55.7557449
v 33.8207207 3.4758022 55.9834824
v 34.3754654 4.3935056 55.7480431
v 33.8287735 3.4667253 55.9765358
v 34.3836975 4.3841243 55.7403374
v 33.8368149 3.4576433 55.9695854
v 34.3919182 4.3747363 55.7326241
v 33.8448448 3.4485550 55.9626274
v 34.4001274 4.3653426 55.7249031
v 33.8528633 3.4394615 55.9556618
v 34.4083252 4.3559437 55.7171822
v 33.8608780 3.4303627 55.9486961
v 34.4165115 4.3465395 55.7094536
v 33.8688736 3.4212587 55.9417229
v 34.4246864 4.3371296 55.7017212
v 33.8768654 3.4121497 55.9347458
v 34.4328537 4.3277135 55.6939850
v 33.8848419 3.4030342 55.9277649
v 34.4410057 4.3182926 55.6862411
v 33.8928108 3.3939137 55.9207764
v 34.4491463 4.3088660 55.6784897
v 33.9007683 3.3847885 55.9137802
v 34.4572792 4.2994328 55.6707382
v 33.9087181 3.3756568 55.9067841
v 34.4653969 4.2899957 55.6629791
v 33.9166527 3.3665209 55.8997803
v 34.4735069 4.2805510 55.6552162
v 33.9245796 3.3573782 55.8927727
v 34.4815979 4.2711010 55.6474495
v 33.9324951 3.3482304 55.8857613
v 34.4896889 4.2616467 55.6396790
v 33.9404030 3.3390779 55.8787460
v 34.4977608 4.2521853 55.6319046
v 33.9482994 3.3299189 55.8717270
v 34.5058212 4.2427192 55.6241188
v 33.9561844 3.3207555 55.8646965
v 34.5138779 4.2332473 55.6163330
v 33.9640579 3.3115859 55.8576660
v 34.5219193 4.2237701 55.6085396
v 33.9719238 3.3024120 55.8506279
v 34.5299416 4.2142873 55.6007423
v 33.9797783 3.2932322 55.8435860
v 34.5379639 4.2047982 55.5929413
v 33.9876251 3.2840464 55.8365402
v 34.5459671 4.1953049 55.5851326
v 33.9954529 3.2748561 55.8294868
v 34.5539627 4.1858053 55.5773239
v 34.0032806 3.2656603 55.8224335
v 34.5619469 4.1762996 55.5695076
v 34.0110893 3.2564588 55.8153725
v 34.5699196 4.1667895 55.5616875
v 34.0188942 3.2472527 55.8083076
v 34.5778809 4.1572733 55.5538635
v 34.0266876 3.2380407 55.8012390
v 34.5858307 4.1477518 55.5460358
v 34.0344696 3.2288234 55.7941666
v 34.5937729 4.1382241 55.5382004
v 34.0422440 3.2196004 55.7870865
v 34.6016998 4.1286902 55.5303612
v 34.0500031 3.2103715 55.7800026
v 34.6096191 4.1191511 55.5225143
v 34.0577545 3.2011375 55.7729111
v 34.6175232 4.1096067 55.5146637
v 34.0654984 3.1918983 55.7658157
v 34.6254196 4.1000571 55.5068092
v 34.0732269 3.1826539 55.7587166
v 34.6333008 4.0905008 55.4989471
v 34.0809479 3.1734033 55.7516098
v 34.6411705 4.0809407 55.4910851
v 34.0886574 3.1641488 55.7445030
v 34.6490326 4.0713744 55.4832153
v 34.0963593 3.1548882 55.7373886
v 34.6568832 4.0618024 55.4753456
v 34.1040497 3.1456225 55.7302742
v 34.6647224 4.0522256 55.4674644
v 34.1117287 3.1363518 55.7231483
v 34.6725464 4.0426426 55.4595833
v 34.1194000 3.1270754 55.7160225
v 34.6803627 4.0330539 55.4516983
v 34.1270561 3.1177931 55.7088928
v 34.6881638 4.0234609 55.4438057
v 34.1347046 3.1085069 55.7017555
v 34.6959572 4.0138612 55.4359131
v 34.1423378 3.0992143 55.6946182
v 34.7037392 4.0042562 55.4280128
v 34.1499672 3.0899162 55.6874733
v 34.7115059 3.9946461 55.4201088
v 34.1575813 3.0806136 55.6803246
v 34.7192650 3.9850302 55.4121971
v 34.1651878 3.0713053 55.6731682
v 34.7270126 3.9754081 55.4042854
v 34.1727829 3.0619912 55.6660118
v 34.7347527 3.9657824 55.3963661
v 34.1803703 3.0526731 55.6588478
v 34.7424736 3.9561503 55.3884430
v 34.1879463 3.0433490 55.6516800
v 34.7501869 3.9465127 55.3805161
v 34.1955070 3.0340199 55.6445084
v 34.7578888 3.9368699 55.3725853
v 34.2030640 3.0246856 55.6373329
v 34.7655754 3.9272218 55.3646507
v 34.2106056 3.0153461 55.6301460
v 34.7732544 3.9175680 55.3567123
v 34.2181396 3.0060008 55.6229630
v 34.7809219 3.9079084 55.3487663
v 34.2256622 2.9966502 55.6157722
v 34.7885780 3.8982439 55.3408165
v 34.2331734 2.9872952 55.6085777
v 34.7962265 3.8885736 55.3328590
v 34.2406769 2.9779339 55.6013756
v 34.8038521 3.8788984 55.3249016
v 34.2481651 2.9685681 55.5941734
v 34.8114777 3.8692169 55.3169365
v 34.2556458 2.9591961 55.5869637
v 34.8190842 3.8595309 55.3089676
v 34.2631149 2.9498200 55.5797501
v 34.8266907 3.8498392 55.3009949
v 34.2705765 2.9404383 55.5725327
v 34.8342743 3.8401423 55.2930222
v 34.2780228 2.9310513 55.5653076
v 34.8418503 3.8304396 55.2850380
v 34.2854614 2.9216590 55.5580788
v 34.8494148 3.8207316 55.2770538
v 34.2928886 2.9122620 55.5508499
v 34.8569641 3.8110185 55.2690620
v 34.3003082 2.9028592 55.5436134
v 34.8645096 3.8013000 55.2610626
v 34.3077164 2.8934517 55.5363693
v 34.8720398 3.7915759 55.2530632
v 34.3151093 2.8840384 55.5291252
v 34.8795547 3.7818465 55.2450638
v 34.3224945 2.8746200 55.5218735
v 34.8870621 3.7721114 55.2370529
v 34.3298721 2.8651962 55.5146179
v 34.8945541 3.7623711 55.2290382
v 34.3372345 2.8557673 55.5073586
v 34.9020424 3.7526255 55.2210197
v 34.3445930 2.8463335 55.5000954
v 34.9095154 3.7428739 55.2130051
v 34.3519363 2.8368938 55.4928284
v 34.9169769 3.7331176 55.2049789
v 34.3592682 2.8274493 55.4855576
v 34.9244270 3.7233562 55.1969490
v 34.3665886 2.8179998 55.4782829
v 34.9318619 3.7135890 55.1889153
v 34.3739014 2.8085449 55.4710045
v 34.9392929 3.7038164 55.1808815
v 34.3812027 2.7990851 55.4637184
v 34.9467087 3.6940384 55.1728363
v 34.3884964 2.7896194 55.4564285
v 34.9541092 3.6842558 55.1647911
v 34.3957748 2.7801497 55.4491386
v 34.9615021 3.6744671 55.1567383
v 34.4030457 2.7706738 55.4418411
v 34.9688835 3.6646736 55.1486816
v 34.4103050 2.7611935 55.4345322
v 34.9762535 3.6548741 55.1406212
v 34.4175529 2.7517073 55.4272270
v 34.9836121 3.6450698 55.1325569
v 34.4247894 2.7422163 55.4199181
v 34.9909554 3.6352603 55.1244926
v 34.4320183 2.7327201 55.4126015
v 34.9982910 3.6254449 55.1164207
v 34.4392319 2.7232184 55.4052849
v 35.0056114 3.6156244 55.1083450
v 34.4464378 2.7137117 55.3979645
v 35.0129242 3.6057990 55.1002655
v 34.4536362 2.7042005 55.3906326
v 35.0202255 3.5959678 55.0921783
v 34.4608231 2.6946836 55.3833008
v 35.0275154 3.5861313 55.0840874
v 34.4679985 2.6851614 55.3759651
v 35.0347900 3.5762901 55.0760002
v 34.4751587 2.6756344 55.3686256
v 35.0420570 3.5664434 55.0679016
v 34.4823112 2.6661024 55.3612823
v 35.0493164 3.5565913 55.0598030
v 34.4894562 2.6565650 55.3539314
v 35.0565529 3.5467331 55.0516968
v 34.4965858 2.6470220 55.3465805
v 35.0637856 3.5368710 55.0435867
v 34.5037117 2.6374745 55.3392258
v 35.0710068 3.5270030 55.0354767
v 34.5108185 2.6279218 55.3318634
v 35.0782127 3.5171297 55.0273552
v 34.5179176 2.6183641 55.3244972
v 35.0854111 3.5072505 55.0192375
v 34.5250092 2.6088002 55.3171272
v 35.0925980 3.4973674 55.0111084
v 34.5320892 2.5992332 55.3097534
v 35.0997658 3.4874787 55.0029831
v 34.5391579 2.5896602 55.3023758
v 35.1069298 3.4775846 54.9948463
v 34.5462151 2.5800817 55.2949944
v 35.1140785 3.4676852 54.9867096
v 34.5532646 2.5704985 55.2876053
v 35.1212158 3.4577813 54.9785690
v 34.5602951 2.5609107 55.2802200
v 35.1283455 3.4478717 54.9704247
v 34.5673256 2.5513177 55.2728233
v 35.1354599 3.4379563 54.9622765
v 34.5743408 2.5417190 55.2654305
v 35.1425629 3.4280360 54.9541245
v 34.5813446 2.5321152 55.2580261
v 35.1496544 3.4181108 54.9459610
v 34.5883369 2.5225067 55.2506180
v 35.1567345 3.4081800 54.9378052
v 34.5953178 2.5128930 55.2432098
v 35.1638069 3.3982441 54.9296417
v 34.6022911 2.5032742 55.2357941
v 35.1708641 3.3883033 54.9214706
v 34.6092567 2.4936504 55.2283783
v 35.1779099 3.3783572 54.9132996
v 34.6162033 2.4840219 55.2209549
v 35.1849442 3.3684058 54.9051170
v 34.6231461 2.4743876 55.2135277
v 35.1919632 3.3584492 54.8969383
v 34.6300735 2.4647491 55.2060966
v 35.1989746 3.3484879 54.8887558
v 34.6369934 2.4551053 55.1986618
v 35.2059746 3.3385203 54.8805656
v 34.6439018 2.4454558 55.1912270
v 35.2129593 3.3285494 54.8723717
v 34.6507950 2.4358029 55.1837807
v 35.2199364 3.3185723 54.8641815
v 34.6576805 2.4261439 55.1763382
v 35.2268982 3.3085887 54.8559761
v 34.6645584 2.4164789 55.1688881
v 35.2338524 3.2986009 54.8477745
v 34.6714211 2.4068096 55.1614342
v 35.2407951 3.2886078 54.8395653
v 34.6782799 2.3971350 55.1539726
v 35.2477226 3.2786095 54.8313560
v 34.6851234 2.3874552 55.1465111
v 35.2546387 3.2686059 54.8231392
v 34.6919556 2.3777707 55.1390495
v 35.2615433 3.2585974 54.8149223
v 34.6987762 2.3680811 55.1315804
v 35.2684402 3.2485838 54.8066978
v 34.7055893 2.3583865 55.1241035
v 35.2753258 3.2385650 54.7984734
v 34.7123909 2.3486872 55.1166267
v 35.2821960 3.2285416 54.7902412
v 34.7191772 2.3389833 55.1091423
v 35.2890549 3.2185123 54.7820053
v 34.7259598 2.3292735 55.1016617
v 35.2959023 3.2084785 54.7737656
v 34.7327309 2.3195591 55.0941696
v 35.3027382 3.1984391 54.7655258
v 34.7394829 2.3098397 55.0866776
v 35.3095627 3.1883950 54.7572823
v 34.7462311 2.3001151 55.0791817
v 35.3163757 3.1783454 54.7490311
v 34.7529678 2.2903860 55.0716782
v 35.3231773 3.1682909 54.7407799
v 34.7596931 2.2806513 55.0641747
v 35.3299637 3.1582315 54.7325249
v 34.7664108 2.2709124 55.0566673
v 35.3367386 3.1481669 54.7242622
v 34.7731094 2.2611682 55.0491524
v 35.3435097 3.1380973 54.7159996
v 34.7798042 2.2514191 55.0416374
v 35.3502617 3.1280231 54.7077332
v 34.7864876 2.2416658 55.0341187
v 35.3570023 3.1179430 54.6994629
v 34.7931595 2.2319062 55.0265961
v 35.3637314 3.1078582 54.6911850
v 34.7998199 2.2221427 55.0190659
v 35.3704567 3.0977681 54.6829071
v 34.8064690 2.2123735 55.0115356
v 35.3771591 3.0876737 54.6746254
v 34.8131104 2.2026000 55.0040016
v 35.3838539 3.0775738 54.6663361
v 34.8197365 2.1928215 54.9964600
v 35.3905411 3.0674686 54.6580467
v 34.8263550 2.1830378 54.9889183
v 35.3972168 3.0573590 54.6497536
v 34.8329620 2.1732495 54.9813728
v 35.4038734 3.0472431 54.6414604
v 34.8395576 2.1634555 54.9738274
v 35.4105225 3.0371232 54.6331596
v 34.8461456 2.1536574 54.9662743
v 35.4171638 3.0269985 54.6248550
v 34.8527184 2.1438546 54.9587173
v 35.4237900 3.0168684 54.6165543
v 34.8592834 2.1340463 54.9511566
v 35.4304008 3.0067329 54.6082420
v 34.8658333 2.1242332 54.9435921
v 35.4370003 2.9965932 54.5999260
v 34.8723793 2.1144154 54.9360237
v 35.4435921 2.9864478 54.5916100
v 34.8789101 2.1045928 54.9284554
v 35.4501724 2.9762974 54.5832863
v 34.8854294 2.0947647 54.9208794
v 35.4567375 2.9661429 54.5749664
v 34.8919411 2.0849326 54.9132996
v 35.4632950 2.9559824 54.5666389
v 34.8984375 2.0750949 54.9057198
v 35.4698334 2.9458175 54.5583038
v 34.9049225 2.0652528 54.8981323
v 35.4763641 2.9356477 54.5499687
v 34.9113998 2.0554059 54.8905449
v 35.4828873 2.9254730 54.5416336
v 34.9178696 2.0455544 54.8829498
v 35.4893913 2.9152923 54.5332909
v 34.9243202 2.0356965 54.8753548
v 35.4958878 2.9051075 54.5249443
v 34.9307632 2.0258350 54.8677559
v 35.5023727 2.8949177 54.5165977
v 34.9372025 2.0159690 54.8601494
v 35.5088463 2.8847232 54.5082474
v 34.9436226 2.0060978 54.8525467
v 35.5153046 2.8745232 54.4998970
v 34.9500351 1.9962215 54.8449364
v 35.5217552 2.8643188 54.4915352
v 34.9564323 1.9863410 54.8373222
v 35.5281906 2.8541088 54.4831734
v 34.9628220 1.9764547 54.8297005
v 35.5346184 2.8438940 54.4748077
v 34.9692039 1.9665641 54.8220825
v 35.5410309 2.8336747 54.4664421
v 34.9755707 1.9566686 54.8144569
v 35.5474319 2.8234503 54.4580688
v 34.9819260 1.9467684 54.8068314
v 35.5538177 2.8132212 54.4496956
v 34.9882736 1.9368637 54.7991982
v 35.5601997 2.8029871 54.4413185
v 34.9946098 1.9269538 54.7915688
v 35.5665665 2.7927475 54.4329338
v 35.0009384 1.9170388 54.7839241
v 35.5729218 2.7825036 54.4245491
v 35.0072479 1.9071193 54.7762871
v 35.5792656 2.7722552 54.4161606
v 35.0135536 1.8971956 54.7686386
v 35.5855942 2.7620015 54.4077721
v 35.0198441 1.8872668 54.7609901
v 35.5919151 2.7517428 54.3993759
v 35.0261269 1.8773332 54.7533417
v 35.5982246 2.7414789 54.3909798
v 35.0323982 1.8673941 54.7456856
v 35.6045189 2.7312102 54.3825798
v 35.0386543 1.8574505 54.7380257
v 35.6108017 2.7209373 54.3741722
v 35.0449066 1.8475027 54.7303658
v 35.6170731 2.7106590 54.3657684
v 35.0511398 1.8375497 54.7227020
v 35.6233330 2.7003756 54.3573570
v 35.0573692 1.8275919 54.7150307
v 35.6295853 2.6900878 54.3489456
v 35.0635834 1.8176297 54.7073593
v 35.6358223 2.6797948 54.3405228
v 35.0697899 1.8076621 54.6996841
v 35.6420441 2.6694970 54.3321037
v 35.0759811 1.7976903 54.6920052
v 35.6482582 2.6591952 54.3236809
v 35.0821648 1.7877142 54.6843224
v 35.6544609 2.6488879 54.3152542
v 35.0883369 1.7777326 54.6766357
v 35.6606483 2.6385753 54.3068237
v 35.0945015 1.7677462 54.6689453
v 35.6668282 2.6282578 54.2983932
v 35.1006508 1.7577548 54.6612549
v 35.6729927 2.6179357 54.2899551
v 35.1067924 1.7477589 54.6535568
v 35.6791458 2.6076100 54.2815170
v 35.1129150 1.7377594 54.6458588
v 35.6852875 2.5972781 54.2730713
v 35.1190338 1.7277540 54.6381531
v 35.6914177 2.5869424 54.2646294
v 35.1251411 1.7177447 54.6304512
v 35.6975365 2.5766015 54.2561798
v 35.1312370 1.7077303 54.6227417
v 35.7036438 2.5662556 54.2477303
v 35.1373215 1.6977110 54.6150322
v 35.7097359 2.5559053 54.2392769
v 35.1433983 1.6876875 54.6073189
v 35.7158165 2.5455496 54.2308197
v 35.1494560 1.6776588 54.5996017
v 35.7218895 2.5351894 54.2223625
v 35.1555061 1.6676255 54.5918846
v 35.7279472 2.5248244 54.2138977
v 35.1615486 1.6575876 54.5841599
v 35.7339935 2.5144548 54.2054291
v 35.1675797 1.6475450 54.5764313
v 35.7400284 2.5040801 54.1969643
v 35.1735992 1.6374977 54.5686989
v 35.7460518 2.4937005 54.1884918
v 35.1796074 1.6274452 54.5609665
v 35.7520599 2.4833171 54.1800156
v 35.1856003 1.6173894 54.5532303
v 35.7580605 2.4729285 54.1715355
v 35.1915855 1.6073283 54.5454903
v 35.7640495 2.4625344 54.1630592
v 35.1975594 1.5972618 54.5377464
v 35.7700233 2.4521365 54.1545753
v 35.2035255 1.5871912 54.5300026
v 35.7759895 2.4417331 54.1460876
v 35.2094765 1.5771158 54.5222549
v 35.7819405 2.4313250 54.1375999
v 35.2154198 1.5670356 54.5144997
v 35.7878799 2.4209130 54.1291046
v 35.2213516 1.5569513 54.5067444
v 35.7938118 2.4104953 54.1206093
v 35.2272682 1.5468619 54.4989891
v 35.7997284 2.4000735 54.1121140
v 35.2331772 1.5367682 54.4912262
v 35.8056297 2.3896475 54.1036110
v 35.2390785 1.5266701 54.4834633
v 35.8115234 2.3792155 54.0951080
v 35.2449646 1.5165665 54.4756927
v 35.8174057 2.3687797 54.0866013
v 35.2508392 1.5064590 54.4679260
v 35.8232727 2.3583395 54.0780907
v 35.2567062 1.4963472 54.4601479
v 35.8291321 2.3478935 54.0695763
v 35.2625580 1.4862297 54.4523735
v 35.8349724 2.3374434 54.0610657
v 35.2683983 1.4761083 54.4445953
v 35.8408089 2.3269885 54.0525475
v 35.2742348 1.4659821 54.4368095
v 35.8466301 2.3165290 54.0440254
v 35.2800560 1.4558513 54.4290276
v 35.8524399 2.3060651 54.0355034
v 35.2858658 1.4457163 54.4212379
v 35.8582382 2.2955966 54.0269737
v 35.2916641 1.4355767 54.4134483
v 35.8640251 2.2851231 54.0184441
v 35.2974510 1.4254320 54.4056511
v 35.8697929 2.2746449 54.0099144
v 35.3032265 1.4152828 54.3978539
v 35.8755569 2.2641618 54.0013809
v 35.3089905 1.4051292 54.3900528
v 35.8813057 2.2536747 53.9928398
v 35.3147469 1.3949711 54.3822517
v 35.8870468 2.2431827 53.9843025
v 35.3204956 1.3848085 54.3744469
v 35.8927727 2.2326858 53.9757576
v 35.3262291 1.3746409 54.3666344
v 35.8984871 2.2221847 53.9672165
v 35.3319511 1.3644692 54.3588257
v 35.9041901 2.2116790 53.9586678
v 35.3376617 1.3542930 54.3510094
v 35.9098778 2.2011688 53.9501190
v 35.3433571 1.3441123 54.3431931
v 35.9155579 2.1906533 53.9415665
v 35.3490448 1.3339267 54.3353729
v 35.9212189 2.1801333 53.9330101
v 35.3547211 1.3237364 54.3275490
v 35.9268761 2.1696086 53.9244537
v 35.3603859 1.3135414 54.3197250
v 35.9325218 2.1590788 53.9158936
v 35.3660469 1.3033416 54.3118973
v 35.9381523 2.1485453 53.9073257
v 35.3716927 1.2931379 54.3040619
v 35.9437675 2.1380069 53.8987617
v 35.3773232 1.2829294 54.2962303
v 35.9493752 2.1274636 53.8901939
v 35.3829460 1.2727163 54.2883949
v 35.9549713 2.1169159 53.8816185
v 35.3885574 1.2624987 54.2805519
v 35.9605522 2.1063635 53.8730469
v 35.3941536 1.2522767 54.2727127
v 35.9661217 2.0958076 53.8644714
v 35.3997459 1.2420506 54.2648621
v 35.9716797 2.0852461 53.8558922
v 35.4053192 1.2318200 54.2570152
v 35.9772263 2.0746810 53.8473091
v 35.4108887 1.2215853 54.2491646
v 35.9827614 2.0641103 53.8387222
v 35.4164467 1.2113450 54.2413101
v 35.9882889 2.0535362 53.8301430
v 35.4219894 1.2011013 54.2334557
v 35.9938011 2.0429564 53.8215523
v 35.4275246 1.1908522 54.2255974
v 35.9992981 2.0323730 53.8129578
v 35.4330444 1.1805992 54.2177353
v 36.0047836 2.0217845 53.8043671
v 35.4385605 1.1703417 54.2098694
v 36.0102577 2.0111914 53.7957687
v 35.4440575 1.1600794 54.2020035
v 36.0157204 2.0005939 53.7871704
v 35.4495430 1.1498126 54.1941299
v 36.0211678 1.9899915 53.7785645
v 35.4550209 1.1395413 54.1862564
v 36.0266075 1.9793855 53.7699661
v 35.4604912 1.1292661 54.1783829
v 36.0320396 1.9687743 53.7613564
v 35.4659462 1.1189861 54.1705055
v 36.0374565 1.9581584 53.7527466
v 35.4713936 1.1087013 54.1626205
v 36.0428619 1.9475387 53.7441330
v 35.4768295 1.0984126 54.1547394
v 36.0482521 1.9369134 53.7355232
v 35.4822502 1.0881187 54.1468544
v 36.0536270 1.9262846 53.7269096
v 35.4876633 1.0778210 54.1389656
v 36.0589981 1.9156512 53.7182846
v 35.4930649 1.0675191 54.1310730
v 36.0643501 1.9050128 53.7096672
v 35.4984550 1.0572121 54.1231804
v 36.0696945 1.8943703 53.7010460
v 35.5038300 1.0469010 54.1152840
v 36.0750237 1.8837227 53.6924210
v 35.5091972 1.0365850 54.1073837
v 36.0803413 1.8730711 53.6837921
v 35.5145531 1.0262650 54.0994873
v 36.0856476 1.8624153 53.6751595
v 35.5198975 1.0159407 54.0915794
v 36.0909462 1.8517550 53.6665306
v 35.5252342 1.0056120 54.0836754
v 36.0962296 1.8410896 53.6578979
v 35.5305557 0.9952785 54.0757675
v 36.1015053 1.8304206 53.6492577
v 35.5358696 0.9849414 54.0678520
v 36.1067657 1.8197464 53.6406174
v 35.5411682 0.9745990 54.0599365
v 36.1120110 1.8090683 53.6319771
v 35.5464592 0.9642528 54.0520210
v 36.1172447 1.7983855 53.6233330
v 35.5517387 0.9539019 54.0441017
v 36.1224709 1.7876984 53.6146889
v 35.5570030 0.9435467 54.0361824
v 36.1276817 1.7770069 53.6060410
v 35.5622597 0.9331873 54.0282593
v 36.1328773 1.7663102 53.5973892
v 35.5675011 0.9228230 54.0203323
v 36.1380653 1.7556107 53.5887375
v 35.5727348 0.9124554 54.0124054
v 36.1432381 1.7449058 53.5800858
v 35.5779533 0.9020828 54.0044708
v 36.1484032 1.7341959 53.5714264
v 35.5831718 0.8917053 53.9965363
v 36.1535568 1.7234830 53.5627708
v 35.5883713 0.8813244 53.9886055
v 36.1586952 1.7127649 53.5541077
v 35.5935631 0.8709389 53.9806671
v 36.1638298 1.7020425 53.5454483
v 35.5987434 0.8605489 53.9727249
v 36.1689415 1.6913155 53.5367775
v 35.6039085 0.8501543 53.9647789
v 36.1740456 1.6805847 53.5281105
v 35.6090660 0.8397560 53.9568367
v 36.1791382 1.6698489 53.5194435
v 35.6142120 0.8293529 53.9488869
v 36.1842194 1.6591089 53.5107689
v 35.6193466 0.8189454 53.9409370
v 36.1892853 1.6483644 53.5021019
v 35.6244659 0.8085335 53.9329872
v 36.1943436 1.6376157 53.4934235
v 35.6295776 0.7981174 53.9250336
v 36.1993828 1.6268624 53.4847450
v 35.6346779 0.7876970 53.9170723
v 36.2044144 1.6161052 53.4760628
v 35.6397629 0.7772726 53.9091148
v 36.2094307 1.6053438 53.4673805
v 35.6448402 0.7668438 53.9011497
v 36.2144356 1.5945776 53.4586983
v 35.6499062 0.7564105 53.8931847
v 36.2194290 1.5838076 53.4500122
v 35.6549606 0.7459735 53.8852234
v 36.2244110 1.5730324 53.4413261
v 35.6600037 0.7355313 53.8772545
v 36.2293854 1.5622532 53.4326363
v 35.6650391 0.7250850 53.8692818
v 36.2343483 1.5514703 53.4239426
v 35.6700630 0.7146351 53.8613129
v 36.2392960 1.5406828 53.4152489
v 35.6750717 0.7041807 53.8533363
v 36.2442322 1.5298909 53.4065514
v 35.6800766 0.6937219 53.8453560
v 36.2491570 1.5190952 53.3978500
v 35.6850624 0.6832592 53.8373718
v 36.2540665 1.5082942 53.3891525
v 35.6900406 0.6727916 53.8293915
v 36.2589684 1.4974891 53.3804474
v 35.6950111 0.6623195 53.8214035
v 36.2638550 1.4866803 53.3717461
v 35.6999664 0.6518440 53.8134193
v 36.2687302 1.4758668 53.3630371
v 35.7049103 0.6413637 53.8054276
v 36.2735939 1.4650491 53.3543320
v 35.7098427 0.6308795 53.7974396
v 36.2784462 1.4542271 53.3456230
v 35.7147636 0.6203908 53.7894478
v 36.2832794 1.4434012 53.3369102
v 35.7196732 0.6098984 53.7814522
v 36.2881088 1.4325709 53.3281975
v 35.7245712 0.5994015 53.7734566
v 36.2929230 1.4217364 53.3194847
v 35.7294617 0.5889004 53.7654610
v 36.2977257 1.4108973 53.3107719
v 35.7343330 0.5783948 53.7574577
v 36.3025131 1.4000540 53.3020515
v 35.7391968 0.5678850 53.7494545
v 36.3072929 1.3892069 53.2933311
v 35.7440529 0.5573715 53.7414513
v 36.3120575 1.3783550 53.2846069
v 35.7488937 0.5468533 53.7334442
v 36.3168106 1.3674996 53.2758827
v 35.7537231 0.5363314 53.7254295
v 36.3215523 1.3566391 53.2671547
v 35.7585411 0.5258047 53.7174187
v 36.3262825 1.3457748 53.2584267
v 35.7633553 0.5152740 53.7094002
v 36.3310051 1.3349068 53.2496948
v 35.7681541 0.5047398 53.7013855
v 36.3357124 1.3240342 53.2409630
v 35.7729454 0.4942009 53.6933632
v 36.3404045 1.3131577 53.2322273
v 35.7777214 0.4836581 53.6853447
v 36.3450928 1.3022764 53.2234917
v 35.7824860 0.4731107 53.6773186
v 36.3497658 1.2913913 53.2147484
v 35.7872429 0.4625593 53.6692924
v 36.3544235 1.2805016 53.2060127
v 35.7919846 0.4520036 53.6612663
v 36.3590698 1.2696084 53.1972733
v 35.7967148 0.4414442 53.6532364
v 36.3637047 1.2587101 53.1885262
v 35.8014412 0.4308800 53.6452065
v 36.3683281 1.2478082 53.1797829
v 35.8061485 0.4203119 53.6371727
v 36.3729401 1.2369016 53.1710358
v 35.8108444 0.4097392 53.6291351
v 36.3775368 1.2259910 53.1622887
v 35.8155327 0.3991627 53.6210976
v 36.3821220 1.2150770 53.1535378
v 35.8202095 0.3885825 53.6130562
v 36.3866959 1.2041581 53.1447868
v 35.8248749 0.3779976 53.6050148
v 36.3912621 1.1932352 53.1360321
v 35.8295250 0.3674088 53.5969696
v 36.3958054 1.1823086 53.1272774
v 35.8341675 0.3568163 53.5889244
v 36.4003448 1.1713769 53.1185226
v 35.8387985 0.3462188 53.5808792
v 36.4048729 1.1604415 53.1097641
v 35.8434181 0.3356175 53.5728302
v 36.4093857 1.1495022 53.1010056
v 35.8480225 0.3250122 53.5647812
v 36.4138870 1.1385587 53.0922470
v 35.8526230 0.3144031 53.5567322
v 36.4183769 1.1276109 53.0834846
v 35.8572044 0.3037894 53.5486794
v 36.4228516 1.1166596 53.0747223
v 35.8617783 0.2931723 53.5406265
v 36.4273148 1.1057041 53.0659561
v 35.8663406 0.2825509 53.5325699
v 36.4317703 1.0947438 53.0571938
v 35.8708954 0.2719250 53.5245094
v 36.4362106 1.0837801 53.0484276
v 35.8754349 0.2612954 53.5164528
v 36.4406395 1.0728116 53.0396576
v 35.8799629 0.2506613 53.5083923
v 36.4450569 1.0618395 53.0308876
v 35.8844795 0.2400234 53.5003242
v 36.4494591 1.0508630 53.0221138
v 35.8889809 0.2293814 53.4922600
v 36.4538498 1.0398825 53.0133400
v 35.8934784 0.2187351 53.4841881
v 36.4582329 1.0288978 53.0045624
v 35.8979607 0.2080846 53.4761200
v 36.4626007 1.0179094 52.9957848
v 35.9024353 0.1974307 53.4680443
v 36.4669533 1.0069168 52.9870033
v 35.9068947 0.1867723 53.4599724
v 36.4712982 0.9959196 52.9782219
v 35.9113464 0.1761096 53.4518929
v 36.4756279 0.9849192 52.9694443
v 35.9157829 0.1654435 53.4438171
v 36.4799500 0.9739143 52.9606590
v 35.9202118 0.1547731 53.4357414
v 36.4842567 0.9629052 52.9518776
v 35.9246254 0.1440983 53.4276619
v 36.4885483 0.9518927 52.9430923
v 35.9290314 0.1334203 53.4195786
v 36.4928322 0.9408758 52.9343071
v 35.9334221 0.1227379 53.4114952
v 36.4971008 0.9298544 52.9255180
v 35.9378052 0.1120510 53.4034081
v 36.5013618 0.9188291 52.9167252
v 35.9421730 0.1013601 53.3953247
v 36.5056076 0.9078002 52.9079323
v 35.9465332 0.0906657 53.3872337
v 36.5098419 0.8967671 52.8991432
v 35.9508820 0.0799671 53.3791466
v 36.5140648 0.8857299 52.8903503
v 35.9552193 0.0692643 53.3710556
v 36.5182762 0.8746889 52.8815536
v 35.9595451 0.0585578 53.3629608
v 36.5224762 0.8636435 52.8727608
v 35.9638596 0.0478470 53.3548622
v 36.5266609 0.8525951 52.8639641
v 35.9681587 0.0371330 53.3467674
v 36.5308342 0.8415419 52.8551636
v 35.9724541 0.0264143 53.3386688
v 36.5349960 0.8304847 52.8463593
v 35.9767303 0.0156917 53.3305664
v 36.5391464 0.8194243 52.8375587
v 35.9810028 0.0049658 53.3224678
v 36.5432816 0.8083593 52.8287621
v 35.9852600 -0.0057647 53.3143654
v 36.5474052 0.7972903 52.8199539
v 35.9895058 -0.0164990 53.3062592
v 36.5515213 0.7862175 52.8111496
v 35.9937439 -0.0272375 53.2981567
v 36.5556221 0.7751400 52.8023453
v 35.9979668 -0.0379803 53.2900467
v 36.5597115 0.7640597 52.7935333
v 36.0021782 -0.0487262 53.2819366
v 36.5637894 0.7529747 52.7847252
v 36.0063782 -0.0594766 53.2738228
v 36.5678558 0.7418855 52.7759171
v 36.0105743 -0.0702312 53.2657166
v 36.5719070 0.7307932 52.7671051
v 36.0147476 -0.0809891 53.2575989
v 36.5759468 0.7196965 52.7582932
v 36.0189171 -0.0917510 53.2494812
v 36.5799789 0.7085961 52.7494774
v 36.0230713 -0.1025170 53.2413673
v 36.5839958 0.6974918 52.7406654
v 36.0272179 -0.1132868 53.2332497
v 36.5880013 0.6863833 52.7318497
v 36.0313530 -0.1240607 53.2251282
v 36.5919952 0.6752706 52.7230339
v 36.0354767 -0.1348388 53.2170067
v 36.5959740 0.6641545 52.7142143
v 36.0395851 -0.1456204 53.2088890
v 36.5999413 0.6530343 52.7053909
v 36.0436897 -0.1564060 53.2007599
v 36.6038971 0.6419100 52.6965752
v 36.0477753 -0.1671958 53.1926384
v 36.6078415 0.6307824 52.6877518
v 36.0518570 -0.1779888 53.1845093
v 36.6117744 0.6196504 52.6789284
v 36.0559196 -0.1887863 53.1763802
v 36.6156960 0.6085147 52.6701050
v 36.0599785 -0.1995875 53.1682510
v 36.6196022 0.5973753 52.6612778
v 36.0640221 -0.2103923 53.1601181
v 36.6235008 0.5862317 52.6524506
v 36.0680580 -0.2212014 53.1519852
v 36.6273842 0.5750841 52.6436272
v 36.0720787 -0.2320144 53.1438484
v 36.6312561 0.5639331 52.6348000
v 36.0760880 -0.2428310 53.1357155
v 36.6351166 0.5527779 52.6259651
v 36.0800858 -0.2536516 53.1275749
v 36.6389656 0.5416189 52.6171379
v 36.0840721 -0.2644761 53.1194420
v 36.6427994 0.5304562 52.6083069
v 36.0880508 -0.2753043 53.1112976
v 36.6466255 0.5192899 52.5994720
v 36.0920143 -0.2861362 53.1031570
v 36.6504364 0.5081197 52.5906410
v 36.0959702 -0.2969719 53.0950127
v 36.6542358 0.4969454 52.5818062
v 36.0999146 -0.3078117 53.0868721
v 36.6580276 0.4857675 52.5729713
v 36.1038437 -0.3186552 53.0787239
v 36.6618004 0.4745853 52.5641327
v 36.1077614 -0.3295029 53.0705795
v 36.6655617 0.4633996 52.5553017
v 36.1116753 -0.3403541 53.0624352
v 36.6693153 0.4522096 52.5464592
v 36.1155739 -0.3512096 53.0542870
v 36.6730576 0.4410162 52.5376205
v 36.1194611 -0.3620686 53.0461349
v 36.6767845 0.4298197 52.5287819
v 36.1233330 -0.3729307 53.0379829
v 36.6805000 0.4186189 52.5199432
v 36.1272011 -0.3837971 53.0298309
v 36.6842041 0.4074142 52.5110970
v 36.1310501 -0.3946674 53.0216789
v 36.6878967 0.3962058 52.5022545
v 36.1348953 -0.4055415 53.0135231
v 36.6915741 0.3849933 52.4934120
v 36.1387253 -0.4164196 53.0053673
v 36.6952400 0.3737777 52.4845695
v 36.1425438 -0.4273009 52.9972115
v 36.6988983 0.3625572 52.4757233
v 36.1463547 -0.4381870 52.9890518
v 36.7025414 0.3513334 52.4668808
v 36.1501503 -0.4490765 52.9808960
v 36.7061729 0.3401067 52.4580345
v 36.1539345 -0.4599689 52.9727364
v 36.7097931 0.3288749 52.4491882
v 36.1577148 -0.4708665 52.9645691
v 36.7134018 0.3176406 52.4403419
v 36.1614761 -0.4817664 52.9564095
v 36.7169952 0.3064016 52.4314919
v 36.1652298 -0.4926711 52.9482460
v 36.7205811 0.2951593 52.4226379
v 36.1689682 -0.5035793 52.9400787
v 36.7241516 0.2839131 52.4137917
v 36.1726990 -0.5144913 52.9319115
v 36.7277107 0.2726636 52.4049416
v 36.1764183 -0.5254066 52.9237480
v 36.7312584 0.2614095 52.3960876
v 36.1801262 -0.5363264 52.9155807
v 36.7347946 0.2501523 52.3872375
v 36.1838226 -0.5472495 52.9074097
v 36.7383194 0.2388913 52.3783836
v 36.1875076 -0.5581763 52.8992424
v 36.7418251 0.2276267 52.3695297
v 36.1911812 -0.5691068 52.8910675
v 36.7453270 0.2163583 52.3606720
v 36.1948433 -0.5800412 52.8828964
v 36.7488174 0.2050861 52.3518181
v 36.1984940 -0.5909792 52.8747215
v 36.7522926 0.1938105 52.3429604
v 36.2021370 -0.6019208 52.8665428
v 36.7557526 0.1825308 52.3341026
v 36.2057648 -0.6128664 52.8583717
v 36.7592049 0.1712475 52.3252449
v 36.2093849 -0.6238158 52.8501930
v 36.7626495 0.1599609 52.3163872
v 36.2129898 -0.6347682 52.8420143
v 36.7660751 0.1486702 52.3075294
v 36.2165833 -0.6457250 52.8338356
v 36.7694893 0.1373758 52.2986717
v 36.2201729 -0.6566855 52.8256569
v 36.7728920 0.1260780 52.2898102
v 36.2237434 -0.6676493 52.8174744
v 36.7762871 0.1147760 52.2809486
v 36.2273064 -0.6786175 52.8092918
v 36.7796631 0.1034714 52.2720871
v 36.2308578 -0.6895882 52.8011093
v 36.7830315 0.0921627 52.2632256
v 36.2343941 -0.7005631 52.7929268
v 36.7863884 0.0808499 52.2543602
v 36.2379265 -0.7115421 52.7847404
v 36.7897301 0.0695333 52.2454948
v 36.2414436 -0.7225249 52.7765541
v 36.7930641 0.0582136 52.2366333
v 36.2449455 -0.7335109 52.7683716
v 36.7963867 0.0468901 52.2277718
v 36.2484436 -0.7445006 52.7601814
v 36.7996941 0.0355631 52.2189064
v 36.2519264 -0.7554938 52.7519951
v 36.8029823 0.0242321 52.2100372
v 36.2553978 -0.7664912 52.7438049
v 36.8062630 0.0128984 52.2011719
v 36.2588539 -0.7774913 52.7356110
v 36.8095322 0.0015602 52.1923027
v 36.2622986 -0.7884958 52.7274208
v 36.8127861 -0.0097814 52.1834412
v 36.2657356 -0.7995039 52.7192307
v 36.8160324 -0.0211264 52.1745682
v 36.2691574 -0.8105153 52.7110367
v 36.8192635 -0.0324750 52.1657066
v 36.2725716 -0.8215303 52.7028465
v 36.8224831 -0.0438272 52.1568375
v 36.2759743 -0.8325491 52.6946487
v 36.8256912 -0.0551829 52.1479645
v 36.2793655 -0.8435712 52.6864548
v 36.8288879 -0.0665424 52.1390953
v 36.2827454 -0.8545974 52.6782570
v 36.8320732 -0.0779054 52.1302261
v 36.2861137 -0.8656271 52.6700592
v 36.8352470 -0.0892717 52.1213570
v 36.2894707 -0.8766599 52.6618614
v 36.8384094 -0.1006418 52.1124840
v 36.2928162 -0.8876966 52.6536598
v 36.8415565 -0.1120151 52.1036148
v 36.2961464 -0.8987367 52.6454620
v 36.8446922 -0.1233931 52.0947418
v 36.2994728 -0.9097813 52.6372604
v 36.8478165 -0.1347739 52.0858727
v 36.3027878 -0.9208291 52.6290627
v 36.8509293 -0.1461581 52.0769997
v 36.3060837 -0.9318800 52.6208611
v 36.8540306 -0.1575457 52.0681267
v 36.3093758 -0.9429344 52.6126595
v 36.8571205 -0.1689374 52.0592499
v 36.3126564 -0.9539930 52.6044540
v 36.8601952 -0.1803321 52.0503769
v 36.3159218 -0.9650546 52.5962524
v 36.8632622 -0.1917304 52.0415077
v 36.3191795 -0.9761199 52.5880470
v 36.8663139 -0.2031324 52.0326309
v 36.3224220 -0.9871888 52.5798416
v 36.8693542 -0.2145383 52.0237541
v 36.3256607 -0.9982617 52.5716362
v 36.8723831 -0.2259476 52.0148849
v 36.3288803 -1.0093381 52.5634308
v 36.8754005 -0.2373602 52.0060081
v 36.3320961 -1.0204178 52.5552254
v 36.8784065 -0.2487760 51.9971352
v 36.3352928 -1.0315008 52.5470161
v 36.8814011 -0.2601958 51.9882545
v 36.3384857 -1.0425876 52.5388069
v 36.8843803 -0.2716193 51.9793816
v 36.3416634 -1.0536784 52.5305977
v 36.8873482 -0.2830458 51.9705048
v 36.3448296 -1.0647721 52.5223846
v 36.8903084 -0.2944755 51.9616280
v 36.3479881 -1.0758691 52.5141792
v 36.8932533 -0.3059085 51.9527512
v 36.3511314 -1.0869695 52.5059662
v 36.8961868 -0.3173456 51.9438744
v 36.3542633 -1.0980738 52.4977531
v 36.8991127 -0.3287866 51.9349937
v 36.3573875 -1.1091824 52.4895363
v 36.9020195 -0.3402303 51.9261169
v 36.3605003 -1.1202936 52.4813232
v 36.9049149 -0.3516773 51.9172440
v 36.3635941 -1.1314080 52.4731140
v 36.9077950 -0.3631276 51.9083633
v 36.3666801 -1.1425259 52.4648972
v 36.9106674 -0.3745818 51.8994865
v 36.3697510 -1.1536477 52.4566841
v 36.9135246 -0.3860395 51.8906097
v 36.3728142 -1.1647730 52.4484711
v 36.9163704 -0.3975008 51.8817291
v 36.3758659 -1.1759020 52.4402542
v 36.9192047 -0.4089655 51.8728485
v 36.3789062 -1.1870344 52.4320374
v 36.9220314 -0.4204336 51.8639755
v 36.3819389 -1.1981702 52.4238205
v 36.9248390 -0.4319051 51.8550987
v 36.3849602 -1.2093096 52.4156075
v 36.9276352 -0.4433795 51.8462181
v 36.3879623 -1.2204520 52.4073906
v 36.9304237 -0.4548578 51.8373413
v 36.3909569 -1.2315981 52.3991699
v 36.9331970 -0.4663397 51.8284607
v 36.3939438 -1.2427480 52.3909531
v 36.9359627 -0.4778247 51.8195839
v 36.3969154 -1.2539010 52.3827324
v 36.9387131 -0.4893132 51.8106995
v 36.3998795 -1.2650576 52.3745117
v 36.9414520 -0.5008054 51.8018227
v 36.4028320 -1.2762179 52.3662910
v 36.9441795 -0.5123007 51.7929459
v 36.4057732 -1.2873814 52.3580704
v 36.9468956 -0.5237987 51.7840652
v 36.4087029 -1.2985475 52.3498535
v 36.9496002 -0.5353008 51.7751846
v 36.4116211 -1.3097179 52.3416290
v 36.9522934 -0.5468060 51.7663078
v 36.4145279 -1.3208913 52.3334084
v 36.9549675 -0.5583150 51.7574310
v 36.4174232 -1.3320687 52.3251877
v 36.9576378 -0.5698271 51.7485542
v 36.4203072 -1.3432493 52.3169670
v 36.9602928 -0.5813427 51.7396736
v 36.4231834 -1.3544333 52.3087425
v 36.9629364 -0.5928612 51.7307930
v 36.4260406 -1.3656204 52.3005180
v 36.9655685 -0.6043832 51.7219162
v 36.4288940 -1.3768108 52.2922974
v 36.9681892 -0.6159089 51.7130356
v 36.4317360 -1.3880053 52.2840729
v 36.9707947 -0.6274377 51.7041550
v 36.4345627 -1.3992027 52.2758484
v 36.9733925 -0.6389702 51.6952820
v 36.4373817 -1.4104040 52.2676239
v 36.9759789 -0.6505053 51.6864014
v 36.4401894 -1.4216077 52.2593994
v 36.9785500 -0.6620436 51.6775208
v 36.4429817 -1.4328148 52.2511749
v 36.9811134 -0.6735854 51.6686478
v 36.4457664 -1.4440258 52.2429504
v 36.9836540 -0.6851315 51.6597672
v 36.4485359 -1.4552407 52.2347260
v 36.9861908 -0.6966802 51.6508904
v 36.4512939 -1.4664584 52.2264977
v 36.9887085 -0.7082323 51.6420135
v 36.4540405 -1.4776795 52.2182770
v 36.9912224 -0.7197871 51.6331367
v 36.4567757 -1.4889035 52.2100487
v 36.9937172 -0.7313457 51.6242561
v 36.4594994 -1.5001311 52.2018242
v 36.9962044 -0.7429073 51.6153793
v 36.4622154 -1.5113621 52.1935959
v 36.9986763 -0.7544726 51.6065025
v 36.4649162 -1.5225966 52.1853676
v 37.0011406 -0.7660412 51.5976257
v 36.4676094 -1.5338346 52.1771393
v 37.0035896 -0.7776130 51.5887527
v 36.4702873 -1.5450758 52.1689148
v 37.0060234 -0.7891879 51.5798721
v 36.4729576 -1.5563202 52.1606903
v 37.0084534 -0.8007664 51.5709953
v 36.4756165 -1.5675681 52.1524620
v 37.0108681 -0.8123474 51.5621185
v 36.4782600 -1.5788188 52.1442337
v 37.0132713 -0.8239318 51.5532455
v 36.4808998 -1.5900728 52.1360016
v 37.0156593 -0.8355200 51.5443687
v 36.4835243 -1.6013308 52.1277733
v 37.0180397 -0.8471110 51.5354919
v 36.4861336 -1.6125915 52.1195450
v 37.0204048 -0.8587053 51.5266190
v 36.4887352 -1.6238556 52.1113205
v 37.0227623 -0.8703032 51.5177422
v 36.4913292 -1.6351233 52.1030922
v 37.0251045 -0.8819036 51.5088692
v 36.4939079 -1.6463938 52.0948601
v 37.0274353 -0.8935076 51.4999924
v 36.4964752 -1.6576678 52.0866318
v 37.0297546 -0.9051147 51.4911194
v 36.4990387 -1.6689448 52.0783997
v 37.0320625 -0.9167252 51.4822426
v 36.5015831 -1.6802256 52.0701714
v 37.0343590 -0.9283381 51.4733696
v 36.5041161 -1.6915085 52.0619392
v 37.0366402 -0.9399552 51.4644966
v 36.5066414 -1.7027960 52.0537148
v 37.0389099 -0.9515759 51.4556236
v 36.5091553 -1.7140870 52.0454826
v 37.0411720 -0.9631988 51.4467506
v 36.5116539 -1.7253804 52.0372505
v 37.0434227 -0.9748253 51.4378815
v 36.5141487 -1.7366773 52.0290222
v 37.0456581 -0.9864548 51.4290047
v 36.5166283 -1.7479775 52.0207939
v 37.0478821 -0.9980878 51.4201355
v 36.5190964 -1.7592810 52.0125656
v 37.0500946 -1.0097237 51.4112625
v 36.5215530 -1.7705877 52.0043335
v 37.0522957 -1.0213629 51.4023933
v 36.5239983 -1.7818977 51.9961052
v 37.0544777 -1.0330048 51.3935242
v 36.5264320 -1.7932103 51.9878769
v 37.0566521 -1.0446503 51.3846512
v 36.5288506 -1.8045266 51.9796448
v 37.0588112 -1.0562993 51.3757782
v 36.5312614 -1.8158466 51.9714127
v 37.0609627 -1.0679507 51.3669128
v 36.5336571 -1.8271692 51.9631805
v 37.0630989 -1.0796061 51.3580437
v 36.5360451 -1.8384953 51.9549522
v 37.0652237 -1.0912635 51.3491783
v 36.5384216 -1.8498242 51.9467278
v 37.0673370 -1.1029253 51.3403091
v 36.5407867 -1.8611572 51.9384918
v 37.0694427 -1.1145897 51.3314400
v 36.5431366 -1.8724928 51.9302635
v 37.0715294 -1.1262569 51.3225746
v 36.5454826 -1.8838315 51.9220314
v 37.0736084 -1.1379272 51.3137093
v 36.5478134 -1.8951732 51.9138069
v 37.0756760 -1.1496015 51.3048477
v 36.5501328 -1.9065189 51.9055786
v 37.0777321 -1.1612780 51.2959785
v 36.5524406 -1.9178669 51.8973503
v 37.0797729 -1.1729574 51.2871132
v 36.5547409 -1.9292183 51.8891182
v 37.0818062 -1.1846402 51.2782516
v 36.5570259 -1.9405725 51.8808899
v 37.0838242 -1.1963260 51.2693863
v 36.5593033 -1.9519303 51.8726578
v 37.0858307 -1.2080152 51.2605247
v 36.5615692 -1.9632912 51.8644295
v 37.0878258 -1.2197074 51.2516594
v 36.5638161 -1.9746555 51.8562050
v 37.0898094 -1.2314028 51.2427979
v 36.5660591 -1.9860228 51.8479767
v 37.0917816 -1.2431014 51.2339325
v 36.5682907 -1.9973936 51.8397446
v 37.0937424 -1.2548031 51.2250786
v 36.5705109 -2.0087674 51.8315163
v 37.0956879 -1.2665074 51.2162170
v 36.5727234 -2.0201440 51.8232880
v 37.0976219 -1.2782153 51.2073593
v 36.5749168 -2.0315242 51.8150635
v 37.0995483 -1.2899255 51.1984978
v 36.5771027 -2.0429068 51.8068352
v 37.1038857 -1.3022757 51.1856689
v 36.5812492 -2.0550115 51.7941437
l 1 3 5 7 9 11 13 15 17 19 21 23 25 27 29 31 33 35 37 39 41 43 45 47 49 51 53 55 57 59 61 63 65 67 69 71 73 75 77 79 81 83 85 87 89 91 93 95 97 99 101 103 105 107 109 111 113 115 117 119 121 123 125 127 129 131 133 135 137 139 141 143 145 147 149 151 153 155 157 159 161 163 165 167 169 171 173 175 177 179 181 183 185 187 189 191 193 195 197 199 201 203 205 207 209 211 213 215 217 219 221 223 225 227 229 231 233 235 237 239 241 243 245 247 249 251 253 255 257 259 261 263 265 267 269 271 273 275 277 279 281 283 285 287 289 291 293 295 297 299 301 303 305 307 309 311 313 315 317 319 321 323 325 327 329 331 333 335 337 339 341 343 345 347 349 351 353 355 357 359 361 363 365 367 369 371 373 375 377 379 381 383 385 387 389 391 393 395 397 399 401 403 405 407 409 411 413 415 417 419 421 423 425 427 429 431 433 435 437 439 441 443 445 447 449 451 453 455 457 459 461 463 465 467 469 471 473 475 477 479 481 483 485 487 489 491 493 495 497 499 501 503 505 507 509 511 513 515 517 519 521 523 525 527 529 531 533 535 537 539 541 543 545 547 549 551 553 555 557 559 561 563 565 567 569 571 573 575 577 579 581 583 585 587 589 591 593 595 597 599 601 603 605 607 609 611 613 615 617 619 621 623 625 627 629 631 633 635 637 639 641 643 645 647 649 651 653 655 657 659 661 663 665 667 669 671 673 675 677 679 681 683 685 687 689 691 693 695 697 699 701 703 705 707 709 711 713 715 717 719 721 723 725 727 729 731 733 735 737 739 741 743 745 747 749 751 753 755 757 759 761 763 765 767 769 771 773 775 777 779 781 783 785 787 789 791 793 795 797 799 801 803 805 807 809 811 813 815 817 819 821 823 825 827 829 831 833 835 837 839 841 843 845 847 849 851 853 855 857 859 861 863 865 867 869 871 873 875 877 879 881 883 885 887 889 891 893 895 897 899 901 903 905 907 909 911 913 915 917 919 921 923 925 927 929 931 933 935 937 939 941 943 945 947 949 951 953 955 957 959 961 963 965 967 969 971 973 975 977 979 981 983 985 987 989 991 993 995 997 999 1001 1003 1005 1007 1009 1011 1013 1015 1017 1019 1021 1023 1025 1027 1029 1031 1033 1035 1037 1039 1041 1043 1045 1047 1049 1051 1053 1055 1057 1059 1061 1063 1065 1067 1069 1071 1073 1075 1077 1079 1081 1083 1085 1087 1089 1091 1093 1095 1097 1099 1101 1103 1105 1107 1109 1111 1113 1115 1117 1119 1121 1123 1125 1127 1129 1131 1133 1135 1137 1139 1141 1143 1145 1147 1149 1151 1153 1155 1157 1159 1161 1163 1165 1167 1169 1171 1173 1175 1177 1179 1181 1183 1185 1187 1189 1191 1193 1195 1197 1199 1201 1203 1205 1207 1209 1211 1213 1215 1217 1219 1221 1223 1225 1227 1229 1231 1233 1235 1237 1239 1241 1243 1245 1247 1249 1251 1253 1255 1257 1259 1261 1263 1265 1267 1269 1271 1273 1275 1277 1279 1281 1283 1285 1287 1289 1291 1293 1295 1297 1299 1301 1303 1305 1307 1309 1311 1313 1315 1317 1319 1321 1323 1325 1327 1329 1331 1333 1335 1337 1339 1341 1343 1345 1347 1349 1351 1353 1355 1357 1359 1361 1363 1365 1367 1369 1371 1373 1375 1377 1379 1381 1383 1385 1387 1389 1391 1393 1395 1397 1399 1401 1403 1405 1407 1409 1411 1413 1415 1417 1419 1421 1423 1425 1427 1429 1431 1433 1435 1437 1439 1441 1443 1445 1447 1449 1451 1453 1455 1457 1459 1461 1463 1465 1467 1469 1471 1473 1475 1477 1479 1481 1483 1485 1487 1489 1491 1493 1495 1497 1499 1501 1503 1505 1507 1509 1511 1513 1515 1517 1519 1521 1523 1525 1527 1529 1531 1533 1535 1537 1539 1541 1543 1545 1547 1549 1551 1553 1555 1557 1559 1561 1563 1565 1567 1569 1571 1573 1575 1577 1579 1581 1583 1585 1587 1589 1591 1593 1595 1597 1599 1601 1603 1605 1607 1609 1611 1613 1615 1617 1619 1621 1623 1625 1627 1629 1631 1633 1635 1637 1639 1641 1643 1645 1647 1649 1651 1653 1655 1657 1659 1661 1663 1665 1667 1669 1671 1673 1675 1677 1679 1681 1683 1685 1687 1689 1691 1693 1695 1697 1699 1701 1703 1705 1707 1709 1711 1713 1715 1717 1719 1721 1723 1725 1727 1729 1731 1733 1735 1737 1739 1741 1743 1745 1747 1749 1751 1753 1755 1757 1759 1761 1763 1765 1767 1769 1771 1773 1775 1777 1779 1781 1783 1785 1787 1789 1791 1793 1795 1797 1799 1801 1803 1805 1807 1809 1811 1813 1815 1817 1819 1821 1823 1825 1827 1829 1831 1833 1835 1837 1839 1841 1843 1845 1847 1849 1851 1853 1855 1857 1859 1861 1863 1865 1867 1869 1871 1873 1875 1877 1879 1881 1883 1885 1887 1889 1891 1893 1895 1897 1899 1901 1903 1905 1907 1909 1911 1913 1915 1917 1919 1921 1923 1925 1927 1929 1931 1933 1935 1937 1939 1941 1943 1945 1947 1949 1951 1953 1955 1957 1959 1961 1963 1965 1967 1969 1971 1973 1975 1977 1979 1981 1983 1985 1987 1989 1991 1993 1995 1997 1999 2001 2003 2005 2007 2009 2011 2013 2015 2017 2019 2021 2023 2025 2027 2029 2031 2033 2035 2037 2039 2041 2043 2045 2047 2049 2051 2053 2055 2057 2059 2061 2063 2065 2067 2069 2071 2073 2075 2077 2079 2081 2083 2085 2087 2089 2091 2093 2095 2097 2099 2101 2103 2105 2107 2109 2111 2113 2115 2117 2119 2121 2123 2125 2127 2129 2131 2133 2135 2137 2139 2141 2143 2145 2147 2149 2151 2153 2155 2157 2159 2161 2163 2165 2167 2169 2171 2173 2175 2177 2179 2181 2183 2185 2187 2189 2191 2193 2195 2197 2199 2201 2203 2205 2207 2209 2211 2213 2215 2217 2219 2221 2223 2225 2227 2229 2231 2233 2235 2237 2239 2241 2243 2245 2247 2249 2251 2253 2255 2257 2259 2261 2263 2265 2267 2269 2271 2273 2275 2277 2279 2281 2283 2285 2287 2289 2291 2293 2295 2297 2299 2301 2303 2305 2307 2309 2311 2313 2315 2317 2319 2321 2323 2325 2327 2329 2331 2333 2335 2337 2339 2341 2343 2345 2347 2349 2351 2353 2355 2357 2359 2361 2363 2365 2367 2369 2371 2373 2375 2377 2379 2381 2383 2385 2387 2389 2391 2393 2395 2397 2399 2401 2403 2405 2407 2409 2411 2413 2415 2417 2419 2421 2423 2425 2427 2429 2431 2433 2435 2437 2439 2441 2443 2445 2447 2449 2451 2453 2455 2457 2459 2461 2463 2465 2467 2469 2471 2473 2475 2477 2479 2481 2483 2485 2487 2489 2491 2493 2495 2497 2499 2501 2503 2505 2507 2509 2511 2513 2515 2517 2519 2521 2523 2525 2527 2529 2531 2533 2535 2537 2539 2541 2543 2545 2547 2549 2551 2553 2555 2557 2559 2561 2563 2565 2567 2569 2571 2573 2575 2577 2579 2581 2583 2585 2587 2589 2591 2593 2595 2597 2599 2601 2603 2605 2607 2609 2611 2613 2615 2617 2619 2621 2623 2625 2627 2629 2631 2633 2635 2637 2639 2641 2643 2645 2647 2649 2651 2653 2655 2657 2659 2661 2663 2665 2667 2669 2671 2673 2675 2677 2679 2681 2683 2685 2687 2689 2691 2693 2695 2697 2699 2701 2703 2705 2707 2709 2711 2713 2715 2717 2719 2721 2723 2725 2727 2729 2731 2733 2735 2737 2739 2741 2743 2745 2747 2749 2751 2753 2755 2757 2759 2761 2763 2765 2767 2769 2771 2773 2775 2777 2779 2781 2783 2785 2787 2789 2791 2793 2795 2797 2799 2801 2803 2805 2807 2809 2811 2813 2815 2817 2819 2821 2823 2825 2827 2829 2831 2833 2835 2837 2839 2841 2843 2845 2847 2849 2851 2853 2855 2857 2859 2861 2863 2865 2867 2869 2871 2873 2875 2877 2879 2881 2883 2885 2887 2889 2891 2893 2895 2897 2899 2901 2903 2905 2907 2909 2911 2913 2915 2917 2919 2921 2923 2925 2927 2929 2931 2933 2935 2937 2939 2941 2943 2945 2947 2949 2951 2953 2955 2957 2959 2961 2963 2965 2967 2969 2971 2973 2975 2977 2979 2981 2983 2985 2987 2989 2991 2993 2995 2997 2999 3001 3003 3005 3007 3009 3011 3013 3015 3017 3019 3021 3023 3025 3027 3029 3031 3033 3035 3037 3039 3041 3043 3045 3047 3049 3051 3053 3055 3057 3059 3061 3063 3065 3067 3069 3071 3073 3075 3077 3079 3081 3083 3085 3087 3089 3091 3093 3095 3097 3099 3101 3103 3105 3107 3109 3111 3113 3115 3117 3119 3121 3123 3125 3127 3129 3131 3133 3135 3137 3139 3141 3143 3145 3147 3149 3151 3153 3155 3157 3159 3161 3163 3165 3167 3169 3171 3173 3175 3177 3179 3181 3183 3185 3187 3189 3191 3193 3195 3197 3199 3201 3203 3205 3207 3209 3211 3213 3215 3217 3219 3221 3223 3225 3227 3229 3231 3233 3235 3237 3239 3241 3243 3245 3247 3249 3251 3253 3255 3257 3259 3261 3263 3265 3267 3269 3271 3273 3275 3277 3279 3281 3283 3285 3287 3289 3291 3293 3295 3297 3299 3301 3303 3305 3307 3309 3311 3313 3315 3317 3319 3321 3323 3325 3327 3329 3331 3333 3335 3337 3339 3341 3343 3345 3347 3349 3351 3353 3355 3357 3359 3361 3363 3365 3367 3369 3371 3373 3375 3377 3379 3381 3383 3385 3387 3389 3391 3393 3395 3397 3399 3401 3403 3405 3407 3409 3411 3413 3415 3417 3419 3421 3423 3425 3427 3429 3431 3433 3435 3437 3439 3441 3443 3445 3447 3449 3451 3453 3455 3457 3459 3461 3463 3465 3467 3469 3471 3473 3475 3477 3479 3481 3483 3485 3487 3489 3491 3493 3495 3497 3499 3501 3503 3505 3507 3509 3511 3513 3515 3517 3519 3521 3523 3525 3527 3529 3531 3533 3535 3537 3539 3541 3543 3545 3547 3549 3551 3553 3555 3557 3559 3561 3563 3565 3567 3569 3571 3573 3575 3577 3579 3581 3583 3585 3587 3589 3591 3593 3595 3597 3599 3601 3603 3605 3607 3609 3611 3613 3615 3617 3619 3621 3623 3625 3627 3629 3631 3633 3635 3637 3639 3641 3643 3645 3647 3649 3651 3653 3655 3657 3659 3661 3663 3665 3667 3669 3671 3673 3675 3677 3679 3681 3683 3685 3687 3689 3691 3693 3695 3697 3699 3701 3703 3705 3707 3709 3711 3713 3715 3717 3719 3721 3723 3725 3727 3729 3731 3733 3735 3737 3739 3741 3743 3745 3747 3749 3751 3753 3755 3757 3759 3761 3763 3765 3767 3769 3771 3773 3775 3777 3779 3781 3783 3785 3787 3789 3791 3793 3795 3797 3799 3801 3803 3805 3807 3809 3811 3813 3815 3817 3819 3821 3823 3825 3827 3829 3831 3833 3835 3837 3839 3841 3843 3845 3847 3849 3851 3853 3855 3857 3859 3861 3863 3865 3867 3869 3871 3873 3875 3877 3879 3881 3883 3885 3887 3889 3891 3893 3895 3897 3899 3901 3903 3905 3907 3909 3911 3913 3915 3917 3919 3921 3923 3925 3927 3929 3931 3933 3935 3937 3939 3941 3943 3945 3947 3949 3951 3953 3955 3957 3959 3961 3963 3965 3967 3969 3971 3973 3975 3977 3979 3981 3983 3985 3987 3989 3991 3993 3995 3997 3999 4001 4003 4005 4007 4009 4011 4013 4015 4017 4019 4021 4023 4025 4027 4029 4031 4033 4035 4037 4039 4041 4043 4045 4047 4049 4051 4053 4055 4057 4059 4061 4063 4065 4067 4069 4071 4073 4075 4077 4079 4081 4083 4085 4087 4089 4091 4093 4095 4097 4099 4101 4103 4105 4107 4109 4111 4113 4115 4117 4119 4121 4123 4125 4127 4129 4131 4133 4135 4137 4139 4141 4143 4145 4147 4149 4151 4153 4155 4157 4159 4161 4163 4165 4167 4169 4171 4173 4175 4177 4179 4181 4183 4185 4187 4189 4191 4193 4195 4197 4199 4201 4203 4205 4207 4209 4211 4213 4215 4217 4219 4221 4223 4225 4227 4229 4231 4233 4235 4237 4239 4241 4243 4245 4247 4249 4251 4253 4255 4257 4259 4261 4263 4265 4267 4269 4271 4273 4275 4277 4279 4281 4283 4285 4287 4289 4291 4293 4295 4297 4299 4301 4303 4305 4307 4309 4311 4313 4315 4317 4319 4321 4323 4325 4327 4329 4331 4333 4335 4337 4339 4341 4343 4345 4347 4349 4351 4353 4355 4357 4359 4361 4363 4365 4367 4369 4371 4373 4375 4377 4379 4381 4383 4385 4387 4389 4391 4393 4395 4397 4399 4401 4403 4405 4407 4409 4411 4413 4415 4417 4419 4421 4423 4425 4427 4429 4431 4433 4435 4437 4439 4441 4443 4445 4447 4449 4451 4453 4455 4457 4459 4461 4463 4465 4467 4469 4471 4473 4475 4477 4479 4481 4483 4485 4487 4489 4491 4493 4495 4497 4499 4501 4503 4505 4507 4509 4511 4513 4515 4517 4519 4521 4523 4525 4527 4529 4531 4533 4535 4537 4539 4541 4543 4545 4547 4549 4551 4553 4555 4557 4559 4561 4563 4565 4567 4569 4571 4573 4575 4577 4579 4581 4583 4585 4587 4589 4591 4593 4595 4597 4599 4601 4603 4605 4607 4609 4611 4613 4615 4617 4619 4621 4623 4625 4627 4629 4631 4633 4635 4637 4639 4641 4643 4645 4647 4649 4651 4653 4655 4657 4659 4661 4663 4665 4667 4669 4671 4673 4675 4677 4679 4681 4683 4685 4687 4689 4691 4693 4695 4697 4699 4701 4703 4705 4707 4709 4711 4713 4715 4717 4719 4721 4723 4725 4727 4729 4731 4733 4735 4737 4739 4741 4743 4745 4747 4749 4751 4753 4755 4757 4759 4761 4763 4765 4767 4769 4771 4773 4775 4777 4779 4781 4783 4785 4787 4789 4791 4793 4795 4797 4799 4801 4803 4805 4807 4809 4811 4813 4815 4817 4819 4821 4823 4825 4827 4829 4831 4833 4835 4837 4839 4841 4843 4845 4847 4849 4851 4853 4855 4857 4859 4861 4863 4865 4867 4869 4871 4873 4875 4877 4879 4881 4883 4885 4887 4889 4891 4893 4895 4897 4899 4901 4903 4905 4907 4909 4911 4913 4915 4917 4919 4921 4923 4925 4927 4929 4931 4933 4935 4937 4939 4941 4943 4945 4947 4949 4951 4953 4955 4957 4959 4961 4963 4965 4967 4969 4971 4973 4975 4977 4979 4981 4983 4985 4987 4989 4991 4993 4995 4997 4999 5001 5003 5005 5007 5009 5011 5013 5015 5017 5019 5021 5023 5025 5027 5029 5031 5033 5035 5037 5039 5041 5043 5045 5047 5049 5051 5053 5055 5057 5059 5061 5063 5065 5067 5069 5071 5073 5075 5077 5079 5081 5083 5085 5087 5089 5091 5093 5095 5097 5099 5101 5103 5105 5107 5109 5111 5113 5115 5117 5119 5121 5123 5125 5127 5129 5131 5133 5135 5137 5139 5141 5143 5145 5147 5149 5151 5153 5155 5157 5159 5161 5163 5165 5167 5169 5171 5173 5175 5177 5179 5181 5183 5185 5187 5189 5191 5193 5195 5197 5199 5201 5203 5205 5207 5209 5211 5213 5215 5217 5219 5221 5223 5225 5227 5229 5231 5233 5235 5237 5239 5241 5243 5245 5247 5249 5251 5253 5255 5257 5259 5261 5263 5265 5267 5269 5271 5273 5275 5277 5279 5281 5283 5285 5287 5289 5291 5293 5295 5297 5299 5301 5303 5305 5307 5309 5311 5313 5315 5317 5319 5321 5323 5325 5327 5329 5331 5333 5335 5337 5339 5341 5343 5345 5347 5349 5351 5353 5355 5357 5359 5361 5363 5365 5367 5369 5371 5373 5375 5377 5379 5381 5383 5385 5387 5389 5391 5393 5395 5397 5399 5401 5403 5405 5407 5409 5411 5413 5415 5417 5419 5421 5423 5425 5427 5429 5431 5433 5435 5437 5439 5441 5443 5445 5447 5449 5451 5453 5455 5457 5459 5461 5463 5465 5467 5469 5471 5473 5475 5477 5479 5481 5483 5485 5487 5489 5491 5493 5495 5497 5499 5501 5503 5505 5507 5509 5511 5513 5515 5517 5519 5521 5523 5525 5527 5529 5531 5533 5535 5537 5539 5541 5543 5545 5547 5549 5551 5553 5555 5557 5559 5561 5563 5565 5567 5569 5571 5573 5575 5577 5579 5581 5583 5585 5587 5589 5591 5593 5595 5597 5599 5601 5603 5605 5607 5609 5611 5613 5615 5617 5619 5621 5623 5625 5627 5629 5631 5633 5635 5637 5639 5641 5643 5645 5647 5649 5651 5653 5655 5657 5659 5661 5663 5665 5667 5669 5671 5673 5675 5677 5679 5681 5683 5685 5687 5689 5691 5693 5695 5697 5699 5701 5703 5705 5707 5709 5711 5713 5715 5717 5719 5721 5723 5725 5727 5729 5731 5733 5735 5737 5739 5741 5743 5745 5747 5749 5751 5753 5755 5757 5759 5761 5763 5765 5767 5769 5771 5773 5775 5777 5779 5781 5783 5785 5787 5789 5791 5793 5795 5797 5799 5801 5803 5805 5807 5809 5811 5813 5815 5817 5819 5821 5823 5825 5827 5829 5831 5833 5835 5837 5839 5841 5843 5845 5847 5849 5851 5853 5855 5857 5859 5861 5863 5865 5867 5869 5871 5873 5875 5877 5879 5881 5883 5885 5887 5889 5891 5893 5895 5897 5899 5901 5903 5905 5907 5909 5911 5913 5915 5917 5919 5921 5923 5925 5927 5929 5931 5933 5935 5937 5939 5941 5943 5945 5947 5949 5951 5953 5955 5957 5959 5961 5963 5965 5967 5969 5971 5973 5975 5977 5979 5981 5983 5985 5987 5989 5991 5993 5995 5997 5999 6001 6003 6005 6007 6009 6011 6013 6015 6017 6019 6021 6023 6025 6027 6029 6031 6033 6035 6037 6039 6041 6043 6045 6047 6049 6051 6053 6055 6057 6059 6061 6063 6065 6067 6069 6071 6073 6075 6077 6079 6081 6083 6085 6087 6089 6091 6093 6095 6097 6099 6101 6103 6105 6107 6109 6111 6113 6115 6117 6119 6121 6123 6125 6127 6129 6131 6133 6135 6137 6139 6141 6143 6145 6147 6149 6151 6153 6155 6157 6159 6161 6163 6165 6167 6169 6171 6173 6175 6177 6179 6181 6183 6185 6187 6189 6191 6193 6195 6197 6199 6201 6203 6205 6207 6209 6211 6213 6215 6217 6219 6221 6223 6225 6227 6229 6231 6233 6235 6237 6239 6241 6243 6245 6247 6249 6251 6253 6255 6257 6259 6261 6263 6265 6267 6269 6271 6273 6275 6277 6279 6281 6283 6285 6287 6289 6291 6293 6295 6297 6299 6301 6303 6305 6307 6309 6311 6313 6315 6317 6319 6321 6323 6325 6327 6329 6331 6333 6335 6337 6339 6341 6343 6345 6347 6349 6351 6353 6355 6357 6359 6361 6363 6365 6367 6369 6371 6373 6375 6377 6379 6381 6383 6385 6387 6389 6391 6393 6395 6397 6399 6401 6403 6405 6407 6409 6411 6413 6415 6417 6419 6421 6423 6425 6427 6429 6431 6433 6435 6437 6439 6441 6443 6445 6447 6449 6451 6453 6455 6457 6459 6461 6463 6465 6467 6469 6471 6473 6475 6477 6479 6481 6483 6485 6487 6489 6491 6493 6495 6497 6499 6501 6503 6505 6507 6509 6511 6513 6515 6517 6519 6521 6523 6525 6527 6529 6531 6533 6535 6537 6539 6541 6543 6545 6547 6549 6551 6553 6555 6557 6559 6561 6563 6565 6567 6569 6571 6573 6575 6577 6579 6581 6583 6585 6587 6589 6591 6593 6595 6597 6599 6601 6603 6605 6607 6609 6611 6613 6615 6617 6619 6621 6623 6625 6627 6629 6631 6633 6635 6637 6639 6641 6643 6645 6647 6649 6651 6653 6655 6657 6659 6661 6663 6665 6667 6669 6671 6673 6675 6677 6679 6681 6683 6685 6687 6689 6691 6693 6695 6697 6699 6701 6703 6705 6707 6709 6711 6713 6715 6717 6719 6721 6723 6725 6727 6729 6731 6733 6735 6737 6739 6741 6743 6745 6747 6749 6751 6753 6755 6757 6759 6761 6763 6765 6767 6769 6771 6773 6775 6777 6779 6781 6783 6785 6787 6789 6791 6793 6795 6797 6799 6801 6803 6805 6807 6809 6811 6813 6815 6817 6819 6821 6823 6825 6827 6829 6831 6833 6835 6837 6839 6841 6843 6845 6847 6849 6851 6853 6855 6857 6859 6861 6863 6865 6867 6869 6871 6873 6875 6877 6879 6881 6883 6885 6887 6889 6891 6893 6895 6897 6899 6901 6903 6905 6907 6909 6911 6913 6915 6917 6919 6921 6923 6925 6927 6929 6931 6933 6935 6937 6939 6941 6943 6945 6947 6949 6951 6953 6955 6957 6959 6961 6963 6965 6967 6969 6971 6973 6975 6977 6979 6981 6983 6985 6987 6989 6991 6993 6995 6997 6999 7001 7003 7005 7007 7009 7011 7013 7015 7017 7019 7021 7023 7025 7027 7029 7031 7033 7035 7037 7039 7041 7043 7045 7047 7049 7051 7053 7055 7057 7059 7061 7063 7065 7067 7069 7071 7073 7075 7077 7079 7081 7083 7085 7087 7089 7091 7093 7095 7097 7099 7101 7103 7105 7107 7109 7111 7113 7115 7117 7119 7121 7123 7125 7127 7129 7131 7133 7135 7137 7139 7141 7143 7145 7147 7149 7151 7153 7155 7157 7159 7161 7163 7165 7167 7169 7171 7173 7175 7177 7179 7181 7183 7185 7187 7189 7191 7193 7195 7197 7199 7201 7203 7205 7207 7209 7211 7213 7215 7217 7219 7221 7223 7225 7227 7229 7231 7233 7235 7237 7239 7241 7243 7245 7247 7249 7251 7253 7255 7257 7259 7261 7263 7265 7267 7269 7271 7273 7275 7277 7279 7281 7283 7285 7287 7289 7291 7293 7295 7297 7299 7301 7303 7305 7307 7309 7311 7313 7315 7317 7319 7321 7323 7325 7327 7329 7331 7333 7335 7337 7339 7341 7343 7345 7347 7349 7351 7353 7355 7357 7359 7361 7363 7365 7367 7369 7371 7373 7375 7377 7379 7381 7383 7385 7387 7389 7391 7393 7395 7397 7399 7401 7403 7405 7407 7409 7411 7413 7415 7417 7419 7421 7423 7425 7427 7429 7431 7433 7435 7437 7439 7441 7443 7445 7447 7449 7451 7453 7455 7457 7459 7461 7463 7465 7467 7469 7471 7473 7475 7477 7479 7481 7483 7485 7487 7489 7491 7493 7495 7497 7499 7501 7503 7505 7507 7509 7511 7513 7515 7517 7519 7521 7523 7525 7527 7529 7531 7533 7535 7537 7539 7541 7543 7545 7547 7549 7551 7553 7555 7557 7559 7561 7563 7565 7567 7569 7571 7573 7575 7577 7579 7581 7583 7585 7587 7589 7591 7593 7595 7597 7599 7601 7603 7605 7607 7609 7611 7613 7615 7617 7619 7621 7623 7625 7627 7629 7631 7633 7635 7637 7639 7641 7643 7645 7647 7649 7651 7653 7655 7657 7659 7661 7663 7665 7667 7669 7671 7673 7675 7677 7679 7681 7683 7685 7687 7689 7691 7693 7695 7697 7699 7701 7703 7705 7707 7709 7711 7713 7715 7717 7719 7721 7723 7725 7727 7729 7731 7733 7735 7737 7739 7741 7743 7745 7747 7749 7751 7753 7755 7757 7759 7761 7763 7765 7767 7769 7771 7773 7775 7777 7779 7781 7783 7785 7787 7789 7791 7793 7795 7797 7799 7801 7803 7805 7807 7809 7811 7813 7815 7817 7819 7821 7823 7825 7827 7829 7831 7833 7835 7837 7839 7841 7843 7845 7847 7849 7851 7853 7855 7857 7859 7861 7863 7865 7867 7869 7871 7873 7875 7877 7879 7881 7883 7885 7887 7889 7891 7893 7895 7897 7899 7901 7903 7905 7907 7909 7911 7913 7915 7917 7919 7921 7923 7925 7927 7929 7931 7933 7935 7937 7939 7941 7943 7945 7947 7949 7951 7953 7955 7957 7959 7961 7963 7965 7967 7969 7971 7973 7975 7977 7979 7981 7983 7985 7987 7989 7991 7993 7995 7997 7999 8001 8003 8005 8007 8009 8011 8013 8015 8017 8019 8021 8023 8025 8027 8029 8031 8033 8035 8037 8039 8041 8043 8045 8047 8049 8051 8053 8055 8057 8059 8061 8063 8065 8067 8069 8071 8073 8075 8077 8079 8081 8083 8085 8087 8089 8091 8093 8095 8097 8099 8101 8103 8105 8107 8109 8111 8113 8115 8117 8119 8121 8123 8125 8127 8129 8131 8133 8135 8137 8139 8141 8143 8145 8147 8149 8151 8153 8155 8157 8159 8161 8163 8165 8167 8169 8171 8173 8175 8177 8179 8181 8183 8185 8187 8189 8191 8193 8195 8197 8199 8201 8203 8205 8207 8209 8211 8213 8215 8217 8219 8221 8223 8225 8227 8229 8231 8233 8235 8237 8239 8241 8243 8245 8247 8249 8251 8253 8255 8257 8259 8261 8263 8265 8267 8269 8271 8273 8275 8277 8279 8281 8283 8285 8287 8289 8291 8293 8295 8297 8299 8301 8303 8305 8307 8309 8311 8313 8315 8317 8319 8321 8323 8325 8327 8329 8331 8333 8335 8337 8339 8341 8343 8345 8347 8349 8351 8353 8355 8357 8359 8361 8363 8365 8367 8369 8371 8373 8375 8377 8379 8381 8383 8385 8387 8389 8391 8393 8395 8397 8399 8401 8403 8405 8407 8409 8411 8413 8415 8417 8419 8421 8423 8425 8427 8429 8431 8433 8435 8437 8439 8441 8443 8445 8447 8449 8451 8453 8455 8457 8459 8461 8463 8465 8467 8469 8471 8473 8475 8477 8479 8481 8483 8485 8487 8489 8491 8493 8495 8497 8499 8501 8503 8505 8507 8509 8511 8513 8515 8517 8519 8521 8523 8525 8527 8529 8531 8533 8535 8537 8539 8541 8543 8545 8547 8549 8551 8553 8555 8557 8559 8561 8563 8565 8567 8569 8571 8573 8575 8577 8579 8581 8583 8585 8587 8589 8591 8593 8595 8597 8599 8601 8603 8605 8607 8609 8611 8613 8615 8617 8619 8621 8623 8625 8627 8629 8631 8633 8635 8637 8639 8641 8643 8645 8647 8649 8651 8653 8655 8657 8659 8661 8663 8665 8667 8669 8671 8673 8675 8677 8679 8681 8683 8685 8687 8689 8691 8693 8695 8697 8699 8701 8703 8705 8707 8709 8711 8713 8715 8717 8719 8721 8723 8725 8727 8729 8731 8733 8735 8737 8739 8741 8743 8745 8747 8749 8751 8753 8755 8757 8759 8761 8763 8765 8767 8769 8771 8773 8775 8777 8779 8781 8783 8785 8787 8789 8791 8793 8795 8797 8799 8801 8803 8805 8807 8809 8811 8813 8815 8817 8819 8821 8823 8825 8827 8829 8831 8833 8835 8837 8839 8841 8843 8845 8847 8849 8851 8853 8855 8857 8859 8861 8863 8865 8867 8869 8871 8873 8875 8877 8879 8881 8883 8885 8887 8889 8891 8893 8895 8897 8899 8901 8903 8905 8907 8909 8911 8913 8915 8917 8919 8921 8923 8925 8927 8929 8931 8933 8935 8937 8939 8941 8943 8945 8947 8949 8951 8953 8955 8957 8959 8961 8963 8965 8967 8969 8971 8973 8975 8977 8979 8981 8983 8985 8987 8989 8991 8993 8995 8997 8999 9001 9003 9005 9007 9009 9011 9013 9015 9017 9019 9021 9023 9025 9027 9029 9031 9033 9035 9037 9039 9041 9043 9045 9047 9049 9051 9053 9055 9057 9059 9061 9063 9065 9067 9069 9071 9073 9075 9077 9079 9081 9083 9085 9087 9089 9091 9093 9095 9097 9099 9101 9103 9105 9107 9109 9111 9113 9115 9117 9119 9121 9123 9125 9127 9129 9131 9133 9135 9137 9139 9141 9143 9145 9147 9149 9151 9153 9155 9157 9159 9161 9163 9165 9167 9169 9171 9173 9175 9177 9179 9181 9183 9185 9187 9189 9191 9193 9195 9197 9199 9201 9203 9205 9207 9209 9211 9213 9215 9217 9219 9221 9223 9225 9227 9229 9231 9233 9235 9237 9239 9241 9243 9245 9247 9249 9251 9253 9255 9257 9259 9261 9263 9265 9267 9269 9271 9273 9275 9277 9279 9281 9283 9285 9287 9289 9291 9293 9295 9297 9299 9301 9303 9305 9307 9309 9311 9313 9315 9317 9319 9321 9323 9325 9327 9329 9331 9333 9335 9337 9339 9341 9343 9345 9347 9349 9351 9353 9355 9357 9359 9361 9363 9365 9367 9369 9371 9373 9375 9377 9379 9381 9383 9385 9387 9389 9391 9393 9395 9397 9399 9401 9403 9405 9407 9409 9411 9413 9415 9417 9419 9421 9423 9425 9427 9429 9431 9433 9435 9437 9439 9441 9443 9445 9447 9449 9451 9453 9455 9457 9459 9461 9463 9465 9467 9469 9471 9473 9475 9477 9479 9481 9483 9485 9487 9489 9491 9493 9495 9497 9499 9501 9503 9505 9507 9509 9511 9513 9515 9517 9519 9521 9523 9525 9527 9529 9531 9533 9535 9537 9539 9541 9543 9545 9547 9549 9551 9553 9555 9557 9559 9561 9563 9565 9567 9569 9571 9573 9575 9577 9579 9581 9583 9585 9587 9589 9591 9593 9595 9597 9599 9601 9603 9605 9607 9609 9611 9613 9615 9617 9619 9621 9623 9625 9627 9629 9631 9633 9635 9637 9639 9641 9643 9645 9647 9649 9651 9653 9655 9657 9659 9661 9663 9665 9667 9669 9671 9673 9675 9677 9679 9681 9683 9685 9687 9689 9691 9693 9695 9697 9699 9701 9703 9705 9707 9709 9711 9713 9715 9717 9719 9721 9723 9725 9727 9729 9731 9733 9735 9737 9739 9741 9743 9745 9747 9749 9751 9753 9755 9757 9759 9761 9763 9765 9767 9769 9771 9773 9775 9777 9779 9781 9783 9785 9787 9789 9791 9793 9795 9797 9799 9801 9803 9805 9807 9809 9811 9813 9815 9817 9819 9821 9823 9825 9827 9829 9831 9833 9835 9837 9839 9841 9843 9845 9847 9849 9851 9853 9855 9857 9859 9861 9863 9865 9867 9869 9871 9873 9875 9877 9879 9881 9883 9885 9887 9889 9891 9893 9895 9897 9899 9901 9903 9905 9907 9909 9911 9913 9915 9917 9919 9921 9923 9925 9927 9929 9931 9933 9935 9937 9939 9941 9943 9945 9947 9949 9951 9953 9955 9957 9959 9961 9963 9965 9967 9969 9971 9973 9975 9977 9979 9981 9983 9985 9987 9989 9991 9993 9995 9997 9999 10001 10003 10005 10007 10009 10011 10013 10015 10017 10019 10021 10023 10025 10027 10029 10031 10033 10035 10037 10039 10041 10043 10045 10047 10049 10051 10053 10055 10057 10059 10061 10063 10065 10067 10069 10071 10073 10075 10077 10079 10081 10083 10085 10087 10089 10091 10093 10095 10097 10099 10101 10103 10105 10107 10109 10111 10113 10115 10117 10119 10121 10123 10125 10127 10129 10131 10133 10135 10137 10139 10141 10143 10145 10147 10149 10151 10153 10155 10157 10159 10161 10163 10165 10167 10169 10171 10173 10175 10177 10179 10181 10183 10185 10187 10189 10191 10193 10195 10197 10199 10201 10203 10205 10207 10209 10211 10213 10215 10217 10219 10221 10223 10225 10227 10229 10231 10233 10235 10237 10239 10241 10243 10245 10247 10249 10251 10253 10255 10257 10259 10261 10263 10265 10267 10269 10271 10273 10275 10277 10279 10281 10283 10285 10287 10289 10291 10293 10295 10297 10299 10301 10303 10305 10307 10309 10311 10313 10315 10317 10319 10321 10323 10325 10327 10329 10331 10333 10335 10337 10339 10341 10343 10345 10347 10349 10351 10353 10355 10357 10359 10361 10363 10365 10367 10369 10371 10373 10375 10377 10379 10381 10383 10385 10387 10389 10391 10393 10395 10397 10399 10401 10403 10405 10407 10409 10411 10413 10415 10417 10419 10421 10423 10425 10427 10429 10431 10433 10435 10437 10439 10441 10443 10445 10447 10449 10451 10453 10455 10457 10459 10461 10463 10465 10467 10469 10471 10473 10475 10477 10479 10481 10483 10485 10487 10489 10491 10493 10495 10497 10499 10501 10503 10505 10507 10509 10511 10513 10515 10517 10519 10521 10523 10525 10527 10529 10531 10533 10535 10537 10539 10541 10543 10545 10547 10549 10551 10553 10555 10557 10559 10561 10563 10565 10567 10569 10571 10573 10575 10577 10579 10581 10583 10585 10587 10589 10591 10593 10595 10597 10599 10601 10603 10605 10607 10609 10611 10613 10615 10617 10619 10621 10623 10625 10627 10629 10631 10633 10635 10637 10639 10641 10643 10645 10647 10649 10651 10653 10655 10657 10659 10661 10663 10665 10667 10669 10671 10673 10675 10677 10679 10681 10683 10685 10687 10689 10691 10693 10695 10697 10699 10701 10703 10705 10707 10709 10711 10713 10715 10717 10719 10721 10723 10725 10727 10729 10731 10733 10735 10737 10739 10741 10743 10745 10747 10749 10751 10753 10755 10757 10759 10761 10763 10765 10767 10769 10771 10773 10775 10777 10779 10781 10783 10785 10787 10789 10791 10793 10795 10797 10799 10801 10803 10805 10807 10809 10811 10813 10815 10817 10819 10821 10823 10825 10827 10829 10831 10833 10835 10837 10839 10841 10843 10845 10847 10849 10851 10853 10855 10857 10859 10861 10863 10865 10867 10869 10871 10873 10875 10877 10879 10881 10883 10885 10887 10889 10891 10893 10895 10897 10899 10901 10903 10905 10907 10909 10911 10913 10915 10917 10919 10921 10923 10925 10927 10929 10931 10933 10935 10937 10939 10941 10943 10945 10947 10949 10951 10953 10955 10957 10959 10961 10963 10965 10967 10969 10971 10973 10975 10977 10979 10981 10983 10985 10987 10989 10991 10993 10995 10997 10999 11001 11003 11005 11007 11009 11011 11013 11015 11017 11019 11021 11023 11025 11027 11029 11031 11033 11035 11037 11039 11041 11043 11045 11047 11049 11051 11053 11055 11057 11059 11061 11063 11065 11067 11069 11071 11073 11075 11077 11079 11081 11083 11085 11087 11089 11091 11093 11095 11097 11099 11101 11103 11105 11107 11109 11111 11113 11115 11117 11119 11121 11123 11125 11127 11129 11131 11133 11135 11137 11139 11141 11143 11145 11147 11149 11151 11153 11155 11157 11159 11161 11163 11165 11167 11169 11171 11173 11175 11177 11179 11181 11183 11185 11187 11189 11191 11193 11195 11197 11199 11201 11203 11205 11207 11209 11211 11213 11215 11217 11219 11221 11223 11225 11227 11229 11231 11233 11235 11237 11239 11241 11243 11245 11247 11249 11251 11253 11255 11257 11259 11261 11263 11265 11267 11269 11271 11273 11275 11277 11279 11281 11283 11285 11287 11289 11291 11293 11295 11297 11299 11301 11303 11305 11307 11309 11311 11313 11315 11317 11319 11321 11323 11325 11327 11329 11331 11333 11335
l 2 4 6 8 10 12 14 16 18 20 22 24 26 28 30 32 34 36 38 40 42 44 46 48 50 52 54 56 58 60 62 64 66 68 70 72 74 76 78 80 82 84 86 88 90 92 94 96 98 100 102 104 106 108 110 112 114 116 118 120 122 124 126 128 130 132 134 136 138 140 142 144 146 148 150 152 154 156 158 160 162 164 166 168 170 172 174 176 178 180 182 184 186 188 190 192 194 196 198 200 202 204 206 208 210 212 214 216 218 220 222 224 226 228 230 232 234 236 238 240 242 244 246 248 250 252 254 256 258 260 262 264 266 268 270 272 274 276 278 280 282 284 286 288 290 292 294 296 298 300 302 304 306 308 310 312 314 316 318 320 322 324 326 328 330 332 334 336 338 340 342 344 346 348 350 352 354 356 358 360 362 364 366 368 370 372 374 376 378 380 382 384 386 388 390 392 394 396 398 400 402 404 406 408 410 412 414 416 418 420 422 424 426 428 430 432 434 436 438 440 442 444 446 448 450 452 454 456 458 460 462 464 466 468 470 472 474 476 478 480 482 484 486 488 490 492 494 496 498 500 502 504 506 508 510 512 514 516 518 520 522 524 526 528 530 532 534 536 538 540 542 544 546 548 550 552 554 556 558 560 562 564 566 568 570 572 574 576 578 580 582 584 586 588 590 592 594 596 598 600 602 604 606 608 610 612 614 616 618 620 622 624 626 628 630 632 634 636 638 640 642 644 646 648 650 652 654 656 658 660 662 664 666 668 670 672 674 676 678 680 682 684 686 688 690 692 694 696 698 700 702 704 706 708 710 712 714 716 718 720 722 724 726 728 730 732 734 736 738 740 742 744 746 748 750 752 754 756 758 760 762 764 766 768 770 772 774 776 778 780 782 784 786 788 790 792 794 796 798 800 802 804 806 808 810 812 814 816 818 820 822 824 826 828 830 832 834 836 838 840 842 844 846 848 850 852 854 856 858 860 862 864 866 868 870 872 874 876 878 880 882 884 886 888 890 892 894 896 898 900 902 904 906 908 910 912 914 916 918 920 922 924 926 928 930 932 934 936 938 940 942 944 946 948 950 952 954 956 958 960 962 964 966 968 970 972 974 976 978 980 982 984 986 988 990 992 994 996 998 1000 1002 1004 1006 1008 1010 1012 1014 1016 1018 1020 1022 1024 1026 1028 1030 1032 1034 1036 1038 1040 1042 1044 1046 1048 1050 1052 1054 1056 1058 1060 1062 1064 1066 1068 1070 1072 1074 1076 1078 1080 1082 1084 1086 1088 1090 1092 1094 1096 1098 1100 1102 1104 1106 1108 1110 1112 1114 1116 1118 1120 1122 1124 1126 1128 1130 1132 1134 1136 1138 1140 1142 1144 1146 1148 1150 1152 1154 1156 1158 1160 1162 1164 1166 1168 1170 1172 1174 1176 1178 1180 1182 1184 1186 1188 1190 1192 1194 1196 1198 1200 1202 1204 1206 1208 1210 1212 1214 1216 1218 1220 1222 1224 1226 1228 1230 1232 1234 1236 1238 1240 1242 1244 1246 1248 1250 1252 1254 1256 1258 1260 1262 1264 1266 1268 1270 1272 1274 1276 1278 1280 1282 1284 1286 1288 1290 1292 1294 1296 1298 1300 1302 1304 1306 1308 1310 1312 1314 1316 1318 1320 1322 1324 1326 1328 1330 1332 1334 1336 1338 1340 1342 1344 1346 1348 1350 1352 1354 1356 1358 1360 1362 1364 1366 1368 1370 1372 1374 1376 1378 1380 1382 1384 1386 1388 1390 1392 1394 1396 1398 1400 1402 1404 1406 1408 1410 1412 1414 1416 1418 1420 1422 1424 1426 1428 1430 1432 1434 1436 1438 1440 1442 1444 1446 1448 1450 1452 1454 1456 1458 1460 1462 1464 1466 1468 1470 1472 1474 1476 1478 1480 1482 1484 1486 1488 1490 1492 1494 1496 1498 1500 1502 1504 1506 1508 1510 1512 1514 1516 1518 1520 1522 1524 1526 1528 1530 1532 1534 1536 1538 1540 1542 1544 1546 1548 1550 1552 1554 1556 1558 1560 1562 1564 1566 1568 1570 1572 1574 1576 1578 1580 1582 1584 1586 1588 1590 1592 1594 1596 1598 1600 1602 1604 1606 1608 1610 1612 1614 1616 1618 1620 1622 1624 1626 1628 1630 1632 1634 1636 1638 1640 1642 1644 1646 1648 1650 1652 1654 1656 1658 1660 1662 1664 1666 1668 1670 1672 1674 1676 1678 1680 1682 1684 1686 1688 1690 1692 1694 1696 1698 1700 1702 1704 1706 1708 1710 1712 1714 1716 1718 1720 1722 1724 1726 1728 1730 1732 1734 1736 1738 1740 1742 1744 1746 1748 1750 1752 1754 1756 1758 1760 1762 1764 1766 1768 1770 1772 1774 1776 1778 1780 1782 1784 1786 1788 1790 1792 1794 1796 1798 1800 1802 1804 1806 1808 1810 1812 1814 1816 1818 1820 1822 1824 1826 1828 1830 1832 1834 1836 1838 1840 1842 1844 1846 1848 1850 1852 1854 1856 1858 1860 1862 1864 1866 1868 1870 1872 1874 1876 1878 1880 1882 1884 1886 1888 1890 1892 1894 1896 1898 1900 1902 1904 1906 1908 1910 1912 1914 1916 1918 1920 1922 1924 1926 1928 1930 1932 1934 1936 1938 1940 1942 1944 1946 1948 1950 1952 1954 1956 1958 1960 1962 1964 1966 1968 1970 1972 1974 1976 1978 1980 1982 1984 1986 1988 1990 1992 1994 1996 1998 2000 2002 2004 2006 2008 2010 2012 2014 2016 2018 2020 2022 2024 2026 2028 2030 2032 2034 2036 2038 2040 2042 2044 2046 2048 2050 2052 2054 2056 2058 2060 2062 2064 2066 2068 2070 2072 2074 2076 2078 2080 2082 2084 2086 2088 2090 2092 2094 2096 2098 2100 2102 2104 2106 2108 2110 2112 2114 2116 2118 2120 2122 2124 2126 2128 2130 2132 2134 2136 2138 2140 2142 2144 2146 2148 2150 2152 2154 2156 2158 2160 2162 2164 2166 2168 2170 2172 2174 2176 2178 2180 2182 2184 2186 2188 2190 2192 2194 2196 2198 2200 2202 2204 2206 2208 2210 2212 2214 2216 2218 2220 2222 2224 2226 2228 2230 2232 2234 2236 2238 2240 2242 2244 2246 2248 2250 2252 2254 2256 2258 2260 2262 2264 2266 2268 2270 2272 2274 2276 2278 2280 2282 2284 2286 2288 2290 2292 2294 2296 2298 2300 2302 2304 2306 2308 2310 2312 2314 2316 2318 2320 2322 2324 2326 2328 2330 2332 2334 2336 2338 2340 2342 2344 2346 2348 2350 2352 2354 2356 2358 2360 2362 2364 2366 2368 2370 2372 2374 2376 2378 2380 2382 2384 2386 2388 2390 2392 2394 2396 2398 2400 2402 2404 2406 2408 2410 2412 2414 2416 2418 2420 2422 2424 2426 2428 2430 2432 2434 2436 2438 2440 2442 2444 2446 2448 2450 2452 2454 2456 2458 2460 2462 2464 2466 2468 2470 2472 2474 2476 2478 2480 2482 2484 2486 2488 2490 2492 2494 2496 2498 2500 2502 2504 2506 2508 2510 2512 2514 2516 2518 2520 2522 2524 2526 2528 2530 2532 2534 2536 2538 2540 2542 2544 2546 2548 2550 2552 2554 2556 2558 2560 2562 2564 2566 2568 2570 2572 2574 2576 2578 2580 2582 2584 2586 2588 2590 2592 2594 2596 2598 2600 2602 2604 2606 2608 2610 2612 2614 2616 2618 2620 2622 2624 2626 2628 2630 2632 2634 2636 2638 2640 2642 2644 2646 2648 2650 2652 2654 2656 2658 2660 2662 2664 2666 2668 2670 2672 2674 2676 2678 2680 2682 2684 2686 2688 2690 2692 2694 2696 2698 2700 2702 2704 2706 2708 2710 2712 2714 2716 2718 2720 2722 2724 2726 2728 2730 2732 2734 2736 2738 2740 2742 2744 2746 2748 2750 2752 2754 2756 2758 2760 2762 2764 2766 2768 2770 2772 2774 2776 2778 2780 2782 2784 2786 2788 2790 2792 2794 2796 2798 2800 2802 2804 2806 2808 2810 2812 2814 2816 2818 2820 2822 2824 2826 2828 2830 2832 2834 2836 2838 2840 2842 2844 2846 2848 2850 2852 2854 2856 2858 2860 2862 2864 2866 2868 2870 2872 2874 2876 2878 2880 2882 2884 2886 2888 2890 2892 2894 2896 2898 2900 2902 2904 2906 2908 2910 2912 2914 2916 2918 2920 2922 2924 2926 2928 2930 2932 2934 2936 2938 2940 2942 2944 2946 2948 2950 2952 2954 2956 2958 2960 2962 2964 2966 2968 2970 2972 2974 2976 2978 2980 2982 2984 2986 2988 2990 2992 2994 2996 2998 3000 3002 3004 3006 3008 3010 3012 3014 3016 3018 3020 3022 3024 3026 3028 3030 3032 3034 3036 3038 3040 3042 3044 3046 3048 3050 3052 3054 3056 3058 3060 3062 3064 3066 3068 3070 3072 3074 3076 3078 3080 3082 3084 3086 3088 3090 3092 3094 3096 3098 3100 3102 3104 3106 3108 3110 3112 3114 3116 3118 3120 3122 3124 3126 3128 3130 3132 3134 3136 3138 3140 3142 3144 3146 3148 3150 3152 3154 3156 3158 3160 3162 3164 3166 3168 3170 3172 3174 3176 3178 3180 3182 3184 3186 3188 3190 3192 3194 3196 3198 3200 3202 3204 3206 3208 3210 3212 3214 3216 3218 3220 3222 3224 3226 3228 3230 3232 3234 3236 3238 3240 3242 3244 3246 3248 3250 3252 3254 3256 3258 3260 3262 3264 3266 3268 3270 3272 3274 3276 3278 3280 3282 3284 3286 3288 3290 3292 3294 3296 3298 3300 3302 3304 3306 3308 3310 3312 3314 3316 3318 3320 3322 3324 3326 3328 3330 3332 3334 3336 3338 3340 3342 3344 3346 3348 3350 3352 3354 3356 3358 3360 3362 3364 3366 3368 3370 3372 3374 3376 3378 3380 3382 3384 3386 3388 3390 3392 3394 3396 3398 3400 3402 3404 3406 3408 3410 3412 3414 3416 3418 3420 3422 3424 3426 3428 3430 3432 3434 3436 3438 3440 3442 3444 3446 3448 3450 3452 3454 3456 3458 3460 3462 3464 3466 3468 3470 3472 3474 3476 3478 3480 3482 3484 3486 3488 3490 3492 3494 3496 3498 3500 3502 3504 3506 3508 3510 3512 3514 3516 3518 3520 3522 3524 3526 3528 3530 3532 3534 3536 3538 3540 3542 3544 3546 3548 3550 3552 3554 3556 3558 3560 3562 3564 3566 3568 3570 3572 3574 3576 3578 3580 3582 3584 3586 3588 3590 3592 3594 3596 3598 3600 3602 3604 3606 3608 3610 3612 3614 3616 3618 3620 3622 3624 3626 3628 3630 3632 3634 3636 3638 3640 3642 3644 3646 3648 3650 3652 3654 3656 3658 3660 3662 3664 3666 3668 3670 3672 3674 3676 3678 3680 3682 3684 3686 3688 3690 3692 3694 3696 3698 3700 3702 3704 3706 3708 3710 3712 3714 3716 3718 3720 3722 3724 3726 3728 3730 3732 3734 3736 3738 3740 3742 3744 3746 3748 3750 3752 3754 3756 3758 3760 3762 3764 3766 3768 3770 3772 3774 3776 3778 3780 3782 3784 3786 3788 3790 3792 3794 3796 3798 3800 3802 3804 3806 3808 3810 3812 3814 3816 3818 3820 3822 3824 3826 3828 3830 3832 3834 3836 3838 3840 3842 3844 3846 3848 3850 3852 3854 3856 3858 3860 3862 3864 3866 3868 3870 3872 3874 3876 3878 3880 3882 3884 3886 3888 3890 3892 3894 3896 3898 3900 3902 3904 3906 3908 3910 3912 3914 3916 3918 3920 3922 3924 3926 3928 3930 3932 3934 3936 3938 3940 3942 3944 3946 3948 3950 3952 3954 3956 3958 3960 3962 3964 3966 3968 3970 3972 3974 3976 3978 3980 3982 3984 3986 3988 3990 3992 3994 3996 3998 4000 4002 4004 4006 4008 4010 4012 4014 4016 4018 4020 4022 4024 4026 4028 4030 4032 4034 4036 4038 4040 4042 4044 4046 4048 4050 4052 4054 4056 4058 4060 4062 4064 4066 4068 4070 4072 4074 4076 4078 4080 4082 4084 4086 4088 4090 4092 4094 4096 4098 4100 4102 4104 4106 4108 4110 4112 4114 4116 4118 4120 4122 4124 4126 4128 4130 4132 4134 4136 4138 4140 4142 4144 4146 4148 4150 4152 4154 4156 4158 4160 4162 4164 4166 4168 4170 4172 4174 4176 4178 4180 4182 4184 4186 4188 4190 4192 4194 4196 4198 4200 4202 4204 4206 4208 4210 4212 4214 4216 4218 4220 4222 4224 4226 4228 4230 4232 4234 4236 4238 4240 4242 4244 4246 4248 4250 4252 4254 4256 4258 4260 4262 4264 4266 4268 4270 4272 4274 4276 4278 4280 4282 4284 4286 4288 4290 4292 4294 4296 4298 4300 4302 4304 4306 4308 4310 4312 4314 4316 4318 4320 4322 4324 4326 4328 4330 4332 4334 4336 4338 4340 4342 4344 4346 4348 4350 4352 4354 4356 4358 4360 4362 4364 4366 4368 4370 4372 4374 4376 4378 4380 4382 4384 4386 4388 4390 4392 4394 4396 4398 4400 4402 4404 4406 4408 4410 4412 4414 4416 4418 4420 4422 4424 4426 4428 4430 4432 4434 4436 4438 4440 4442 4444 4446 4448 4450 4452 4454 4456 4458 4460 4462 4464 4466 4468 4470 4472 4474 4476 4478 4480 4482 4484 4486 4488 4490 4492 4494 4496 4498 4500 4502 4504 4506 4508 4510 4512 4514 4516 4518 4520 4522 4524 4526 4528 4530 4532 4534 4536 4538 4540 4542 4544 4546 4548 4550 4552 4554 4556 4558 4560 4562 4564 4566 4568 4570 4572 4574 4576 4578 4580 4582 4584 4586 4588 4590 4592 4594 4596 4598 4600 4602 4604 4606 4608 4610 4612 4614 4616 4618 4620 4622 4624 4626 4628 4630 4632 4634 4636 4638 4640 4642 4644 4646 4648 4650 4652 4654 4656 4658 4660 4662 4664 4666 4668 4670 4672 4674 4676 4678 4680 4682 4684 4686 4688 4690 4692 4694 4696 4698 4700 4702 4704 4706 4708 4710 4712 4714 4716 4718 4720 4722 4724 4726 4728 4730 4732 4734 4736 4738 4740 4742 4744 4746 4748 4750 4752 4754 4756 4758 4760 4762 4764 4766 4768 4770 4772 4774 4776 4778 4780 4782 4784 4786 4788 4790 4792 4794 4796 4798 4800 4802 4804 4806 4808 4810 4812 4814 4816 4818 4820 4822 4824 4826 4828 4830 4832 4834 4836 4838 4840 4842 4844 4846 4848 4850 4852 4854 4856 4858 4860 4862 4864 4866 4868 4870 4872 4874 4876 4878 4880 4882 4884 4886 4888 4890 4892 4894 4896 4898 4900 4902 4904 4906 4908 4910 4912 4914 4916 4918 4920 4922 4924 4926 4928 4930 4932 4934 4936 4938 4940 4942 4944 4946 4948 4950 4952 4954 4956 4958 4960 4962 4964 4966 4968 4970 4972 4974 4976 4978 4980 4982 4984 4986 4988 4990 4992 4994 4996 4998 5000 5002 5004 5006 5008 5010 5012 5014 5016 5018 5020 5022 5024 5026 5028 5030 5032 5034 5036 5038 5040 5042 5044 5046 5048 5050 5052 5054 5056 5058 5060 5062 5064 5066 5068 5070 5072 5074 5076 5078 5080 5082 5084 5086 5088 5090 5092 5094 5096 5098 5100 5102 5104 5106 5108 5110 5112 5114 5116 5118 5120 5122 5124 5126 5128 5130 5132 5134 5136 5138 5140 5142 5144 5146 5148 5150 5152 5154 5156 5158 5160 5162 5164 5166 5168 5170 5172 5174 5176 5178 5180 5182 5184 5186 5188 5190 5192 5194 5196 5198 5200 5202 5204 5206 5208 5210 5212 5214 5216 5218 5220 5222 5224 5226 5228 5230 5232 5234 5236 5238 5240 5242 5244 5246 5248 5250 5252 5254 5256 5258 5260 5262 5264 5266 5268 5270 5272 5274 5276 5278 5280 5282 5284 5286 5288 5290 5292 5294 5296 5298 5300 5302 5304 5306 5308 5310 5312 5314 5316 5318 5320 5322 5324 5326 5328 5330 5332 5334 5336 5338 5340 5342 5344 5346 5348 5350 5352 5354 5356 5358 5360 5362 5364 5366 5368 5370 5372 5374 5376 5378 5380 5382 5384 5386 5388 5390 5392 5394 5396 5398 5400 5402 5404 5406 5408 5410 5412 5414 5416 5418 5420 5422 5424 5426 5428 5430 5432 5434 5436 5438 5440 5442 5444 5446 5448 5450 5452 5454 5456 5458 5460 5462 5464 5466 5468 5470 5472 5474 5476 5478 5480 5482 5484 5486 5488 5490 5492 5494 5496 5498 5500 5502 5504 5506 5508 5510 5512 5514 5516 5518 5520 5522 5524 5526 5528 5530 5532 5534 5536 5538 5540 5542 5544 5546 5548 5550 5552 5554 5556 5558 5560 5562 5564 5566 5568 5570 5572 5574 5576 5578 5580 5582 5584 5586 5588 5590 5592 5594 5596 5598 5600 5602 5604 5606 5608 5610 5612 5614 5616 5618 5620 5622 5624 5626 5628 5630 5632 5634 5636 5638 5640 5642 5644 5646 5648 5650 5652 5654 5656 5658 5660 5662 5664 5666 5668 5670 5672 5674 5676 5678 5680 5682 5684 5686 5688 5690 5692 5694 5696 5698 5700 5702 5704 5706 5708 5710 5712 5714 5716 5718 5720 5722 5724 5726 5728 5730 5732 5734 5736 5738 5740 5742 5744 5746 5748 5750 5752 5754 5756 5758 5760 5762 5764 5766 5768 5770 5772 5774 5776 5778 5780 5782 5784 5786 5788 5790 5792 5794 5796 5798 5800 5802 5804 5806 5808 5810 5812 5814 5816 5818 5820 5822 5824 5826 5828 5830 5832 5834 5836 5838 5840 5842 5844 5846 5848 5850 5852 5854 5856 5858 5860 5862 5864 5866 5868 5870 5872 5874 5876 5878 5880 5882 5884 5886 5888 5890 5892 5894 5896 5898 5900 5902 5904 5906 5908 5910 5912 5914 5916 5918 5920 5922 5924 5926 5928 5930 5932 5934 5936 5938 5940 5942 5944 5946 5948 5950 5952 5954 5956 5958 5960 5962 5964 5966 5968 5970 5972 5974 5976 5978 5980 5982 5984 5986 5988 5990 5992 5994 5996 5998 6000 6002 6004 6006 6008 6010 6012 6014 6016 6018 6020 6022 6024 6026 6028 6030 6032 6034 6036 6038 6040 6042 6044 6046 6048 6050 6052 6054 6056 6058 6060 6062 6064 6066 6068 6070 6072 6074 6076 6078 6080 6082 6084 6086 6088 6090 6092 6094 6096 6098 6100 6102 6104 6106 6108 6110 6112 6114 6116 6118 6120 6122 6124 6126 6128 6130 6132 6134 6136 6138 6140 6142 6144 6146 6148 6150 6152 6154 6156 6158 6160 6162 6164 6166 6168 6170 6172 6174 6176 6178 6180 6182 6184 6186 6188 6190 6192 6194 6196 6198 6200 6202 6204 6206 6208 6210 6212 6214 6216 6218 6220 6222 6224 6226 6228 6230 6232 6234 6236 6238 6240 6242 6244 6246 6248 6250 6252 6254 6256 6258 6260 6262 6264 6266 6268 6270 6272 6274 6276 6278 6280 6282 6284 6286 6288 6290 6292 6294 6296 6298 6300 6302 6304 6306 6308 6310 6312 6314 6316 6318 6320 6322 6324 6326 6328 6330 6332 6334 6336 6338 6340 6342 6344 6346 6348 6350 6352 6354 6356 6358 6360 6362 6364 6366 6368 6370 6372 6374 6376 6378 6380 6382 6384 6386 6388 6390 6392 6394 6396 6398 6400 6402 6404 6406 6408 6410 6412 6414 6416 6418 6420 6422 6424 6426 6428 6430 6432 6434 6436 6438 6440 6442 6444 6446 6448 6450 6452 6454 6456 6458 6460 6462 6464 6466 6468 6470 6472 6474 6476 6478 6480 6482 6484 6486 6488 6490 6492 6494 6496 6498 6500 6502 6504 6506 6508 6510 6512 6514 6516 6518 6520 6522 6524 6526 6528 6530 6532 6534 6536 6538 6540 6542 6544 6546 6548 6550 6552 6554 6556 6558 6560 6562 6564 6566 6568 6570 6572 6574 6576 6578 6580 6582 6584 6586 6588 6590 6592 6594 6596 6598 6600 6602 6604 6606 6608 6610 6612 6614 6616 6618 6620 6622 6624 6626 6628 6630 6632 6634 6636 6638 6640 6642 6644 6646 6648 6650 6652 6654 6656 6658 6660 6662 6664 6666 6668 6670 6672 6674 6676 6678 6680 6682 6684 6686 6688 6690 6692 6694 6696 6698 6700 6702 6704 6706 6708 6710 6712 6714 6716 6718 6720 6722 6724 6726 6728 6730 6732 6734 6736 6738 6740 6742 6744 6746 6748 6750 6752 6754 6756 6758 6760 6762 6764 6766 6768 6770 6772 6774 6776 6778 6780 6782 6784 6786 6788 6790 6792 6794 6796 6798 6800 6802 6804 6806 6808 6810 6812 6814 6816 6818 6820 6822 6824 6826 6828 6830 6832 6834 6836 6838 6840 6842 6844 6846 6848 6850 6852 6854 6856 6858 6860 6862 6864 6866 6868 6870 6872 6874 6876 6878 6880 6882 6884 6886 6888 6890 6892 6894 6896 6898 6900 6902 6904 6906 6908 6910 6912 6914 6916 6918 6920 6922 6924 6926 6928 6930 6932 6934 6936 6938 6940 6942 6944 6946 6948 6950 6952 6954 6956 6958 6960 6962 6964 6966 6968 6970 6972 6974 6976 6978 6980 6982 6984 6986 6988 6990 6992 6994 6996 6998 7000 7002 7004 7006 7008 7010 7012 7014 7016 7018 7020 7022 7024 7026 7028 7030 7032 7034 7036 7038 7040 7042 7044 7046 7048 7050 7052 7054 7056 7058 7060 7062 7064 7066 7068 7070 7072 7074 7076 7078 7080 7082 7084 7086 7088 7090 7092 7094 7096 7098 7100 7102 7104 7106 7108 7110 7112 7114 7116 7118 7120 7122 7124 7126 7128 7130 7132 7134 7136 7138 7140 7142 7144 7146 7148 7150 7152 7154 7156 7158 7160 7162 7164 7166 7168 7170 7172 7174 7176 7178 7180 7182 7184 7186 7188 7190 7192 7194 7196 7198 7200 7202 7204 7206 7208 7210 7212 7214 7216 7218 7220 7222 7224 7226 7228 7230 7232 7234 7236 7238 7240 7242 7244 7246 7248 7250 7252 7254 7256 7258 7260 7262 7264 7266 7268 7270 7272 7274 7276 7278 7280 7282 7284 7286 7288 7290 7292 7294 7296 7298 7300 7302 7304 7306 7308 7310 7312 7314 7316 7318 7320 7322 7324 7326 7328 7330 7332 7334 7336 7338 7340 7342 7344 7346 7348 7350 7352 7354 7356 7358 7360 7362 7364 7366 7368 7370 7372 7374 7376 7378 7380 7382 7384 7386 7388 7390 7392 7394 7396 7398 7400 7402 7404 7406 7408 7410 7412 7414 7416 7418 7420 7422 7424 7426 7428 7430 7432 7434 7436 7438 7440 7442 7444 7446 7448 7450 7452 7454 7456 7458 7460 7462 7464 7466 7468 7470 7472 7474 7476 7478 7480 7482 7484 7486 7488 7490 7492 7494 7496 7498 7500 7502 7504 7506 7508 7510 7512 7514 7516 7518 7520 7522 7524 7526 7528 7530 7532 7534 7536 7538 7540 7542 7544 7546 7548 7550 7552 7554 7556 7558 7560 7562 7564 7566 7568 7570 7572 7574 7576 7578 7580 7582 7584 7586 7588 7590 7592 7594 7596 7598 7600 7602 7604 7606 7608 7610 7612 7614 7616 7618 7620 7622 7624 7626 7628 7630 7632 7634 7636 7638 7640 7642 7644 7646 7648 7650 7652 7654 7656 7658 7660 7662 7664 7666 7668 7670 7672 7674 7676 7678 7680 7682 7684 7686 7688 7690 7692 7694 7696 7698 7700 7702 7704 7706 7708 7710 7712 7714 7716 7718 7720 7722 7724 7726 7728 7730 7732 7734 7736 7738 7740 7742 7744 7746 7748 7750 7752 7754 7756 7758 7760 7762 7764 7766 7768 7770 7772 7774 7776 7778 7780 7782 7784 7786 7788 7790 7792 7794 7796 7798 7800 7802 7804 7806 7808 7810 7812 7814 7816 7818 7820 7822 7824 7826 7828 7830 7832 7834 7836 7838 7840 7842 7844 7846 7848 7850 7852 7854 7856 7858 7860 7862 7864 7866 7868 7870 7872 7874 7876 7878 7880 7882 7884 7886 7888 7890 7892 7894 7896 7898 7900 7902 7904 7906 7908 7910 7912 7914 7916 7918 7920 7922 7924 7926 7928 7930 7932 7934 7936 7938 7940 7942 7944 7946 7948 7950 7952 7954 7956 7958 7960 7962 7964 7966 7968 7970 7972 7974 7976 7978 7980 7982 7984 7986 7988 7990 7992 7994 7996 7998 8000 8002 8004 8006 8008 8010 8012 8014 8016 8018 8020 8022 8024 8026 8028 8030 8032 8034 8036 8038 8040 8042 8044 8046 8048 8050 8052 8054 8056 8058 8060 8062 8064 8066 8068 8070 8072 8074 8076 8078 8080 8082 8084 8086 8088 8090 8092 8094 8096 8098 8100 8102 8104 8106 8108 8110 8112 8114 8116 8118 8120 8122 8124 8126 8128 8130 8132 8134 8136 8138 8140 8142 8144 8146 8148 8150 8152 8154 8156 8158 8160 8162 8164 8166 8168 8170 8172 8174 8176 8178 8180 8182 8184 8186 8188 8190 8192 8194 8196 8198 8200 8202 8204 8206 8208 8210 8212 8214 8216 8218 8220 8222 8224 8226 8228 8230 8232 8234 8236 8238 8240 8242 8244 8246 8248 8250 8252 8254 8256 8258 8260 8262 8264 8266 8268 8270 8272 8274 8276 8278 8280 8282 8284 8286 8288 8290 8292 8294 8296 8298 8300 8302 8304 8306 8308 8310 8312 8314 8316 8318 8320 8322 8324 8326 8328 8330 8332 8334 8336 8338 8340 8342 8344 8346 8348 8350 8352 8354 8356 8358 8360 8362 8364 8366 8368 8370 8372 8374 8376 8378 8380 8382 8384 8386 8388 8390 8392 8394 8396 8398 8400 8402 8404 8406 8408 8410 8412 8414 8416 8418 8420 8422 8424 8426 8428 8430 8432 8434 8436 8438 8440 8442 8444 8446 8448 8450 8452 8454 8456 8458 8460 8462 8464 8466 8468 8470 8472 8474 8476 8478 8480 8482 8484 8486 8488 8490 8492 8494 8496 8498 8500 8502 8504 8506 8508 8510 8512 8514 8516 8518 8520 8522 8524 8526 8528 8530 8532 8534 8536 8538 8540 8542 8544 8546 8548 8550 8552 8554 8556 8558 8560 8562 8564 8566 8568 8570 8572 8574 8576 8578 8580 8582 8584 8586 8588 8590 8592 8594 8596 8598 8600 8602 8604 8606 8608 8610 8612 8614 8616 8618 8620 8622 8624 8626 8628 8630 8632 8634 8636 8638 8640 8642 8644 8646 8648 8650 8652 8654 8656 8658 8660 8662 8664 8666 8668 8670 8672 8674 8676 8678 8680 8682 8684 8686 8688 8690 8692 8694 8696 8698 8700 8702 8704 8706 8708 8710 8712 8714 8716 8718 8720 8722 8724 8726 8728 8730 8732 8734 8736 8738 8740 8742 8744 8746 8748 8750 8752 8754 8756 8758 8760 8762 8764 8766 8768 8770 8772 8774 8776 8778 8780 8782 8784 8786 8788 8790 8792 8794 8796 8798 8800 8802 8804 8806 8808 8810 8812 8814 8816 8818 8820 8822 8824 8826 8828 8830 8832 8834 8836 8838 8840 8842 8844 8846 8848 8850 8852 8854 8856 8858 8860 8862 8864 8866 8868 8870 8872 8874 8876 8878 8880 8882 8884 8886 8888 8890 8892 8894 8896 8898 8900 8902 8904 8906 8908 8910 8912 8914 8916 8918 8920 8922 8924 8926 8928 8930 8932 8934 8936 8938 8940 8942 8944 8946 8948 8950 8952 8954 8956 8958 8960 8962 8964 8966 8968 8970 8972 8974 8976 8978 8980 8982 8984 8986 8988 8990 8992 8994 8996 8998 9000 9002 9004 9006 9008 9010 9012 9014 9016 9018 9020 9022 9024 9026 9028 9030 9032 9034 9036 9038 9040 9042 9044 9046 9048 9050 9052 9054 9056 9058 9060 9062 9064 9066 9068 9070 9072 9074 9076 9078 9080 9082 9084 9086 9088 9090 9092 9094 9096 9098 9100 9102 9104 9106 9108 9110 9112 9114 9116 9118 9120 9122 9124 9126 9128 9130 9132 9134 9136 9138 9140 9142 9144 9146 9148 9150 9152 9154 9156 9158 9160 9162 9164 9166 9168 9170 9172 9174 9176 9178 9180 9182 9184 9186 9188 9190 9192 9194 9196 9198 9200 9202 9204 9206 9208 9210 9212 9214 9216 9218 9220 9222 9224 9226 9228 9230 9232 9234 9236 9238 9240 9242 9244 9246 9248 9250 9252 9254 9256 9258 9260 9262 9264 9266 9268 9270 9272 9274 9276 9278 9280 9282 9284 9286 9288 9290 9292 9294 9296 9298 9300 9302 9304 9306 9308 9310 9312 9314 9316 9318 9320 9322 9324 9326 9328 9330 9332 9334 9336 9338 9340 9342 9344 9346 9348 9350 9352 9354 9356 9358 9360 9362 9364 9366 9368 9370 9372 9374 9376 9378 9380 9382 9384 9386 9388 9390 9392 9394 9396 9398 9400 9402 9404 9406 9408 9410 9412 9414 9416 9418 9420 9422 9424 9426 9428 9430 9432 9434 9436 9438 9440 9442 9444 9446 9448 9450 9452 9454 9456 9458 9460 9462 9464 9466 9468 9470 9472 9474 9476 9478 9480 9482 9484 9486 9488 9490 9492 9494 9496 9498 9500 9502 9504 9506 9508 9510 9512 9514 9516 9518 9520 9522 9524 9526 9528 9530 9532 9534 9536 9538 9540 9542 9544 9546 9548 9550 9552 9554 9556 9558 9560 9562 9564 9566 9568 9570 9572 9574 9576 9578 9580 9582 9584 9586 9588 9590 9592 9594 9596 9598 9600 9602 9604 9606 9608 9610 9612 9614 9616 9618 9620 9622 9624 9626 9628 9630 9632 9634 9636 9638 9640 9642 9644 9646 9648 9650 9652 9654 9656 9658 9660 9662 9664 9666 9668 9670 9672 9674 9676 9678 9680 9682 9684 9686 9688 9690 9692 9694 9696 9698 9700 9702 9704 9706 9708 9710 9712 9714 9716 9718 9720 9722 9724 9726 9728 9730 9732 9734 9736 9738 9740 9742 9744 9746 9748 9750 9752 9754 9756 9758 9760 9762 9764 9766 9768 9770 9772 9774 9776 9778 9780 9782 9784 9786 9788 9790 9792 9794 9796 9798 9800 9802 9804 9806 9808 9810 9812 9814 9816 9818 9820 9822 9824 9826 9828 9830 9832 9834 9836 9838 9840 9842 9844 9846 9848 9850 9852 9854 9856 9858 9860 9862 9864 9866 9868 9870 9872 9874 9876 9878 9880 9882 9884 9886 9888 9890 9892 9894 9896 9898 9900 9902 9904 9906 9908 9910 9912 9914 9916 9918 9920 9922 9924 9926 9928 9930 9932 9934 9936 9938 9940 9942 9944 9946 9948 9950 9952 9954 9956 9958 9960 9962 9964 9966 9968 9970 9972 9974 9976 9978 9980 9982 9984 9986 9988 9990 9992 9994 9996 9998 10000 10002 10004 10006 10008 10010 10012 10014 10016 10018 10020 10022 10024 10026 10028 10030 10032 10034 10036 10038 10040 10042 10044 10046 10048 10050 10052 10054 10056 10058 10060 10062 10064 10066 10068 10070 10072 10074 10076 10078 10080 10082 10084 10086 10088 10090 10092 10094 10096 10098 10100 10102 10104 10106 10108 10110 10112 10114 10116 10118 10120 10122 10124 10126 10128 10130 10132 10134 10136 10138 10140 10142 10144 10146 10148 10150 10152 10154 10156 10158 10160 10162 10164 10166 10168 10170 10172 10174 10176 10178 10180 10182 10184 10186 10188 10190 10192 10194 10196 10198 10200 10202 10204 10206 10208 10210 10212 10214 10216 10218 10220 10222 10224 10226 10228 10230 10232 10234 10236 10238 10240 10242 10244 10246 10248 10250 10252 10254 10256 10258 10260 10262 10264 10266 10268 10270 10272 10274 10276 10278 10280 10282 10284 10286 10288 10290 10292 10294 10296 10298 10300 10302 10304 10306 10308 10310 10312 10314 10316 10318 10320 10322 10324 10326 10328 10330 10332 10334 10336 10338 10340 10342 10344 10346 10348 10350 10352 10354 10356 10358 10360 10362 10364 10366 10368 10370 10372 10374 10376 10378 10380 10382 10384 10386 10388 10390 10392 10394 10396 10398 10400 10402 10404 10406 10408 10410 10412 10414 10416 10418 10420 10422 10424 10426 10428 10430 10432 10434 10436 10438 10440 10442 10444 10446 10448 10450 10452 10454 10456 10458 10460 10462 10464 10466 10468 10470 10472 10474 10476 10478 10480 10482 10484 10486 10488 10490 10492 10494 10496 10498 10500 10502 10504 10506 10508 10510 10512 10514 10516 10518 10520 10522 10524 10526 10528 10530 10532 10534 10536 10538 10540 10542 10544 10546 10548 10550 10552 10554 10556 10558 10560 10562 10564 10566 10568 10570 10572 10574 10576 10578 10580 10582 10584 10586 10588 10590 10592 10594 10596 10598 10600 10602 10604 10606 10608 10610 10612 10614 10616 10618 10620 10622 10624 10626 10628 10630 10632 10634 10636 10638 10640 10642 10644 10646 10648 10650 10652 10654 10656 10658 10660 10662 10664 10666 10668 10670 10672 10674 10676 10678 10680 10682 10684 10686 10688 10690 10692 10694 10696 10698 10700 10702 10704 10706 10708 10710 10712 10714 10716 10718 10720 10722 10724 10726 10728 10730 10732 10734 10736 10738 10740 10742 10744 10746 10748 10750 10752 10754 10756 10758 10760 10762 10764 10766 10768 10770 10772 10774 10776 10778 10780 10782 10784 10786 10788 10790 10792 10794 10796 10798 10800 10802 10804 10806 10808 10810 10812 10814 10816 10818 10820 10822 10824 10826 10828 10830 10832 10834 10836 10838 10840 10842 10844 10846 10848 10850 10852 10854 10856 10858 10860 10862 10864 10866 10868 10870 10872 10874 10876 10878 10880 10882 10884 10886 10888 10890 10892 10894 10896 10898 10900 10902 10904 10906 10908 10910 10912 10914 10916 10918 10920 10922 10924 10926 10928 10930 10932 10934 10936 10938 10940 10942 10944 10946 10948 10950 10952 10954 10956 10958 10960 10962 10964 10966 10968 10970 10972 10974 10976 10978 10980 10982 10984 10986 10988 10990 10992 10994 10996 10998 11000 11002 11004 11006 11008 11010 11012 11014 11016 11018 11020 11022 11024 11026 11028 11030 11032 11034 11036 11038 11040 11042 11044 11046 11048 11050 11052 11054 11056 11058 11060 11062 11064 11066 11068 11070 11072 11074 11076 11078 11080 11082 11084 11086 11088 11090 11092 11094 11096 11098 11100 11102 11104 11106 11108 11110 11112 11114 11116 11118 11120 11122 11124 11126 11128 11130 11132 11134 11136 11138 11140 11142 11144 11146 11148 11150 11152 11154 11156 11158 11160 11162 11164 11166 11168 11170 11172 11174 11176 11178 11180 11182 11184 11186 11188 11190 11192 11194 11196 11198 11200 11202 11204 11206 11208 11210 11212 11214 11216 11218 11220 11222 11224 11226 11228 11230 11232 11234 11236 11238 11240 11242 11244 11246 11248 11250 11252 11254 11256 11258 11260 11262 11264 11266 11268 11270 11272 11274 11276 11278 11280 11282 11284 11286 11288 11290 11292 11294 11296 11298 11300 11302 11304 11306 11308 11310 11312 11314 11316 11318 11320 11322 11324 11326 11328 11330 11332 11334 11336
